Path,ParityCount
games,9
games/anatomy,null
games/introduction,3
games/publishing_games,2
games/publishing_games/game_distribution,null
games/publishing_games/game_monetization,null
games/publishing_games/game_promotion,null
games/techniques,null
games/techniques/2d_collision_detection,0
games/techniques/3d_collision_detection,3
games/techniques/3d_collision_detection/bounding_volume_collision_detection_with_three.js,null
games/techniques/3d_on_the_web,null
games/techniques/3d_on_the_web/basic_theory,null
games/techniques/3d_on_the_web/building_up_a_basic_demo_with_a-frame,0
games/techniques/3d_on_the_web/building_up_a_basic_demo_with_babylon.js,null
games/techniques/3d_on_the_web/building_up_a_basic_demo_with_playcanvas,null
games/techniques/3d_on_the_web/building_up_a_basic_demo_with_playcanvas/editor,null
games/techniques/3d_on_the_web/building_up_a_basic_demo_with_playcanvas/engine,null
games/techniques/3d_on_the_web/building_up_a_basic_demo_with_three.js,null
games/techniques/3d_on_the_web/glsl_shaders,0
games/techniques/3d_on_the_web/webxr,null
games/techniques/async_scripts,null
games/techniques/audio_for_web_games,null
games/techniques/control_mechanisms,null
games/techniques/control_mechanisms/desktop_with_gamepad,null
games/techniques/control_mechanisms/desktop_with_mouse_and_keyboard,null
games/techniques/control_mechanisms/mobile_touch,null
games/techniques/control_mechanisms/other,null
games/techniques/controls_gamepad_api,8
games/techniques/crisp_pixel_art_look,null
games/techniques/tilemaps,null
games/techniques/tilemaps/square_tilemaps_implementation_colon__scrolling_maps,null
games/techniques/tilemaps/square_tilemaps_implementation_colon__static_maps,null
games/techniques/webrtc_data_channels,null
games/tools,null
games/tools/asm.js,null
games/tutorials,6
games/tutorials/2d_breakout_game_phaser,null
games/tutorials/2d_breakout_game_phaser/animations_and_tweens,null
games/tutorials/2d_breakout_game_phaser/bounce_off_the_walls,null
games/tutorials/2d_breakout_game_phaser/build_the_brick_field,null
games/tutorials/2d_breakout_game_phaser/buttons,null
games/tutorials/2d_breakout_game_phaser/collision_detection,null
games/tutorials/2d_breakout_game_phaser/extra_lives,null
games/tutorials/2d_breakout_game_phaser/game_over,null
games/tutorials/2d_breakout_game_phaser/initialize_the_framework,null
games/tutorials/2d_breakout_game_phaser/load_the_assets_and_print_them_on_screen,null
games/tutorials/2d_breakout_game_phaser/move_the_ball,null
games/tutorials/2d_breakout_game_phaser/physics,null
games/tutorials/2d_breakout_game_phaser/player_paddle_and_controls,null
games/tutorials/2d_breakout_game_phaser/randomizing_gameplay,null
games/tutorials/2d_breakout_game_phaser/scaling,null
games/tutorials/2d_breakout_game_phaser/the_score,null
games/tutorials/2d_breakout_game_phaser/win_the_game,null
games/tutorials/2d_breakout_game_pure_javascript,0
games/tutorials/2d_breakout_game_pure_javascript/bounce_off_the_walls,null
games/tutorials/2d_breakout_game_pure_javascript/build_the_brick_field,null
games/tutorials/2d_breakout_game_pure_javascript/collision_detection,null
games/tutorials/2d_breakout_game_pure_javascript/create_the_canvas_and_draw_on_it,null
games/tutorials/2d_breakout_game_pure_javascript/finishing_up,null
games/tutorials/2d_breakout_game_pure_javascript/game_over,null
games/tutorials/2d_breakout_game_pure_javascript/mouse_controls,null
games/tutorials/2d_breakout_game_pure_javascript/move_the_ball,null
games/tutorials/2d_breakout_game_pure_javascript/paddle_and_keyboard_controls,null
games/tutorials/2d_breakout_game_pure_javascript/track_the_score_and_win,null
games/tutorials/html5_gamedev_phaser_device_orientation,null
glossary,0
glossary/abstraction,null
glossary/accent,2
glossary/accessibility,5
glossary/accessibility_tree,0
glossary/accessible_description,14
glossary/accessible_name,1
glossary/adobe_flash,6
glossary/advance_measure,2
glossary/ajax,1
glossary/algorithm,null
glossary/alignment_container,2
glossary/alignment_subject,2
glossary/alpha,13
glossary/alpn,10
glossary/api,3
glossary/apple_safari,null
glossary/application_context,0
glossary/argument,4
glossary/aria,null
glossary/arpa,null
glossary/arpanet,null
glossary/array,null
glossary/ascii,4
glossary/aspect_ratio,4
glossary/asynchronous,1
glossary/atag,null
glossary/attribute,0
glossary/authentication,2
glossary/authenticator,0
glossary/bandwidth,null
glossary/base64,0
glossary/baseline,3
glossary/baseline/compatibility,2
glossary/baseline/typography,2
glossary/bcp_47_language_tag,0
glossary/beacon,2
glossary/bezier_curve,4
glossary/bfcache,0
glossary/bidi,null
glossary/bigint,null
glossary/binding,3
glossary/bitwise_flags,3
glossary/blink,3
glossary/blink_element,5
glossary/block,6
glossary/block-level_content,9
glossary/block/css,2
glossary/block/scripting,0
glossary/block_cipher_mode_of_operation,null
glossary/boolean,null
glossary/boolean/aria,null
glossary/boolean/html,12
glossary/boolean/javascript,2
glossary/bounding_box,null
glossary/breadcrumb,3
glossary/brotli_compression,13
glossary/browser,1
glossary/browsing_context,2
glossary/buffer,null
glossary/bun,2
glossary/cache,null
glossary/cacheable,0
glossary/caldav,0
glossary/call_stack,0
glossary/callback_function,0
glossary/camel_case,6
glossary/canonical_order,null
glossary/canvas,null
glossary/card_sorting,2
glossary/carddav,0
glossary/caret,null
glossary/cdn,3
glossary/certificate_authority,null
glossary/certified,0
glossary/challenge,null
glossary/character,0
glossary/character_encoding,9
glossary/character_reference,0
glossary/character_set,null
glossary/chrome,null
glossary/cia,null
glossary/cipher,4
glossary/cipher_suite,3
glossary/ciphertext,null
glossary/class,2
glossary/closure,null
glossary/cloud,1
glossary/cloud_computing,0
glossary/cls,2
glossary/cms,null
glossary/code_point,null
glossary/code_splitting,4
glossary/code_unit,2
glossary/codec,null
glossary/color_space,3
glossary/color_wheel,6
glossary/compile,3
glossary/compile_time,null
glossary/composite_operation,6
glossary/compression_dictionary_transport,null
glossary/computer_programming,null
glossary/conditional,null
glossary/constant,null
glossary/constructor,2
glossary/content_header,2
glossary/contentful_paint,null
glossary/continuous_integration,null
glossary/continuous_media,3
glossary/control_flow,null
glossary/cookie,null
glossary/copyleft,null
glossary/cors,0
glossary/cors-safelisted_request_header,7
glossary/cors-safelisted_response_header,null
glossary/crawler,null
glossary/credential,0
glossary/crlf,null
glossary/cross-site_scripting,0
glossary/cross_axis,2
glossary/crud,null
glossary/cryptanalysis,null
glossary/cryptography,0
glossary/csp,null
glossary/csr,1
glossary/csrf,null
glossary/css,1
glossary/css_descriptor,null
glossary/css_pixel,null
glossary/css_preprocessor,null
glossary/css_selector,12
glossary/cssom,null
glossary/data_structure,null
glossary/database,null
glossary/debounce,2
glossary/decryption,0
glossary/deep_copy,5
glossary/delta,null
glossary/denial_of_service,2
glossary/deno,2
glossary/deserialization,null
glossary/developer_tools,6
glossary/device_pixel,null
glossary/digital_certificate,2
glossary/digital_signature,2
glossary/distributed_denial_of_service,null
glossary/dmz,1
glossary/dns,0
glossary/dns_over_https,null
glossary/doctype,0
glossary/document_directive,null
glossary/document_environment,2
glossary/dom,0
glossary/domain,null
glossary/domain_name,3
glossary/domain_sharding,3
glossary/dominator,3
glossary/dsl,null
glossary/dsl/digital_subscriber_line,null
glossary/dsl/domain_specific_language,null
glossary/dtls,2
glossary/dtmf,1
glossary/dynamic_typing,null
glossary/ecma,2
glossary/ecmascript,null
glossary/effective_connection_type,null
glossary/element,0
glossary/encapsulation,1
glossary/encryption,6
glossary/endianness,3
glossary/engine,1
glossary/engine/javascript,1
glossary/engine/rendering,1
glossary/entity,0
glossary/entity_header,10
glossary/enumerated,6
glossary/escape_character,0
glossary/event,null
glossary/exception,null
glossary/exif,0
glossary/expando,null
glossary/extrinsic_size,null
glossary/fallback_alignment,2
glossary/falsy,0
glossary/favicon,3
glossary/federated_identity,null
glossary/fetch_directive,null
glossary/fetch_metadata_request_header,8
glossary/fingerprinting,3
glossary/firefox_os,null
glossary/firewall,1
glossary/first-class_function,0
glossary/first_contentful_paint,null
glossary/first_cpu_idle,2
glossary/first_input_delay,0
glossary/first_meaningful_paint,null
glossary/first_paint,null
glossary/flex,6
glossary/flex_container,3
glossary/flex_item,3
glossary/flexbox,3
glossary/flow_relative_values,2
glossary/forbidden_request_header,4
glossary/forbidden_response_header_name,7
glossary/fork,null
glossary/fps,null
glossary/fragmentainer,null
glossary/ftp,2
glossary/ftu,null
glossary/function,null
glossary/fuzzing,null
glossary/gamut,0
glossary/garbage_collection,2
glossary/gecko,0
glossary/general_header,null
glossary/gif,null
glossary/git,1
glossary/global_object,0
glossary/global_scope,1
glossary/global_variable,null
glossary/glyph,null
glossary/google_chrome,0
glossary/gpl,null
glossary/gpu,null
glossary/graceful_degradation,null
glossary/grid,4
glossary/grid_areas,4
glossary/grid_axis,5
glossary/grid_cell,3
glossary/grid_column,3
glossary/grid_container,null
glossary/grid_lines,5
glossary/grid_row,3
glossary/grid_tracks,10
glossary/guaranteed_invalid_value,null
glossary/gutters,13
glossary/gzip_compression,11
glossary/hash_function,0
glossary/hash_routing,null
glossary/head,null
glossary/head_of_line_blocking,null
glossary/high-level_programming_language,null
glossary/hmac,null
glossary/hoisting,0
glossary/host,null
glossary/hotlink,null
glossary/houdini,null
glossary/hpkp,1
glossary/hsts,null
glossary/html,1
glossary/html5,0
glossary/html_color_codes,0
glossary/http,0
glossary/http_2,0
glossary/http_3,null
glossary/http_content,2
glossary/http_header,10
glossary/https,0
glossary/https_rr,null
glossary/hyperlink,null
glossary/hypertext,0
glossary/iana,null
glossary/icann,null
glossary/ice,null
glossary/ide,null
glossary/idempotent,0
glossary/identifier,0
glossary/identity_provider,0
glossary/idl,8
glossary/ietf,null
glossary/iife,0
glossary/imap,3
glossary/immutable,3
glossary/indexeddb,0
glossary/information_architecture,null
glossary/inheritance,null
glossary/ink_overflow,6
glossary/inline-level_content,8
glossary/input_method_editor,null
glossary/inset_properties,3
glossary/instance,null
glossary/interaction_to_next_paint,null
glossary/internationalization,3
glossary/internet,null
glossary/interpolation,4
glossary/intrinsic_size,0
glossary/invariant,null
glossary/ip_address,0
glossary/ipv4,null
glossary/ipv6,null
glossary/irc,0
glossary/iso,null
glossary/isp,0
glossary/itu,null
glossary/jank,2
glossary/java,1
glossary/javascript,1
glossary/jitter,null
glossary/jpeg,null
glossary/json,0
glossary/json_type_representation,null
glossary/just_in_time_compilation,0
glossary/kebab_case,4
glossary/key,null
glossary/keyword,1
glossary/khronos,6
glossary/largest_contentful_paint,5
glossary/latency,0
glossary/layout_mode,null
glossary/layout_viewport,0
glossary/lazy_load,3
glossary/leading,3
glossary/lgpl,1
glossary/ligature,null
glossary/literal,4
glossary/local_scope,null
glossary/local_variable,null
glossary/locale,3
glossary/localization,null
glossary/logical_properties,2
glossary/long_task,2
glossary/loop,1
glossary/lossless_compression,null
glossary/lossy_compression,5
glossary/ltr,null
glossary/main_axis,4
glossary/main_thread,null
glossary/markup,null
glossary/mathml,5
glossary/media,1
glossary/media/audio-visual_presentation,null
glossary/media/css,3
glossary/media_query,2
glossary/metadata,null
glossary/method,null
glossary/microsoft_edge,null
glossary/microsoft_internet_explorer,null
glossary/middleware,null
glossary/mime,null
glossary/mime_type,0
glossary/minification,null
glossary/mitm,null
glossary/mixin,4
glossary/mobile_first,null
glossary/modem,null
glossary/modularity,null
glossary/mozilla_firefox,0
glossary/multi-factor_authentication,0
glossary/mutable,null
glossary/mvc,1
glossary/namespace,null
glossary/nan,0
glossary/nat,null
glossary/native,1
glossary/navigation_directive,null
glossary/netscape_navigator,null
glossary/network_throttling,3
glossary/nntp,0
glossary/node,1
glossary/node.js,0
glossary/node/dom,null
glossary/node/networking,null
glossary/non-normative,null
glossary/nonce,0
glossary/normative,null
glossary/null,4
glossary/nullish,0
glossary/number,null
glossary/object,null
glossary/object_reference,0
glossary/oop,2
glossary/opengl,null
glossary/openssl,null
glossary/opera_browser,null
glossary/operand,null
glossary/operator,null
glossary/origin,0
glossary/ota,null
glossary/out_of_order_patching,null
glossary/owasp,null
glossary/p2p,1
glossary/pac,0
glossary/packet,1
glossary/page_load_time,4
glossary/page_prediction,0
glossary/parameter,4
glossary/parent_object,null
glossary/parse,1
glossary/parser,null
glossary/payload_body,null
glossary/payload_header,4
glossary/pdf,null
glossary/perceived_performance,3
glossary/percent-encoding,0
glossary/php,null
glossary/physical_properties,2
glossary/pixel,1
glossary/placeholder_names,null
glossary/plaintext,1
glossary/plugin,0
glossary/png,null
glossary/polyfill,0
glossary/polymorphism,0
glossary/pop,0
glossary/port,1
glossary/prefetch,0
glossary/preflight_request,5
glossary/prerender,null
glossary/presto,null
glossary/primitive,5
glossary/principle_of_least_privilege,0
glossary/privileged,null
glossary/privileged_code,1
glossary/progressive_enhancement,null
glossary/progressive_web_apps,null
glossary/promise,1
glossary/property,1
glossary/property/css,1
glossary/property/javascript,2
glossary/protocol,0
glossary/prototype,null
glossary/prototype-based_programming,1
glossary/proxy_server,2
glossary/pseudo-class,null
glossary/pseudo-element,3
glossary/pseudocode,null
glossary/public-key_cryptography,1
glossary/python,0
glossary/quality_values,3
glossary/quaternion,null
glossary/quic,3
glossary/rail,null
glossary/raster_image,null
glossary/rate_limit,3
glossary/rdf,1
glossary/reading_order,null
glossary/real_user_monitoring,4
glossary/recursion,0
glossary/reflow,3
glossary/registrable_domain,null
glossary/regular_expression,1
glossary/relying_party,0
glossary/render_blocking,3
glossary/repaint,2
glossary/replaced_elements,0
glossary/replay_attack,0
glossary/repo,2
glossary/reporting_directive,null
glossary/representation_header,0
glossary/request_header,0
glossary/resource_timing,2
glossary/response_header,0
glossary/responsive_web_design,null
glossary/rest,2
glossary/rgb,3
glossary/ril,1
glossary/rng,2
glossary/robots.txt,0
glossary/round_trip_time,null
glossary/router,null
glossary/rss,null
glossary/rsync,1
glossary/rtcp,null
glossary/rtf,null
glossary/rtl,null
glossary/rtp,null
glossary/rtsp,0
glossary/ruby,3
glossary/safe,null
glossary/safe/http,0
glossary/salt,2
glossary/same-origin_policy,6
glossary/scm,null
glossary/scope,0
glossary/screen_reader,null
glossary/script-supporting_element,null
glossary/scroll_boundary,3
glossary/scroll_chaining,3
glossary/scroll_container,4
glossary/scroll_snap,3
glossary/sctp,0
glossary/sdk,1
glossary/sdp,1
glossary/search_engine,1
glossary/secure_context,6
glossary/semantics,0
glossary/seo,0
glossary/serializable_object,3
glossary/serialization,null
glossary/server,0
glossary/server_timing,7
glossary/session_hijacking,null
glossary/sgml,null
glossary/shadow_tree,5
glossary/shallow_copy,9
glossary/shim,7
glossary/signature,null
glossary/signature/function,1
glossary/signature/security,null
glossary/simd,null
glossary/sisd,1
glossary/site,0
glossary/site_map,null
glossary/sld,null
glossary/sloppy_mode,null
glossary/slug,0
glossary/smoke_test,0
glossary/smpte,null
glossary/smtp,null
glossary/snake_case,2
glossary/snap_positions,null
glossary/soap,1
glossary/social_engineering,0
glossary/soft_navigation,null
glossary/source_map,0
glossary/spa,0
glossary/specification,null
glossary/speculative_parsing,null
glossary/speed_index,11
glossary/sql,0
glossary/sql_injection,4
glossary/sri,null
glossary/ssg,1
glossary/ssl,0
glossary/ssr,0
glossary/stacking_context,null
glossary/state_machine,0
glossary/statement,null
glossary/static_method,6
glossary/static_typing,6
glossary/sticky_activation,7
glossary/strict_mode,null
glossary/string,null
glossary/stringifier,null
glossary/stun,1
glossary/style_origin,1
glossary/style_sheet,0
glossary/submit_button,5
glossary/svg,3
glossary/svn,1
glossary/symbol,0
glossary/symmetric-key_cryptography,null
glossary/synchronous,null
glossary/syntax,null
glossary/syntax_error,null
glossary/synthetic_monitoring,4
glossary/table_grid_box,3
glossary/table_wrapper_box,3
glossary/tag,0
glossary/tcp,0
glossary/tcp_handshake,4
glossary/tcp_slow_start,null
glossary/telnet,1
glossary/texel,2
glossary/thread,3
glossary/three_js,null
glossary/throttle,1
glossary/time_to_first_byte,9
glossary/time_to_interactive,10
glossary/tld,null
glossary/tls,1
glossary/tofu,1
glossary/top_layer,5
glossary/transient_activation,8
glossary/tree_shaking,0
glossary/trident,7
glossary/truthy,0
glossary/ttl,1
glossary/turn,5
glossary/type,null
glossary/type_coercion,0
glossary/type_conversion,0
glossary/typescript,1
glossary/uaag,0
glossary/udp,0
glossary/ui,null
glossary/undefined,null
glossary/unicode,null
glossary/unix_time,4
glossary/uri,null
glossary/url,0
glossary/urn,null
glossary/usenet,null
glossary/user_agent,0
glossary/utf-16,0
glossary/utf-8,0
glossary/uuid,0
glossary/ux,null
glossary/validator,null
glossary/value,12
glossary/variable,null
glossary/vendor_prefix,0
glossary/viewport,0
glossary/visual_viewport,null
glossary/void_element,0
glossary/voip,null
glossary/w3c,null
glossary/wai,2
glossary/wcag,null
glossary/web_performance,2
glossary/web_server,2
glossary/web_standards,null
glossary/webassembly,2
glossary/webdav,0
glossary/webextensions,null
glossary/webgl,null
glossary/webidl,null
glossary/webkit,1
glossary/webm,null
glossary/webp,1
glossary/webrtc,null
glossary/websockets,null
glossary/webvtt,null
glossary/whatwg,null
glossary/whitespace,5
glossary/windowproxy,5
glossary/world_wide_web,0
glossary/wrapper,2
glossary/xforms,null
glossary/xhtml,0
glossary/xinclude,6
glossary/xlink,3
glossary/xml,null
glossary/xmlhttprequest,null
glossary/xpath,null
glossary/xquery,null
glossary/xslt,2
glossary/zstandard_compression,null
learn_web_development,3
learn_web_development/about,1
learn_web_development/changelog,2
learn_web_development/core,8
learn_web_development/core/accessibility,3
learn_web_development/core/accessibility/accessibility_troubleshooting,2
learn_web_development/core/accessibility/css_and_javascript,7
learn_web_development/core/accessibility/html,9
learn_web_development/core/accessibility/mobile,5
learn_web_development/core/accessibility/multimedia,3
learn_web_development/core/accessibility/test_your_skills,0
learn_web_development/core/accessibility/test_your_skills/css_and_javascript,0
learn_web_development/core/accessibility/test_your_skills/html,0
learn_web_development/core/accessibility/test_your_skills/wai-aria,0
learn_web_development/core/accessibility/tooling,6
learn_web_development/core/accessibility/wai-aria_basics,14
learn_web_development/core/accessibility/what_is_accessibility,9
learn_web_development/core/css_layout,0
learn_web_development/core/css_layout/flexbox,1
learn_web_development/core/css_layout/floats,0
learn_web_development/core/css_layout/fundamental_layout_comprehension,0
learn_web_development/core/css_layout/grids,3
learn_web_development/core/css_layout/introduction,0
learn_web_development/core/css_layout/legacy_layout_methods,1
learn_web_development/core/css_layout/media_queries,1
learn_web_development/core/css_layout/mobile-first_challenge,1
learn_web_development/core/css_layout/multiple-column_layout,1
learn_web_development/core/css_layout/positioning,1
learn_web_development/core/css_layout/practical_positioning_examples,0
learn_web_development/core/css_layout/responsive_design,0
learn_web_development/core/css_layout/supporting_older_browsers,1
learn_web_development/core/css_layout/test_your_skills,0
learn_web_development/core/css_layout/test_your_skills/flexbox,2
learn_web_development/core/css_layout/test_your_skills/floats,1
learn_web_development/core/css_layout/test_your_skills/grid,3
learn_web_development/core/css_layout/test_your_skills/position,1
learn_web_development/core/css_layout/test_your_skills/responsive_design,0
learn_web_development/core/design_for_developers,8
learn_web_development/core/frameworks_libraries,0
learn_web_development/core/frameworks_libraries/introduction,0
learn_web_development/core/frameworks_libraries/main_features,5
learn_web_development/core/frameworks_libraries/react_accessibility,1
learn_web_development/core/frameworks_libraries/react_components,5
learn_web_development/core/frameworks_libraries/react_getting_started,13
learn_web_development/core/frameworks_libraries/react_interactivity_events_state,0
learn_web_development/core/frameworks_libraries/react_interactivity_filtering_conditional_rendering,3
learn_web_development/core/frameworks_libraries/react_resources,3
learn_web_development/core/frameworks_libraries/react_todo_list_beginning,0
learn_web_development/core/scripting,1
learn_web_development/core/scripting/a_first_splash,0
learn_web_development/core/scripting/arrays,1
learn_web_development/core/scripting/build_your_own_function,0
learn_web_development/core/scripting/conditionals,0
learn_web_development/core/scripting/debugging_javascript,1
learn_web_development/core/scripting/dom_scripting,0
learn_web_development/core/scripting/event_bubbling,0
learn_web_development/core/scripting/events,0
learn_web_development/core/scripting/functions,0
learn_web_development/core/scripting/house_data_ui,1
learn_web_development/core/scripting/image_gallery,0
learn_web_development/core/scripting/json,1
learn_web_development/core/scripting/loops,2
learn_web_development/core/scripting/math,2
learn_web_development/core/scripting/network_requests,1
learn_web_development/core/scripting/object_basics,1
learn_web_development/core/scripting/return_values,0
learn_web_development/core/scripting/silly_story_generator,0
learn_web_development/core/scripting/strings,0
learn_web_development/core/scripting/test_your_skills,1
learn_web_development/core/scripting/test_your_skills/arrays,0
learn_web_development/core/scripting/test_your_skills/conditionals,0
learn_web_development/core/scripting/test_your_skills/events,0
learn_web_development/core/scripting/test_your_skills/functions,0
learn_web_development/core/scripting/test_your_skills/json,0
learn_web_development/core/scripting/test_your_skills/loops,2
learn_web_development/core/scripting/test_your_skills/math,0
learn_web_development/core/scripting/test_your_skills/object_basics,0
learn_web_development/core/scripting/test_your_skills/strings,0
learn_web_development/core/scripting/test_your_skills/variables,0
learn_web_development/core/scripting/useful_string_methods,0
learn_web_development/core/scripting/variables,0
learn_web_development/core/scripting/what_is_javascript,3
learn_web_development/core/scripting/what_went_wrong,1
learn_web_development/core/structuring_content,0
learn_web_development/core/structuring_content/advanced_text_features,1
learn_web_development/core/structuring_content/basic_html_syntax,1
learn_web_development/core/structuring_content/creating_links,0
learn_web_development/core/structuring_content/debugging_html,3
learn_web_development/core/structuring_content/emphasis_and_importance,0
learn_web_development/core/structuring_content/forms_challenge,3
learn_web_development/core/structuring_content/general_embedding_technologies,0
learn_web_development/core/structuring_content/headings_and_paragraphs,1
learn_web_development/core/structuring_content/html_forms,2
learn_web_development/core/structuring_content/html_images,2
learn_web_development/core/structuring_content/html_table_basics,2
learn_web_development/core/structuring_content/html_video_and_audio,0
learn_web_development/core/structuring_content/including_vector_graphics_in_html,1
learn_web_development/core/structuring_content/lists,0
learn_web_development/core/structuring_content/marking_up_a_letter,0
learn_web_development/core/structuring_content/planet_data_table,0
learn_web_development/core/structuring_content/splash_page,1
learn_web_development/core/structuring_content/structuring_a_page_of_content,9
learn_web_development/core/structuring_content/structuring_documents,1
learn_web_development/core/structuring_content/table_accessibility,0
learn_web_development/core/structuring_content/test_your_skills,0
learn_web_development/core/structuring_content/test_your_skills/advanced_html_text,0
learn_web_development/core/structuring_content/test_your_skills/audio_and_video,1
learn_web_development/core/structuring_content/test_your_skills/forms_and_buttons,1
learn_web_development/core/structuring_content/test_your_skills/html_text_basics,0
learn_web_development/core/structuring_content/test_your_skills/images,1
learn_web_development/core/structuring_content/test_your_skills/links,0
learn_web_development/core/structuring_content/webpage_metadata,0
learn_web_development/core/styling_basics,0
learn_web_development/core/styling_basics/advanced_styling_effects,1
learn_web_development/core/styling_basics/attribute_selectors,0
learn_web_development/core/styling_basics/backgrounds_and_borders,1
learn_web_development/core/styling_basics/basic_selectors,1
learn_web_development/core/styling_basics/box_model,0
learn_web_development/core/styling_basics/cascade_layers,0
learn_web_development/core/styling_basics/combinators,0
learn_web_development/core/styling_basics/debugging_css,1
learn_web_development/core/styling_basics/fixing_blog_styles,0
learn_web_development/core/styling_basics/getting_started,0
learn_web_development/core/styling_basics/handling_conflicts,1
learn_web_development/core/styling_basics/handling_different_text_directions,0
learn_web_development/core/styling_basics/home_color_scheme_search,1
learn_web_development/core/styling_basics/images_media_forms,2
learn_web_development/core/styling_basics/organizing,0
learn_web_development/core/styling_basics/overflow,0
learn_web_development/core/styling_basics/pseudo_classes_and_elements,0
learn_web_development/core/styling_basics/size_decorate_content_panel,0
learn_web_development/core/styling_basics/sizing,0
learn_web_development/core/styling_basics/styling_a_bio_page,0
learn_web_development/core/styling_basics/tables,1
learn_web_development/core/styling_basics/test_your_skills,1
learn_web_development/core/styling_basics/test_your_skills/backgrounds_and_borders,1
learn_web_development/core/styling_basics/test_your_skills/box_model,0
learn_web_development/core/styling_basics/test_your_skills/cascade,5
learn_web_development/core/styling_basics/test_your_skills/images,0
learn_web_development/core/styling_basics/test_your_skills/overflow,0
learn_web_development/core/styling_basics/test_your_skills/selectors,1
learn_web_development/core/styling_basics/test_your_skills/sizing,6
learn_web_development/core/styling_basics/test_your_skills/values,1
learn_web_development/core/styling_basics/values_and_units,1
learn_web_development/core/styling_basics/what_is_css,1
learn_web_development/core/text_styling,3
learn_web_development/core/text_styling/fundamentals,2
learn_web_development/core/text_styling/styling_links,5
learn_web_development/core/text_styling/styling_lists,7
learn_web_development/core/text_styling/typesetting_a_homepage,8
learn_web_development/core/text_styling/web_fonts,12
learn_web_development/core/version_control,8
learn_web_development/educators,3
learn_web_development/extensions,0
learn_web_development/extensions/advanced_javascript_objects,1
learn_web_development/extensions/advanced_javascript_objects/adding_bouncing_balls_features,6
learn_web_development/extensions/advanced_javascript_objects/classes_in_javascript,4
learn_web_development/extensions/advanced_javascript_objects/object-oriented_programming,1
learn_web_development/extensions/advanced_javascript_objects/object_building_practice,6
learn_web_development/extensions/advanced_javascript_objects/object_prototypes,1
learn_web_development/extensions/advanced_javascript_objects/test_your_skills,1
learn_web_development/extensions/advanced_javascript_objects/test_your_skills/object-oriented_javascript,0
learn_web_development/extensions/async_js,2
learn_web_development/extensions/async_js/implementing_a_promise-based_api,3
learn_web_development/extensions/async_js/introducing,1
learn_web_development/extensions/async_js/introducing_workers,2
learn_web_development/extensions/async_js/promises,5
learn_web_development/extensions/async_js/sequencing_animations,2
learn_web_development/extensions/client-side_apis,1
learn_web_development/extensions/client-side_apis/client-side_storage,1
learn_web_development/extensions/client-side_apis/drawing_graphics,1
learn_web_development/extensions/client-side_apis/introduction,0
learn_web_development/extensions/client-side_apis/third_party_apis,0
learn_web_development/extensions/client-side_apis/video_and_audio_apis,0
learn_web_development/extensions/client-side_tools,1
learn_web_development/extensions/client-side_tools/deployment,2
learn_web_development/extensions/client-side_tools/introducing_complete_toolchain,4
learn_web_development/extensions/client-side_tools/overview,3
learn_web_development/extensions/client-side_tools/package_management,5
learn_web_development/extensions/forms,0
learn_web_development/extensions/forms/advanced_form_styling,1
learn_web_development/extensions/forms/basic_native_form_controls,4
learn_web_development/extensions/forms/customizable_select,2
learn_web_development/extensions/forms/customizable_select_listboxes,0
learn_web_development/extensions/forms/form_validation,0
learn_web_development/extensions/forms/how_to_build_custom_form_controls,1
learn_web_development/extensions/forms/how_to_build_custom_form_controls/example_1,0
learn_web_development/extensions/forms/how_to_build_custom_form_controls/example_2,0
learn_web_development/extensions/forms/how_to_build_custom_form_controls/example_3,0
learn_web_development/extensions/forms/how_to_build_custom_form_controls/example_4,0
learn_web_development/extensions/forms/how_to_build_custom_form_controls/example_5,0
learn_web_development/extensions/forms/how_to_structure_a_web_form,1
learn_web_development/extensions/forms/how_to_structure_a_web_form/example,4
learn_web_development/extensions/forms/html5_input_types,2
learn_web_development/extensions/forms/html_forms_in_legacy_browsers,0
learn_web_development/extensions/forms/other_form_controls,2
learn_web_development/extensions/forms/sending_and_retrieving_form_data,1
learn_web_development/extensions/forms/sending_forms_through_javascript,0
learn_web_development/extensions/forms/styling_web_forms,3
learn_web_development/extensions/forms/ui_pseudo-classes,3
learn_web_development/extensions/forms/user_input_methods,0
learn_web_development/extensions/forms/your_first_form,0
learn_web_development/extensions/performance,0
learn_web_development/extensions/performance/best_practices,0
learn_web_development/extensions/performance/business_case_for_performance,1
learn_web_development/extensions/performance/css,0
learn_web_development/extensions/performance/html,4
learn_web_development/extensions/performance/javascript,2
learn_web_development/extensions/performance/measuring_performance,0
learn_web_development/extensions/performance/multimedia,0
learn_web_development/extensions/performance/perceived_performance,2
learn_web_development/extensions/performance/video,1
learn_web_development/extensions/performance/what_is_web_performance,0
learn_web_development/extensions/performance/why_web_performance,1
learn_web_development/extensions/server-side,0
learn_web_development/extensions/server-side/apache_configuration_htaccess,null
learn_web_development/extensions/server-side/configuring_server_mime_types,1
learn_web_development/extensions/server-side/django,0
learn_web_development/extensions/server-side/django/admin_site,null
learn_web_development/extensions/server-side/django/authentication,null
learn_web_development/extensions/server-side/django/deployment,null
learn_web_development/extensions/server-side/django/development_environment,11
learn_web_development/extensions/server-side/django/django_assessment_blog,null
learn_web_development/extensions/server-side/django/forms,null
learn_web_development/extensions/server-side/django/generic_views,null
learn_web_development/extensions/server-side/django/home_page,null
learn_web_development/extensions/server-side/django/introduction,5
learn_web_development/extensions/server-side/django/models,null
learn_web_development/extensions/server-side/django/sessions,null
learn_web_development/extensions/server-side/django/skeleton_website,null
learn_web_development/extensions/server-side/django/testing,null
learn_web_development/extensions/server-side/django/tutorial_local_library_website,null
learn_web_development/extensions/server-side/django/web_application_security,null
learn_web_development/extensions/server-side/express_nodejs,0
learn_web_development/extensions/server-side/express_nodejs/deployment,null
learn_web_development/extensions/server-side/express_nodejs/development_environment,3
learn_web_development/extensions/server-side/express_nodejs/displaying_data,null
learn_web_development/extensions/server-side/express_nodejs/displaying_data/author_detail_page,null
learn_web_development/extensions/server-side/express_nodejs/displaying_data/author_list_page,null
learn_web_development/extensions/server-side/express_nodejs/displaying_data/book_detail_page,null
learn_web_development/extensions/server-side/express_nodejs/displaying_data/book_list_page,null
learn_web_development/extensions/server-side/express_nodejs/displaying_data/bookinstance_detail_page_and_challenge,null
learn_web_development/extensions/server-side/express_nodejs/displaying_data/bookinstance_list_page,null
learn_web_development/extensions/server-side/express_nodejs/displaying_data/date_formatting_using_moment,null
learn_web_development/extensions/server-side/express_nodejs/displaying_data/genre_detail_page,null
learn_web_development/extensions/server-side/express_nodejs/displaying_data/home_page,null
learn_web_development/extensions/server-side/express_nodejs/displaying_data/locallibrary_base_template,null
learn_web_development/extensions/server-side/express_nodejs/displaying_data/template_primer,null
learn_web_development/extensions/server-side/express_nodejs/forms,null
learn_web_development/extensions/server-side/express_nodejs/forms/create_author_form,null
learn_web_development/extensions/server-side/express_nodejs/forms/create_book_form,null
learn_web_development/extensions/server-side/express_nodejs/forms/create_bookinstance_form,null
learn_web_development/extensions/server-side/express_nodejs/forms/create_genre_form,null
learn_web_development/extensions/server-side/express_nodejs/forms/delete_author_form,null
learn_web_development/extensions/server-side/express_nodejs/forms/update_book_form,null
learn_web_development/extensions/server-side/express_nodejs/introduction,2
learn_web_development/extensions/server-side/express_nodejs/mongoose,3
learn_web_development/extensions/server-side/express_nodejs/routes,null
learn_web_development/extensions/server-side/express_nodejs/skeleton_website,1
learn_web_development/extensions/server-side/express_nodejs/tutorial_local_library_website,1
learn_web_development/extensions/server-side/first_steps,0
learn_web_development/extensions/server-side/first_steps/client-server_overview,6
learn_web_development/extensions/server-side/first_steps/introduction,7
learn_web_development/extensions/server-side/first_steps/web_frameworks,2
learn_web_development/extensions/server-side/first_steps/website_security,4
learn_web_development/extensions/server-side/node_server_without_framework,0
learn_web_development/extensions/testing,3
learn_web_development/extensions/testing/automated_testing,11
learn_web_development/extensions/testing/feature_detection,12
learn_web_development/extensions/testing/html_and_css,1
learn_web_development/extensions/testing/introduction,8
learn_web_development/extensions/testing/testing_strategies,10
learn_web_development/extensions/testing/your_own_automation_environment,13
learn_web_development/getting_started,6
learn_web_development/getting_started/environment_setup,0
learn_web_development/getting_started/environment_setup/browsing_the_web,0
learn_web_development/getting_started/environment_setup/code_editors,0
learn_web_development/getting_started/environment_setup/command_line,11
learn_web_development/getting_started/environment_setup/dealing_with_files,10
learn_web_development/getting_started/environment_setup/installing_software,0
learn_web_development/getting_started/soft_skills,4
learn_web_development/getting_started/soft_skills/collaboration_and_teamwork,9
learn_web_development/getting_started/soft_skills/finding_a_job,7
learn_web_development/getting_started/soft_skills/research_and_learning,12
learn_web_development/getting_started/soft_skills/workflows_and_processes,9
learn_web_development/getting_started/web_standards,0
learn_web_development/getting_started/web_standards/how_browsers_load_websites,0
learn_web_development/getting_started/web_standards/how_the_web_works,1
learn_web_development/getting_started/web_standards/the_web_standards_model,1
learn_web_development/getting_started/your_first_website,0
learn_web_development/getting_started/your_first_website/adding_interactivity,0
learn_web_development/getting_started/your_first_website/creating_the_content,0
learn_web_development/getting_started/your_first_website/publishing_your_website,0
learn_web_development/getting_started/your_first_website/styling_the_content,0
learn_web_development/getting_started/your_first_website/what_will_your_website_look_like,0
learn_web_development/howto,3
learn_web_development/howto/design_and_accessibility,0
learn_web_development/howto/design_and_accessibility/common_web_layouts,1
learn_web_development/howto/design_and_accessibility/design_for_all_types_of_users,3
learn_web_development/howto/design_and_accessibility/html_features_for_accessibility,1
learn_web_development/howto/design_and_accessibility/thinking_before_coding,1
learn_web_development/howto/design_and_accessibility/what_is_accessibility,2
learn_web_development/howto/solve_css_problems,5
learn_web_development/howto/solve_css_problems/add_a_shadow,4
learn_web_development/howto/solve_css_problems/add_a_text_shadow,4
learn_web_development/howto/solve_css_problems/center_an_item,4
learn_web_development/howto/solve_css_problems/create_fancy_boxes,7
learn_web_development/howto/solve_css_problems/css_faq,12
learn_web_development/howto/solve_css_problems/fill_a_box_with_an_image,4
learn_web_development/howto/solve_css_problems/generated_content,5
learn_web_development/howto/solve_css_problems/highlight_first_line,3
learn_web_development/howto/solve_css_problems/highlight_first_para,2
learn_web_development/howto/solve_css_problems/highlight_para_after_h1,4
learn_web_development/howto/solve_css_problems/make_box_transparent,0
learn_web_development/howto/solve_css_problems/transition_button,2
learn_web_development/howto/solve_html_problems,7
learn_web_development/howto/solve_javascript_problems,10
learn_web_development/howto/tools_and_setup,1
learn_web_development/howto/tools_and_setup/available_text_editors,8
learn_web_development/howto/tools_and_setup/checking_that_your_web_site_is_working_properly,1
learn_web_development/howto/tools_and_setup/how_much_does_it_cost,5
learn_web_development/howto/tools_and_setup/set_up_a_local_testing_server,2
learn_web_development/howto/tools_and_setup/upload_files_to_a_web_server,1
learn_web_development/howto/tools_and_setup/using_github_pages,1
learn_web_development/howto/tools_and_setup/what_are_browser_developer_tools,4
learn_web_development/howto/tools_and_setup/what_software_do_i_need,5
learn_web_development/howto/web_mechanics,0
learn_web_development/howto/web_mechanics/file_browser_bugs,3
learn_web_development/howto/web_mechanics/how_does_the_internet_work,1
learn_web_development/howto/web_mechanics/what_are_hyperlinks,0
learn_web_development/howto/web_mechanics/what_is_a_domain_name,0
learn_web_development/howto/web_mechanics/what_is_a_url,2
learn_web_development/howto/web_mechanics/what_is_a_web_server,0
mdn,0
mdn/community,6
mdn/community/communication_channels,5
mdn/community/community_participation_guidelines,3
mdn/community/discussions,1
mdn/community/discussions/managing_and_resolving_discussions,1
mdn/community/getting_started,6
mdn/community/issues,11
mdn/community/issues/content_suggestions_feature_proposals,0
mdn/community/learn_forum,0
mdn/community/open_source_etiquette,0
mdn/community/our_repositories,1
mdn/community/pull_requests,8
mdn/community/roles_teams,7
mdn/community/translated_content,3
mdn/guides,1
mdn/kitchensink,null
mdn/tutorials,3
mdn/writing_guidelines,5
mdn/writing_guidelines/attrib_copyright_license,0
mdn/writing_guidelines/changelog,1
mdn/writing_guidelines/code_style_guide,3
mdn/writing_guidelines/code_style_guide/css,9
mdn/writing_guidelines/code_style_guide/html,2
mdn/writing_guidelines/code_style_guide/javascript,4
mdn/writing_guidelines/code_style_guide/shell,0
mdn/writing_guidelines/criteria_for_inclusion,1
mdn/writing_guidelines/experimental_deprecated_obsolete,3
mdn/writing_guidelines/howto,0
mdn/writing_guidelines/howto/creating_moving_deleting,1
mdn/writing_guidelines/howto/document_a_css_property,2
mdn/writing_guidelines/howto/document_an_http_header,6
mdn/writing_guidelines/howto/document_web_errors,3
mdn/writing_guidelines/howto/images_media,1
mdn/writing_guidelines/howto/json_structured_data,8
mdn/writing_guidelines/howto/markdown_in_mdn,9
mdn/writing_guidelines/howto/research_technology,5
mdn/writing_guidelines/howto/retiring_content,0
mdn/writing_guidelines/howto/retiring_content/retired_content,0
mdn/writing_guidelines/howto/write_a_new_entry_in_the_glossary,3
mdn/writing_guidelines/howto/write_an_api_reference,13
mdn/writing_guidelines/howto/write_an_api_reference/information_contained_in_a_webidl_file,2
mdn/writing_guidelines/howto/write_an_api_reference/sidebars,5
mdn/writing_guidelines/learning_content,1
mdn/writing_guidelines/page_structures,0
mdn/writing_guidelines/page_structures/banners_and_notices,6
mdn/writing_guidelines/page_structures/code_examples,3
mdn/writing_guidelines/page_structures/compatibility_tables,1
mdn/writing_guidelines/page_structures/feature_status,9
mdn/writing_guidelines/page_structures/links,7
mdn/writing_guidelines/page_structures/live_samples,2
mdn/writing_guidelines/page_structures/macros,3
mdn/writing_guidelines/page_structures/macros/commonly_used_macros,11
mdn/writing_guidelines/page_structures/macros/other,4
mdn/writing_guidelines/page_structures/page_types,0
mdn/writing_guidelines/page_structures/page_types/api_constructor_subpage_template,0
mdn/writing_guidelines/page_structures/page_types/api_event_subpage_template,0
mdn/writing_guidelines/page_structures/page_types/api_landing_page_template,0
mdn/writing_guidelines/page_structures/page_types/api_method_subpage_template,0
mdn/writing_guidelines/page_structures/page_types/api_property_subpage_template,0
mdn/writing_guidelines/page_structures/page_types/api_reference_page_template,0
mdn/writing_guidelines/page_structures/page_types/aria_page_template,0
mdn/writing_guidelines/page_structures/page_types/css_function_page_template,0
mdn/writing_guidelines/page_structures/page_types/css_module_page_template,0
mdn/writing_guidelines/page_structures/page_types/css_property_page_template,2
mdn/writing_guidelines/page_structures/page_types/css_selector_page_template,0
mdn/writing_guidelines/page_structures/page_types/glossary_page_template,0
mdn/writing_guidelines/page_structures/page_types/html_attribute_page_template,0
mdn/writing_guidelines/page_structures/page_types/html_element_page_template,0
mdn/writing_guidelines/page_structures/page_types/http_header_page_template,0
mdn/writing_guidelines/page_structures/page_types/page_type_key,1
mdn/writing_guidelines/page_structures/page_types/svg_element_page_template,0
mdn/writing_guidelines/page_structures/polyfills,null
mdn/writing_guidelines/page_structures/sidebars,0
mdn/writing_guidelines/page_structures/specification_tables,1
mdn/writing_guidelines/page_structures/syntax_sections,1
mdn/writing_guidelines/what_we_write,4
mdn/writing_guidelines/writing_style_guide,2
mozilla,null
mozilla/add-ons,null
mozilla/add-ons/contact_us,0
mozilla/add-ons/webextensions,0
mozilla/add-ons/webextensions/add_a_button_to_the_toolbar,null
mozilla/add-ons/webextensions/anatomy_of_a_webextension,9
mozilla/add-ons/webextensions/api,1
mozilla/add-ons/webextensions/api/action,null
mozilla/add-ons/webextensions/api/action/colorarray,null
mozilla/add-ons/webextensions/api/action/disable,null
mozilla/add-ons/webextensions/api/action/enable,null
mozilla/add-ons/webextensions/api/action/getbadgebackgroundcolor,null
mozilla/add-ons/webextensions/api/action/getbadgetext,null
mozilla/add-ons/webextensions/api/action/getbadgetextcolor,null
mozilla/add-ons/webextensions/api/action/getpopup,null
mozilla/add-ons/webextensions/api/action/gettitle,null
mozilla/add-ons/webextensions/api/action/getusersettings,null
mozilla/add-ons/webextensions/api/action/imagedatatype,null
mozilla/add-ons/webextensions/api/action/isenabled,null
mozilla/add-ons/webextensions/api/action/onclicked,null
mozilla/add-ons/webextensions/api/action/onusersettingschanged,null
mozilla/add-ons/webextensions/api/action/openpopup,null
mozilla/add-ons/webextensions/api/action/setbadgebackgroundcolor,null
mozilla/add-ons/webextensions/api/action/setbadgetext,null
mozilla/add-ons/webextensions/api/action/setbadgetextcolor,null
mozilla/add-ons/webextensions/api/action/seticon,null
mozilla/add-ons/webextensions/api/action/setpopup,null
mozilla/add-ons/webextensions/api/action/settitle,null
mozilla/add-ons/webextensions/api/alarms,null
mozilla/add-ons/webextensions/api/alarms/alarm,null
mozilla/add-ons/webextensions/api/alarms/clear,null
mozilla/add-ons/webextensions/api/alarms/clearall,null
mozilla/add-ons/webextensions/api/alarms/create,null
mozilla/add-ons/webextensions/api/alarms/get,null
mozilla/add-ons/webextensions/api/alarms/getall,null
mozilla/add-ons/webextensions/api/alarms/onalarm,null
mozilla/add-ons/webextensions/api/bookmarks,null
mozilla/add-ons/webextensions/api/bookmarks/bookmarktreenode,null
mozilla/add-ons/webextensions/api/bookmarks/bookmarktreenodetype,null
mozilla/add-ons/webextensions/api/bookmarks/bookmarktreenodeunmodifiable,null
mozilla/add-ons/webextensions/api/bookmarks/create,null
mozilla/add-ons/webextensions/api/bookmarks/createdetails,null
mozilla/add-ons/webextensions/api/bookmarks/get,null
mozilla/add-ons/webextensions/api/bookmarks/getchildren,null
mozilla/add-ons/webextensions/api/bookmarks/getrecent,null
mozilla/add-ons/webextensions/api/bookmarks/getsubtree,null
mozilla/add-ons/webextensions/api/bookmarks/gettree,null
mozilla/add-ons/webextensions/api/bookmarks/move,null
mozilla/add-ons/webextensions/api/bookmarks/onchanged,null
mozilla/add-ons/webextensions/api/bookmarks/onchildrenreordered,null
mozilla/add-ons/webextensions/api/bookmarks/oncreated,null
mozilla/add-ons/webextensions/api/bookmarks/onimportbegan,null
mozilla/add-ons/webextensions/api/bookmarks/onimportended,null
mozilla/add-ons/webextensions/api/bookmarks/onmoved,null
mozilla/add-ons/webextensions/api/bookmarks/onremoved,null
mozilla/add-ons/webextensions/api/bookmarks/remove,null
mozilla/add-ons/webextensions/api/bookmarks/removetree,null
mozilla/add-ons/webextensions/api/bookmarks/search,null
mozilla/add-ons/webextensions/api/bookmarks/update,null
mozilla/add-ons/webextensions/api/browseraction,null
mozilla/add-ons/webextensions/api/browseraction/colorarray,null
mozilla/add-ons/webextensions/api/browseraction/disable,null
mozilla/add-ons/webextensions/api/browseraction/enable,null
mozilla/add-ons/webextensions/api/browseraction/getbadgebackgroundcolor,null
mozilla/add-ons/webextensions/api/browseraction/getbadgetext,null
mozilla/add-ons/webextensions/api/browseraction/getbadgetextcolor,null
mozilla/add-ons/webextensions/api/browseraction/getpopup,null
mozilla/add-ons/webextensions/api/browseraction/gettitle,null
mozilla/add-ons/webextensions/api/browseraction/getusersettings,null
mozilla/add-ons/webextensions/api/browseraction/imagedatatype,null
mozilla/add-ons/webextensions/api/browseraction/isenabled,null
mozilla/add-ons/webextensions/api/browseraction/onclicked,null
mozilla/add-ons/webextensions/api/browseraction/onusersettingschanged,null
mozilla/add-ons/webextensions/api/browseraction/openpopup,null
mozilla/add-ons/webextensions/api/browseraction/setbadgebackgroundcolor,null
mozilla/add-ons/webextensions/api/browseraction/setbadgetext,null
mozilla/add-ons/webextensions/api/browseraction/setbadgetextcolor,null
mozilla/add-ons/webextensions/api/browseraction/seticon,null
mozilla/add-ons/webextensions/api/browseraction/setpopup,null
mozilla/add-ons/webextensions/api/browseraction/settitle,null
mozilla/add-ons/webextensions/api/browsersettings,null
mozilla/add-ons/webextensions/api/browsersettings/allowpopupsforuserevents,null
mozilla/add-ons/webextensions/api/browsersettings/cacheenabled,null
mozilla/add-ons/webextensions/api/browsersettings/closetabsbydoubleclick,null
mozilla/add-ons/webextensions/api/browsersettings/colormanagement,null
mozilla/add-ons/webextensions/api/browsersettings/contextmenushowevent,null
mozilla/add-ons/webextensions/api/browsersettings/ftpprotocolenabled,null
mozilla/add-ons/webextensions/api/browsersettings/homepageoverride,null
mozilla/add-ons/webextensions/api/browsersettings/imageanimationbehavior,null
mozilla/add-ons/webextensions/api/browsersettings/newtabpageoverride,null
mozilla/add-ons/webextensions/api/browsersettings/newtabposition,null
mozilla/add-ons/webextensions/api/browsersettings/openbookmarksinnewtabs,null
mozilla/add-ons/webextensions/api/browsersettings/opensearchresultsinnewtabs,null
mozilla/add-ons/webextensions/api/browsersettings/openurlbarresultsinnewtabs,null
mozilla/add-ons/webextensions/api/browsersettings/overridecontentcolorscheme,null
mozilla/add-ons/webextensions/api/browsersettings/overridedocumentcolors,null
mozilla/add-ons/webextensions/api/browsersettings/tlsversionrestrictionconfig,null
mozilla/add-ons/webextensions/api/browsersettings/usedocumentfonts,null
mozilla/add-ons/webextensions/api/browsersettings/verticaltabs,null
mozilla/add-ons/webextensions/api/browsersettings/webnotificationsdisabled,null
mozilla/add-ons/webextensions/api/browsersettings/zoomfullpage,null
mozilla/add-ons/webextensions/api/browsersettings/zoomsitespecific,null
mozilla/add-ons/webextensions/api/browsingdata,null
mozilla/add-ons/webextensions/api/browsingdata/datatypeset,null
mozilla/add-ons/webextensions/api/browsingdata/removaloptions,null
mozilla/add-ons/webextensions/api/browsingdata/remove,null
mozilla/add-ons/webextensions/api/browsingdata/removecache,null
mozilla/add-ons/webextensions/api/browsingdata/removecookies,null
mozilla/add-ons/webextensions/api/browsingdata/removedownloads,null
mozilla/add-ons/webextensions/api/browsingdata/removeformdata,null
mozilla/add-ons/webextensions/api/browsingdata/removehistory,null
mozilla/add-ons/webextensions/api/browsingdata/removelocalstorage,null
mozilla/add-ons/webextensions/api/browsingdata/removepasswords,null
mozilla/add-ons/webextensions/api/browsingdata/removeplugindata,null
mozilla/add-ons/webextensions/api/browsingdata/settings,null
mozilla/add-ons/webextensions/api/captiveportal,null
mozilla/add-ons/webextensions/api/captiveportal/canonicalurl,null
mozilla/add-ons/webextensions/api/captiveportal/getlastchecked,null
mozilla/add-ons/webextensions/api/captiveportal/getstate,null
mozilla/add-ons/webextensions/api/captiveportal/onconnectivityavailable,null
mozilla/add-ons/webextensions/api/captiveportal/onstatechanged,null
mozilla/add-ons/webextensions/api/clipboard,null
mozilla/add-ons/webextensions/api/clipboard/setimagedata,5
mozilla/add-ons/webextensions/api/commands,null
mozilla/add-ons/webextensions/api/commands/command,null
mozilla/add-ons/webextensions/api/commands/getall,null
mozilla/add-ons/webextensions/api/commands/onchanged,null
mozilla/add-ons/webextensions/api/commands/oncommand,null
mozilla/add-ons/webextensions/api/commands/openshortcutsettings,null
mozilla/add-ons/webextensions/api/commands/reset,null
mozilla/add-ons/webextensions/api/commands/update,null
mozilla/add-ons/webextensions/api/contentscripts,null
mozilla/add-ons/webextensions/api/contentscripts/register,null
mozilla/add-ons/webextensions/api/contentscripts/registeredcontentscript,null
mozilla/add-ons/webextensions/api/contentscripts/registeredcontentscript/unregister,null
mozilla/add-ons/webextensions/api/contextualidentities,null
mozilla/add-ons/webextensions/api/contextualidentities/contextualidentity,null
mozilla/add-ons/webextensions/api/contextualidentities/create,null
mozilla/add-ons/webextensions/api/contextualidentities/get,null
mozilla/add-ons/webextensions/api/contextualidentities/getsupportedcolors,null
mozilla/add-ons/webextensions/api/contextualidentities/getsupportedicons,null
mozilla/add-ons/webextensions/api/contextualidentities/move,null
mozilla/add-ons/webextensions/api/contextualidentities/oncreated,null
mozilla/add-ons/webextensions/api/contextualidentities/onremoved,null
mozilla/add-ons/webextensions/api/contextualidentities/onupdated,null
mozilla/add-ons/webextensions/api/contextualidentities/query,null
mozilla/add-ons/webextensions/api/contextualidentities/remove,null
mozilla/add-ons/webextensions/api/contextualidentities/update,null
mozilla/add-ons/webextensions/api/cookies,null
mozilla/add-ons/webextensions/api/cookies/cookie,null
mozilla/add-ons/webextensions/api/cookies/cookiestore,null
mozilla/add-ons/webextensions/api/cookies/get,null
mozilla/add-ons/webextensions/api/cookies/getall,null
mozilla/add-ons/webextensions/api/cookies/getallcookiestores,null
mozilla/add-ons/webextensions/api/cookies/onchanged,null
mozilla/add-ons/webextensions/api/cookies/onchangedcause,null
mozilla/add-ons/webextensions/api/cookies/remove,null
mozilla/add-ons/webextensions/api/cookies/samesitestatus,null
mozilla/add-ons/webextensions/api/cookies/set,null
mozilla/add-ons/webextensions/api/declarativenetrequest,null
mozilla/add-ons/webextensions/api/declarativenetrequest/dynamic_ruleset_id,null
mozilla/add-ons/webextensions/api/declarativenetrequest/getavailablestaticrulecount,null
mozilla/add-ons/webextensions/api/declarativenetrequest/getdisabledruleids,null
mozilla/add-ons/webextensions/api/declarativenetrequest/getdynamicrules,null
mozilla/add-ons/webextensions/api/declarativenetrequest/getenabledrulesets,null
mozilla/add-ons/webextensions/api/declarativenetrequest/getmatchedrules,null
mozilla/add-ons/webextensions/api/declarativenetrequest/getmatchedrules_quota_interval,null
mozilla/add-ons/webextensions/api/declarativenetrequest/getsessionrules,null
mozilla/add-ons/webextensions/api/declarativenetrequest/guaranteed_minimum_static_rules,null
mozilla/add-ons/webextensions/api/declarativenetrequest/headerinfo,null
mozilla/add-ons/webextensions/api/declarativenetrequest/isregexsupported,null
mozilla/add-ons/webextensions/api/declarativenetrequest/matchedrule,null
mozilla/add-ons/webextensions/api/declarativenetrequest/max_getmatchedrules_calls_per_interval,null
mozilla/add-ons/webextensions/api/declarativenetrequest/max_number_of_disabled_static_rules,null
mozilla/add-ons/webextensions/api/declarativenetrequest/max_number_of_dynamic_and_session_rules,null
mozilla/add-ons/webextensions/api/declarativenetrequest/max_number_of_dynamic_rules,null
mozilla/add-ons/webextensions/api/declarativenetrequest/max_number_of_enabled_static_rulesets,null
mozilla/add-ons/webextensions/api/declarativenetrequest/max_number_of_regex_rules,null
mozilla/add-ons/webextensions/api/declarativenetrequest/max_number_of_session_rules,null
mozilla/add-ons/webextensions/api/declarativenetrequest/max_number_of_static_rulesets,null
mozilla/add-ons/webextensions/api/declarativenetrequest/modifyheaderinfo,null
mozilla/add-ons/webextensions/api/declarativenetrequest/onrulematcheddebug,null
mozilla/add-ons/webextensions/api/declarativenetrequest/redirect,null
mozilla/add-ons/webextensions/api/declarativenetrequest/resourcetype,null
mozilla/add-ons/webextensions/api/declarativenetrequest/rule,null
mozilla/add-ons/webextensions/api/declarativenetrequest/ruleaction,null
mozilla/add-ons/webextensions/api/declarativenetrequest/rulecondition,null
mozilla/add-ons/webextensions/api/declarativenetrequest/session_ruleset_id,null
mozilla/add-ons/webextensions/api/declarativenetrequest/setextensionactionoptions,null
mozilla/add-ons/webextensions/api/declarativenetrequest/testmatchoutcome,null
mozilla/add-ons/webextensions/api/declarativenetrequest/updatedynamicrules,null
mozilla/add-ons/webextensions/api/declarativenetrequest/updateenabledrulesets,null
mozilla/add-ons/webextensions/api/declarativenetrequest/updatesessionrules,null
mozilla/add-ons/webextensions/api/declarativenetrequest/updatestaticrules,null
mozilla/add-ons/webextensions/api/declarativenetrequest/urltransform,null
mozilla/add-ons/webextensions/api/devtools,8
mozilla/add-ons/webextensions/api/devtools/inspectedwindow,null
mozilla/add-ons/webextensions/api/devtools/inspectedwindow/eval,null
mozilla/add-ons/webextensions/api/devtools/inspectedwindow/reload,null
mozilla/add-ons/webextensions/api/devtools/inspectedwindow/tabid,null
mozilla/add-ons/webextensions/api/devtools/network,null
mozilla/add-ons/webextensions/api/devtools/network/gethar,null
mozilla/add-ons/webextensions/api/devtools/network/onnavigated,null
mozilla/add-ons/webextensions/api/devtools/network/onrequestfinished,null
mozilla/add-ons/webextensions/api/devtools/panels,null
mozilla/add-ons/webextensions/api/devtools/panels/create,null
mozilla/add-ons/webextensions/api/devtools/panels/elements,null
mozilla/add-ons/webextensions/api/devtools/panels/elementspanel,null
mozilla/add-ons/webextensions/api/devtools/panels/elementspanel/createsidebarpane,null
mozilla/add-ons/webextensions/api/devtools/panels/elementspanel/onselectionchanged,null
mozilla/add-ons/webextensions/api/devtools/panels/extensionpanel,null
mozilla/add-ons/webextensions/api/devtools/panels/extensionsidebarpane,null
mozilla/add-ons/webextensions/api/devtools/panels/extensionsidebarpane/onhidden,null
mozilla/add-ons/webextensions/api/devtools/panels/extensionsidebarpane/onshown,null
mozilla/add-ons/webextensions/api/devtools/panels/extensionsidebarpane/setexpression,null
mozilla/add-ons/webextensions/api/devtools/panels/extensionsidebarpane/setobject,null
mozilla/add-ons/webextensions/api/devtools/panels/extensionsidebarpane/setpage,null
mozilla/add-ons/webextensions/api/devtools/panels/onthemechanged,null
mozilla/add-ons/webextensions/api/devtools/panels/themename,null
mozilla/add-ons/webextensions/api/dns,null
mozilla/add-ons/webextensions/api/dns/resolve,null
mozilla/add-ons/webextensions/api/dom,null
mozilla/add-ons/webextensions/api/dom/openorclosedshadowroot,null
mozilla/add-ons/webextensions/api/downloads,null
mozilla/add-ons/webextensions/api/downloads/acceptdanger,null
mozilla/add-ons/webextensions/api/downloads/booleandelta,null
mozilla/add-ons/webextensions/api/downloads/cancel,null
mozilla/add-ons/webextensions/api/downloads/dangertype,null
mozilla/add-ons/webextensions/api/downloads/doubledelta,null
mozilla/add-ons/webextensions/api/downloads/download,null
mozilla/add-ons/webextensions/api/downloads/downloaditem,null
mozilla/add-ons/webextensions/api/downloads/downloadquery,null
mozilla/add-ons/webextensions/api/downloads/downloadtime,null
mozilla/add-ons/webextensions/api/downloads/erase,null
mozilla/add-ons/webextensions/api/downloads/filenameconflictaction,null
mozilla/add-ons/webextensions/api/downloads/getfileicon,null
mozilla/add-ons/webextensions/api/downloads/interruptreason,null
mozilla/add-ons/webextensions/api/downloads/onchanged,null
mozilla/add-ons/webextensions/api/downloads/oncreated,null
mozilla/add-ons/webextensions/api/downloads/onerased,null
mozilla/add-ons/webextensions/api/downloads/open,null
mozilla/add-ons/webextensions/api/downloads/pause,null
mozilla/add-ons/webextensions/api/downloads/removefile,null
mozilla/add-ons/webextensions/api/downloads/resume,null
mozilla/add-ons/webextensions/api/downloads/search,null
mozilla/add-ons/webextensions/api/downloads/setshelfenabled,null
mozilla/add-ons/webextensions/api/downloads/show,null
mozilla/add-ons/webextensions/api/downloads/showdefaultfolder,null
mozilla/add-ons/webextensions/api/downloads/state,null
mozilla/add-ons/webextensions/api/downloads/stringdelta,null
mozilla/add-ons/webextensions/api/events,null
mozilla/add-ons/webextensions/api/events/event,null
mozilla/add-ons/webextensions/api/events/event/addlistener,null
mozilla/add-ons/webextensions/api/events/event/addrules,null
mozilla/add-ons/webextensions/api/events/event/getrules,null
mozilla/add-ons/webextensions/api/events/event/haslistener,null
mozilla/add-ons/webextensions/api/events/event/haslisteners,null
mozilla/add-ons/webextensions/api/events/event/removelistener,null
mozilla/add-ons/webextensions/api/events/event/removerules,null
mozilla/add-ons/webextensions/api/events/rule,null
mozilla/add-ons/webextensions/api/events/urlfilter,null
mozilla/add-ons/webextensions/api/extension,null
mozilla/add-ons/webextensions/api/extension/getbackgroundpage,null
mozilla/add-ons/webextensions/api/extension/getextensiontabs,null
mozilla/add-ons/webextensions/api/extension/geturl,null
mozilla/add-ons/webextensions/api/extension/getviews,null
mozilla/add-ons/webextensions/api/extension/inincognitocontext,null
mozilla/add-ons/webextensions/api/extension/isallowedfileschemeaccess,null
mozilla/add-ons/webextensions/api/extension/isallowedincognitoaccess,null
mozilla/add-ons/webextensions/api/extension/lasterror,null
mozilla/add-ons/webextensions/api/extension/onrequest,null
mozilla/add-ons/webextensions/api/extension/onrequestexternal,null
mozilla/add-ons/webextensions/api/extension/sendrequest,null
mozilla/add-ons/webextensions/api/extension/setupdateurldata,null
mozilla/add-ons/webextensions/api/extension/viewtype,null
mozilla/add-ons/webextensions/api/extensiontypes,null
mozilla/add-ons/webextensions/api/extensiontypes/imagedetails,null
mozilla/add-ons/webextensions/api/extensiontypes/imageformat,null
mozilla/add-ons/webextensions/api/extensiontypes/injectdetails,null
mozilla/add-ons/webextensions/api/extensiontypes/runat,null
mozilla/add-ons/webextensions/api/find,null
mozilla/add-ons/webextensions/api/find/find,null
mozilla/add-ons/webextensions/api/find/highlightresults,null
mozilla/add-ons/webextensions/api/find/removehighlighting,null
mozilla/add-ons/webextensions/api/history,null
mozilla/add-ons/webextensions/api/history/addurl,null
mozilla/add-ons/webextensions/api/history/deleteall,null
mozilla/add-ons/webextensions/api/history/deleterange,null
mozilla/add-ons/webextensions/api/history/deleteurl,null
mozilla/add-ons/webextensions/api/history/getvisits,null
mozilla/add-ons/webextensions/api/history/historyitem,null
mozilla/add-ons/webextensions/api/history/ontitlechanged,null
mozilla/add-ons/webextensions/api/history/onvisited,null
mozilla/add-ons/webextensions/api/history/onvisitremoved,null
mozilla/add-ons/webextensions/api/history/search,null
mozilla/add-ons/webextensions/api/history/transitiontype,null
mozilla/add-ons/webextensions/api/history/visititem,null
mozilla/add-ons/webextensions/api/i18n,null
mozilla/add-ons/webextensions/api/i18n/detectlanguage,null
mozilla/add-ons/webextensions/api/i18n/getacceptlanguages,null
mozilla/add-ons/webextensions/api/i18n/getmessage,null
mozilla/add-ons/webextensions/api/i18n/getpreferredsystemlanguages,null
mozilla/add-ons/webextensions/api/i18n/getsystemuilanguage,null
mozilla/add-ons/webextensions/api/i18n/getuilanguage,null
mozilla/add-ons/webextensions/api/i18n/languagecode,null
mozilla/add-ons/webextensions/api/i18n/locale-specific_message_reference,null
mozilla/add-ons/webextensions/api/identity,6
mozilla/add-ons/webextensions/api/identity/getredirecturl,null
mozilla/add-ons/webextensions/api/identity/launchwebauthflow,null
mozilla/add-ons/webextensions/api/idle,null
mozilla/add-ons/webextensions/api/idle/idlestate,null
mozilla/add-ons/webextensions/api/idle/onstatechanged,null
mozilla/add-ons/webextensions/api/idle/querystate,null
mozilla/add-ons/webextensions/api/idle/setdetectioninterval,null
mozilla/add-ons/webextensions/api/management,null
mozilla/add-ons/webextensions/api/management/extensioninfo,null
mozilla/add-ons/webextensions/api/management/get,null
mozilla/add-ons/webextensions/api/management/getall,null
mozilla/add-ons/webextensions/api/management/getpermissionwarningsbyid,null
mozilla/add-ons/webextensions/api/management/getpermissionwarningsbymanifest,null
mozilla/add-ons/webextensions/api/management/getself,null
mozilla/add-ons/webextensions/api/management/install,null
mozilla/add-ons/webextensions/api/management/ondisabled,null
mozilla/add-ons/webextensions/api/management/onenabled,null
mozilla/add-ons/webextensions/api/management/oninstalled,null
mozilla/add-ons/webextensions/api/management/onuninstalled,null
mozilla/add-ons/webextensions/api/management/setenabled,null
mozilla/add-ons/webextensions/api/management/uninstall,null
mozilla/add-ons/webextensions/api/management/uninstallself,null
mozilla/add-ons/webextensions/api/menus,null
mozilla/add-ons/webextensions/api/menus/action_menu_top_level_limit,null
mozilla/add-ons/webextensions/api/menus/contexttype,null
mozilla/add-ons/webextensions/api/menus/create,null
mozilla/add-ons/webextensions/api/menus/gettargetelement,null
mozilla/add-ons/webextensions/api/menus/itemtype,null
mozilla/add-ons/webextensions/api/menus/onclickdata,null
mozilla/add-ons/webextensions/api/menus/onclicked,null
mozilla/add-ons/webextensions/api/menus/onhidden,null
mozilla/add-ons/webextensions/api/menus/onshown,null
mozilla/add-ons/webextensions/api/menus/overridecontext,null
mozilla/add-ons/webextensions/api/menus/refresh,null
mozilla/add-ons/webextensions/api/menus/remove,null
mozilla/add-ons/webextensions/api/menus/removeall,null
mozilla/add-ons/webextensions/api/menus/update,null
mozilla/add-ons/webextensions/api/notifications,null
mozilla/add-ons/webextensions/api/notifications/clear,null
mozilla/add-ons/webextensions/api/notifications/create,null
mozilla/add-ons/webextensions/api/notifications/getall,null
mozilla/add-ons/webextensions/api/notifications/notificationoptions,null
mozilla/add-ons/webextensions/api/notifications/onbuttonclicked,null
mozilla/add-ons/webextensions/api/notifications/onclicked,null
mozilla/add-ons/webextensions/api/notifications/onclosed,null
mozilla/add-ons/webextensions/api/notifications/onshown,null
mozilla/add-ons/webextensions/api/notifications/templatetype,null
mozilla/add-ons/webextensions/api/notifications/update,null
mozilla/add-ons/webextensions/api/omnibox,null
mozilla/add-ons/webextensions/api/omnibox/ondeletesuggestion,null
mozilla/add-ons/webextensions/api/omnibox/oninputcancelled,null
mozilla/add-ons/webextensions/api/omnibox/oninputchanged,null
mozilla/add-ons/webextensions/api/omnibox/oninputentered,null
mozilla/add-ons/webextensions/api/omnibox/oninputentereddisposition,null
mozilla/add-ons/webextensions/api/omnibox/oninputstarted,null
mozilla/add-ons/webextensions/api/omnibox/setdefaultsuggestion,null
mozilla/add-ons/webextensions/api/omnibox/suggestresult,null
mozilla/add-ons/webextensions/api/pageaction,null
mozilla/add-ons/webextensions/api/pageaction/getpopup,null
mozilla/add-ons/webextensions/api/pageaction/gettitle,null
mozilla/add-ons/webextensions/api/pageaction/hide,null
mozilla/add-ons/webextensions/api/pageaction/imagedatatype,null
mozilla/add-ons/webextensions/api/pageaction/isshown,null
mozilla/add-ons/webextensions/api/pageaction/onclicked,null
mozilla/add-ons/webextensions/api/pageaction/openpopup,null
mozilla/add-ons/webextensions/api/pageaction/seticon,null
mozilla/add-ons/webextensions/api/pageaction/setpopup,null
mozilla/add-ons/webextensions/api/pageaction/settitle,null
mozilla/add-ons/webextensions/api/pageaction/show,null
mozilla/add-ons/webextensions/api/permissions,null
mozilla/add-ons/webextensions/api/permissions/contains,null
mozilla/add-ons/webextensions/api/permissions/getall,null
mozilla/add-ons/webextensions/api/permissions/onadded,null
mozilla/add-ons/webextensions/api/permissions/onremoved,null
mozilla/add-ons/webextensions/api/permissions/permissions,null
mozilla/add-ons/webextensions/api/permissions/remove,null
mozilla/add-ons/webextensions/api/permissions/request,null
mozilla/add-ons/webextensions/api/pkcs11,null
mozilla/add-ons/webextensions/api/pkcs11/getmoduleslots,null
mozilla/add-ons/webextensions/api/pkcs11/installmodule,null
mozilla/add-ons/webextensions/api/pkcs11/ismoduleinstalled,null
mozilla/add-ons/webextensions/api/pkcs11/uninstallmodule,null
mozilla/add-ons/webextensions/api/privacy,null
mozilla/add-ons/webextensions/api/privacy/network,null
mozilla/add-ons/webextensions/api/privacy/services,null
mozilla/add-ons/webextensions/api/privacy/websites,null
mozilla/add-ons/webextensions/api/proxy,null
mozilla/add-ons/webextensions/api/proxy/onerror,null
mozilla/add-ons/webextensions/api/proxy/onrequest,null
mozilla/add-ons/webextensions/api/proxy/proxyinfo,null
mozilla/add-ons/webextensions/api/proxy/requestdetails,null
mozilla/add-ons/webextensions/api/proxy/settings,0
mozilla/add-ons/webextensions/api/publicsuffix,null
mozilla/add-ons/webextensions/api/publicsuffix/domainencoding,null
mozilla/add-ons/webextensions/api/publicsuffix/getdomain,null
mozilla/add-ons/webextensions/api/publicsuffix/getknownsuffix,null
mozilla/add-ons/webextensions/api/publicsuffix/isknownsuffix,null
mozilla/add-ons/webextensions/api/runtime,null
mozilla/add-ons/webextensions/api/runtime/connect,null
mozilla/add-ons/webextensions/api/runtime/connectnative,null
mozilla/add-ons/webextensions/api/runtime/getbackgroundpage,null
mozilla/add-ons/webextensions/api/runtime/getbrowserinfo,null
mozilla/add-ons/webextensions/api/runtime/getcontexts,null
mozilla/add-ons/webextensions/api/runtime/getdocumentid,null
mozilla/add-ons/webextensions/api/runtime/getframeid,null
mozilla/add-ons/webextensions/api/runtime/getmanifest,null
mozilla/add-ons/webextensions/api/runtime/getpackagedirectoryentry,null
mozilla/add-ons/webextensions/api/runtime/getplatforminfo,null
mozilla/add-ons/webextensions/api/runtime/geturl,null
mozilla/add-ons/webextensions/api/runtime/getversion,null
mozilla/add-ons/webextensions/api/runtime/id,null
mozilla/add-ons/webextensions/api/runtime/lasterror,null
mozilla/add-ons/webextensions/api/runtime/messagesender,null
mozilla/add-ons/webextensions/api/runtime/onbrowserupdateavailable,null
mozilla/add-ons/webextensions/api/runtime/onconnect,null
mozilla/add-ons/webextensions/api/runtime/onconnectexternal,null
mozilla/add-ons/webextensions/api/runtime/oninstalled,null
mozilla/add-ons/webextensions/api/runtime/oninstalledreason,null
mozilla/add-ons/webextensions/api/runtime/onmessage,0
mozilla/add-ons/webextensions/api/runtime/onmessageexternal,null
mozilla/add-ons/webextensions/api/runtime/onperformancewarning,null
mozilla/add-ons/webextensions/api/runtime/onperformancewarningcategory,null
mozilla/add-ons/webextensions/api/runtime/onperformancewarningseverity,null
mozilla/add-ons/webextensions/api/runtime/onrestartrequired,null
mozilla/add-ons/webextensions/api/runtime/onrestartrequiredreason,null
mozilla/add-ons/webextensions/api/runtime/onstartup,null
mozilla/add-ons/webextensions/api/runtime/onsuspend,null
mozilla/add-ons/webextensions/api/runtime/onsuspendcanceled,null
mozilla/add-ons/webextensions/api/runtime/onupdateavailable,null
mozilla/add-ons/webextensions/api/runtime/onuserscriptconnect,null
mozilla/add-ons/webextensions/api/runtime/onuserscriptmessage,null
mozilla/add-ons/webextensions/api/runtime/openoptionspage,null
mozilla/add-ons/webextensions/api/runtime/platformarch,null
mozilla/add-ons/webextensions/api/runtime/platforminfo,null
mozilla/add-ons/webextensions/api/runtime/platformnaclarch,null
mozilla/add-ons/webextensions/api/runtime/platformos,null
mozilla/add-ons/webextensions/api/runtime/port,null
mozilla/add-ons/webextensions/api/runtime/reload,null
mozilla/add-ons/webextensions/api/runtime/requestupdatecheck,null
mozilla/add-ons/webextensions/api/runtime/requestupdatecheckstatus,null
mozilla/add-ons/webextensions/api/runtime/sendmessage,null
mozilla/add-ons/webextensions/api/runtime/sendnativemessage,null
mozilla/add-ons/webextensions/api/runtime/setuninstallurl,null
mozilla/add-ons/webextensions/api/scripting,null
mozilla/add-ons/webextensions/api/scripting/contentscriptfilter,null
mozilla/add-ons/webextensions/api/scripting/executescript,null
mozilla/add-ons/webextensions/api/scripting/executionworld,null
mozilla/add-ons/webextensions/api/scripting/getregisteredcontentscripts,null
mozilla/add-ons/webextensions/api/scripting/injectiontarget,null
mozilla/add-ons/webextensions/api/scripting/insertcss,null
mozilla/add-ons/webextensions/api/scripting/registercontentscripts,null
mozilla/add-ons/webextensions/api/scripting/registeredcontentscript,null
mozilla/add-ons/webextensions/api/scripting/removecss,null
mozilla/add-ons/webextensions/api/scripting/unregistercontentscripts,null
mozilla/add-ons/webextensions/api/scripting/updatecontentscripts,null
mozilla/add-ons/webextensions/api/search,null
mozilla/add-ons/webextensions/api/search/get,null
mozilla/add-ons/webextensions/api/search/query,null
mozilla/add-ons/webextensions/api/search/search,null
mozilla/add-ons/webextensions/api/sessions,null
mozilla/add-ons/webextensions/api/sessions/filter,null
mozilla/add-ons/webextensions/api/sessions/forgetclosedtab,null
mozilla/add-ons/webextensions/api/sessions/forgetclosedwindow,null
mozilla/add-ons/webextensions/api/sessions/getrecentlyclosed,null
mozilla/add-ons/webextensions/api/sessions/gettabvalue,null
mozilla/add-ons/webextensions/api/sessions/getwindowvalue,null
mozilla/add-ons/webextensions/api/sessions/max_session_results,null
mozilla/add-ons/webextensions/api/sessions/onchanged,null
mozilla/add-ons/webextensions/api/sessions/removetabvalue,null
mozilla/add-ons/webextensions/api/sessions/removewindowvalue,null
mozilla/add-ons/webextensions/api/sessions/restore,null
mozilla/add-ons/webextensions/api/sessions/session,null
mozilla/add-ons/webextensions/api/sessions/settabvalue,null
mozilla/add-ons/webextensions/api/sessions/setwindowvalue,null
mozilla/add-ons/webextensions/api/sidebaraction,null
mozilla/add-ons/webextensions/api/sidebaraction/close,null
mozilla/add-ons/webextensions/api/sidebaraction/getpanel,null
mozilla/add-ons/webextensions/api/sidebaraction/gettitle,null
mozilla/add-ons/webextensions/api/sidebaraction/imagedatatype,null
mozilla/add-ons/webextensions/api/sidebaraction/isopen,null
mozilla/add-ons/webextensions/api/sidebaraction/open,null
mozilla/add-ons/webextensions/api/sidebaraction/seticon,null
mozilla/add-ons/webextensions/api/sidebaraction/setpanel,null
mozilla/add-ons/webextensions/api/sidebaraction/settitle,null
mozilla/add-ons/webextensions/api/sidebaraction/toggle,null
mozilla/add-ons/webextensions/api/storage,null
mozilla/add-ons/webextensions/api/storage/local,null
mozilla/add-ons/webextensions/api/storage/managed,null
mozilla/add-ons/webextensions/api/storage/onchanged,null
mozilla/add-ons/webextensions/api/storage/session,null
mozilla/add-ons/webextensions/api/storage/session/quota_bytes,null
mozilla/add-ons/webextensions/api/storage/storagearea,null
mozilla/add-ons/webextensions/api/storage/storagearea/clear,null
mozilla/add-ons/webextensions/api/storage/storagearea/get,null
mozilla/add-ons/webextensions/api/storage/storagearea/getbytesinuse,null
mozilla/add-ons/webextensions/api/storage/storagearea/getkeys,null
mozilla/add-ons/webextensions/api/storage/storagearea/onchanged,null
mozilla/add-ons/webextensions/api/storage/storagearea/remove,null
mozilla/add-ons/webextensions/api/storage/storagearea/set,null
mozilla/add-ons/webextensions/api/storage/storagearea/setaccesslevel,null
mozilla/add-ons/webextensions/api/storage/storagechange,null
mozilla/add-ons/webextensions/api/storage/sync,null
mozilla/add-ons/webextensions/api/tabgroups,null
mozilla/add-ons/webextensions/api/tabgroups/color,null
mozilla/add-ons/webextensions/api/tabgroups/get,null
mozilla/add-ons/webextensions/api/tabgroups/move,null
mozilla/add-ons/webextensions/api/tabgroups/oncreated,null
mozilla/add-ons/webextensions/api/tabgroups/onmoved,null
mozilla/add-ons/webextensions/api/tabgroups/onremoved,null
mozilla/add-ons/webextensions/api/tabgroups/onupdated,null
mozilla/add-ons/webextensions/api/tabgroups/query,null
mozilla/add-ons/webextensions/api/tabgroups/tab_group_id_none,null
mozilla/add-ons/webextensions/api/tabgroups/tabgroup,null
mozilla/add-ons/webextensions/api/tabgroups/update,null
mozilla/add-ons/webextensions/api/tabs,null
mozilla/add-ons/webextensions/api/tabs/capturetab,null
mozilla/add-ons/webextensions/api/tabs/capturevisibletab,null
mozilla/add-ons/webextensions/api/tabs/connect,null
mozilla/add-ons/webextensions/api/tabs/create,null
mozilla/add-ons/webextensions/api/tabs/detectlanguage,null
mozilla/add-ons/webextensions/api/tabs/discard,null
mozilla/add-ons/webextensions/api/tabs/duplicate,null
mozilla/add-ons/webextensions/api/tabs/executescript,null
mozilla/add-ons/webextensions/api/tabs/get,null
mozilla/add-ons/webextensions/api/tabs/getallinwindow,null
mozilla/add-ons/webextensions/api/tabs/getcurrent,null
mozilla/add-ons/webextensions/api/tabs/getselected,null
mozilla/add-ons/webextensions/api/tabs/getzoom,null
mozilla/add-ons/webextensions/api/tabs/getzoomsettings,null
mozilla/add-ons/webextensions/api/tabs/goback,null
mozilla/add-ons/webextensions/api/tabs/goforward,null
mozilla/add-ons/webextensions/api/tabs/group,null
mozilla/add-ons/webextensions/api/tabs/hide,null
mozilla/add-ons/webextensions/api/tabs/highlight,null
mozilla/add-ons/webextensions/api/tabs/insertcss,null
mozilla/add-ons/webextensions/api/tabs/move,null
mozilla/add-ons/webextensions/api/tabs/moveinsuccession,null
mozilla/add-ons/webextensions/api/tabs/mutedinfo,null
mozilla/add-ons/webextensions/api/tabs/mutedinforeason,null
mozilla/add-ons/webextensions/api/tabs/onactivated,null
mozilla/add-ons/webextensions/api/tabs/onactivechanged,null
mozilla/add-ons/webextensions/api/tabs/onattached,null
mozilla/add-ons/webextensions/api/tabs/oncreated,null
mozilla/add-ons/webextensions/api/tabs/ondetached,null
mozilla/add-ons/webextensions/api/tabs/onhighlightchanged,null
mozilla/add-ons/webextensions/api/tabs/onhighlighted,null
mozilla/add-ons/webextensions/api/tabs/onmoved,null
mozilla/add-ons/webextensions/api/tabs/onremoved,null
mozilla/add-ons/webextensions/api/tabs/onreplaced,null
mozilla/add-ons/webextensions/api/tabs/onselectionchanged,null
mozilla/add-ons/webextensions/api/tabs/onupdated,null
mozilla/add-ons/webextensions/api/tabs/onzoomchange,null
mozilla/add-ons/webextensions/api/tabs/pagesettings,null
mozilla/add-ons/webextensions/api/tabs/print,null
mozilla/add-ons/webextensions/api/tabs/printpreview,null
mozilla/add-ons/webextensions/api/tabs/query,null
mozilla/add-ons/webextensions/api/tabs/reload,null
mozilla/add-ons/webextensions/api/tabs/remove,null
mozilla/add-ons/webextensions/api/tabs/removecss,null
mozilla/add-ons/webextensions/api/tabs/saveaspdf,null
mozilla/add-ons/webextensions/api/tabs/sendmessage,null
mozilla/add-ons/webextensions/api/tabs/sendrequest,null
mozilla/add-ons/webextensions/api/tabs/setzoom,null
mozilla/add-ons/webextensions/api/tabs/setzoomsettings,null
mozilla/add-ons/webextensions/api/tabs/show,null
mozilla/add-ons/webextensions/api/tabs/split_view_id_none,null
mozilla/add-ons/webextensions/api/tabs/tab,null
mozilla/add-ons/webextensions/api/tabs/tab_id_none,null
mozilla/add-ons/webextensions/api/tabs/tabstatus,null
mozilla/add-ons/webextensions/api/tabs/togglereadermode,null
mozilla/add-ons/webextensions/api/tabs/ungroup,null
mozilla/add-ons/webextensions/api/tabs/update,null
mozilla/add-ons/webextensions/api/tabs/warmup,null
mozilla/add-ons/webextensions/api/tabs/windowtype,null
mozilla/add-ons/webextensions/api/tabs/zoomsettings,null
mozilla/add-ons/webextensions/api/tabs/zoomsettingsmode,null
mozilla/add-ons/webextensions/api/tabs/zoomsettingsscope,null
mozilla/add-ons/webextensions/api/theme,null
mozilla/add-ons/webextensions/api/theme/getcurrent,null
mozilla/add-ons/webextensions/api/theme/onupdated,null
mozilla/add-ons/webextensions/api/theme/reset,null
mozilla/add-ons/webextensions/api/theme/theme,null
mozilla/add-ons/webextensions/api/theme/update,null
mozilla/add-ons/webextensions/api/topsites,null
mozilla/add-ons/webextensions/api/topsites/get,null
mozilla/add-ons/webextensions/api/topsites/mostvisitedurl,null
mozilla/add-ons/webextensions/api/types,null
mozilla/add-ons/webextensions/api/types/browsersetting,null
mozilla/add-ons/webextensions/api/types/browsersetting/clear,null
mozilla/add-ons/webextensions/api/types/browsersetting/get,null
mozilla/add-ons/webextensions/api/types/browsersetting/onchange,null
mozilla/add-ons/webextensions/api/types/browsersetting/set,null
mozilla/add-ons/webextensions/api/userscripts,null
mozilla/add-ons/webextensions/api/userscripts/configureworld,null
mozilla/add-ons/webextensions/api/userscripts/execute,null
mozilla/add-ons/webextensions/api/userscripts/executionworld,null
mozilla/add-ons/webextensions/api/userscripts/getscripts,null
mozilla/add-ons/webextensions/api/userscripts/getworldconfigurations,null
mozilla/add-ons/webextensions/api/userscripts/register,null
mozilla/add-ons/webextensions/api/userscripts/registereduserscript,null
mozilla/add-ons/webextensions/api/userscripts/resetworldconfiguration,null
mozilla/add-ons/webextensions/api/userscripts/scriptsource,null
mozilla/add-ons/webextensions/api/userscripts/unregister,null
mozilla/add-ons/webextensions/api/userscripts/update,null
mozilla/add-ons/webextensions/api/userscripts/userscriptfilter,null
mozilla/add-ons/webextensions/api/userscripts/worldproperties,null
mozilla/add-ons/webextensions/api/userscripts_legacy,null
mozilla/add-ons/webextensions/api/userscripts_legacy/onbeforescript,null
mozilla/add-ons/webextensions/api/userscripts_legacy/register,null
mozilla/add-ons/webextensions/api/userscripts_legacy/registereduserscript,null
mozilla/add-ons/webextensions/api/userscripts_legacy/registereduserscript/unregister,null
mozilla/add-ons/webextensions/api/userscripts_legacy/userscriptoptions,null
mozilla/add-ons/webextensions/api/userscripts_legacy/working_with_userscripts,null
mozilla/add-ons/webextensions/api/webnavigation,null
mozilla/add-ons/webextensions/api/webnavigation/getallframes,null
mozilla/add-ons/webextensions/api/webnavigation/getframe,null
mozilla/add-ons/webextensions/api/webnavigation/onbeforenavigate,null
mozilla/add-ons/webextensions/api/webnavigation/oncommitted,null
mozilla/add-ons/webextensions/api/webnavigation/oncompleted,null
mozilla/add-ons/webextensions/api/webnavigation/oncreatednavigationtarget,null
mozilla/add-ons/webextensions/api/webnavigation/ondomcontentloaded,null
mozilla/add-ons/webextensions/api/webnavigation/onerroroccurred,null
mozilla/add-ons/webextensions/api/webnavigation/onhistorystateupdated,null
mozilla/add-ons/webextensions/api/webnavigation/onreferencefragmentupdated,null
mozilla/add-ons/webextensions/api/webnavigation/ontabreplaced,null
mozilla/add-ons/webextensions/api/webnavigation/transitionqualifier,null
mozilla/add-ons/webextensions/api/webnavigation/transitiontype,null
mozilla/add-ons/webextensions/api/webrequest,null
mozilla/add-ons/webextensions/api/webrequest/blockingresponse,null
mozilla/add-ons/webextensions/api/webrequest/certificateinfo,null
mozilla/add-ons/webextensions/api/webrequest/filterresponsedata,null
mozilla/add-ons/webextensions/api/webrequest/getsecurityinfo,null
mozilla/add-ons/webextensions/api/webrequest/handlerbehaviorchanged,null
mozilla/add-ons/webextensions/api/webrequest/httpheaders,null
mozilla/add-ons/webextensions/api/webrequest/max_handler_behavior_changed_calls_per_10_minutes,null
mozilla/add-ons/webextensions/api/webrequest/onauthrequired,null
mozilla/add-ons/webextensions/api/webrequest/onbeforeredirect,null
mozilla/add-ons/webextensions/api/webrequest/onbeforerequest,null
mozilla/add-ons/webextensions/api/webrequest/onbeforesendheaders,null
mozilla/add-ons/webextensions/api/webrequest/oncompleted,null
mozilla/add-ons/webextensions/api/webrequest/onerroroccurred,null
mozilla/add-ons/webextensions/api/webrequest/onheadersreceived,null
mozilla/add-ons/webextensions/api/webrequest/onresponsestarted,null
mozilla/add-ons/webextensions/api/webrequest/onsendheaders,null
mozilla/add-ons/webextensions/api/webrequest/requestfilter,null
mozilla/add-ons/webextensions/api/webrequest/resourcetype,null
mozilla/add-ons/webextensions/api/webrequest/securityinfo,null
mozilla/add-ons/webextensions/api/webrequest/streamfilter,null
mozilla/add-ons/webextensions/api/webrequest/streamfilter/close,null
mozilla/add-ons/webextensions/api/webrequest/streamfilter/disconnect,null
mozilla/add-ons/webextensions/api/webrequest/streamfilter/error,null
mozilla/add-ons/webextensions/api/webrequest/streamfilter/ondata,null
mozilla/add-ons/webextensions/api/webrequest/streamfilter/onerror,null
mozilla/add-ons/webextensions/api/webrequest/streamfilter/onstart,null
mozilla/add-ons/webextensions/api/webrequest/streamfilter/onstop,null
mozilla/add-ons/webextensions/api/webrequest/streamfilter/resume,null
mozilla/add-ons/webextensions/api/webrequest/streamfilter/status,null
mozilla/add-ons/webextensions/api/webrequest/streamfilter/suspend,null
mozilla/add-ons/webextensions/api/webrequest/streamfilter/write,null
mozilla/add-ons/webextensions/api/webrequest/uploaddata,null
mozilla/add-ons/webextensions/api/windows,null
mozilla/add-ons/webextensions/api/windows/create,null
mozilla/add-ons/webextensions/api/windows/createtype,null
mozilla/add-ons/webextensions/api/windows/get,null
mozilla/add-ons/webextensions/api/windows/getall,null
mozilla/add-ons/webextensions/api/windows/getcurrent,null
mozilla/add-ons/webextensions/api/windows/getlastfocused,null
mozilla/add-ons/webextensions/api/windows/onboundschanged,null
mozilla/add-ons/webextensions/api/windows/oncreated,null
mozilla/add-ons/webextensions/api/windows/onfocuschanged,null
mozilla/add-ons/webextensions/api/windows/onremoved,null
mozilla/add-ons/webextensions/api/windows/remove,null
mozilla/add-ons/webextensions/api/windows/update,null
mozilla/add-ons/webextensions/api/windows/window,null
mozilla/add-ons/webextensions/api/windows/window_id_current,null
mozilla/add-ons/webextensions/api/windows/window_id_none,null
mozilla/add-ons/webextensions/api/windows/windowstate,8
mozilla/add-ons/webextensions/api/windows/windowtype,null
mozilla/add-ons/webextensions/background_scripts,null
mozilla/add-ons/webextensions/browser_support_for_javascript_apis,null
mozilla/add-ons/webextensions/build_a_cross_browser_extension,null
mozilla/add-ons/webextensions/chrome_incompatibilities,null
mozilla/add-ons/webextensions/content_scripts,0
mozilla/add-ons/webextensions/content_scripts/cloneinto,null
mozilla/add-ons/webextensions/content_scripts/exportfunction,null
mozilla/add-ons/webextensions/content_security_policy,null
mozilla/add-ons/webextensions/developing_webextensions_for_thunderbird,null
mozilla/add-ons/webextensions/differences_between_api_implementations,null
mozilla/add-ons/webextensions/examples,null
mozilla/add-ons/webextensions/extending_the_developer_tools,null
mozilla/add-ons/webextensions/implement_a_settings_page,null
mozilla/add-ons/webextensions/interact_with_the_clipboard,0
mozilla/add-ons/webextensions/intercept_http_requests,6
mozilla/add-ons/webextensions/internationalization,1
mozilla/add-ons/webextensions/manifest.json,4
mozilla/add-ons/webextensions/manifest.json/action,null
mozilla/add-ons/webextensions/manifest.json/author,null
mozilla/add-ons/webextensions/manifest.json/background,null
mozilla/add-ons/webextensions/manifest.json/browser_action,null
mozilla/add-ons/webextensions/manifest.json/browser_specific_settings,null
mozilla/add-ons/webextensions/manifest.json/chrome_settings_overrides,null
mozilla/add-ons/webextensions/manifest.json/chrome_url_overrides,null
mozilla/add-ons/webextensions/manifest.json/commands,null
mozilla/add-ons/webextensions/manifest.json/content_scripts,null
mozilla/add-ons/webextensions/manifest.json/content_security_policy,null
mozilla/add-ons/webextensions/manifest.json/dark_theme,null
mozilla/add-ons/webextensions/manifest.json/declarative_net_request,null
mozilla/add-ons/webextensions/manifest.json/default_locale,null
mozilla/add-ons/webextensions/manifest.json/description,null
mozilla/add-ons/webextensions/manifest.json/developer,null
mozilla/add-ons/webextensions/manifest.json/devtools_page,null
mozilla/add-ons/webextensions/manifest.json/dictionaries,null
mozilla/add-ons/webextensions/manifest.json/externally_connectable,null
mozilla/add-ons/webextensions/manifest.json/homepage_url,null
mozilla/add-ons/webextensions/manifest.json/host_permissions,null
mozilla/add-ons/webextensions/manifest.json/icons,null
mozilla/add-ons/webextensions/manifest.json/incognito,null
mozilla/add-ons/webextensions/manifest.json/manifest_version,null
mozilla/add-ons/webextensions/manifest.json/name,null
mozilla/add-ons/webextensions/manifest.json/omnibox,null
mozilla/add-ons/webextensions/manifest.json/optional_host_permissions,null
mozilla/add-ons/webextensions/manifest.json/optional_permissions,null
mozilla/add-ons/webextensions/manifest.json/options_page,null
mozilla/add-ons/webextensions/manifest.json/options_ui,12
mozilla/add-ons/webextensions/manifest.json/page_action,null
mozilla/add-ons/webextensions/manifest.json/permissions,null
mozilla/add-ons/webextensions/manifest.json/protocol_handlers,null
mozilla/add-ons/webextensions/manifest.json/sandbox,null
mozilla/add-ons/webextensions/manifest.json/short_name,null
mozilla/add-ons/webextensions/manifest.json/sidebar_action,null
mozilla/add-ons/webextensions/manifest.json/storage,null
mozilla/add-ons/webextensions/manifest.json/theme,null
mozilla/add-ons/webextensions/manifest.json/theme_experiment,null
mozilla/add-ons/webextensions/manifest.json/user_scripts,null
mozilla/add-ons/webextensions/manifest.json/version,null
mozilla/add-ons/webextensions/manifest.json/version/format,null
mozilla/add-ons/webextensions/manifest.json/version_name,null
mozilla/add-ons/webextensions/manifest.json/web_accessible_resources,null
mozilla/add-ons/webextensions/match_patterns,0
mozilla/add-ons/webextensions/modify_a_web_page,null
mozilla/add-ons/webextensions/native_manifests,null
mozilla/add-ons/webextensions/native_messaging,2
mozilla/add-ons/webextensions/safely_inserting_external_content_into_a_page,null
mozilla/add-ons/webextensions/sharing_objects_with_page_scripts,null
mozilla/add-ons/webextensions/use_the_web_authn_api,null
mozilla/add-ons/webextensions/user_actions,null
mozilla/add-ons/webextensions/user_interface,null
mozilla/add-ons/webextensions/user_interface/browser_styles,null
mozilla/add-ons/webextensions/user_interface/context_menu_items,null
mozilla/add-ons/webextensions/user_interface/devtools_panels,null
mozilla/add-ons/webextensions/user_interface/extension_pages,null
mozilla/add-ons/webextensions/user_interface/notifications,null
mozilla/add-ons/webextensions/user_interface/omnibox,null
mozilla/add-ons/webextensions/user_interface/options_pages,null
mozilla/add-ons/webextensions/user_interface/page_actions,null
mozilla/add-ons/webextensions/user_interface/popups,null
mozilla/add-ons/webextensions/user_interface/sidebars,null
mozilla/add-ons/webextensions/user_interface/toolbar_button,null
mozilla/add-ons/webextensions/what_are_webextensions,0
mozilla/add-ons/webextensions/what_next,null
mozilla/add-ons/webextensions/work_with_contextual_identities,null
mozilla/add-ons/webextensions/work_with_documentid,null
mozilla/add-ons/webextensions/work_with_the_bookmarks_api,null
mozilla/add-ons/webextensions/work_with_the_cookies_api,null
mozilla/add-ons/webextensions/working_with_files,null
mozilla/add-ons/webextensions/working_with_the_tabs_api,null
mozilla/add-ons/webextensions/your_first_webextension,0
mozilla/add-ons/webextensions/your_second_webextension,8
mozilla/firefox,0
mozilla/firefox/experimental_features,4
mozilla/firefox/releases,0
mozilla/firefox/releases/1.5,0
mozilla/firefox/releases/1.5/changing_the_priority_of_http_requests,null
mozilla/firefox/releases/1.5/using_firefox_1.5_caching,null
mozilla/firefox/releases/1.5/what_s_new_in_1.5_alpha,null
mozilla/firefox/releases/10,null
mozilla/firefox/releases/10/updating_add-ons,null
mozilla/firefox/releases/100,null
mozilla/firefox/releases/101,null
mozilla/firefox/releases/102,null
mozilla/firefox/releases/103,null
mozilla/firefox/releases/104,null
mozilla/firefox/releases/105,0
mozilla/firefox/releases/106,0
mozilla/firefox/releases/107,1
mozilla/firefox/releases/108,0
mozilla/firefox/releases/109,0
mozilla/firefox/releases/11,0
mozilla/firefox/releases/110,0
mozilla/firefox/releases/111,0
mozilla/firefox/releases/112,10
mozilla/firefox/releases/113,0
mozilla/firefox/releases/114,1
mozilla/firefox/releases/115,0
mozilla/firefox/releases/116,1
mozilla/firefox/releases/117,13
mozilla/firefox/releases/118,0
mozilla/firefox/releases/119,0
mozilla/firefox/releases/12,null
mozilla/firefox/releases/120,0
mozilla/firefox/releases/121,12
mozilla/firefox/releases/122,10
mozilla/firefox/releases/123,11
mozilla/firefox/releases/124,6
mozilla/firefox/releases/125,2
mozilla/firefox/releases/126,0
mozilla/firefox/releases/127,1
mozilla/firefox/releases/128,2
mozilla/firefox/releases/129,9
mozilla/firefox/releases/13,null
mozilla/firefox/releases/130,11
mozilla/firefox/releases/131,12
mozilla/firefox/releases/132,0
mozilla/firefox/releases/133,11
mozilla/firefox/releases/134,7
mozilla/firefox/releases/135,9
mozilla/firefox/releases/136,9
mozilla/firefox/releases/137,3
mozilla/firefox/releases/138,6
mozilla/firefox/releases/139,6
mozilla/firefox/releases/14,0
mozilla/firefox/releases/140,7
mozilla/firefox/releases/141,3
mozilla/firefox/releases/142,11
mozilla/firefox/releases/143,5
mozilla/firefox/releases/144,3
mozilla/firefox/releases/145,3
mozilla/firefox/releases/146,3
mozilla/firefox/releases/147,3
mozilla/firefox/releases/148,3
mozilla/firefox/releases/149,2
mozilla/firefox/releases/15,0
mozilla/firefox/releases/150,3
mozilla/firefox/releases/151,0
mozilla/firefox/releases/152,0
mozilla/firefox/releases/153,3
mozilla/firefox/releases/154,0
mozilla/firefox/releases/155,null
mozilla/firefox/releases/156,null
mozilla/firefox/releases/16,0
mozilla/firefox/releases/17,0
mozilla/firefox/releases/18,0
mozilla/firefox/releases/19,0
mozilla/firefox/releases/2,0
mozilla/firefox/releases/2/adding_feed_readers_to_firefox,0
mozilla/firefox/releases/2/security_changes,0
mozilla/firefox/releases/2/updating_extensions,0
mozilla/firefox/releases/20,null
mozilla/firefox/releases/21,null
mozilla/firefox/releases/22,0
mozilla/firefox/releases/23,null
mozilla/firefox/releases/24,null
mozilla/firefox/releases/25,null
mozilla/firefox/releases/26,null
mozilla/firefox/releases/27,null
mozilla/firefox/releases/28,null
mozilla/firefox/releases/29,null
mozilla/firefox/releases/3,0
mozilla/firefox/releases/3.5,0
mozilla/firefox/releases/3.5/icc_color_correction_in_firefox,1
mozilla/firefox/releases/3.5/security_changes,0
mozilla/firefox/releases/3.5/updating_extensions,0
mozilla/firefox/releases/3.6,0
mozilla/firefox/releases/3.6/interfaces_moved,null
mozilla/firefox/releases/3.6/updating_extensions,null
mozilla/firefox/releases/3.6/updating_plug-ins,null
mozilla/firefox/releases/3.6/updating_themes,null
mozilla/firefox/releases/3/dom_improvements,10
mozilla/firefox/releases/3/full_page_zoom,0
mozilla/firefox/releases/3/notable_bugs_fixed,7
mozilla/firefox/releases/3/site_compatibility,null
mozilla/firefox/releases/3/svg_improvements,10
mozilla/firefox/releases/3/templates,null
mozilla/firefox/releases/3/updating_extensions,0
mozilla/firefox/releases/3/updating_web_applications,11
mozilla/firefox/releases/3/using_an_external_spell_checker,null
mozilla/firefox/releases/3/wai_aria_live_regions_api_support,null
mozilla/firefox/releases/3/xul_improvements_in_firefox_3,null
mozilla/firefox/releases/30,null
mozilla/firefox/releases/31,0
mozilla/firefox/releases/32,1
mozilla/firefox/releases/33,1
mozilla/firefox/releases/34,null
mozilla/firefox/releases/35,0
mozilla/firefox/releases/36,0
mozilla/firefox/releases/37,null
mozilla/firefox/releases/38,null
mozilla/firefox/releases/39,null
mozilla/firefox/releases/4,0
mozilla/firefox/releases/4/the_add-on_bar,null
mozilla/firefox/releases/4/updating_extensions_for_firefox_4,null
mozilla/firefox/releases/40,1
mozilla/firefox/releases/41,null
mozilla/firefox/releases/42,0
mozilla/firefox/releases/43,null
mozilla/firefox/releases/44,11
mozilla/firefox/releases/45,null
mozilla/firefox/releases/46,0
mozilla/firefox/releases/47,0
mozilla/firefox/releases/48,1
mozilla/firefox/releases/49,0
mozilla/firefox/releases/5,0
mozilla/firefox/releases/5/updating_add-ons,null
mozilla/firefox/releases/50,0
mozilla/firefox/releases/51,0
mozilla/firefox/releases/52,1
mozilla/firefox/releases/53,1
mozilla/firefox/releases/54,null
mozilla/firefox/releases/55,null
mozilla/firefox/releases/56,0
mozilla/firefox/releases/57,1
mozilla/firefox/releases/58,null
mozilla/firefox/releases/59,0
mozilla/firefox/releases/6,1
mozilla/firefox/releases/6/updating_add-ons,null
mozilla/firefox/releases/60,0
mozilla/firefox/releases/61,null
mozilla/firefox/releases/62,0
mozilla/firefox/releases/63,null
mozilla/firefox/releases/64,null
mozilla/firefox/releases/65,0
mozilla/firefox/releases/66,0
mozilla/firefox/releases/67,null
mozilla/firefox/releases/68,null
mozilla/firefox/releases/69,0
mozilla/firefox/releases/7,0
mozilla/firefox/releases/7/updating_extensions,null
mozilla/firefox/releases/70,null
mozilla/firefox/releases/71,null
mozilla/firefox/releases/72,10
mozilla/firefox/releases/73,null
mozilla/firefox/releases/74,null
mozilla/firefox/releases/75,null
mozilla/firefox/releases/76,null
mozilla/firefox/releases/77,null
mozilla/firefox/releases/78,8
mozilla/firefox/releases/79,null
mozilla/firefox/releases/8,1
mozilla/firefox/releases/8/updating_add-ons,null
mozilla/firefox/releases/80,6
mozilla/firefox/releases/81,null
mozilla/firefox/releases/82,null
mozilla/firefox/releases/83,null
mozilla/firefox/releases/84,11
mozilla/firefox/releases/85,12
mozilla/firefox/releases/86,8
mozilla/firefox/releases/87,10
mozilla/firefox/releases/88,null
mozilla/firefox/releases/89,null
mozilla/firefox/releases/9,0
mozilla/firefox/releases/9/updating_add-ons,null
mozilla/firefox/releases/90,null
mozilla/firefox/releases/91,0
mozilla/firefox/releases/92,3
mozilla/firefox/releases/93,null
mozilla/firefox/releases/94,7
mozilla/firefox/releases/95,5
mozilla/firefox/releases/96,null
mozilla/firefox/releases/97,null
mozilla/firefox/releases/98,null
mozilla/firefox/releases/99,null
related,4
related/imsc,null
related/imsc/basics,null
related/imsc/imsc_and_other_standards,null
related/imsc/mapping_video_time_codes_to_imsc,null
related/imsc/namespaces,null
related/imsc/styling,null
related/imsc/subtitle_placement,null
related/imsc/timing_in_imsc,null
related/imsc/using_the_imscjs_polyfill,null
web,0
web/accessibility,1
web/accessibility/aria,3
web/accessibility/aria/guides,0
web/accessibility/aria/guides/live_regions,0
web/accessibility/aria/guides/multipart_labels,null
web/accessibility/aria/guides/screen_reader_implementors,null
web/accessibility/aria/guides/techniques,0
web/accessibility/aria/reference,0
web/accessibility/aria/reference/attributes,0
web/accessibility/aria/reference/attributes/aria-activedescendant,4
web/accessibility/aria/reference/attributes/aria-atomic,2
web/accessibility/aria/reference/attributes/aria-autocomplete,4
web/accessibility/aria/reference/attributes/aria-braillelabel,2
web/accessibility/aria/reference/attributes/aria-brailleroledescription,3
web/accessibility/aria/reference/attributes/aria-busy,4
web/accessibility/aria/reference/attributes/aria-checked,3
web/accessibility/aria/reference/attributes/aria-colcount,2
web/accessibility/aria/reference/attributes/aria-colindex,2
web/accessibility/aria/reference/attributes/aria-colindextext,2
web/accessibility/aria/reference/attributes/aria-colspan,3
web/accessibility/aria/reference/attributes/aria-controls,3
web/accessibility/aria/reference/attributes/aria-current,3
web/accessibility/aria/reference/attributes/aria-describedby,5
web/accessibility/aria/reference/attributes/aria-description,3
web/accessibility/aria/reference/attributes/aria-details,5
web/accessibility/aria/reference/attributes/aria-disabled,9
web/accessibility/aria/reference/attributes/aria-dropeffect,1
web/accessibility/aria/reference/attributes/aria-errormessage,3
web/accessibility/aria/reference/attributes/aria-expanded,3
web/accessibility/aria/reference/attributes/aria-flowto,3
web/accessibility/aria/reference/attributes/aria-grabbed,3
web/accessibility/aria/reference/attributes/aria-haspopup,1
web/accessibility/aria/reference/attributes/aria-hidden,4
web/accessibility/aria/reference/attributes/aria-invalid,4
web/accessibility/aria/reference/attributes/aria-keyshortcuts,2
web/accessibility/aria/reference/attributes/aria-label,7
web/accessibility/aria/reference/attributes/aria-labelledby,7
web/accessibility/aria/reference/attributes/aria-level,3
web/accessibility/aria/reference/attributes/aria-live,3
web/accessibility/aria/reference/attributes/aria-modal,4
web/accessibility/aria/reference/attributes/aria-multiline,4
web/accessibility/aria/reference/attributes/aria-multiselectable,2
web/accessibility/aria/reference/attributes/aria-orientation,2
web/accessibility/aria/reference/attributes/aria-owns,2
web/accessibility/aria/reference/attributes/aria-placeholder,2
web/accessibility/aria/reference/attributes/aria-posinset,1
web/accessibility/aria/reference/attributes/aria-pressed,2
web/accessibility/aria/reference/attributes/aria-readonly,2
web/accessibility/aria/reference/attributes/aria-relevant,2
web/accessibility/aria/reference/attributes/aria-required,3
web/accessibility/aria/reference/attributes/aria-roledescription,2
web/accessibility/aria/reference/attributes/aria-rowcount,null
web/accessibility/aria/reference/attributes/aria-rowindex,null
web/accessibility/aria/reference/attributes/aria-rowindextext,null
web/accessibility/aria/reference/attributes/aria-rowspan,null
web/accessibility/aria/reference/attributes/aria-selected,1
web/accessibility/aria/reference/attributes/aria-setsize,2
web/accessibility/aria/reference/attributes/aria-sort,2
web/accessibility/aria/reference/attributes/aria-valuemax,2
web/accessibility/aria/reference/attributes/aria-valuemin,2
web/accessibility/aria/reference/attributes/aria-valuenow,2
web/accessibility/aria/reference/attributes/aria-valuetext,1
web/accessibility/aria/reference/roles,0
web/accessibility/aria/reference/roles/alert_role,6
web/accessibility/aria/reference/roles/alertdialog_role,null
web/accessibility/aria/reference/roles/application_role,0
web/accessibility/aria/reference/roles/article_role,null
web/accessibility/aria/reference/roles/banner_role,0
web/accessibility/aria/reference/roles/button_role,11
web/accessibility/aria/reference/roles/cell_role,5
web/accessibility/aria/reference/roles/checkbox_role,null
web/accessibility/aria/reference/roles/columnheader_role,0
web/accessibility/aria/reference/roles/combobox_role,0
web/accessibility/aria/reference/roles/command_role,0
web/accessibility/aria/reference/roles/comment_role,0
web/accessibility/aria/reference/roles/complementary_role,null
web/accessibility/aria/reference/roles/composite_role,0
web/accessibility/aria/reference/roles/contentinfo_role,null
web/accessibility/aria/reference/roles/definition_role,0
web/accessibility/aria/reference/roles/dialog_role,0
web/accessibility/aria/reference/roles/directory_role,0
web/accessibility/aria/reference/roles/document_role,null
web/accessibility/aria/reference/roles/feed_role,null
web/accessibility/aria/reference/roles/figure_role,null
web/accessibility/aria/reference/roles/form_role,null
web/accessibility/aria/reference/roles/generic_role,2
web/accessibility/aria/reference/roles/grid_role,null
web/accessibility/aria/reference/roles/gridcell_role,null
web/accessibility/aria/reference/roles/group_role,0
web/accessibility/aria/reference/roles/heading_role,0
web/accessibility/aria/reference/roles/img_role,5
web/accessibility/aria/reference/roles/input_role,0
web/accessibility/aria/reference/roles/landmark_role,1
web/accessibility/aria/reference/roles/link_role,null
web/accessibility/aria/reference/roles/list_role,0
web/accessibility/aria/reference/roles/listbox_role,1
web/accessibility/aria/reference/roles/listitem_role,null
web/accessibility/aria/reference/roles/log_role,null
web/accessibility/aria/reference/roles/main_role,null
web/accessibility/aria/reference/roles/mark_role,0
web/accessibility/aria/reference/roles/marquee_role,0
web/accessibility/aria/reference/roles/math_role,0
web/accessibility/aria/reference/roles/menu_role,1
web/accessibility/aria/reference/roles/menubar_role,1
web/accessibility/aria/reference/roles/menuitem_role,0
web/accessibility/aria/reference/roles/menuitemcheckbox_role,4
web/accessibility/aria/reference/roles/menuitemradio_role,6
web/accessibility/aria/reference/roles/meter_role,1
web/accessibility/aria/reference/roles/navigation_role,0
web/accessibility/aria/reference/roles/none_role,2
web/accessibility/aria/reference/roles/note_role,null
web/accessibility/aria/reference/roles/option_role,1
web/accessibility/aria/reference/roles/presentation_role,0
web/accessibility/aria/reference/roles/progressbar_role,null
web/accessibility/aria/reference/roles/radio_role,8
web/accessibility/aria/reference/roles/radiogroup_role,2
web/accessibility/aria/reference/roles/range_role,0
web/accessibility/aria/reference/roles/region_role,0
web/accessibility/aria/reference/roles/roletype_role,0
web/accessibility/aria/reference/roles/row_role,null
web/accessibility/aria/reference/roles/rowgroup_role,null
web/accessibility/aria/reference/roles/rowheader_role,1
web/accessibility/aria/reference/roles/scrollbar_role,3
web/accessibility/aria/reference/roles/search_role,4
web/accessibility/aria/reference/roles/searchbox_role,0
web/accessibility/aria/reference/roles/section_role,0
web/accessibility/aria/reference/roles/sectionhead_role,0
web/accessibility/aria/reference/roles/select_role,0
web/accessibility/aria/reference/roles/separator_role,1
web/accessibility/aria/reference/roles/slider_role,null
web/accessibility/aria/reference/roles/spinbutton_role,1
web/accessibility/aria/reference/roles/status_role,0
web/accessibility/aria/reference/roles/structural_roles,0
web/accessibility/aria/reference/roles/structure_role,0
web/accessibility/aria/reference/roles/suggestion_role,0
web/accessibility/aria/reference/roles/switch_role,null
web/accessibility/aria/reference/roles/tab_role,1
web/accessibility/aria/reference/roles/table_role,null
web/accessibility/aria/reference/roles/tablist_role,1
web/accessibility/aria/reference/roles/tabpanel_role,1
web/accessibility/aria/reference/roles/term_role,3
web/accessibility/aria/reference/roles/textbox_role,9
web/accessibility/aria/reference/roles/timer_role,4
web/accessibility/aria/reference/roles/toolbar_role,0
web/accessibility/aria/reference/roles/tooltip_role,6
web/accessibility/aria/reference/roles/tree_role,0
web/accessibility/aria/reference/roles/treegrid_role,2
web/accessibility/aria/reference/roles/treeitem_role,0
web/accessibility/aria/reference/roles/widget_role,0
web/accessibility/aria/reference/roles/window_role,0
web/accessibility/guides,0
web/accessibility/guides/accessibility_and_spatial_patterns,null
web/accessibility/guides/accessible_web_applications_and_widgets,0
web/accessibility/guides/browsing_safely,3
web/accessibility/guides/cognitive_accessibility,null
web/accessibility/guides/colors_and_luminance,12
web/accessibility/guides/information_for_web_authors,2
web/accessibility/guides/keyboard-navigable_javascript_widgets,0
web/accessibility/guides/mobile_accessibility_checklist,1
web/accessibility/guides/seizure_disorders,null
web/accessibility/guides/understanding_wcag,0
web/accessibility/guides/understanding_wcag/keyboard,0
web/accessibility/guides/understanding_wcag/operable,1
web/accessibility/guides/understanding_wcag/perceivable,1
web/accessibility/guides/understanding_wcag/perceivable/color_contrast,0
web/accessibility/guides/understanding_wcag/perceivable/use_of_color,null
web/accessibility/guides/understanding_wcag/robust,0
web/accessibility/guides/understanding_wcag/text_labels_and_names,2
web/accessibility/guides/understanding_wcag/understandable,0
web/api,0
web/api/abortcontroller,2
web/api/abortcontroller/abort,3
web/api/abortcontroller/abortcontroller,3
web/api/abortcontroller/signal,3
web/api/abortsignal,10
web/api/abortsignal/abort_event,0
web/api/abortsignal/abort_static,0
web/api/abortsignal/aborted,0
web/api/abortsignal/any_static,1
web/api/abortsignal/reason,0
web/api/abortsignal/throwifaborted,1
web/api/abortsignal/timeout_static,0
web/api/absoluteorientationsensor,3
web/api/absoluteorientationsensor/absoluteorientationsensor,2
web/api/abstractrange,0
web/api/abstractrange/collapsed,0
web/api/abstractrange/endcontainer,0
web/api/abstractrange/endoffset,0
web/api/abstractrange/startcontainer,0
web/api/abstractrange/startoffset,0
web/api/accelerometer,3
web/api/accelerometer/accelerometer,3
web/api/accelerometer/x,1
web/api/accelerometer/y,2
web/api/accelerometer/z,1
web/api/aescbcparams,0
web/api/aesctrparams,0
web/api/aesderivedkeyparams,0
web/api/aesgcmparams,0
web/api/aeskeygenparams,1
web/api/ambientlightsensor,2
web/api/ambientlightsensor/ambientlightsensor,3
web/api/ambientlightsensor/illuminance,1
web/api/analysernode,6
web/api/analysernode/analysernode,1
web/api/analysernode/fftsize,2
web/api/analysernode/frequencybincount,3
web/api/analysernode/getbytefrequencydata,3
web/api/analysernode/getbytetimedomaindata,3
web/api/analysernode/getfloatfrequencydata,6
web/api/analysernode/getfloattimedomaindata,3
web/api/analysernode/maxdecibels,2
web/api/analysernode/mindecibels,3
web/api/analysernode/smoothingtimeconstant,3
web/api/angle_instanced_arrays,3
web/api/angle_instanced_arrays/drawarraysinstancedangle,null
web/api/angle_instanced_arrays/drawelementsinstancedangle,null
web/api/angle_instanced_arrays/vertexattribdivisorangle,null
web/api/animation,0
web/api/animation/animation,0
web/api/animation/cancel,1
web/api/animation/cancel_event,0
web/api/animation/commitstyles,1
web/api/animation/currenttime,0
web/api/animation/effect,0
web/api/animation/finish,0
web/api/animation/finish_event,0
web/api/animation/finished,0
web/api/animation/id,0
web/api/animation/overallprogress,0
web/api/animation/pause,0
web/api/animation/pending,0
web/api/animation/persist,0
web/api/animation/play,0
web/api/animation/playbackrate,0
web/api/animation/playstate,0
web/api/animation/ready,0
web/api/animation/remove_event,0
web/api/animation/replacestate,0
web/api/animation/reverse,0
web/api/animation/starttime,0
web/api/animation/timeline,0
web/api/animation/updateplaybackrate,0
web/api/animationeffect,1
web/api/animationeffect/getcomputedtiming,3
web/api/animationeffect/gettiming,3
web/api/animationeffect/updatetiming,0
web/api/animationevent,3
web/api/animationevent/animation,null
web/api/animationevent/animationevent,1
web/api/animationevent/animationname,0
web/api/animationevent/elapsedtime,0
web/api/animationevent/pseudoelement,0
web/api/animationplaybackevent,0
web/api/animationplaybackevent/animationplaybackevent,0
web/api/animationplaybackevent/currenttime,2
web/api/animationplaybackevent/timelinetime,0
web/api/animationtimeline,2
web/api/animationtimeline/currenttime,0
web/api/animationtimeline/duration,null
web/api/attr,3
web/api/attr/localname,2
web/api/attr/name,1
web/api/attr/namespaceuri,4
web/api/attr/ownerelement,1
web/api/attr/prefix,2
web/api/attr/specified,1
web/api/attr/value,1
web/api/attribution_reporting_api,1
web/api/attribution_reporting_api/generating_reports,5
web/api/attribution_reporting_api/registering_sources,3
web/api/attribution_reporting_api/registering_triggers,6
web/api/audio_output_devices_api,7
web/api/audio_session_api,2
web/api/audiobuffer,2
web/api/audiobuffer/audiobuffer,2
web/api/audiobuffer/copyfromchannel,1
web/api/audiobuffer/copytochannel,0
web/api/audiobuffer/duration,0
web/api/audiobuffer/getchanneldata,3
web/api/audiobuffer/length,0
web/api/audiobuffer/numberofchannels,0
web/api/audiobuffer/samplerate,0
web/api/audiobuffersourcenode,4
web/api/audiobuffersourcenode/audiobuffersourcenode,1
web/api/audiobuffersourcenode/buffer,3
web/api/audiobuffersourcenode/detune,1
web/api/audiobuffersourcenode/loop,2
web/api/audiobuffersourcenode/loopend,2
web/api/audiobuffersourcenode/loopstart,2
web/api/audiobuffersourcenode/playbackrate,2
web/api/audiobuffersourcenode/start,2
web/api/audiocontext,5
web/api/audiocontext/audiocontext,0
web/api/audiocontext/baselatency,2
web/api/audiocontext/close,2
web/api/audiocontext/createmediaelementsource,2
web/api/audiocontext/createmediastreamdestination,3
web/api/audiocontext/createmediastreamsource,6
web/api/audiocontext/createmediastreamtracksource,1
web/api/audiocontext/getoutputtimestamp,2
web/api/audiocontext/outputlatency,0
web/api/audiocontext/playbackstats,null
web/api/audiocontext/resume,2
web/api/audiocontext/setsinkid,7
web/api/audiocontext/sinkchange_event,3
web/api/audiocontext/sinkid,2
web/api/audiocontext/suspend,2
web/api/audiodata,null
web/api/audiodata/allocationsize,null
web/api/audiodata/audiodata,null
web/api/audiodata/clone,null
web/api/audiodata/close,null
web/api/audiodata/copyto,null
web/api/audiodata/duration,null
web/api/audiodata/format,null
web/api/audiodata/numberofchannels,null
web/api/audiodata/numberofframes,null
web/api/audiodata/samplerate,null
web/api/audiodata/timestamp,null
web/api/audiodecoder,null
web/api/audiodecoder/audiodecoder,null
web/api/audiodecoder/close,null
web/api/audiodecoder/configure,null
web/api/audiodecoder/decode,null
web/api/audiodecoder/decodequeuesize,null
web/api/audiodecoder/dequeue_event,null
web/api/audiodecoder/flush,null
web/api/audiodecoder/isconfigsupported_static,null
web/api/audiodecoder/reset,null
web/api/audiodecoder/state,null
web/api/audiodestinationnode,1
web/api/audiodestinationnode/maxchannelcount,2
web/api/audioencoder,null
web/api/audioencoder/audioencoder,null
web/api/audioencoder/close,null
web/api/audioencoder/configure,null
web/api/audioencoder/dequeue_event,null
web/api/audioencoder/encode,null
web/api/audioencoder/encodequeuesize,null
web/api/audioencoder/flush,null
web/api/audioencoder/isconfigsupported_static,null
web/api/audioencoder/reset,null
web/api/audioencoder/state,null
web/api/audiolistener,3
web/api/audiolistener/forwardx,1
web/api/audiolistener/forwardy,1
web/api/audiolistener/forwardz,1
web/api/audiolistener/positionx,2
web/api/audiolistener/positiony,2
web/api/audiolistener/positionz,2
web/api/audiolistener/setorientation,1
web/api/audiolistener/setposition,2
web/api/audiolistener/upx,1
web/api/audiolistener/upy,1
web/api/audiolistener/upz,1
web/api/audionode,2
web/api/audionode/channelcount,0
web/api/audionode/channelcountmode,2
web/api/audionode/channelinterpretation,0
web/api/audionode/connect,2
web/api/audionode/context,1
web/api/audionode/disconnect,2
web/api/audionode/numberofinputs,0
web/api/audionode/numberofoutputs,0
web/api/audioparam,0
web/api/audioparam/cancelandholdattime,2
web/api/audioparam/cancelscheduledvalues,2
web/api/audioparam/defaultvalue,0
web/api/audioparam/exponentialramptovalueattime,2
web/api/audioparam/linearramptovalueattime,2
web/api/audioparam/maxvalue,0
web/api/audioparam/minvalue,0
web/api/audioparam/settargetattime,3
web/api/audioparam/setvalueattime,3
web/api/audioparam/setvaluecurveattime,2
web/api/audioparam/value,2
web/api/audioparamdescriptor,null
web/api/audioparammap,3
web/api/audioplaybackstats,null
web/api/audioplaybackstats/averagelatency,null
web/api/audioplaybackstats/maximumlatency,null
web/api/audioplaybackstats/minimumlatency,null
web/api/audioplaybackstats/resetlatency,null
web/api/audioplaybackstats/tojson,null
web/api/audioplaybackstats/totalduration,null
web/api/audioplaybackstats/underrunduration,null
web/api/audioplaybackstats/underrunevents,null
web/api/audioprocessingevent,4
web/api/audioprocessingevent/audioprocessingevent,3
web/api/audioprocessingevent/inputbuffer,2
web/api/audioprocessingevent/outputbuffer,2
web/api/audioprocessingevent/playbacktime,2
web/api/audioscheduledsourcenode,1
web/api/audioscheduledsourcenode/ended_event,2
web/api/audioscheduledsourcenode/start,0
web/api/audioscheduledsourcenode/stop,1
web/api/audiosession,null
web/api/audiosession/state,null
web/api/audiosession/statechange_event,null
web/api/audiosession/type,null
web/api/audiosinkinfo,3
web/api/audiosinkinfo/type,1
web/api/audiotrack,null
web/api/audiotrack/enabled,null
web/api/audiotrack/id,null
web/api/audiotrack/kind,null
web/api/audiotrack/label,null
web/api/audiotrack/language,null
web/api/audiotrack/sourcebuffer,null
web/api/audiotracklist,2
web/api/audiotracklist/addtrack_event,3
web/api/audiotracklist/change_event,3
web/api/audiotracklist/gettrackbyid,3
web/api/audiotracklist/length,0
web/api/audiotracklist/removetrack_event,5
web/api/audioworklet,2
web/api/audioworklet/port,null
web/api/audioworkletglobalscope,3
web/api/audioworkletglobalscope/currentframe,1
web/api/audioworkletglobalscope/currenttime,1
web/api/audioworkletglobalscope/port,null
web/api/audioworkletglobalscope/registerprocessor,3
web/api/audioworkletglobalscope/samplerate,1
web/api/audioworkletnode,4
web/api/audioworkletnode/audioworkletnode,3
web/api/audioworkletnode/parameters,3
web/api/audioworkletnode/port,2
web/api/audioworkletnode/processorerror_event,1
web/api/audioworkletprocessor,4
web/api/audioworkletprocessor/audioworkletprocessor,7
web/api/audioworkletprocessor/parameterdescriptors_static,null
web/api/audioworkletprocessor/port,1
web/api/audioworkletprocessor/process,4
web/api/authenticatorassertionresponse,null
web/api/authenticatorassertionresponse/authenticatordata,null
web/api/authenticatorassertionresponse/signature,null
web/api/authenticatorassertionresponse/userhandle,null
web/api/authenticatorattestationresponse,null
web/api/authenticatorattestationresponse/attestationobject,null
web/api/authenticatorattestationresponse/getauthenticatordata,null
web/api/authenticatorattestationresponse/getpublickey,null
web/api/authenticatorattestationresponse/getpublickeyalgorithm,null
web/api/authenticatorattestationresponse/gettransports,null
web/api/authenticatorresponse,null
web/api/authenticatorresponse/clientdatajson,null
web/api/background_fetch_api,0
web/api/background_synchronization_api,0
web/api/background_tasks_api,0
web/api/backgroundfetchevent,4
web/api/backgroundfetchevent/backgroundfetchevent,3
web/api/backgroundfetchevent/registration,4
web/api/backgroundfetchmanager,0
web/api/backgroundfetchmanager/fetch,0
web/api/backgroundfetchmanager/get,1
web/api/backgroundfetchmanager/getids,1
web/api/backgroundfetchrecord,3
web/api/backgroundfetchrecord/request,3
web/api/backgroundfetchrecord/responseready,3
web/api/backgroundfetchregistration,6
web/api/backgroundfetchregistration/abort,3
web/api/backgroundfetchregistration/downloaded,4
web/api/backgroundfetchregistration/downloadtotal,4
web/api/backgroundfetchregistration/failurereason,4
web/api/backgroundfetchregistration/id,3
web/api/backgroundfetchregistration/match,7
web/api/backgroundfetchregistration/matchall,7
web/api/backgroundfetchregistration/progress_event,5
web/api/backgroundfetchregistration/recordsavailable,5
web/api/backgroundfetchregistration/result,3
web/api/backgroundfetchregistration/uploaded,4
web/api/backgroundfetchregistration/uploadtotal,5
web/api/backgroundfetchupdateuievent,4
web/api/backgroundfetchupdateuievent/backgroundfetchupdateuievent,3
web/api/backgroundfetchupdateuievent/updateui,5
web/api/badging_api,1
web/api/barcode_detection_api,0
web/api/barcodedetector,null
web/api/barcodedetector/barcodedetector,null
web/api/barcodedetector/detect,null
web/api/barcodedetector/getsupportedformats_static,null
web/api/barprop,1
web/api/barprop/visible,3
web/api/baseaudiocontext,1
web/api/baseaudiocontext/audioworklet,0
web/api/baseaudiocontext/createanalyser,3
web/api/baseaudiocontext/createbiquadfilter,2
web/api/baseaudiocontext/createbuffer,7
web/api/baseaudiocontext/createbuffersource,5
web/api/baseaudiocontext/createchannelmerger,1
web/api/baseaudiocontext/createchannelsplitter,1
web/api/baseaudiocontext/createconstantsource,1
web/api/baseaudiocontext/createconvolver,2
web/api/baseaudiocontext/createdelay,2
web/api/baseaudiocontext/createdynamicscompressor,2
web/api/baseaudiocontext/creategain,2
web/api/baseaudiocontext/createiirfilter,2
web/api/baseaudiocontext/createoscillator,2
web/api/baseaudiocontext/createpanner,1
web/api/baseaudiocontext/createperiodicwave,4
web/api/baseaudiocontext/createscriptprocessor,6
web/api/baseaudiocontext/createstereopanner,2
web/api/baseaudiocontext/createwaveshaper,3
web/api/baseaudiocontext/currenttime,1
web/api/baseaudiocontext/decodeaudiodata,3
web/api/baseaudiocontext/destination,1
web/api/baseaudiocontext/listener,2
web/api/baseaudiocontext/samplerate,2
web/api/baseaudiocontext/state,4
web/api/baseaudiocontext/statechange_event,0
web/api/battery_status_api,4
web/api/batterymanager,null
web/api/batterymanager/charging,null
web/api/batterymanager/chargingchange_event,null
web/api/batterymanager/chargingtime,null
web/api/batterymanager/chargingtimechange_event,null
web/api/batterymanager/dischargingtime,null
web/api/batterymanager/dischargingtimechange_event,null
web/api/batterymanager/level,null
web/api/batterymanager/levelchange_event,null
web/api/beacon_api,3
web/api/beforeinstallpromptevent,0
web/api/beforeinstallpromptevent/beforeinstallpromptevent,0
web/api/beforeinstallpromptevent/platforms,0
web/api/beforeinstallpromptevent/prompt,0
web/api/beforeinstallpromptevent/userchoice,0
web/api/beforeunloadevent,6
web/api/beforeunloadevent/returnvalue,null
web/api/biquadfilternode,null
web/api/biquadfilternode/biquadfilternode,null
web/api/biquadfilternode/detune,null
web/api/biquadfilternode/frequency,null
web/api/biquadfilternode/gain,null
web/api/biquadfilternode/getfrequencyresponse,null
web/api/biquadfilternode/q,null
web/api/biquadfilternode/type,null
web/api/blob,3
web/api/blob/arraybuffer,0
web/api/blob/blob,2
web/api/blob/bytes,0
web/api/blob/size,0
web/api/blob/slice,1
web/api/blob/stream,0
web/api/blob/text,4
web/api/blob/type,0
web/api/blobevent,1
web/api/blobevent/blobevent,1
web/api/blobevent/data,1
web/api/blobevent/timecode,1
web/api/bluetooth,1
web/api/bluetooth/getavailability,2
web/api/bluetooth/getdevices,1
web/api/bluetooth/requestdevice,4
web/api/bluetoothcharacteristicproperties,0
web/api/bluetoothcharacteristicproperties/authenticatedsignedwrites,0
web/api/bluetoothcharacteristicproperties/broadcast,0
web/api/bluetoothcharacteristicproperties/indicate,0
web/api/bluetoothcharacteristicproperties/notify,1
web/api/bluetoothcharacteristicproperties/read,0
web/api/bluetoothcharacteristicproperties/reliablewrite,0
web/api/bluetoothcharacteristicproperties/writableauxiliaries,0
web/api/bluetoothcharacteristicproperties/write,1
web/api/bluetoothcharacteristicproperties/writewithoutresponse,0
web/api/bluetoothdevice,3
web/api/bluetoothdevice/gatt,1
web/api/bluetoothdevice/id,1
web/api/bluetoothdevice/name,1
web/api/bluetoothremotegattcharacteristic,7
web/api/bluetoothremotegattcharacteristic/getdescriptor,2
web/api/bluetoothremotegattcharacteristic/getdescriptors,2
web/api/bluetoothremotegattcharacteristic/properties,2
web/api/bluetoothremotegattcharacteristic/readvalue,3
web/api/bluetoothremotegattcharacteristic/service,2
web/api/bluetoothremotegattcharacteristic/startnotifications,2
web/api/bluetoothremotegattcharacteristic/stopnotifications,2
web/api/bluetoothremotegattcharacteristic/uuid,2
web/api/bluetoothremotegattcharacteristic/value,2
web/api/bluetoothremotegattcharacteristic/writevalue,5
web/api/bluetoothremotegattcharacteristic/writevaluewithoutresponse,4
web/api/bluetoothremotegattcharacteristic/writevaluewithresponse,4
web/api/bluetoothremotegattdescriptor,3
web/api/bluetoothremotegattdescriptor/characteristic,1
web/api/bluetoothremotegattdescriptor/readvalue,2
web/api/bluetoothremotegattdescriptor/uuid,3
web/api/bluetoothremotegattdescriptor/value,3
web/api/bluetoothremotegattdescriptor/writevalue,2
web/api/bluetoothremotegattserver,2
web/api/bluetoothremotegattserver/connect,2
web/api/bluetoothremotegattserver/connected,2
web/api/bluetoothremotegattserver/device,2
web/api/bluetoothremotegattserver/disconnect,2
web/api/bluetoothremotegattserver/getprimaryservice,2
web/api/bluetoothremotegattserver/getprimaryservices,2
web/api/bluetoothremotegattservice,2
web/api/bluetoothremotegattservice/device,2
web/api/bluetoothremotegattservice/getcharacteristic,2
web/api/bluetoothremotegattservice/getcharacteristics,2
web/api/bluetoothremotegattservice/isprimary,2
web/api/bluetoothremotegattservice/uuid,2
web/api/bluetoothuuid,1
web/api/bluetoothuuid/canonicaluuid_static,0
web/api/bluetoothuuid/getcharacteristic_static,0
web/api/bluetoothuuid/getdescriptor_static,0
web/api/bluetoothuuid/getservice_static,0
web/api/broadcast_channel_api,6
web/api/broadcastchannel,0
web/api/broadcastchannel/broadcastchannel,0
web/api/broadcastchannel/close,0
web/api/broadcastchannel/message_event,1
web/api/broadcastchannel/messageerror_event,1
web/api/broadcastchannel/name,0
web/api/broadcastchannel/postmessage,0
web/api/browsercapturemediastreamtrack,null
web/api/browsercapturemediastreamtrack/clone,null
web/api/browsercapturemediastreamtrack/cropto,null
web/api/browsercapturemediastreamtrack/restrictto,null
web/api/bufferedchangeevent,null
web/api/bufferedchangeevent/addedranges,null
web/api/bufferedchangeevent/bufferedchangeevent,null
web/api/bufferedchangeevent/removedranges,null
web/api/bytelengthqueuingstrategy,1
web/api/bytelengthqueuingstrategy/bytelengthqueuingstrategy,3
web/api/bytelengthqueuingstrategy/highwatermark,2
web/api/bytelengthqueuingstrategy/size,2
web/api/cache,8
web/api/cache/add,8
web/api/cache/addall,5
web/api/cache/delete,8
web/api/cache/keys,8
web/api/cache/match,9
web/api/cache/matchall,8
web/api/cache/put,8
web/api/cachestorage,6
web/api/cachestorage/delete,2
web/api/cachestorage/has,1
web/api/cachestorage/keys,2
web/api/cachestorage/match,8
web/api/cachestorage/open,1
web/api/canmakepaymentevent,null
web/api/canmakepaymentevent/canmakepaymentevent,null
web/api/canmakepaymentevent/respondwith,null
web/api/canvas_api,7
web/api/canvas_api/manipulating_video_using_canvas,6
web/api/canvas_api/tutorial,0
web/api/canvas_api/tutorial/advanced_animations,1
web/api/canvas_api/tutorial/applying_styles_and_colors,0
web/api/canvas_api/tutorial/basic_animations,0
web/api/canvas_api/tutorial/basic_usage,0
web/api/canvas_api/tutorial/compositing,1
web/api/canvas_api/tutorial/drawing_shapes,1
web/api/canvas_api/tutorial/drawing_text,0
web/api/canvas_api/tutorial/finale,0
web/api/canvas_api/tutorial/optimizing_canvas,1
web/api/canvas_api/tutorial/pixel_manipulation_with_canvas,0
web/api/canvas_api/tutorial/transformations,0
web/api/canvas_api/tutorial/using_images,2
web/api/canvascapturemediastreamtrack,null
web/api/canvascapturemediastreamtrack/canvas,null
web/api/canvascapturemediastreamtrack/requestframe,1
web/api/canvasgradient,0
web/api/canvasgradient/addcolorstop,0
web/api/canvaspattern,1
web/api/canvaspattern/settransform,3
web/api/canvasrenderingcontext2d,1
web/api/canvasrenderingcontext2d/arc,2
web/api/canvasrenderingcontext2d/arcto,13
web/api/canvasrenderingcontext2d/beginpath,2
web/api/canvasrenderingcontext2d/beziercurveto,1
web/api/canvasrenderingcontext2d/canvas,1
web/api/canvasrenderingcontext2d/clearrect,4
web/api/canvasrenderingcontext2d/clip,4
web/api/canvasrenderingcontext2d/closepath,2
web/api/canvasrenderingcontext2d/createconicgradient,3
web/api/canvasrenderingcontext2d/createimagedata,2
web/api/canvasrenderingcontext2d/createlineargradient,2
web/api/canvasrenderingcontext2d/createpattern,6
web/api/canvasrenderingcontext2d/createradialgradient,2
web/api/canvasrenderingcontext2d/direction,1
web/api/canvasrenderingcontext2d/drawfocusifneeded,0
web/api/canvasrenderingcontext2d/drawimage,4
web/api/canvasrenderingcontext2d/ellipse,1
web/api/canvasrenderingcontext2d/fill,0
web/api/canvasrenderingcontext2d/fillrect,0
web/api/canvasrenderingcontext2d/fillstyle,5
web/api/canvasrenderingcontext2d/filltext,2
web/api/canvasrenderingcontext2d/filter,0
web/api/canvasrenderingcontext2d/font,2
web/api/canvasrenderingcontext2d/fontkerning,3
web/api/canvasrenderingcontext2d/fontstretch,0
web/api/canvasrenderingcontext2d/fontvariantcaps,0
web/api/canvasrenderingcontext2d/getcontextattributes,0
web/api/canvasrenderingcontext2d/getimagedata,6
web/api/canvasrenderingcontext2d/getlinedash,0
web/api/canvasrenderingcontext2d/gettransform,0
web/api/canvasrenderingcontext2d/globalalpha,5
web/api/canvasrenderingcontext2d/globalcompositeoperation,11
web/api/canvasrenderingcontext2d/imagesmoothingenabled,3
web/api/canvasrenderingcontext2d/imagesmoothingquality,3
web/api/canvasrenderingcontext2d/iscontextlost,1
web/api/canvasrenderingcontext2d/ispointinpath,0
web/api/canvasrenderingcontext2d/ispointinstroke,0
web/api/canvasrenderingcontext2d/lang,3
web/api/canvasrenderingcontext2d/letterspacing,3
web/api/canvasrenderingcontext2d/linecap,4
web/api/canvasrenderingcontext2d/linedashoffset,1
web/api/canvasrenderingcontext2d/linejoin,4
web/api/canvasrenderingcontext2d/lineto,0
web/api/canvasrenderingcontext2d/linewidth,2
web/api/canvasrenderingcontext2d/measuretext,0
web/api/canvasrenderingcontext2d/miterlimit,2
web/api/canvasrenderingcontext2d/moveto,0
web/api/canvasrenderingcontext2d/putimagedata,4
web/api/canvasrenderingcontext2d/quadraticcurveto,0
web/api/canvasrenderingcontext2d/rect,0
web/api/canvasrenderingcontext2d/reset,0
web/api/canvasrenderingcontext2d/resettransform,0
web/api/canvasrenderingcontext2d/restore,0
web/api/canvasrenderingcontext2d/rotate,0
web/api/canvasrenderingcontext2d/roundrect,0
web/api/canvasrenderingcontext2d/save,0
web/api/canvasrenderingcontext2d/scale,0
web/api/canvasrenderingcontext2d/setlinedash,0
web/api/canvasrenderingcontext2d/settransform,0
web/api/canvasrenderingcontext2d/shadowblur,2
web/api/canvasrenderingcontext2d/shadowcolor,3
web/api/canvasrenderingcontext2d/shadowoffsetx,2
web/api/canvasrenderingcontext2d/shadowoffsety,2
web/api/canvasrenderingcontext2d/stroke,0
web/api/canvasrenderingcontext2d/strokerect,0
web/api/canvasrenderingcontext2d/strokestyle,4
web/api/canvasrenderingcontext2d/stroketext,2
web/api/canvasrenderingcontext2d/textalign,1
web/api/canvasrenderingcontext2d/textbaseline,3
web/api/canvasrenderingcontext2d/textrendering,5
web/api/canvasrenderingcontext2d/transform,0
web/api/canvasrenderingcontext2d/translate,0
web/api/canvasrenderingcontext2d/wordspacing,3
web/api/capturecontroller,null
web/api/capturecontroller/capturecontroller,null
web/api/capturecontroller/decreasezoomlevel,null
web/api/capturecontroller/forwardwheel,null
web/api/capturecontroller/getsupportedzoomlevels,null
web/api/capturecontroller/increasezoomlevel,null
web/api/capturecontroller/resetzoomlevel,null
web/api/capturecontroller/setfocusbehavior,null
web/api/capturecontroller/zoomlevel,null
web/api/capturecontroller/zoomlevelchange_event,null
web/api/caretposition,2
web/api/caretposition/getclientrect,null
web/api/caretposition/offset,null
web/api/caretposition/offsetnode,null
web/api/cdatasection,3
web/api/channel_messaging_api,0
web/api/channel_messaging_api/using_channel_messaging,null
web/api/channelmergernode,null
web/api/channelmergernode/channelmergernode,null
web/api/channelsplitternode,3
web/api/channelsplitternode/channelsplitternode,1
web/api/chapterinformation,null
web/api/chapterinformation/artwork,null
web/api/chapterinformation/starttime,null
web/api/chapterinformation/title,null
web/api/characterboundsupdateevent,1
web/api/characterboundsupdateevent/characterboundsupdateevent,0
web/api/characterboundsupdateevent/rangeend,0
web/api/characterboundsupdateevent/rangestart,0
web/api/characterdata,0
web/api/characterdata/after,4
web/api/characterdata/appenddata,1
web/api/characterdata/before,3
web/api/characterdata/data,3
web/api/characterdata/deletedata,3
web/api/characterdata/insertdata,3
web/api/characterdata/length,2
web/api/characterdata/nextelementsibling,1
web/api/characterdata/previouselementsibling,3
web/api/characterdata/remove,4
web/api/characterdata/replacedata,3
web/api/characterdata/replacewith,4
web/api/characterdata/substringdata,2
web/api/client,3
web/api/client/frametype,1
web/api/client/id,1
web/api/client/postmessage,8
web/api/client/type,1
web/api/client/url,4
web/api/clients,0
web/api/clients/claim,0
web/api/clients/get,0
web/api/clients/matchall,1
web/api/clients/openwindow,2
web/api/clipboard,0
web/api/clipboard/clipboardchange_event,0
web/api/clipboard/read,0
web/api/clipboard/readtext,0
web/api/clipboard/write,1
web/api/clipboard/writetext,0
web/api/clipboard_api,12
web/api/clipboardchangeevent,null
web/api/clipboardchangeevent/changeid,null
web/api/clipboardchangeevent/clipboardchangeevent,null
web/api/clipboardchangeevent/types,null
web/api/clipboardevent,1
web/api/clipboardevent/clipboarddata,2
web/api/clipboardevent/clipboardevent,1
web/api/clipboarditem,0
web/api/clipboarditem/clipboarditem,0
web/api/clipboarditem/gettype,0
web/api/clipboarditem/presentationstyle,0
web/api/clipboarditem/supports_static,0
web/api/clipboarditem/types,0
web/api/closeevent,2
web/api/closeevent/closeevent,2
web/api/closeevent/code,6
web/api/closeevent/reason,2
web/api/closeevent/wasclean,1
web/api/closewatcher,null
web/api/closewatcher/cancel_event,null
web/api/closewatcher/close,null
web/api/closewatcher/close_event,null
web/api/closewatcher/closewatcher,null
web/api/closewatcher/destroy,null
web/api/closewatcher/requestclose,null
web/api/coepviolationreport,null
web/api/commandevent,1
web/api/commandevent/command,0
web/api/commandevent/commandevent,0
web/api/commandevent/source,0
web/api/comment,1
web/api/comment/comment,2
web/api/compositionevent,2
web/api/compositionevent/compositionevent,2
web/api/compositionevent/data,2
web/api/compositionevent/initcompositionevent,3
web/api/compositionevent/locale,4
web/api/compression_streams_api,4
web/api/compressionstream,4
web/api/compressionstream/compressionstream,10
web/api/compressionstream/readable,5
web/api/compressionstream/writable,5
web/api/compute_pressure_api,null
web/api/console,0
web/api/console/assert_static,0
web/api/console/clear_static,0
web/api/console/count_static,0
web/api/console/countreset_static,0
web/api/console/debug_static,0
web/api/console/dir_static,0
web/api/console/dirxml_static,0
web/api/console/error_static,0
web/api/console/group_static,0
web/api/console/groupcollapsed_static,0
web/api/console/groupend_static,0
web/api/console/info_static,0
web/api/console/log_static,0
web/api/console/profile_static,0
web/api/console/profileend_static,0
web/api/console/table_static,0
web/api/console/time_static,0
web/api/console/timeend_static,0
web/api/console/timelog_static,0
web/api/console/timestamp_static,2
web/api/console/trace_static,0
web/api/console/warn_static,0
web/api/console_api,1
web/api/constantsourcenode,2
web/api/constantsourcenode/constantsourcenode,3
web/api/constantsourcenode/offset,2
web/api/contact_picker_api,7
web/api/contactaddress,6
web/api/contactaddress/addressline,null
web/api/contactaddress/city,null
web/api/contactaddress/country,null
web/api/contactaddress/dependentlocality,null
web/api/contactaddress/organization,null
web/api/contactaddress/phone,null
web/api/contactaddress/postalcode,null
web/api/contactaddress/recipient,null
web/api/contactaddress/region,null
web/api/contactaddress/sortingcode,null
web/api/contactaddress/tojson,null
web/api/contactsmanager,7
web/api/contactsmanager/getproperties,5
web/api/contactsmanager/select,10
web/api/content_index_api,null
web/api/contentindex,null
web/api/contentindex/add,null
web/api/contentindex/delete,null
web/api/contentindex/getall,null
web/api/contentindexevent,null
web/api/contentindexevent/contentindexevent,null
web/api/contentindexevent/id,null
web/api/contentvisibilityautostatechangeevent,1
web/api/contentvisibilityautostatechangeevent/contentvisibilityautostatechangeevent,2
web/api/contentvisibilityautostatechangeevent/skipped,1
web/api/convolvernode,null
web/api/convolvernode/buffer,null
web/api/convolvernode/convolvernode,null
web/api/convolvernode/normalize,null
web/api/cookie_store_api,6
web/api/cookiechangeevent,5
web/api/cookiechangeevent/changed,12
web/api/cookiechangeevent/cookiechangeevent,4
web/api/cookiechangeevent/deleted,11
web/api/cookiestore,0
web/api/cookiestore/change_event,3
web/api/cookiestore/delete,0
web/api/cookiestore/get,1
web/api/cookiestore/getall,1
web/api/cookiestore/set,0
web/api/cookiestoremanager,4
web/api/cookiestoremanager/getsubscriptions,4
web/api/cookiestoremanager/subscribe,7
web/api/cookiestoremanager/unsubscribe,6
web/api/countqueuingstrategy,1
web/api/countqueuingstrategy/countqueuingstrategy,2
web/api/countqueuingstrategy/highwatermark,1
web/api/countqueuingstrategy/size,1
web/api/crashreport,null
web/api/crashreportcontext,null
web/api/crashreportcontext/delete,null
web/api/crashreportcontext/initialize,null
web/api/crashreportcontext/set,null
web/api/createmonitor,null
web/api/createmonitor/downloadprogress_event,null
web/api/credential,5
web/api/credential/id,2
web/api/credential/isconditionalmediationavailable_static,null
web/api/credential/type,2
web/api/credential_management_api,1
web/api/credential_management_api/credential_types,0
web/api/credentialscontainer,0
web/api/credentialscontainer/create,3
web/api/credentialscontainer/get,7
web/api/credentialscontainer/preventsilentaccess,0
web/api/credentialscontainer/store,0
web/api/croptarget,null
web/api/croptarget/fromelement_static,null
web/api/crypto,8
web/api/crypto/getrandomvalues,5
web/api/crypto/randomuuid,3
web/api/crypto/subtle,2
web/api/cryptokey,3
web/api/cryptokey/algorithm,4
web/api/cryptokey/extractable,1
web/api/cryptokey/type,1
web/api/cryptokey/usages,2
web/api/cryptokeypair,1
web/api/cspviolationreport,null
web/api/cspviolationreport/blockedurl,null
web/api/cspviolationreport/columnnumber,null
web/api/cspviolationreport/disposition,null
web/api/cspviolationreport/documenturl,null
web/api/cspviolationreport/effectivedirective,null
web/api/cspviolationreport/linenumber,null
web/api/cspviolationreport/originalpolicy,null
web/api/cspviolationreport/referrer,null
web/api/cspviolationreport/sample,null
web/api/cspviolationreport/sourcefile,null
web/api/cspviolationreport/statuscode,null
web/api/css,0
web/api/css/escape_static,0
web/api/css/factory_functions_static,0
web/api/css/highlights_static,0
web/api/css/paintworklet_static,0
web/api/css/registerproperty_static,0
web/api/css/supports_static,2
web/api/css_custom_highlight_api,2
web/api/css_font_loading_api,0
web/api/css_object_model,3
web/api/css_object_model/css_declaration,0
web/api/css_object_model/css_declaration_block,6
web/api/css_object_model/css_value_serialization,null
web/api/css_object_model/determining_the_dimensions_of_elements,6
web/api/css_object_model/managing_screen_orientation,11
web/api/css_object_model/using_dynamic_styling_information,8
web/api/css_painting_api,0
web/api/css_painting_api/guide,0
web/api/css_properties_and_values_api,7
web/api/css_properties_and_values_api/guide,8
web/api/css_typed_om_api,2
web/api/css_typed_om_api/guide,1
web/api/cssanimation,0
web/api/cssanimation/animationname,0
web/api/cssconditionrule,null
web/api/cssconditionrule/conditiontext,null
web/api/csscontainerrule,6
web/api/csscontainerrule/conditions,null
web/api/csscontainerrule/containername,6
web/api/csscontainerrule/containerquery,4
web/api/csscounterstylerule,5
web/api/csscounterstylerule/additivesymbols,1
web/api/csscounterstylerule/fallback,1
web/api/csscounterstylerule/name,1
web/api/csscounterstylerule/negative,1
web/api/csscounterstylerule/pad,1
web/api/csscounterstylerule/prefix,1
web/api/csscounterstylerule/range,1
web/api/csscounterstylerule/speakas,1
web/api/csscounterstylerule/suffix,1
web/api/csscounterstylerule/symbols,1
web/api/csscounterstylerule/system,1
web/api/cssfontfacedescriptors,null
web/api/cssfontfacerule,11
web/api/cssfontfacerule/style,14
web/api/cssfontfeaturevaluesmap,null
web/api/cssfontfeaturevaluesmap/clear,null
web/api/cssfontfeaturevaluesmap/delete,null
web/api/cssfontfeaturevaluesmap/entries,null
web/api/cssfontfeaturevaluesmap/foreach,null
web/api/cssfontfeaturevaluesmap/get,null
web/api/cssfontfeaturevaluesmap/has,null
web/api/cssfontfeaturevaluesmap/keys,null
web/api/cssfontfeaturevaluesmap/set,null
web/api/cssfontfeaturevaluesmap/size,null
web/api/cssfontfeaturevaluesmap/symbol.iterator,null
web/api/cssfontfeaturevaluesmap/values,null
web/api/cssfontfeaturevaluesrule,8
web/api/cssfontfeaturevaluesrule/annotation,null
web/api/cssfontfeaturevaluesrule/charactervariant,null
web/api/cssfontfeaturevaluesrule/fontfamily,2
web/api/cssfontfeaturevaluesrule/ornaments,null
web/api/cssfontfeaturevaluesrule/styleset,null
web/api/cssfontfeaturevaluesrule/stylistic,null
web/api/cssfontfeaturevaluesrule/swash,null
web/api/cssfontpalettevaluesrule,5
web/api/cssfontpalettevaluesrule/basepalette,3
web/api/cssfontpalettevaluesrule/fontfamily,3
web/api/cssfontpalettevaluesrule/name,2
web/api/cssfontpalettevaluesrule/overridecolors,4
web/api/cssfunctiondeclarations,0
web/api/cssfunctiondeclarations/style,0
web/api/cssfunctiondescriptors,0
web/api/cssfunctiondescriptors/result,0
web/api/cssfunctionrule,0
web/api/cssfunctionrule/getparameters,0
web/api/cssfunctionrule/name,0
web/api/cssfunctionrule/returntype,0
web/api/cssgroupingrule,2
web/api/cssgroupingrule/cssrules,0
web/api/cssgroupingrule/deleterule,0
web/api/cssgroupingrule/insertrule,2
web/api/cssimagevalue,null
web/api/cssimportrule,5
web/api/cssimportrule/href,6
web/api/cssimportrule/layername,5
web/api/cssimportrule/media,3
web/api/cssimportrule/stylesheet,6
web/api/cssimportrule/supportstext,5
web/api/csskeyframerule,0
web/api/csskeyframerule/keytext,1
web/api/csskeyframerule/style,0
web/api/csskeyframesrule,0
web/api/csskeyframesrule/appendrule,1
web/api/csskeyframesrule/cssrules,5
web/api/csskeyframesrule/deleterule,3
web/api/csskeyframesrule/findrule,3
web/api/csskeyframesrule/length,1
web/api/csskeyframesrule/name,1
web/api/csskeywordvalue,3
web/api/csskeywordvalue/csskeywordvalue,2
web/api/csskeywordvalue/value,3
web/api/csslayerblockrule,2
web/api/csslayerblockrule/name,1
web/api/csslayerstatementrule,3
web/api/csslayerstatementrule/namelist,3
web/api/cssmathclamp,null
web/api/cssmathclamp/cssmathclamp,null
web/api/cssmathclamp/lower,null
web/api/cssmathclamp/upper,null
web/api/cssmathclamp/value,null
web/api/cssmathinvert,null
web/api/cssmathinvert/cssmathinvert,null
web/api/cssmathinvert/value,null
web/api/cssmathmax,null
web/api/cssmathmax/cssmathmax,null
web/api/cssmathmax/values,null
web/api/cssmathmin,null
web/api/cssmathmin/cssmathmin,null
web/api/cssmathmin/values,null
web/api/cssmathnegate,null
web/api/cssmathnegate/cssmathnegate,null
web/api/cssmathnegate/value,null
web/api/cssmathproduct,null
web/api/cssmathproduct/cssmathproduct,null
web/api/cssmathproduct/values,null
web/api/cssmathsum,null
web/api/cssmathsum/cssmathsum,null
web/api/cssmathsum/values,null
web/api/cssmathvalue,null
web/api/cssmathvalue/operator,null
web/api/cssmatrixcomponent,null
web/api/cssmatrixcomponent/cssmatrixcomponent,null
web/api/cssmatrixcomponent/matrix,null
web/api/cssmediarule,null
web/api/cssmediarule/media,null
web/api/cssnamespacerule,8
web/api/cssnamespacerule/namespaceuri,4
web/api/cssnamespacerule/prefix,5
web/api/cssnesteddeclarations,2
web/api/cssnesteddeclarations/style,2
web/api/cssnumericarray,null
web/api/cssnumericarray/entries,null
web/api/cssnumericarray/foreach,null
web/api/cssnumericarray/keys,null
web/api/cssnumericarray/length,null
web/api/cssnumericarray/values,null
web/api/cssnumericvalue,null
web/api/cssnumericvalue/add,null
web/api/cssnumericvalue/div,null
web/api/cssnumericvalue/equals,null
web/api/cssnumericvalue/max,null
web/api/cssnumericvalue/min,null
web/api/cssnumericvalue/mul,null
web/api/cssnumericvalue/parse_static,null
web/api/cssnumericvalue/sub,null
web/api/cssnumericvalue/to,null
web/api/cssnumericvalue/tosum,null
web/api/cssnumericvalue/type,null
web/api/cssom_view_api,1
web/api/cssom_view_api/coordinate_systems,0
web/api/csspagedescriptors,null
web/api/csspagerule,6
web/api/csspagerule/selectortext,3
web/api/csspagerule/style,9
web/api/cssperspective,null
web/api/cssperspective/cssperspective,null
web/api/cssperspective/length,null
web/api/csspositiontrydescriptors,0
web/api/csspositiontryrule,0
web/api/csspositiontryrule/name,0
web/api/csspositiontryrule/style,0
web/api/csspositionvalue,null
web/api/csspositionvalue/csspositionvalue,null
web/api/csspositionvalue/x,null
web/api/csspositionvalue/y,null
web/api/cssprimitivevalue,null
web/api/cssprimitivevalue/getcountervalue,null
web/api/cssprimitivevalue/getfloatvalue,null
web/api/cssprimitivevalue/getrectvalue,null
web/api/cssprimitivevalue/getrgbcolorvalue,null
web/api/cssprimitivevalue/getstringvalue,null
web/api/cssprimitivevalue/primitivetype,null
web/api/cssprimitivevalue/setfloatvalue,null
web/api/cssprimitivevalue/setstringvalue,null
web/api/csspropertyrule,5
web/api/csspropertyrule/inherits,1
web/api/csspropertyrule/initialvalue,3
web/api/csspropertyrule/name,1
web/api/csspropertyrule/syntax,1
web/api/csspseudoelement,3
web/api/csspseudoelement/element,1
web/api/csspseudoelement/parent,null
web/api/csspseudoelement/pseudo,null
web/api/csspseudoelement/type,6
web/api/cssrotate,null
web/api/cssrotate/angle,null
web/api/cssrotate/cssrotate,null
web/api/cssrotate/x,null
web/api/cssrotate/y,null
web/api/cssrotate/z,null
web/api/cssrule,2
web/api/cssrule/csstext,1
web/api/cssrule/parentrule,1
web/api/cssrule/parentstylesheet,1
web/api/cssrule/type,2
web/api/cssrulelist,null
web/api/cssrulelist/item,null
web/api/cssrulelist/length,null
web/api/cssscale,null
web/api/cssscale/cssscale,null
web/api/cssscale/x,null
web/api/cssscale/y,null
web/api/cssscale/z,null
web/api/cssscoperule,1
web/api/cssscoperule/end,0
web/api/cssscoperule/start,0
web/api/cssskew,9
web/api/cssskew/ax,5
web/api/cssskew/ay,5
web/api/cssskew/cssskew,8
web/api/cssskewx,null
web/api/cssskewx/ax,null
web/api/cssskewx/cssskewx,null
web/api/cssskewy,null
web/api/cssskewy/ay,null
web/api/cssskewy/cssskewy,null
web/api/cssstartingstylerule,0
web/api/cssstyledeclaration,8
web/api/cssstyledeclaration/cssfloat,5
web/api/cssstyledeclaration/csstext,2
web/api/cssstyledeclaration/getpropertycssvalue,4
web/api/cssstyledeclaration/getpropertypriority,2
web/api/cssstyledeclaration/getpropertyvalue,4
web/api/cssstyledeclaration/item,1
web/api/cssstyledeclaration/length,2
web/api/cssstyledeclaration/parentrule,2
web/api/cssstyledeclaration/removeproperty,3
web/api/cssstyledeclaration/setproperty,8
web/api/cssstyleproperties,0
web/api/cssstyleproperties/cssfloat,0
web/api/cssstylerule,7
web/api/cssstylerule/selectortext,2
web/api/cssstylerule/style,9
web/api/cssstylerule/stylemap,4
web/api/cssstylesheet,4
web/api/cssstylesheet/addrule,2
web/api/cssstylesheet/cssrules,0
web/api/cssstylesheet/cssstylesheet,7
web/api/cssstylesheet/deleterule,1
web/api/cssstylesheet/insertrule,12
web/api/cssstylesheet/ownerrule,1
web/api/cssstylesheet/removerule,2
web/api/cssstylesheet/replace,4
web/api/cssstylesheet/replacesync,4
web/api/cssstylesheet/rules,2
web/api/cssstylevalue,3
web/api/cssstylevalue/parse_static,2
web/api/cssstylevalue/parseall_static,2
web/api/cssstylevalue/tostring,null
web/api/csssupportsrule,0
web/api/csstransformcomponent,4
web/api/csstransformcomponent/is2d,4
web/api/csstransformcomponent/tomatrix,2
web/api/csstransformcomponent/tostring,2
web/api/csstransformvalue,5
web/api/csstransformvalue/csstransformvalue,2
web/api/csstransformvalue/entries,6
web/api/csstransformvalue/foreach,2
web/api/csstransformvalue/is2d,3
web/api/csstransformvalue/keys,2
web/api/csstransformvalue/length,3
web/api/csstransformvalue/tomatrix,2
web/api/csstransformvalue/values,2
web/api/csstransition,0
web/api/csstransition/transitionproperty,0
web/api/csstranslate,null
web/api/csstranslate/csstranslate,null
web/api/csstranslate/x,null
web/api/csstranslate/y,null
web/api/csstranslate/z,null
web/api/cssunitvalue,null
web/api/cssunitvalue/cssunitvalue,null
web/api/cssunitvalue/unit,null
web/api/cssunitvalue/value,null
web/api/cssunparsedvalue,5
web/api/cssunparsedvalue/cssunparsedvalue,3
web/api/cssunparsedvalue/entries,4
web/api/cssunparsedvalue/foreach,4
web/api/cssunparsedvalue/keys,3
web/api/cssunparsedvalue/length,3
web/api/cssunparsedvalue/values,3
web/api/cssvalue,5
web/api/cssvalue/csstext,6
web/api/cssvalue/cssvaluetype,5
web/api/cssvaluelist,null
web/api/cssvaluelist/item,null
web/api/cssvaluelist/length,null
web/api/cssvariablereferencevalue,2
web/api/cssvariablereferencevalue/cssvariablereferencevalue,2
web/api/cssvariablereferencevalue/fallback,2
web/api/cssvariablereferencevalue/variable,2
web/api/cssviewtransitionrule,0
web/api/cssviewtransitionrule/navigation,0
web/api/cssviewtransitionrule/types,0
web/api/customelementregistry,0
web/api/customelementregistry/customelementregistry,0
web/api/customelementregistry/define,0
web/api/customelementregistry/get,0
web/api/customelementregistry/getname,0
web/api/customelementregistry/initialize,0
web/api/customelementregistry/upgrade,0
web/api/customelementregistry/whendefined,0
web/api/customevent,6
web/api/customevent/customevent,3
web/api/customevent/detail,2
web/api/customevent/initcustomevent,6
web/api/customstateset,null
web/api/customstateset/add,null
web/api/customstateset/clear,null
web/api/customstateset/delete,null
web/api/customstateset/entries,null
web/api/customstateset/foreach,null
web/api/customstateset/has,null
web/api/customstateset/keys,null
web/api/customstateset/size,null
web/api/customstateset/values,null
web/api/datacue,null
web/api/datacue/datacue,null
web/api/datacue/type,null
web/api/datacue/value,null
web/api/datatransfer,0
web/api/datatransfer/addelement,0
web/api/datatransfer/cleardata,0
web/api/datatransfer/datatransfer,0
web/api/datatransfer/dropeffect,0
web/api/datatransfer/effectallowed,0
web/api/datatransfer/files,0
web/api/datatransfer/getdata,0
web/api/datatransfer/items,0
web/api/datatransfer/setdata,0
web/api/datatransfer/setdragimage,0
web/api/datatransfer/types,0
web/api/datatransferitem,0
web/api/datatransferitem/getasfile,0
web/api/datatransferitem/getasfilesystemhandle,0
web/api/datatransferitem/getasstring,0
web/api/datatransferitem/kind,0
web/api/datatransferitem/type,0
web/api/datatransferitem/webkitgetasentry,1
web/api/datatransferitemlist,0
web/api/datatransferitemlist/add,0
web/api/datatransferitemlist/clear,0
web/api/datatransferitemlist/length,0
web/api/datatransferitemlist/remove,0
web/api/decompressionstream,4
web/api/decompressionstream/decompressionstream,11
web/api/decompressionstream/readable,6
web/api/decompressionstream/writable,6
web/api/dedicatedworkerglobalscope,0
web/api/dedicatedworkerglobalscope/cancelanimationframe,0
web/api/dedicatedworkerglobalscope/close,5
web/api/dedicatedworkerglobalscope/message_event,7
web/api/dedicatedworkerglobalscope/messageerror_event,8
web/api/dedicatedworkerglobalscope/name,4
web/api/dedicatedworkerglobalscope/postmessage,11
web/api/dedicatedworkerglobalscope/requestanimationframe,0
web/api/dedicatedworkerglobalscope/rtctransform_event,null
web/api/deferredrequestinit,null
web/api/delaynode,1
web/api/delaynode/delaynode,1
web/api/delaynode/delaytime,1
web/api/delegatedinktrailpresenter,2
web/api/delegatedinktrailpresenter/expectedimprovement,2
web/api/delegatedinktrailpresenter/presentationarea,1
web/api/delegatedinktrailpresenter/updateinktrailstartpoint,2
web/api/deprecationreport,null
web/api/device_memory_api,null
web/api/device_orientation_events,0
web/api/device_orientation_events/detecting_device_orientation,0
web/api/device_orientation_events/orientation_and_motion_data_explained,0
web/api/device_orientation_events/using_device_orientation_with_3d_transforms,0
web/api/device_posture_api,0
web/api/devicemotionevent,7
web/api/devicemotionevent/acceleration,4
web/api/devicemotionevent/accelerationincludinggravity,3
web/api/devicemotionevent/devicemotionevent,0
web/api/devicemotionevent/interval,2
web/api/devicemotionevent/requestpermission_static,null
web/api/devicemotionevent/rotationrate,4
web/api/devicemotioneventacceleration,1
web/api/devicemotioneventacceleration/x,2
web/api/devicemotioneventacceleration/y,4
web/api/devicemotioneventacceleration/z,2
web/api/devicemotioneventrotationrate,1
web/api/devicemotioneventrotationrate/alpha,1
web/api/devicemotioneventrotationrate/beta,1
web/api/devicemotioneventrotationrate/gamma,1
web/api/deviceorientationevent,3
web/api/deviceorientationevent/absolute,2
web/api/deviceorientationevent/alpha,2
web/api/deviceorientationevent/beta,2
web/api/deviceorientationevent/deviceorientationevent,1
web/api/deviceorientationevent/gamma,2
web/api/deviceorientationevent/requestpermission_static,null
web/api/deviceposture,0
web/api/deviceposture/change_event,0
web/api/deviceposture/type,0
web/api/directoryentrysync,6
web/api/directoryreadersync,null
web/api/document,1
web/api/document/activeelement,6
web/api/document/activeviewtransition,1
web/api/document/adoptedstylesheets,5
web/api/document/adoptnode,1
web/api/document/afterscriptexecute_event,6
web/api/document/alinkcolor,3
web/api/document/all,1
web/api/document/anchors,3
web/api/document/append,1
web/api/document/applets,2
web/api/document/arianotify,null
web/api/document/beforescriptexecute_event,6
web/api/document/bgcolor,4
web/api/document/body,2
web/api/document/browsingtopics,2
web/api/document/caretpositionfrompoint,4
web/api/document/caretrangefrompoint,1
web/api/document/characterset,2
web/api/document/childelementcount,0
web/api/document/children,0
web/api/document/clear,1
web/api/document/close,0
web/api/document/compatmode,3
web/api/document/contenttype,2
web/api/document/cookie,1
web/api/document/createattribute,6
web/api/document/createattributens,5
web/api/document/createcdatasection,2
web/api/document/createcomment,1
web/api/document/createdocumentfragment,0
web/api/document/createelement,0
web/api/document/createelementns,0
web/api/document/createevent,5
web/api/document/createexpression,0
web/api/document/createnodeiterator,5
web/api/document/creatensresolver,6
web/api/document/createprocessinginstruction,4
web/api/document/createrange,1
web/api/document/createtextnode,2
web/api/document/createtouch,3
web/api/document/createtouchlist,4
web/api/document/createtreewalker,3
web/api/document/currentscript,1
web/api/document/customelementregistry,0
web/api/document/defaultview,1
web/api/document/designmode,1
web/api/document/dir,1
web/api/document/doctype,1
web/api/document/document,1
web/api/document/documentelement,1
web/api/document/documenturi,0
web/api/document/domain,1
web/api/document/domcontentloaded_event,7
web/api/document/elementfrompoint,1
web/api/document/elementsfrompoint,1
web/api/document/embeds,1
web/api/document/enablestylesheetsforset,2
web/api/document/evaluate,8
web/api/document/execcommand,2
web/api/document/exitfullscreen,2
web/api/document/exitpictureinpicture,2
web/api/document/exitpointerlock,1
web/api/document/featurepolicy,2
web/api/document/fgcolor,5
web/api/document/firstelementchild,1
web/api/document/fonts,2
web/api/document/forms,5
web/api/document/fragmentdirective,5
web/api/document/fullscreen,2
web/api/document/fullscreenchange_event,3
web/api/document/fullscreenelement,2
web/api/document/fullscreenenabled,1
web/api/document/fullscreenerror_event,2
web/api/document/getanimations,1
web/api/document/getelementbyid,3
web/api/document/getelementsbyclassname,3
web/api/document/getelementsbyname,1
web/api/document/getelementsbytagname,3
web/api/document/getelementsbytagnamens,5
web/api/document/getselection,2
web/api/document/hasfocus,3
web/api/document/hasprivatetoken,null
web/api/document/hasredemptionrecord,null
web/api/document/hasstorageaccess,2
web/api/document/hasunpartitionedcookieaccess,3
web/api/document/head,2
web/api/document/hidden,1
web/api/document/images,0
web/api/document/implementation,1
web/api/document/importnode,5
web/api/document/lastelementchild,0
web/api/document/lastmodified,1
web/api/document/laststylesheetset,2
web/api/document/linkcolor,4
web/api/document/links,1
web/api/document/location,1
web/api/document/movebefore,1
web/api/document/mozsetimageelement,3
web/api/document/open,2
web/api/document/parsehtml_static,4
web/api/document/parsehtmlunsafe_static,0
web/api/document/pictureinpictureelement,2
web/api/document/pictureinpictureenabled,2
web/api/document/plugins,1
web/api/document/pointerlockchange_event,1
web/api/document/pointerlockelement,0
web/api/document/pointerlockerror_event,1
web/api/document/preferredstylesheetset,1
web/api/document/prepend,2
web/api/document/prerendering,2
web/api/document/prerenderingchange_event,2
web/api/document/querycommandenabled,5
web/api/document/querycommandstate,4
web/api/document/querycommandsupported,2
web/api/document/queryselector,1
web/api/document/queryselectorall,0
web/api/document/readystate,2
web/api/document/readystatechange_event,2
web/api/document/referrer,2
web/api/document/releasecapture,0
web/api/document/replacechildren,1
web/api/document/requeststorageaccess,8
web/api/document/requeststorageaccessfor,11
web/api/document/rootelement,1
web/api/document/scripts,0
web/api/document/scroll_event,6
web/api/document/scrollend_event,4
web/api/document/scrollingelement,1
web/api/document/scrollsnapchange_event,1
web/api/document/scrollsnapchanging_event,1
web/api/document/securitypolicyviolation_event,8
web/api/document/selectedstylesheetset,2
web/api/document/selectionchange_event,5
web/api/document/startviewtransition,1
web/api/document/stylesheets,1
web/api/document/stylesheetsets,1
web/api/document/timeline,1
web/api/document/title,3
web/api/document/url,0
web/api/document/visibilitychange_event,4
web/api/document/visibilitystate,0
web/api/document/vlinkcolor,3
web/api/document/write,1
web/api/document/writeln,9
web/api/document/xmlencoding,3
web/api/document/xmlversion,2
web/api/document_object_model,2
web/api/document_object_model/anatomy_of_the_dom,0
web/api/document_object_model/building_and_updating_the_dom_tree,0
web/api/document_object_model/events,5
web/api/document_object_model/reflected_attributes,0
web/api/document_object_model/selection_and_traversal_on_the_dom_tree,0
web/api/document_picture-in-picture_api,2
web/api/document_picture-in-picture_api/using,0
web/api/documentfragment,0
web/api/documentfragment/append,2
web/api/documentfragment/childelementcount,1
web/api/documentfragment/children,0
web/api/documentfragment/documentfragment,0
web/api/documentfragment/firstelementchild,0
web/api/documentfragment/getelementbyid,3
web/api/documentfragment/lastelementchild,0
web/api/documentfragment/movebefore,1
web/api/documentfragment/prepend,2
web/api/documentfragment/queryselector,6
web/api/documentfragment/queryselectorall,2
web/api/documentfragment/replacechildren,2
web/api/documentpictureinpicture,null
web/api/documentpictureinpicture/enter_event,null
web/api/documentpictureinpicture/requestwindow,null
web/api/documentpictureinpicture/window,null
web/api/documentpictureinpictureevent,null
web/api/documentpictureinpictureevent/documentpictureinpictureevent,null
web/api/documentpictureinpictureevent/window,null
web/api/documenttimeline,0
web/api/documenttimeline/documenttimeline,0
web/api/documenttype,3
web/api/documenttype/after,2
web/api/documenttype/before,5
web/api/documenttype/name,1
web/api/documenttype/publicid,3
web/api/documenttype/remove,3
web/api/documenttype/replacewith,4
web/api/documenttype/systemid,4
web/api/domerror,5
web/api/domexception,5
web/api/domexception/code,2
web/api/domexception/domexception,2
web/api/domexception/message,1
web/api/domexception/name,1
web/api/domhighrestimestamp,1
web/api/domimplementation,0
web/api/domimplementation/createdocument,5
web/api/domimplementation/createdocumenttype,2
web/api/domimplementation/createhtmldocument,6
web/api/domimplementation/hasfeature,2
web/api/dommatrix,0
web/api/dommatrix/dommatrix,0
web/api/dommatrix/fromfloat32array_static,0
web/api/dommatrix/fromfloat64array_static,0
web/api/dommatrix/frommatrix_static,1
web/api/dommatrix/invertself,0
web/api/dommatrix/multiplyself,0
web/api/dommatrix/premultiplyself,0
web/api/dommatrix/rotateaxisangleself,0
web/api/dommatrix/rotatefromvectorself,0
web/api/dommatrix/rotateself,0
web/api/dommatrix/scale3dself,1
web/api/dommatrix/scaleself,0
web/api/dommatrix/setmatrixvalue,0
web/api/dommatrix/skewxself,0
web/api/dommatrix/skewyself,0
web/api/dommatrix/translateself,0
web/api/dommatrixreadonly,0
web/api/dommatrixreadonly/dommatrixreadonly,0
web/api/dommatrixreadonly/flipx,0
web/api/dommatrixreadonly/flipy,0
web/api/dommatrixreadonly/fromfloat32array_static,0
web/api/dommatrixreadonly/fromfloat64array_static,0
web/api/dommatrixreadonly/frommatrix_static,0
web/api/dommatrixreadonly/inverse,0
web/api/dommatrixreadonly/is2d,0
web/api/dommatrixreadonly/isidentity,0
web/api/dommatrixreadonly/multiply,0
web/api/dommatrixreadonly/rotate,0
web/api/dommatrixreadonly/rotateaxisangle,0
web/api/dommatrixreadonly/rotatefromvector,0
web/api/dommatrixreadonly/scale,0
web/api/dommatrixreadonly/scale3d,0
web/api/dommatrixreadonly/skewx,0
web/api/dommatrixreadonly/skewy,0
web/api/dommatrixreadonly/tofloat32array,0
web/api/dommatrixreadonly/tofloat64array,0
web/api/dommatrixreadonly/tojson,0
web/api/dommatrixreadonly/tostring,0
web/api/dommatrixreadonly/transformpoint,0
web/api/dommatrixreadonly/translate,0
web/api/domparser,1
web/api/domparser/domparser,0
web/api/domparser/parsefromstring,7
web/api/dompoint,3
web/api/dompoint/dompoint,null
web/api/dompoint/frompoint_static,null
web/api/dompoint/w,1
web/api/dompoint/x,2
web/api/dompoint/y,3
web/api/dompoint/z,2
web/api/dompointreadonly,2
web/api/dompointreadonly/dompointreadonly,2
web/api/dompointreadonly/frompoint_static,null
web/api/dompointreadonly/matrixtransform,null
web/api/dompointreadonly/tojson,null
web/api/dompointreadonly/w,1
web/api/dompointreadonly/x,2
web/api/dompointreadonly/y,4
web/api/dompointreadonly/z,2
web/api/domquad,5
web/api/domquad/domquad,null
web/api/domquad/fromquad_static,null
web/api/domquad/fromrect_static,null
web/api/domquad/getbounds,null
web/api/domquad/p1,null
web/api/domquad/p2,null
web/api/domquad/p3,null
web/api/domquad/p4,null
web/api/domquad/tojson,null
web/api/domrect,0
web/api/domrect/domrect,0
web/api/domrect/fromrect_static,0
web/api/domrect/height,0
web/api/domrect/width,0
web/api/domrect/x,0
web/api/domrect/y,0
web/api/domrectlist,1
web/api/domrectlist/item,0
web/api/domrectlist/length,1
web/api/domrectreadonly,0
web/api/domrectreadonly/bottom,0
web/api/domrectreadonly/domrectreadonly,0
web/api/domrectreadonly/fromrect_static,0
web/api/domrectreadonly/height,0
web/api/domrectreadonly/left,0
web/api/domrectreadonly/right,0
web/api/domrectreadonly/tojson,0
web/api/domrectreadonly/top,0
web/api/domrectreadonly/width,0
web/api/domrectreadonly/x,0
web/api/domrectreadonly/y,0
web/api/domstringlist,3
web/api/domstringlist/contains,1
web/api/domstringlist/item,1
web/api/domstringlist/length,1
web/api/domstringmap,2
web/api/domtokenlist,1
web/api/domtokenlist/add,2
web/api/domtokenlist/contains,0
web/api/domtokenlist/entries,1
web/api/domtokenlist/foreach,2
web/api/domtokenlist/item,3
web/api/domtokenlist/keys,1
web/api/domtokenlist/length,1
web/api/domtokenlist/remove,2
web/api/domtokenlist/replace,0
web/api/domtokenlist/supports,1
web/api/domtokenlist/toggle,0
web/api/domtokenlist/tostring,null
web/api/domtokenlist/value,0
web/api/domtokenlist/values,1
web/api/dragevent,0
web/api/dragevent/datatransfer,0
web/api/dragevent/dragevent,0
web/api/dynamicscompressornode,null
web/api/dynamicscompressornode/attack,null
web/api/dynamicscompressornode/dynamicscompressornode,null
web/api/dynamicscompressornode/knee,null
web/api/dynamicscompressornode/ratio,null
web/api/dynamicscompressornode/reduction,null
web/api/dynamicscompressornode/release,null
web/api/dynamicscompressornode/threshold,null
web/api/ecdhkeyderiveparams,0
web/api/ecdsaparams,0
web/api/eckeygenparams,2
web/api/eckeyimportparams,0
web/api/editcontext,0
web/api/editcontext/attachedelements,1
web/api/editcontext/characterbounds,1
web/api/editcontext/characterboundsrangestart,0
web/api/editcontext/characterboundsupdate_event,2
web/api/editcontext/compositionend_event,2
web/api/editcontext/compositionstart_event,2
web/api/editcontext/editcontext,0
web/api/editcontext/selectionend,0
web/api/editcontext/selectionstart,0
web/api/editcontext/text,0
web/api/editcontext/textformatupdate_event,3
web/api/editcontext/textupdate_event,2
web/api/editcontext/updatecharacterbounds,1
web/api/editcontext/updatecontrolbounds,1
web/api/editcontext/updateselection,2
web/api/editcontext/updateselectionbounds,1
web/api/editcontext/updatetext,2
web/api/editcontext_api,null
web/api/editcontext_api/guide,null
web/api/element,12
web/api/element/activeviewtransition,null
web/api/element/after,3
web/api/element/afterscriptexecute_event,4
web/api/element/animate,11
web/api/element/animationcancel_event,1
web/api/element/animationend_event,1
web/api/element/animationiteration_event,1
web/api/element/animationstart_event,1
web/api/element/append,2
web/api/element/ariaactivedescendantelement,1
web/api/element/ariaatomic,2
web/api/element/ariaautocomplete,3
web/api/element/ariabraillelabel,2
web/api/element/ariabrailleroledescription,2
web/api/element/ariabusy,2
web/api/element/ariachecked,3
web/api/element/ariacolcount,3
web/api/element/ariacolindex,2
web/api/element/ariacolindextext,2
web/api/element/ariacolspan,4
web/api/element/ariacontrolselements,0
web/api/element/ariacurrent,2
web/api/element/ariadescribedbyelements,0
web/api/element/ariadescription,2
web/api/element/ariadetailselements,0
web/api/element/ariadisabled,3
web/api/element/ariaerrormessageelements,2
web/api/element/ariaexpanded,2
web/api/element/ariaflowtoelements,0
web/api/element/ariahaspopup,4
web/api/element/ariahidden,2
web/api/element/ariainvalid,0
web/api/element/ariakeyshortcuts,1
web/api/element/arialabel,2
web/api/element/arialabelledbyelements,1
web/api/element/arialevel,3
web/api/element/arialive,3
web/api/element/ariamodal,2
web/api/element/ariamultiline,3
web/api/element/ariamultiselectable,5
web/api/element/arianotify,null
web/api/element/ariaorientation,3
web/api/element/ariaownselements,0
web/api/element/ariaplaceholder,4
web/api/element/ariaposinset,2
web/api/element/ariapressed,3
web/api/element/ariareadonly,3
web/api/element/ariarelevant,1
web/api/element/ariarequired,3
web/api/element/ariaroledescription,3
web/api/element/ariarowcount,3
web/api/element/ariarowindex,2
web/api/element/ariarowindextext,2
web/api/element/ariarowspan,3
web/api/element/ariaselected,3
web/api/element/ariasetsize,2
web/api/element/ariasort,2
web/api/element/ariavaluemax,2
web/api/element/ariavaluemin,2
web/api/element/ariavaluenow,2
web/api/element/ariavaluetext,2
web/api/element/assignedslot,1
web/api/element/attachshadow,0
web/api/element/attributes,2
web/api/element/auxclick_event,6
web/api/element/before,3
web/api/element/beforeinput_event,0
web/api/element/beforematch_event,6
web/api/element/beforescriptexecute_event,6
web/api/element/beforexrselect_event,4
web/api/element/blur_event,5
web/api/element/checkvisibility,8
web/api/element/childelementcount,0
web/api/element/children,0
web/api/element/classlist,2
web/api/element/classname,4
web/api/element/click_event,5
web/api/element/clientheight,4
web/api/element/clientleft,4
web/api/element/clienttop,3
web/api/element/clientwidth,4
web/api/element/closest,3
web/api/element/compositionend_event,7
web/api/element/compositionstart_event,7
web/api/element/compositionupdate_event,7
web/api/element/computedstylemap,5
web/api/element/contentvisibilityautostatechange_event,7
web/api/element/contextmenu_event,4
web/api/element/copy_event,8
web/api/element/currentcsszoom,4
web/api/element/customelementregistry,0
web/api/element/cut_event,8
web/api/element/dblclick_event,7
web/api/element/domactivate_event,6
web/api/element/dommousescroll_event,6
web/api/element/elementtiming,1
web/api/element/firstelementchild,1
web/api/element/focus_event,4
web/api/element/focusin_event,6
web/api/element/focusout_event,6
web/api/element/fullscreenchange_event,3
web/api/element/fullscreenerror_event,2
web/api/element/gesturechange_event,2
web/api/element/gestureend_event,2
web/api/element/gesturestart_event,2
web/api/element/getanimations,7
web/api/element/getattribute,5
web/api/element/getattributenames,0
web/api/element/getattributenode,3
web/api/element/getattributenodens,4
web/api/element/getattributens,7
web/api/element/getboundingclientrect,1
web/api/element/getclientrects,7
web/api/element/getelementsbyclassname,3
web/api/element/getelementsbytagname,3
web/api/element/getelementsbytagnamens,1
web/api/element/gethtml,3
web/api/element/gotpointercapture_event,7
web/api/element/hasattribute,1
web/api/element/hasattributens,2
web/api/element/hasattributes,1
web/api/element/haspointercapture,1
web/api/element/id,4
web/api/element/innerhtml,0
web/api/element/input_event,4
web/api/element/insertadjacentelement,5
web/api/element/insertadjacenthtml,5
web/api/element/insertadjacenttext,2
web/api/element/keydown_event,7
web/api/element/keypress_event,7
web/api/element/keyup_event,6
web/api/element/lastelementchild,1
web/api/element/localname,7
web/api/element/lostpointercapture_event,7
web/api/element/matches,1
web/api/element/mousedown_event,7
web/api/element/mouseenter_event,8
web/api/element/mouseleave_event,9
web/api/element/mousemove_event,7
web/api/element/mouseout_event,8
web/api/element/mouseover_event,8
web/api/element/mouseup_event,7
web/api/element/mousewheel_event,5
web/api/element/movebefore,2
web/api/element/mozmousepixelscroll_event,3
web/api/element/namespaceuri,0
web/api/element/nextelementsibling,4
web/api/element/outerhtml,7
web/api/element/part,4
web/api/element/paste_event,8
web/api/element/pointercancel_event,9
web/api/element/pointerdown_event,9
web/api/element/pointerenter_event,8
web/api/element/pointerleave_event,8
web/api/element/pointermove_event,9
web/api/element/pointerout_event,8
web/api/element/pointerover_event,9
web/api/element/pointerrawupdate_event,10
web/api/element/pointerup_event,8
web/api/element/prefix,2
web/api/element/prepend,1
web/api/element/previouselementsibling,4
web/api/element/pseudo,null
web/api/element/queryselector,5
web/api/element/queryselectorall,9
web/api/element/releasepointercapture,5
web/api/element/remove,2
web/api/element/removeattribute,2
web/api/element/removeattributenode,2
web/api/element/removeattributens,2
web/api/element/replacechildren,2
web/api/element/replacewith,3
web/api/element/requestfullscreen,11
web/api/element/requestpointerlock,6
web/api/element/role,0
web/api/element/scroll,4
web/api/element/scroll_event,3
web/api/element/scrollby,5
web/api/element/scrollend_event,5
web/api/element/scrollheight,7
web/api/element/scrollintoview,5
web/api/element/scrollintoviewifneeded,1
web/api/element/scrollleft,4
web/api/element/scrollleftmax,0
web/api/element/scrollsnapchange_event,1
web/api/element/scrollsnapchanging_event,1
web/api/element/scrollto,6
web/api/element/scrolltop,4
web/api/element/scrolltopmax,0
web/api/element/scrollwidth,0
web/api/element/securitypolicyviolation_event,10
web/api/element/setattribute,5
web/api/element/setattributenode,3
web/api/element/setattributenodens,3
web/api/element/setattributens,9
web/api/element/setcapture,6
web/api/element/sethtml,10
web/api/element/sethtmlunsafe,11
web/api/element/setpointercapture,7
web/api/element/shadowroot,2
web/api/element/slot,1
web/api/element/startviewtransition,null
web/api/element/tagname,2
web/api/element/toggleattribute,2
web/api/element/touchcancel_event,3
web/api/element/touchend_event,4
web/api/element/touchmove_event,3
web/api/element/touchstart_event,3
web/api/element/transitioncancel_event,2
web/api/element/transitionend_event,1
web/api/element/transitionrun_event,1
web/api/element/transitionstart_event,1
web/api/element/webkitmouseforcechanged_event,10
web/api/element/webkitmouseforcedown_event,5
web/api/element/webkitmouseforceup_event,5
web/api/element/webkitmouseforcewillbegin_event,5
web/api/element/wheel_event,8
web/api/elementinternals,0
web/api/elementinternals/ariaactivedescendantelement,null
web/api/elementinternals/ariaatomic,null
web/api/elementinternals/ariaautocomplete,null
web/api/elementinternals/ariabraillelabel,null
web/api/elementinternals/ariabrailleroledescription,null
web/api/elementinternals/ariabusy,null
web/api/elementinternals/ariachecked,null
web/api/elementinternals/ariacolcount,null
web/api/elementinternals/ariacolindex,3
web/api/elementinternals/ariacolindextext,null
web/api/elementinternals/ariacolspan,null
web/api/elementinternals/ariacontrolselements,null
web/api/elementinternals/ariacurrent,null
web/api/elementinternals/ariadescribedbyelements,null
web/api/elementinternals/ariadescription,null
web/api/elementinternals/ariadetailselements,null
web/api/elementinternals/ariadisabled,4
web/api/elementinternals/ariaerrormessageelements,null
web/api/elementinternals/ariaexpanded,null
web/api/elementinternals/ariaflowtoelements,null
web/api/elementinternals/ariahaspopup,null
web/api/elementinternals/ariahidden,3
web/api/elementinternals/ariainvalid,null
web/api/elementinternals/ariakeyshortcuts,null
web/api/elementinternals/arialabel,4
web/api/elementinternals/arialabelledbyelements,null
web/api/elementinternals/arialevel,3
web/api/elementinternals/arialive,null
web/api/elementinternals/ariamodal,null
web/api/elementinternals/ariamultiline,3
web/api/elementinternals/ariamultiselectable,null
web/api/elementinternals/ariaorientation,3
web/api/elementinternals/ariaownselements,null
web/api/elementinternals/ariaplaceholder,null
web/api/elementinternals/ariaposinset,null
web/api/elementinternals/ariapressed,null
web/api/elementinternals/ariareadonly,null
web/api/elementinternals/ariarelevant,3
web/api/elementinternals/ariarequired,null
web/api/elementinternals/ariaroledescription,null
web/api/elementinternals/ariarowcount,null
web/api/elementinternals/ariarowindex,null
web/api/elementinternals/ariarowindextext,null
web/api/elementinternals/ariarowspan,null
web/api/elementinternals/ariaselected,null
web/api/elementinternals/ariasetsize,null
web/api/elementinternals/ariasort,null
web/api/elementinternals/ariavaluemax,3
web/api/elementinternals/ariavaluemin,3
web/api/elementinternals/ariavaluenow,3
web/api/elementinternals/ariavaluetext,3
web/api/elementinternals/checkvalidity,1
web/api/elementinternals/form,0
web/api/elementinternals/labels,0
web/api/elementinternals/reportvalidity,1
web/api/elementinternals/role,4
web/api/elementinternals/setformvalue,1
web/api/elementinternals/setvalidity,4
web/api/elementinternals/shadowroot,0
web/api/elementinternals/states,1
web/api/elementinternals/validationmessage,0
web/api/elementinternals/validity,0
web/api/elementinternals/willvalidate,1
web/api/encodedaudiochunk,null
web/api/encodedaudiochunk/bytelength,null
web/api/encodedaudiochunk/copyto,null
web/api/encodedaudiochunk/duration,null
web/api/encodedaudiochunk/encodedaudiochunk,null
web/api/encodedaudiochunk/timestamp,null
web/api/encodedaudiochunk/type,null
web/api/encodedvideochunk,null
web/api/encodedvideochunk/bytelength,null
web/api/encodedvideochunk/copyto,null
web/api/encodedvideochunk/duration,null
web/api/encodedvideochunk/encodedvideochunk,null
web/api/encodedvideochunk/timestamp,null
web/api/encodedvideochunk/type,null
web/api/encoding_api,4
web/api/encoding_api/encodings,4
web/api/encrypted_media_extensions_api,null
web/api/errorevent,7
web/api/errorevent/colno,null
web/api/errorevent/error,null
web/api/errorevent/errorevent,null
web/api/errorevent/filename,null
web/api/errorevent/lineno,null
web/api/errorevent/message,null
web/api/event,6
web/api/event/bubbles,0
web/api/event/cancelable,2
web/api/event/cancelbubble,1
web/api/event/composed,1
web/api/event/composedpath,2
web/api/event/currenttarget,0
web/api/event/defaultprevented,1
web/api/event/event,3
web/api/event/eventphase,4
web/api/event/explicitoriginaltarget,0
web/api/event/initevent,7
web/api/event/istrusted,3
web/api/event/originaltarget,0
web/api/event/preventdefault,5
web/api/event/returnvalue,3
web/api/event/srcelement,2
web/api/event/stopimmediatepropagation,4
web/api/event/stoppropagation,3
web/api/event/target,1
web/api/event/timestamp,2
web/api/event/type,2
web/api/eventcounts,0
web/api/eventsource,0
web/api/eventsource/close,0
web/api/eventsource/error_event,0
web/api/eventsource/eventsource,0
web/api/eventsource/message_event,1
web/api/eventsource/open_event,0
web/api/eventsource/readystate,0
web/api/eventsource/url,0
web/api/eventsource/withcredentials,0
web/api/eventtarget,0
web/api/eventtarget/addeventlistener,0
web/api/eventtarget/dispatchevent,0
web/api/eventtarget/eventtarget,0
web/api/eventtarget/removeeventlistener,0
web/api/ext_blend_minmax,null
web/api/ext_color_buffer_float,null
web/api/ext_color_buffer_half_float,null
web/api/ext_disjoint_timer_query,null
web/api/ext_disjoint_timer_query/beginqueryext,null
web/api/ext_disjoint_timer_query/createqueryext,null
web/api/ext_disjoint_timer_query/deletequeryext,null
web/api/ext_disjoint_timer_query/endqueryext,null
web/api/ext_disjoint_timer_query/getqueryext,null
web/api/ext_disjoint_timer_query/getqueryobjectext,null
web/api/ext_disjoint_timer_query/isqueryext,null
web/api/ext_disjoint_timer_query/querycounterext,null
web/api/ext_float_blend,null
web/api/ext_frag_depth,null
web/api/ext_shader_texture_lod,null
web/api/ext_srgb,null
web/api/ext_texture_compression_bptc,null
web/api/ext_texture_compression_rgtc,null
web/api/ext_texture_filter_anisotropic,null
web/api/ext_texture_norm16,null
web/api/extendablecookiechangeevent,5
web/api/extendablecookiechangeevent/changed,12
web/api/extendablecookiechangeevent/deleted,11
web/api/extendablecookiechangeevent/extendablecookiechangeevent,4
web/api/extendableevent,10
web/api/extendableevent/extendableevent,0
web/api/extendableevent/waituntil,8
web/api/extendablemessageevent,5
web/api/extendablemessageevent/data,6
web/api/extendablemessageevent/extendablemessageevent,0
web/api/extendablemessageevent/lasteventid,6
web/api/extendablemessageevent/origin,6
web/api/extendablemessageevent/ports,6
web/api/extendablemessageevent/source,6
web/api/eyedropper,2
web/api/eyedropper/eyedropper,1
web/api/eyedropper/open,5
web/api/eyedropper_api,5
web/api/featurepolicy,null
web/api/featurepolicy/allowedfeatures,null
web/api/featurepolicy/allowsfeature,null
web/api/featurepolicy/features,null
web/api/featurepolicy/getallowlistforfeature,null
web/api/fedcm_api,0
web/api/fedcm_api/idp_integration,0
web/api/fedcm_api/rp_sign-in,1
web/api/federatedcredential,4
web/api/federatedcredential/federatedcredential,4
web/api/federatedcredential/protocol,0
web/api/federatedcredential/provider,1
web/api/federatedcredentialinit,null
web/api/fence,null
web/api/fence/getnestedconfigs,null
web/api/fence/reportevent,null
web/api/fence/setreporteventdataforautomaticbeacons,null
web/api/fenced_frame_api,1
web/api/fenced_frame_api/communication_with_embedded_frames,null
web/api/fencedframeconfig,null
web/api/fencedframeconfig/setsharedstoragecontext,null
web/api/fetch_api,0
web/api/fetch_api/using_deferred_fetch,0
web/api/fetch_api/using_fetch,0
web/api/fetchevent,6
web/api/fetchevent/clientid,5
web/api/fetchevent/fetchevent,5
web/api/fetchevent/handled,0
web/api/fetchevent/isreload,7
web/api/fetchevent/preloadresponse,2
web/api/fetchevent/replacesclientid,4
web/api/fetchevent/request,6
web/api/fetchevent/respondwith,13
web/api/fetchevent/resultingclientid,4
web/api/fetchlaterresult,null
web/api/fetchlaterresult/activated,null
web/api/file,0
web/api/file/file,0
web/api/file/lastmodified,0
web/api/file/lastmodifieddate,1
web/api/file/name,1
web/api/file/webkitrelativepath,0
web/api/file_and_directory_entries_api,0
web/api/file_api,0
web/api/file_api/using_files_from_web_applications,2
web/api/file_system_api,1
web/api/file_system_api/origin_private_file_system,9
web/api/fileentrysync,null
web/api/filelist,0
web/api/filelist/item,0
web/api/filelist/length,0
web/api/filereader,0
web/api/filereader/abort,0
web/api/filereader/abort_event,0
web/api/filereader/error,0
web/api/filereader/error_event,0
web/api/filereader/filereader,0
web/api/filereader/load_event,0
web/api/filereader/loadend_event,0
web/api/filereader/loadstart_event,0
web/api/filereader/progress_event,0
web/api/filereader/readasarraybuffer,0
web/api/filereader/readasbinarystring,1
web/api/filereader/readasdataurl,0
web/api/filereader/readastext,0
web/api/filereader/readystate,1
web/api/filereader/result,7
web/api/filereadersync,4
web/api/filereadersync/filereadersync,4
web/api/filereadersync/readasarraybuffer,6
web/api/filereadersync/readasbinarystring,10
web/api/filereadersync/readasdataurl,8
web/api/filereadersync/readastext,8
web/api/filesystem,4
web/api/filesystem/name,3
web/api/filesystem/root,3
web/api/filesystemchangerecord,null
web/api/filesystemdirectoryentry,5
web/api/filesystemdirectoryentry/createreader,1
web/api/filesystemdirectoryentry/getdirectory,3
web/api/filesystemdirectoryentry/getfile,4
web/api/filesystemdirectoryentry/removerecursively,6
web/api/filesystemdirectoryhandle,10
web/api/filesystemdirectoryhandle/entries,7
web/api/filesystemdirectoryhandle/getdirectoryhandle,9
web/api/filesystemdirectoryhandle/getfilehandle,8
web/api/filesystemdirectoryhandle/keys,8
web/api/filesystemdirectoryhandle/removeentry,7
web/api/filesystemdirectoryhandle/resolve,6
web/api/filesystemdirectoryhandle/values,7
web/api/filesystemdirectoryreader,null
web/api/filesystemdirectoryreader/readentries,null
web/api/filesystementry,4
web/api/filesystementry/copyto,4
web/api/filesystementry/filesystem,1
web/api/filesystementry/fullpath,1
web/api/filesystementry/getmetadata,4
web/api/filesystementry/getparent,3
web/api/filesystementry/isdirectory,2
web/api/filesystementry/isfile,2
web/api/filesystementry/moveto,4
web/api/filesystementry/name,1
web/api/filesystementry/remove,5
web/api/filesystementry/tourl,4
web/api/filesystemfileentry,null
web/api/filesystemfileentry/createwriter,null
web/api/filesystemfileentry/file,null
web/api/filesystemfilehandle,6
web/api/filesystemfilehandle/createsyncaccesshandle,12
web/api/filesystemfilehandle/createwritable,14
web/api/filesystemfilehandle/getfile,0
web/api/filesystemhandle,7
web/api/filesystemhandle/issameentry,9
web/api/filesystemhandle/kind,5
web/api/filesystemhandle/name,5
web/api/filesystemhandle/querypermission,11
web/api/filesystemhandle/remove,7
web/api/filesystemhandle/requestpermission,13
web/api/filesystemobserver,null
web/api/filesystemobserver/disconnect,null
web/api/filesystemobserver/filesystemobserver,null
web/api/filesystemobserver/observe,null
web/api/filesystemsync,4
web/api/filesystemsyncaccesshandle,8
web/api/filesystemsyncaccesshandle/close,8
web/api/filesystemsyncaccesshandle/flush,9
web/api/filesystemsyncaccesshandle/getsize,8
web/api/filesystemsyncaccesshandle/read,10
web/api/filesystemsyncaccesshandle/truncate,10
web/api/filesystemsyncaccesshandle/write,12
web/api/filesystemwritablefilestream,4
web/api/filesystemwritablefilestream/seek,6
web/api/filesystemwritablefilestream/truncate,8
web/api/filesystemwritablefilestream/write,8
web/api/focusevent,2
web/api/focusevent/focusevent,3
web/api/focusevent/relatedtarget,4
web/api/fontdata,null
web/api/fontdata/blob,null
web/api/fontdata/family,null
web/api/fontdata/fullname,null
web/api/fontdata/postscriptname,null
web/api/fontdata/style,null
web/api/fontface,8
web/api/fontface/ascentoverride,2
web/api/fontface/descentoverride,2
web/api/fontface/display,1
web/api/fontface/family,4
web/api/fontface/featuresettings,1
web/api/fontface/fontface,4
web/api/fontface/linegapoverride,2
web/api/fontface/load,3
web/api/fontface/loaded,1
web/api/fontface/status,1
web/api/fontface/stretch,1
web/api/fontface/style,1
web/api/fontface/unicoderange,1
web/api/fontface/variant,2
web/api/fontface/variationsettings,2
web/api/fontface/weight,1
web/api/fontfaceset,4
web/api/fontfaceset/add,2
web/api/fontfaceset/check,11
web/api/fontfaceset/clear,1
web/api/fontfaceset/delete,2
web/api/fontfaceset/entries,1
web/api/fontfaceset/foreach,3
web/api/fontfaceset/has,1
web/api/fontfaceset/keys,1
web/api/fontfaceset/load,3
web/api/fontfaceset/loading_event,2
web/api/fontfaceset/loadingdone_event,2
web/api/fontfaceset/loadingerror_event,2
web/api/fontfaceset/ready,1
web/api/fontfaceset/size,1
web/api/fontfaceset/status,1
web/api/fontfaceset/values,2
web/api/fontfacesetloadevent,1
web/api/fontfacesetloadevent/fontfaces,1
web/api/fontfacesetloadevent/fontfacesetloadevent,1
web/api/force_touch_events,null
web/api/formdata,0
web/api/formdata/append,0
web/api/formdata/delete,0
web/api/formdata/entries,4
web/api/formdata/formdata,8
web/api/formdata/get,2
web/api/formdata/getall,2
web/api/formdata/has,2
web/api/formdata/keys,2
web/api/formdata/set,4
web/api/formdata/values,2
web/api/formdataevent,3
web/api/formdataevent/formdata,2
web/api/formdataevent/formdataevent,0
web/api/fragmentdirective,7
web/api/fullscreen_api,10
web/api/fullscreen_api/guide,9
web/api/gainnode,0
web/api/gainnode/gain,1
web/api/gainnode/gainnode,3
web/api/gamepad,4
web/api/gamepad/axes,3
web/api/gamepad/buttons,5
web/api/gamepad/connected,2
web/api/gamepad/displayid,4
web/api/gamepad/hand,2
web/api/gamepad/hapticactuators,2
web/api/gamepad/id,2
web/api/gamepad/index,2
web/api/gamepad/mapping,2
web/api/gamepad/pose,3
web/api/gamepad/timestamp,3
web/api/gamepad/vibrationactuator,4
web/api/gamepad_api,4
web/api/gamepad_api/using_the_gamepad_api,7
web/api/gamepadbutton,2
web/api/gamepadbutton/pressed,1
web/api/gamepadbutton/touched,1
web/api/gamepadbutton/value,1
web/api/gamepadevent,1
web/api/gamepadevent/gamepad,1
web/api/gamepadevent/gamepadevent,1
web/api/gamepadhapticactuator,null
web/api/gamepadhapticactuator/effects,null
web/api/gamepadhapticactuator/playeffect,null
web/api/gamepadhapticactuator/pulse,null
web/api/gamepadhapticactuator/reset,null
web/api/gamepadhapticactuator/type,null
web/api/gamepadpose,2
web/api/gamepadpose/angularacceleration,0
web/api/gamepadpose/angularvelocity,0
web/api/gamepadpose/hasorientation,null
web/api/gamepadpose/hasposition,0
web/api/gamepadpose/linearacceleration,0
web/api/gamepadpose/linearvelocity,0
web/api/gamepadpose/orientation,1
web/api/gamepadpose/position,0
web/api/geolocation,0
web/api/geolocation/clearwatch,0
web/api/geolocation/getcurrentposition,1
web/api/geolocation/watchposition,0
web/api/geolocation_api,1
web/api/geolocation_api/using_the_geolocation_api,0
web/api/geolocationcoordinates,0
web/api/geolocationcoordinates/accuracy,0
web/api/geolocationcoordinates/altitude,1
web/api/geolocationcoordinates/altitudeaccuracy,0
web/api/geolocationcoordinates/heading,0
web/api/geolocationcoordinates/latitude,0
web/api/geolocationcoordinates/longitude,0
web/api/geolocationcoordinates/speed,0
web/api/geolocationcoordinates/tojson,0
web/api/geolocationposition,0
web/api/geolocationposition/coords,0
web/api/geolocationposition/timestamp,0
web/api/geolocationposition/tojson,0
web/api/geolocationpositionerror,0
web/api/geolocationpositionerror/code,0
web/api/geolocationpositionerror/message,0
web/api/geometry_interfaces,1
web/api/gestureevent,null
web/api/gpu,5
web/api/gpu/getpreferredcanvasformat,4
web/api/gpu/requestadapter,7
web/api/gpu/wgsllanguagefeatures,5
web/api/gpuadapter,11
web/api/gpuadapter/features,4
web/api/gpuadapter/info,null
web/api/gpuadapter/isfallbackadapter,7
web/api/gpuadapter/limits,4
web/api/gpuadapter/requestadapterinfo,7
web/api/gpuadapter/requestdevice,9
web/api/gpuadapterinfo,8
web/api/gpuadapterinfo/architecture,4
web/api/gpuadapterinfo/description,4
web/api/gpuadapterinfo/device,4
web/api/gpuadapterinfo/isfallbackadapter,null
web/api/gpuadapterinfo/subgroupmaxsize,null
web/api/gpuadapterinfo/subgroupminsize,null
web/api/gpuadapterinfo/vendor,4
web/api/gpubindgroup,null
web/api/gpubindgroup/label,null
web/api/gpubindgrouplayout,null
web/api/gpubindgrouplayout/label,null
web/api/gpubuffer,null
web/api/gpubuffer/destroy,null
web/api/gpubuffer/getmappedrange,null
web/api/gpubuffer/label,null
web/api/gpubuffer/mapasync,null
web/api/gpubuffer/mapstate,null
web/api/gpubuffer/size,null
web/api/gpubuffer/unmap,null
web/api/gpubuffer/usage,null
web/api/gpucanvascontext,4
web/api/gpucanvascontext/canvas,2
web/api/gpucanvascontext/configure,7
web/api/gpucanvascontext/getconfiguration,null
web/api/gpucanvascontext/getcurrenttexture,5
web/api/gpucanvascontext/unconfigure,3
web/api/gpucommandbuffer,null
web/api/gpucommandbuffer/label,null
web/api/gpucommandencoder,null
web/api/gpucommandencoder/begincomputepass,null
web/api/gpucommandencoder/beginrenderpass,null
web/api/gpucommandencoder/clearbuffer,null
web/api/gpucommandencoder/copybuffertobuffer,null
web/api/gpucommandencoder/copybuffertotexture,null
web/api/gpucommandencoder/copytexturetobuffer,null
web/api/gpucommandencoder/copytexturetotexture,null
web/api/gpucommandencoder/finish,null
web/api/gpucommandencoder/insertdebugmarker,null
web/api/gpucommandencoder/label,null
web/api/gpucommandencoder/popdebuggroup,null
web/api/gpucommandencoder/pushdebuggroup,null
web/api/gpucommandencoder/resolvequeryset,null
web/api/gpucommandencoder/writetimestamp,null
web/api/gpucompilationinfo,3
web/api/gpucompilationinfo/messages,2
web/api/gpucompilationmessage,2
web/api/gpucompilationmessage/length,4
web/api/gpucompilationmessage/linenum,3
web/api/gpucompilationmessage/linepos,4
web/api/gpucompilationmessage/message,3
web/api/gpucompilationmessage/offset,4
web/api/gpucompilationmessage/type,4
web/api/gpucomputepassencoder,null
web/api/gpucomputepassencoder/dispatchworkgroups,null
web/api/gpucomputepassencoder/dispatchworkgroupsindirect,null
web/api/gpucomputepassencoder/end,null
web/api/gpucomputepassencoder/insertdebugmarker,null
web/api/gpucomputepassencoder/label,null
web/api/gpucomputepassencoder/popdebuggroup,null
web/api/gpucomputepassencoder/pushdebuggroup,null
web/api/gpucomputepassencoder/setbindgroup,null
web/api/gpucomputepassencoder/setpipeline,null
web/api/gpucomputepipeline,null
web/api/gpucomputepipeline/getbindgrouplayout,null
web/api/gpucomputepipeline/label,null
web/api/gpudevice,null
web/api/gpudevice/adapterinfo,null
web/api/gpudevice/createbindgroup,null
web/api/gpudevice/createbindgrouplayout,null
web/api/gpudevice/createbuffer,null
web/api/gpudevice/createcommandencoder,null
web/api/gpudevice/createcomputepipeline,null
web/api/gpudevice/createcomputepipelineasync,null
web/api/gpudevice/createpipelinelayout,null
web/api/gpudevice/createqueryset,null
web/api/gpudevice/createrenderbundleencoder,null
web/api/gpudevice/createrenderpipeline,null
web/api/gpudevice/createrenderpipelineasync,null
web/api/gpudevice/createsampler,null
web/api/gpudevice/createshadermodule,null
web/api/gpudevice/createtexture,null
web/api/gpudevice/destroy,null
web/api/gpudevice/features,null
web/api/gpudevice/importexternaltexture,null
web/api/gpudevice/label,null
web/api/gpudevice/limits,null
web/api/gpudevice/lost,null
web/api/gpudevice/poperrorscope,null
web/api/gpudevice/pusherrorscope,null
web/api/gpudevice/queue,null
web/api/gpudevice/uncapturederror_event,null
web/api/gpudevicelostinfo,3
web/api/gpudevicelostinfo/message,2
web/api/gpudevicelostinfo/reason,2
web/api/gpuerror,2
web/api/gpuerror/message,2
web/api/gpuexternaltexture,null
web/api/gpuexternaltexture/label,null
web/api/gpuinternalerror,3
web/api/gpuinternalerror/gpuinternalerror,2
web/api/gpuoutofmemoryerror,2
web/api/gpuoutofmemoryerror/gpuoutofmemoryerror,2
web/api/gpupipelineerror,5
web/api/gpupipelineerror/gpupipelineerror,3
web/api/gpupipelineerror/reason,2
web/api/gpupipelinelayout,null
web/api/gpupipelinelayout/label,null
web/api/gpuqueryset,null
web/api/gpuqueryset/count,null
web/api/gpuqueryset/destroy,null
web/api/gpuqueryset/label,null
web/api/gpuqueryset/type,null
web/api/gpuqueue,null
web/api/gpuqueue/copyexternalimagetotexture,null
web/api/gpuqueue/label,null
web/api/gpuqueue/onsubmittedworkdone,null
web/api/gpuqueue/submit,null
web/api/gpuqueue/writebuffer,null
web/api/gpuqueue/writetexture,null
web/api/gpurenderbundle,null
web/api/gpurenderbundle/label,null
web/api/gpurenderbundleencoder,null
web/api/gpurenderbundleencoder/draw,null
web/api/gpurenderbundleencoder/drawindexed,null
web/api/gpurenderbundleencoder/drawindexedindirect,null
web/api/gpurenderbundleencoder/drawindirect,null
web/api/gpurenderbundleencoder/finish,null
web/api/gpurenderbundleencoder/insertdebugmarker,null
web/api/gpurenderbundleencoder/label,null
web/api/gpurenderbundleencoder/popdebuggroup,null
web/api/gpurenderbundleencoder/pushdebuggroup,null
web/api/gpurenderbundleencoder/setbindgroup,null
web/api/gpurenderbundleencoder/setindexbuffer,null
web/api/gpurenderbundleencoder/setpipeline,null
web/api/gpurenderbundleencoder/setvertexbuffer,null
web/api/gpurenderpassencoder,null
web/api/gpurenderpassencoder/beginocclusionquery,null
web/api/gpurenderpassencoder/draw,null
web/api/gpurenderpassencoder/drawindexed,null
web/api/gpurenderpassencoder/drawindexedindirect,null
web/api/gpurenderpassencoder/drawindirect,null
web/api/gpurenderpassencoder/end,null
web/api/gpurenderpassencoder/endocclusionquery,null
web/api/gpurenderpassencoder/executebundles,null
web/api/gpurenderpassencoder/insertdebugmarker,null
web/api/gpurenderpassencoder/label,null
web/api/gpurenderpassencoder/popdebuggroup,null
web/api/gpurenderpassencoder/pushdebuggroup,null
web/api/gpurenderpassencoder/setbindgroup,null
web/api/gpurenderpassencoder/setblendconstant,null
web/api/gpurenderpassencoder/setindexbuffer,null
web/api/gpurenderpassencoder/setpipeline,null
web/api/gpurenderpassencoder/setscissorrect,null
web/api/gpurenderpassencoder/setstencilreference,null
web/api/gpurenderpassencoder/setvertexbuffer,null
web/api/gpurenderpassencoder/setviewport,null
web/api/gpurenderpipeline,null
web/api/gpurenderpipeline/getbindgrouplayout,null
web/api/gpurenderpipeline/label,null
web/api/gpusampler,null
web/api/gpusampler/label,null
web/api/gpushadermodule,null
web/api/gpushadermodule/getcompilationinfo,null
web/api/gpushadermodule/label,null
web/api/gpusupportedfeatures,0
web/api/gpusupportedlimits,6
web/api/gputexture,null
web/api/gputexture/createview,null
web/api/gputexture/depthorarraylayers,null
web/api/gputexture/destroy,null
web/api/gputexture/dimension,null
web/api/gputexture/format,null
web/api/gputexture/height,null
web/api/gputexture/label,null
web/api/gputexture/miplevelcount,null
web/api/gputexture/samplecount,null
web/api/gputexture/usage,null
web/api/gputexture/width,null
web/api/gputextureview,null
web/api/gputextureview/label,null
web/api/gpuuncapturederrorevent,3
web/api/gpuuncapturederrorevent/error,2
web/api/gpuuncapturederrorevent/gpuuncapturederrorevent,2
web/api/gpuvalidationerror,2
web/api/gpuvalidationerror/gpuvalidationerror,2
web/api/gravitysensor,2
web/api/gravitysensor/gravitysensor,3
web/api/gyroscope,2
web/api/gyroscope/gyroscope,3
web/api/gyroscope/x,1
web/api/gyroscope/y,2
web/api/gyroscope/z,1
web/api/hashchangeevent,1
web/api/hashchangeevent/hashchangeevent,2
web/api/hashchangeevent/newurl,0
web/api/hashchangeevent/oldurl,0
web/api/headers,4
web/api/headers/append,2
web/api/headers/delete,2
web/api/headers/entries,3
web/api/headers/foreach,2
web/api/headers/get,3
web/api/headers/getsetcookie,0
web/api/headers/has,2
web/api/headers/headers,1
web/api/headers/keys,3
web/api/headers/set,2
web/api/headers/values,3
web/api/hid,3
web/api/hid/connect_event,6
web/api/hid/disconnect_event,7
web/api/hid/getdevices,5
web/api/hid/requestdevice,9
web/api/hidconnectionevent,5
web/api/hidconnectionevent/device,4
web/api/hidconnectionevent/hidconnectionevent,4
web/api/hiddevice,8
web/api/hiddevice/close,3
web/api/hiddevice/collections,10
web/api/hiddevice/forget,4
web/api/hiddevice/inputreport_event,8
web/api/hiddevice/open,4
web/api/hiddevice/opened,5
web/api/hiddevice/productid,5
web/api/hiddevice/productname,5
web/api/hiddevice/receivefeaturereport,3
web/api/hiddevice/sendfeaturereport,6
web/api/hiddevice/sendreport,8
web/api/hiddevice/vendorid,5
web/api/hidinputreportevent,5
web/api/hidinputreportevent/data,3
web/api/hidinputreportevent/device,3
web/api/hidinputreportevent/reportid,3
web/api/highlight,4
web/api/highlight/add,1
web/api/highlight/clear,2
web/api/highlight/delete,1
web/api/highlight/entries,3
web/api/highlight/foreach,3
web/api/highlight/has,1
web/api/highlight/highlight,5
web/api/highlight/keys,2
web/api/highlight/priority,2
web/api/highlight/size,1
web/api/highlight/type,2
web/api/highlight/values,3
web/api/highlightregistry,5
web/api/highlightregistry/clear,1
web/api/highlightregistry/delete,0
web/api/highlightregistry/entries,1
web/api/highlightregistry/foreach,2
web/api/highlightregistry/get,0
web/api/highlightregistry/has,0
web/api/highlightregistry/highlightsfrompoint,null
web/api/highlightregistry/keys,1
web/api/highlightregistry/set,2
web/api/highlightregistry/size,0
web/api/highlightregistry/values,1
web/api/history,3
web/api/history/back,2
web/api/history/forward,2
web/api/history/go,4
web/api/history/length,2
web/api/history/pushstate,7
web/api/history/replacestate,5
web/api/history/scrollrestoration,2
web/api/history/state,0
web/api/history_api,1
web/api/history_api/working_with_the_history_api,8
web/api/hkdfparams,0
web/api/hmacimportparams,0
web/api/hmackeygenparams,4
web/api/hmdvrdevice,null
web/api/hmdvrdevice/geteyeparameters,null
web/api/hmdvrdevice/setfieldofview,null
web/api/houdini_apis,6
web/api/html_dom_api,11
web/api/html_dom_api/microtask_guide,13
web/api/html_dom_api/microtask_guide/in_depth,null
web/api/html_drag_and_drop_api,1
web/api/html_drag_and_drop_api/drag_data_store,1
web/api/html_drag_and_drop_api/drag_operations,2
web/api/html_drag_and_drop_api/file_drag_and_drop,1
web/api/html_drag_and_drop_api/kanban_board,0
web/api/html_sanitizer_api,0
web/api/html_sanitizer_api/default_sanitizer_configuration,null
web/api/html_sanitizer_api/using_the_html_sanitizer_api,null
web/api/htmlallcollection,1
web/api/htmlallcollection/item,1
web/api/htmlallcollection/length,0
web/api/htmlallcollection/nameditem,1
web/api/htmlanchorelement,6
web/api/htmlanchorelement/attributionsourceid,null
web/api/htmlanchorelement/attributionsrc,7
web/api/htmlanchorelement/download,1
web/api/htmlanchorelement/hash,3
web/api/htmlanchorelement/host,1
web/api/htmlanchorelement/hostname,1
web/api/htmlanchorelement/href,1
web/api/htmlanchorelement/hreflang,1
web/api/htmlanchorelement/interestforelement,null
web/api/htmlanchorelement/origin,1
web/api/htmlanchorelement/password,1
web/api/htmlanchorelement/pathname,0
web/api/htmlanchorelement/ping,0
web/api/htmlanchorelement/port,2
web/api/htmlanchorelement/protocol,2
web/api/htmlanchorelement/referrerpolicy,4
web/api/htmlanchorelement/rel,1
web/api/htmlanchorelement/rellist,3
web/api/htmlanchorelement/search,3
web/api/htmlanchorelement/target,1
web/api/htmlanchorelement/text,0
web/api/htmlanchorelement/tostring,0
web/api/htmlanchorelement/type,0
web/api/htmlanchorelement/username,1
web/api/htmlareaelement,2
web/api/htmlareaelement/alt,0
web/api/htmlareaelement/coords,0
web/api/htmlareaelement/download,0
web/api/htmlareaelement/hash,0
web/api/htmlareaelement/host,0
web/api/htmlareaelement/hostname,0
web/api/htmlareaelement/href,0
web/api/htmlareaelement/interestforelement,null
web/api/htmlareaelement/origin,0
web/api/htmlareaelement/password,0
web/api/htmlareaelement/pathname,0
web/api/htmlareaelement/ping,1
web/api/htmlareaelement/port,0
web/api/htmlareaelement/protocol,0
web/api/htmlareaelement/referrerpolicy,3
web/api/htmlareaelement/rel,0
web/api/htmlareaelement/rellist,2
web/api/htmlareaelement/search,0
web/api/htmlareaelement/shape,0
web/api/htmlareaelement/target,0
web/api/htmlareaelement/tostring,0
web/api/htmlareaelement/username,0
web/api/htmlaudioelement,3
web/api/htmlaudioelement/audio,2
web/api/htmlbaseelement,1
web/api/htmlbaseelement/href,null
web/api/htmlbaseelement/target,null
web/api/htmlbodyelement,3
web/api/htmlbrelement,0
web/api/htmlbuttonelement,5
web/api/htmlbuttonelement/checkvalidity,2
web/api/htmlbuttonelement/command,5
web/api/htmlbuttonelement/commandforelement,2
web/api/htmlbuttonelement/disabled,0
web/api/htmlbuttonelement/form,3
web/api/htmlbuttonelement/formaction,2
web/api/htmlbuttonelement/formenctype,2
web/api/htmlbuttonelement/formmethod,2
web/api/htmlbuttonelement/formnovalidate,2
web/api/htmlbuttonelement/formtarget,2
web/api/htmlbuttonelement/interestforelement,null
web/api/htmlbuttonelement/labels,1
web/api/htmlbuttonelement/name,1
web/api/htmlbuttonelement/popovertargetaction,4
web/api/htmlbuttonelement/popovertargetelement,5
web/api/htmlbuttonelement/reportvalidity,5
web/api/htmlbuttonelement/setcustomvalidity,2
web/api/htmlbuttonelement/type,4
web/api/htmlbuttonelement/validationmessage,2
web/api/htmlbuttonelement/validity,4
web/api/htmlbuttonelement/value,1
web/api/htmlbuttonelement/willvalidate,2
web/api/htmlcanvaselement,7
web/api/htmlcanvaselement/capturestream,2
web/api/htmlcanvaselement/contextlost_event,5
web/api/htmlcanvaselement/contextrestored_event,7
web/api/htmlcanvaselement/getcontext,6
web/api/htmlcanvaselement/height,6
web/api/htmlcanvaselement/mozopaque,3
web/api/htmlcanvaselement/toblob,4
web/api/htmlcanvaselement/todataurl,7
web/api/htmlcanvaselement/transfercontroltooffscreen,3
web/api/htmlcanvaselement/webglcontextcreationerror_event,5
web/api/htmlcanvaselement/webglcontextlost_event,3
web/api/htmlcanvaselement/webglcontextrestored_event,5
web/api/htmlcanvaselement/width,5
web/api/htmlcollection,2
web/api/htmlcollection/item,3
web/api/htmlcollection/length,0
web/api/htmlcollection/nameditem,3
web/api/htmldataelement,1
web/api/htmldataelement/value,1
web/api/htmldatalistelement,0
web/api/htmldatalistelement/options,null
web/api/htmldetailselement,4
web/api/htmldetailselement/name,null
web/api/htmldetailselement/open,1
web/api/htmldialogelement,1
web/api/htmldialogelement/cancel_event,3
web/api/htmldialogelement/close,3
web/api/htmldialogelement/close_event,2
web/api/htmldialogelement/closedby,3
web/api/htmldialogelement/open,1
web/api/htmldialogelement/requestclose,3
web/api/htmldialogelement/returnvalue,1
web/api/htmldialogelement/show,3
web/api/htmldialogelement/showmodal,1
web/api/htmldivelement,0
web/api/htmldlistelement,0
web/api/htmldlistelement/compact,null
web/api/htmldocument,0
web/api/htmlelement,2
web/api/htmlelement/accesskey,1
web/api/htmlelement/accesskeylabel,2
web/api/htmlelement/anchorelement,3
web/api/htmlelement/attachinternals,0
web/api/htmlelement/attributestylemap,1
web/api/htmlelement/autocapitalize,2
web/api/htmlelement/autocorrect,2
web/api/htmlelement/autofocus,2
web/api/htmlelement/beforetoggle_event,14
web/api/htmlelement/blur,1
web/api/htmlelement/change_event,2
web/api/htmlelement/click,3
web/api/htmlelement/command_event,3
web/api/htmlelement/contenteditable,3
web/api/htmlelement/dataset,7
web/api/htmlelement/dir,3
web/api/htmlelement/drag_event,5
web/api/htmlelement/dragend_event,4
web/api/htmlelement/dragenter_event,5
web/api/htmlelement/draggable,3
web/api/htmlelement/dragleave_event,5
web/api/htmlelement/dragover_event,5
web/api/htmlelement/dragstart_event,4
web/api/htmlelement/drop_event,5
web/api/htmlelement/editcontext,3
web/api/htmlelement/enterkeyhint,1
web/api/htmlelement/error_event,4
web/api/htmlelement/focus,4
web/api/htmlelement/hidden,6
web/api/htmlelement/hidepopover,4
web/api/htmlelement/inert,4
web/api/htmlelement/innertext,2
web/api/htmlelement/inputmode,3
web/api/htmlelement/interest_event,null
web/api/htmlelement/iscontenteditable,3
web/api/htmlelement/lang,3
web/api/htmlelement/load_event,5
web/api/htmlelement/loseinterest_event,null
web/api/htmlelement/nonce,2
web/api/htmlelement/offsetheight,1
web/api/htmlelement/offsetleft,4
web/api/htmlelement/offsetparent,5
web/api/htmlelement/offsettop,1
web/api/htmlelement/offsetwidth,1
web/api/htmlelement/outertext,0
web/api/htmlelement/popover,7
web/api/htmlelement/showpopover,8
web/api/htmlelement/spellcheck,2
web/api/htmlelement/style,0
web/api/htmlelement/tabindex,2
web/api/htmlelement/title,1
web/api/htmlelement/toggle_event,6
web/api/htmlelement/togglepopover,8
web/api/htmlelement/translate,3
web/api/htmlelement/virtualkeyboardpolicy,2
web/api/htmlelement/writingsuggestions,0
web/api/htmlembedelement,3
web/api/htmlembedelement/getsvgdocument,null
web/api/htmlembedelement/height,null
web/api/htmlembedelement/src,null
web/api/htmlembedelement/type,null
web/api/htmlembedelement/width,null
web/api/htmlfencedframeelement,null
web/api/htmlfencedframeelement/allow,null
web/api/htmlfencedframeelement/config,null
web/api/htmlfencedframeelement/height,null
web/api/htmlfencedframeelement/width,null
web/api/htmlfieldsetelement,3
web/api/htmlfieldsetelement/checkvalidity,null
web/api/htmlfieldsetelement/disabled,null
web/api/htmlfieldsetelement/elements,null
web/api/htmlfieldsetelement/form,null
web/api/htmlfieldsetelement/name,null
web/api/htmlfieldsetelement/reportvalidity,null
web/api/htmlfieldsetelement/setcustomvalidity,null
web/api/htmlfieldsetelement/type,null
web/api/htmlfieldsetelement/validationmessage,null
web/api/htmlfieldsetelement/validity,null
web/api/htmlfieldsetelement/willvalidate,null
web/api/htmlfontelement,2
web/api/htmlfontelement/color,6
web/api/htmlfontelement/face,3
web/api/htmlfontelement/size,3
web/api/htmlformcontrolscollection,1
web/api/htmlformcontrolscollection/nameditem,4
web/api/htmlformelement,7
web/api/htmlformelement/acceptcharset,3
web/api/htmlformelement/action,0
web/api/htmlformelement/autocomplete,2
web/api/htmlformelement/checkvalidity,3
web/api/htmlformelement/elements,7
web/api/htmlformelement/encoding,0
web/api/htmlformelement/enctype,2
web/api/htmlformelement/formdata_event,3
web/api/htmlformelement/length,0
web/api/htmlformelement/method,1
web/api/htmlformelement/name,0
web/api/htmlformelement/novalidate,2
web/api/htmlformelement/rel,null
web/api/htmlformelement/rellist,null
web/api/htmlformelement/reportvalidity,6
web/api/htmlformelement/requestsubmit,3
web/api/htmlformelement/reset,2
web/api/htmlformelement/reset_event,3
web/api/htmlformelement/submit,2
web/api/htmlformelement/submit_event,9
web/api/htmlformelement/target,3
web/api/htmlframesetelement,4
web/api/htmlgeolocationelement,2
web/api/htmlgeolocationelement/autolocate,1
web/api/htmlgeolocationelement/error,1
web/api/htmlgeolocationelement/htmlgeolocationelement,2
web/api/htmlgeolocationelement/initialpermissionstatus,2
web/api/htmlgeolocationelement/invalidreason,2
web/api/htmlgeolocationelement/isvalid,1
web/api/htmlgeolocationelement/location_event,1
web/api/htmlgeolocationelement/permissionstatus,1
web/api/htmlgeolocationelement/position,1
web/api/htmlgeolocationelement/promptaction_event,1
web/api/htmlgeolocationelement/promptdismiss_event,1
web/api/htmlgeolocationelement/validationstatuschange_event,1
web/api/htmlgeolocationelement/watch,1
web/api/htmlheadelement,1
web/api/htmlheadingelement,2
web/api/htmlhrelement,1
web/api/htmlhtmlelement,0
web/api/htmlhtmlelement/version,3
web/api/htmliframeelement,10
web/api/htmliframeelement/allow,1
web/api/htmliframeelement/allowfullscreen,1
web/api/htmliframeelement/allowpaymentrequest,1
web/api/htmliframeelement/browsingtopics,4
web/api/htmliframeelement/contentdocument,1
web/api/htmliframeelement/contentwindow,2
web/api/htmliframeelement/credentialless,1
web/api/htmliframeelement/csp,1
web/api/htmliframeelement/featurepolicy,2
web/api/htmliframeelement/getsvgdocument,null
web/api/htmliframeelement/height,0
web/api/htmliframeelement/loading,4
web/api/htmliframeelement/name,0
web/api/htmliframeelement/privatetoken,null
web/api/htmliframeelement/referrerpolicy,4
web/api/htmliframeelement/sandbox,1
web/api/htmliframeelement/src,4
web/api/htmliframeelement/srcdoc,6
web/api/htmliframeelement/width,0
web/api/htmlimageelement,8
web/api/htmlimageelement/align,3
web/api/htmlimageelement/alt,6
web/api/htmlimageelement/attributionsrc,7
web/api/htmlimageelement/border,3
web/api/htmlimageelement/complete,3
web/api/htmlimageelement/crossorigin,5
web/api/htmlimageelement/currentsrc,5
web/api/htmlimageelement/decode,2
web/api/htmlimageelement/decoding,2
web/api/htmlimageelement/fetchpriority,3
web/api/htmlimageelement/height,6
web/api/htmlimageelement/hspace,4
web/api/htmlimageelement/image,3
web/api/htmlimageelement/ismap,6
web/api/htmlimageelement/loading,0
web/api/htmlimageelement/longdesc,5
web/api/htmlimageelement/name,5
web/api/htmlimageelement/naturalheight,3
web/api/htmlimageelement/naturalwidth,2
web/api/htmlimageelement/referrerpolicy,3
web/api/htmlimageelement/sizes,0
web/api/htmlimageelement/src,2
web/api/htmlimageelement/srcset,2
web/api/htmlimageelement/usemap,8
web/api/htmlimageelement/vspace,3
web/api/htmlimageelement/width,3
web/api/htmlimageelement/x,8
web/api/htmlimageelement/y,4
web/api/htmlinputelement,1
web/api/htmlinputelement/accept,1
web/api/htmlinputelement/alpha,0
web/api/htmlinputelement/alt,2
web/api/htmlinputelement/autocomplete,2
web/api/htmlinputelement/cancel_event,3
web/api/htmlinputelement/capture,2
web/api/htmlinputelement/checked,1
web/api/htmlinputelement/checkvalidity,2
web/api/htmlinputelement/colorspace,0
web/api/htmlinputelement/defaultchecked,1
web/api/htmlinputelement/defaultvalue,1
web/api/htmlinputelement/dirname,0
web/api/htmlinputelement/disabled,2
web/api/htmlinputelement/files,3
web/api/htmlinputelement/form,3
web/api/htmlinputelement/formaction,2
web/api/htmlinputelement/formenctype,2
web/api/htmlinputelement/formmethod,2
web/api/htmlinputelement/formnovalidate,2
web/api/htmlinputelement/formtarget,2
web/api/htmlinputelement/height,2
web/api/htmlinputelement/indeterminate,1
web/api/htmlinputelement/invalid_event,3
web/api/htmlinputelement/labels,1
web/api/htmlinputelement/list,2
web/api/htmlinputelement/max,1
web/api/htmlinputelement/maxlength,2
web/api/htmlinputelement/min,1
web/api/htmlinputelement/minlength,2
web/api/htmlinputelement/multiple,2
web/api/htmlinputelement/name,1
web/api/htmlinputelement/pattern,1
web/api/htmlinputelement/placeholder,1
web/api/htmlinputelement/popovertargetaction,3
web/api/htmlinputelement/popovertargetelement,6
web/api/htmlinputelement/readonly,1
web/api/htmlinputelement/reportvalidity,5
web/api/htmlinputelement/required,1
web/api/htmlinputelement/search_event,4
web/api/htmlinputelement/select,1
web/api/htmlinputelement/select_event,2
web/api/htmlinputelement/selectionchange_event,4
web/api/htmlinputelement/selectiondirection,2
web/api/htmlinputelement/selectionend,3
web/api/htmlinputelement/selectionstart,2
web/api/htmlinputelement/setcustomvalidity,4
web/api/htmlinputelement/setrangetext,3
web/api/htmlinputelement/setselectionrange,7
web/api/htmlinputelement/showpicker,5
web/api/htmlinputelement/size,1
web/api/htmlinputelement/src,1
web/api/htmlinputelement/step,1
web/api/htmlinputelement/stepdown,3
web/api/htmlinputelement/stepup,1
web/api/htmlinputelement/type,2
web/api/htmlinputelement/validationmessage,2
web/api/htmlinputelement/validity,2
web/api/htmlinputelement/value,1
web/api/htmlinputelement/valueasdate,2
web/api/htmlinputelement/valueasnumber,0
web/api/htmlinputelement/webkitdirectory,8
web/api/htmlinputelement/webkitentries,2
web/api/htmlinputelement/width,3
web/api/htmlinputelement/willvalidate,2
web/api/htmllabelelement,2
web/api/htmllabelelement/control,2
web/api/htmllabelelement/form,3
web/api/htmllabelelement/htmlfor,4
web/api/htmllegendelement,4
web/api/htmllegendelement/form,null
web/api/htmllielement,0
web/api/htmllielement/value,0
web/api/htmllinkelement,11
web/api/htmllinkelement/as,3
web/api/htmllinkelement/blocking,null
web/api/htmllinkelement/crossorigin,null
web/api/htmllinkelement/disabled,null
web/api/htmllinkelement/fetchpriority,8
web/api/htmllinkelement/href,null
web/api/htmllinkelement/hreflang,null
web/api/htmllinkelement/imagesizes,null
web/api/htmllinkelement/imagesrcset,null
web/api/htmllinkelement/integrity,null
web/api/htmllinkelement/media,null
web/api/htmllinkelement/referrerpolicy,4
web/api/htmllinkelement/rel,2
web/api/htmllinkelement/rellist,4
web/api/htmllinkelement/sheet,2
web/api/htmllinkelement/sizes,null
web/api/htmllinkelement/type,null
web/api/htmlmapelement,0
web/api/htmlmapelement/areas,1
web/api/htmlmapelement/name,0
web/api/htmlmarqueeelement,2
web/api/htmlmediaelement,7
web/api/htmlmediaelement/abort_event,3
web/api/htmlmediaelement/addtexttrack,0
web/api/htmlmediaelement/audiotracks,1
web/api/htmlmediaelement/autoplay,3
web/api/htmlmediaelement/buffered,0
web/api/htmlmediaelement/canplay_event,1
web/api/htmlmediaelement/canplaythrough_event,1
web/api/htmlmediaelement/canplaytype,4
web/api/htmlmediaelement/capturestream,1
web/api/htmlmediaelement/controller,1
web/api/htmlmediaelement/controls,1
web/api/htmlmediaelement/controlslist,1
web/api/htmlmediaelement/crossorigin,2
web/api/htmlmediaelement/currentsrc,1
web/api/htmlmediaelement/currenttime,0
web/api/htmlmediaelement/defaultmuted,1
web/api/htmlmediaelement/defaultplaybackrate,0
web/api/htmlmediaelement/disableremoteplayback,1
web/api/htmlmediaelement/duration,1
web/api/htmlmediaelement/durationchange_event,1
web/api/htmlmediaelement/emptied_event,1
web/api/htmlmediaelement/encrypted_event,3
web/api/htmlmediaelement/ended,0
web/api/htmlmediaelement/ended_event,3
web/api/htmlmediaelement/error,0
web/api/htmlmediaelement/error_event,2
web/api/htmlmediaelement/fastseek,0
web/api/htmlmediaelement/getstartdate,null
web/api/htmlmediaelement/load,2
web/api/htmlmediaelement/loadeddata_event,1
web/api/htmlmediaelement/loadedmetadata_event,1
web/api/htmlmediaelement/loading,null
web/api/htmlmediaelement/loadstart_event,3
web/api/htmlmediaelement/loop,1
web/api/htmlmediaelement/mediagroup,1
web/api/htmlmediaelement/mediakeys,0
web/api/htmlmediaelement/muted,0
web/api/htmlmediaelement/networkstate,0
web/api/htmlmediaelement/pause,0
web/api/htmlmediaelement/pause_event,1
web/api/htmlmediaelement/paused,0
web/api/htmlmediaelement/play,6
web/api/htmlmediaelement/play_event,1
web/api/htmlmediaelement/playbackrate,0
web/api/htmlmediaelement/played,0
web/api/htmlmediaelement/playing_event,1
web/api/htmlmediaelement/preload,1
web/api/htmlmediaelement/preservespitch,1
web/api/htmlmediaelement/progress_event,2
web/api/htmlmediaelement/ratechange_event,1
web/api/htmlmediaelement/readystate,0
web/api/htmlmediaelement/remote,0
web/api/htmlmediaelement/seekable,2
web/api/htmlmediaelement/seeked_event,1
web/api/htmlmediaelement/seeking,0
web/api/htmlmediaelement/seeking_event,0
web/api/htmlmediaelement/seektonextframe,1
web/api/htmlmediaelement/setmediakeys,2
web/api/htmlmediaelement/setsinkid,2
web/api/htmlmediaelement/sinkid,2
web/api/htmlmediaelement/src,1
web/api/htmlmediaelement/srcobject,1
web/api/htmlmediaelement/stalled_event,1
web/api/htmlmediaelement/suspend_event,2
web/api/htmlmediaelement/texttracks,3
web/api/htmlmediaelement/timeupdate_event,1
web/api/htmlmediaelement/videotracks,0
web/api/htmlmediaelement/volume,1
web/api/htmlmediaelement/volumechange_event,1
web/api/htmlmediaelement/waiting_event,1
web/api/htmlmediaelement/waitingforkey_event,0
web/api/htmlmenuelement,2
web/api/htmlmenuelement/compact,null
web/api/htmlmetaelement,7
web/api/htmlmetaelement/content,4
web/api/htmlmetaelement/httpequiv,3
web/api/htmlmetaelement/media,7
web/api/htmlmetaelement/name,3
web/api/htmlmetaelement/scheme,3
web/api/htmlmeterelement,1
web/api/htmlmeterelement/high,null
web/api/htmlmeterelement/labels,1
web/api/htmlmeterelement/low,null
web/api/htmlmeterelement/max,null
web/api/htmlmeterelement/min,null
web/api/htmlmeterelement/optimum,null
web/api/htmlmeterelement/value,null
web/api/htmlmodelement,1
web/api/htmlmodelement/cite,null
web/api/htmlmodelement/datetime,null
web/api/htmlobjectelement,4
web/api/htmlobjectelement/checkvalidity,4
web/api/htmlobjectelement/contentdocument,0
web/api/htmlobjectelement/contentwindow,0
web/api/htmlobjectelement/data,1
web/api/htmlobjectelement/form,2
web/api/htmlobjectelement/getsvgdocument,null
web/api/htmlobjectelement/height,3
web/api/htmlobjectelement/name,1
web/api/htmlobjectelement/reportvalidity,null
web/api/htmlobjectelement/setcustomvalidity,1
web/api/htmlobjectelement/type,1
web/api/htmlobjectelement/usemap,3
web/api/htmlobjectelement/validationmessage,0
web/api/htmlobjectelement/validity,5
web/api/htmlobjectelement/width,3
web/api/htmlobjectelement/willvalidate,3
web/api/htmlolistelement,2
web/api/htmlolistelement/compact,null
web/api/htmlolistelement/reversed,null
web/api/htmlolistelement/start,null
web/api/htmlolistelement/type,null
web/api/htmloptgroupelement,0
web/api/htmloptgroupelement/disabled,null
web/api/htmloptgroupelement/label,null
web/api/htmloptionelement,2
web/api/htmloptionelement/defaultselected,null
web/api/htmloptionelement/disabled,null
web/api/htmloptionelement/form,null
web/api/htmloptionelement/index,null
web/api/htmloptionelement/label,null
web/api/htmloptionelement/option,3
web/api/htmloptionelement/selected,null
web/api/htmloptionelement/text,null
web/api/htmloptionelement/value,null
web/api/htmloptionscollection,4
web/api/htmloptionscollection/add,null
web/api/htmloptionscollection/length,null
web/api/htmloptionscollection/remove,null
web/api/htmloptionscollection/selectedindex,null
web/api/htmloutputelement,0
web/api/htmloutputelement/checkvalidity,0
web/api/htmloutputelement/defaultvalue,0
web/api/htmloutputelement/form,0
web/api/htmloutputelement/htmlfor,1
web/api/htmloutputelement/htmloutputelement,0
web/api/htmloutputelement/labels,0
web/api/htmloutputelement/name,0
web/api/htmloutputelement/reportvalidity,0
web/api/htmloutputelement/setcustomvalidity,0
web/api/htmloutputelement/type,0
web/api/htmloutputelement/validationmessage,0
web/api/htmloutputelement/validity,1
web/api/htmloutputelement/value,0
web/api/htmloutputelement/willvalidate,0
web/api/htmlparagraphelement,0
web/api/htmlparamelement,2
web/api/htmlpictureelement,0
web/api/htmlpreelement,1
web/api/htmlprogresselement,0
web/api/htmlprogresselement/labels,1
web/api/htmlprogresselement/max,null
web/api/htmlprogresselement/position,null
web/api/htmlprogresselement/value,null
web/api/htmlquoteelement,1
web/api/htmlquoteelement/cite,null
web/api/htmlscriptelement,13
web/api/htmlscriptelement/async,0
web/api/htmlscriptelement/attributionsrc,9
web/api/htmlscriptelement/blocking,5
web/api/htmlscriptelement/crossorigin,2
web/api/htmlscriptelement/defer,0
web/api/htmlscriptelement/fetchpriority,4
web/api/htmlscriptelement/innertext,null
web/api/htmlscriptelement/integrity,2
web/api/htmlscriptelement/nomodule,0
web/api/htmlscriptelement/referrerpolicy,4
web/api/htmlscriptelement/src,4
web/api/htmlscriptelement/supports_static,2
web/api/htmlscriptelement/text,4
web/api/htmlscriptelement/textcontent,null
web/api/htmlscriptelement/type,2
web/api/htmlselectedcontentelement,2
web/api/htmlselectelement,2
web/api/htmlselectelement/add,0
web/api/htmlselectelement/autocomplete,2
web/api/htmlselectelement/checkvalidity,3
web/api/htmlselectelement/disabled,3
web/api/htmlselectelement/form,4
web/api/htmlselectelement/item,2
web/api/htmlselectelement/labels,1
web/api/htmlselectelement/length,0
web/api/htmlselectelement/multiple,1
web/api/htmlselectelement/name,1
web/api/htmlselectelement/nameditem,1
web/api/htmlselectelement/options,1
web/api/htmlselectelement/remove,1
web/api/htmlselectelement/reportvalidity,2
web/api/htmlselectelement/required,1
web/api/htmlselectelement/selectedindex,2
web/api/htmlselectelement/selectedoptions,3
web/api/htmlselectelement/setcustomvalidity,3
web/api/htmlselectelement/showpicker,1
web/api/htmlselectelement/size,2
web/api/htmlselectelement/type,0
web/api/htmlselectelement/validationmessage,2
web/api/htmlselectelement/validity,2
web/api/htmlselectelement/value,0
web/api/htmlselectelement/willvalidate,2
web/api/htmlslotelement,3
web/api/htmlslotelement/assign,4
web/api/htmlslotelement/assignedelements,1
web/api/htmlslotelement/assignednodes,1
web/api/htmlslotelement/name,0
web/api/htmlslotelement/slotchange_event,6
web/api/htmlsourceelement,4
web/api/htmlsourceelement/height,null
web/api/htmlsourceelement/media,null
web/api/htmlsourceelement/sizes,null
web/api/htmlsourceelement/src,null
web/api/htmlsourceelement/srcset,null
web/api/htmlsourceelement/type,null
web/api/htmlsourceelement/width,null
web/api/htmlspanelement,0
web/api/htmlstyleelement,3
web/api/htmlstyleelement/blocking,null
web/api/htmlstyleelement/disabled,2
web/api/htmlstyleelement/media,2
web/api/htmlstyleelement/sheet,3
web/api/htmlstyleelement/type,2
web/api/htmltablecaptionelement,0
web/api/htmltablecaptionelement/align,null
web/api/htmltablecellelement,0
web/api/htmltablecellelement/abbr,0
web/api/htmltablecellelement/align,1
web/api/htmltablecellelement/bgcolor,1
web/api/htmltablecellelement/cellindex,0
web/api/htmltablecellelement/ch,1
web/api/htmltablecellelement/choff,1
web/api/htmltablecellelement/colspan,0
web/api/htmltablecellelement/headers,0
web/api/htmltablecellelement/nowrap,1
web/api/htmltablecellelement/rowspan,0
web/api/htmltablecellelement/scope,0
web/api/htmltablecellelement/valign,1
web/api/htmltablecolelement,2
web/api/htmltablecolelement/align,null
web/api/htmltablecolelement/ch,null
web/api/htmltablecolelement/choff,null
web/api/htmltablecolelement/span,null
web/api/htmltablecolelement/valign,null
web/api/htmltableelement,5
web/api/htmltableelement/align,1
web/api/htmltableelement/bgcolor,4
web/api/htmltableelement/border,1
web/api/htmltableelement/caption,1
web/api/htmltableelement/cellpadding,1
web/api/htmltableelement/cellspacing,1
web/api/htmltableelement/createcaption,3
web/api/htmltableelement/createtbody,3
web/api/htmltableelement/createtfoot,3
web/api/htmltableelement/createthead,3
web/api/htmltableelement/deletecaption,2
web/api/htmltableelement/deleterow,3
web/api/htmltableelement/deletetfoot,2
web/api/htmltableelement/deletethead,2
web/api/htmltableelement/frame,1
web/api/htmltableelement/insertrow,4
web/api/htmltableelement/rows,3
web/api/htmltableelement/rules,1
web/api/htmltableelement/summary,1
web/api/htmltableelement/tbodies,2
web/api/htmltableelement/tfoot,2
web/api/htmltableelement/thead,2
web/api/htmltableelement/width,1
web/api/htmltablerowelement,6
web/api/htmltablerowelement/align,null
web/api/htmltablerowelement/bgcolor,null
web/api/htmltablerowelement/cells,null
web/api/htmltablerowelement/ch,null
web/api/htmltablerowelement/choff,null
web/api/htmltablerowelement/deletecell,null
web/api/htmltablerowelement/insertcell,4
web/api/htmltablerowelement/rowindex,3
web/api/htmltablerowelement/sectionrowindex,null
web/api/htmltablerowelement/valign,null
web/api/htmltablesectionelement,3
web/api/htmltablesectionelement/align,null
web/api/htmltablesectionelement/ch,null
web/api/htmltablesectionelement/choff,null
web/api/htmltablesectionelement/deleterow,null
web/api/htmltablesectionelement/insertrow,null
web/api/htmltablesectionelement/rows,null
web/api/htmltablesectionelement/valign,null
web/api/htmltemplateelement,6
web/api/htmltemplateelement/content,1
web/api/htmltemplateelement/htmlfor,null
web/api/htmltemplateelement/shadowrootclonable,2
web/api/htmltemplateelement/shadowrootcustomelementregistry,null
web/api/htmltemplateelement/shadowrootdelegatesfocus,3
web/api/htmltemplateelement/shadowrootmode,2
web/api/htmltemplateelement/shadowrootserializable,2
web/api/htmltemplateelement/shadowrootslotassignment,null
web/api/htmltextareaelement,2
web/api/htmltextareaelement/autocomplete,0
web/api/htmltextareaelement/checkvalidity,2
web/api/htmltextareaelement/cols,0
web/api/htmltextareaelement/defaultvalue,0
web/api/htmltextareaelement/dirname,0
web/api/htmltextareaelement/disabled,0
web/api/htmltextareaelement/form,1
web/api/htmltextareaelement/labels,1
web/api/htmltextareaelement/maxlength,1
web/api/htmltextareaelement/minlength,1
web/api/htmltextareaelement/name,0
web/api/htmltextareaelement/placeholder,0
web/api/htmltextareaelement/readonly,1
web/api/htmltextareaelement/reportvalidity,2
web/api/htmltextareaelement/required,1
web/api/htmltextareaelement/rows,1
web/api/htmltextareaelement/select,0
web/api/htmltextareaelement/select_event,1
web/api/htmltextareaelement/selectionchange_event,1
web/api/htmltextareaelement/selectiondirection,1
web/api/htmltextareaelement/selectionend,1
web/api/htmltextareaelement/selectionstart,5
web/api/htmltextareaelement/setcustomvalidity,2
web/api/htmltextareaelement/setrangetext,1
web/api/htmltextareaelement/setselectionrange,3
web/api/htmltextareaelement/textlength,1
web/api/htmltextareaelement/type,0
web/api/htmltextareaelement/validationmessage,2
web/api/htmltextareaelement/validity,2
web/api/htmltextareaelement/value,0
web/api/htmltextareaelement/willvalidate,2
web/api/htmltextareaelement/wrap,1
web/api/htmltimeelement,1
web/api/htmltimeelement/datetime,3
web/api/htmltitleelement,2
web/api/htmltitleelement/text,null
web/api/htmltrackelement,3
web/api/htmltrackelement/cuechange_event,2
web/api/htmltrackelement/default,null
web/api/htmltrackelement/kind,null
web/api/htmltrackelement/label,null
web/api/htmltrackelement/readystate,null
web/api/htmltrackelement/src,3
web/api/htmltrackelement/srclang,null
web/api/htmltrackelement/track,null
web/api/htmlulistelement,1
web/api/htmlulistelement/compact,null
web/api/htmlunknownelement,0
web/api/htmlvideoelement,3
web/api/htmlvideoelement/cancelvideoframecallback,3
web/api/htmlvideoelement/disablepictureinpicture,1
web/api/htmlvideoelement/enterpictureinpicture_event,3
web/api/htmlvideoelement/getvideoplaybackquality,0
web/api/htmlvideoelement/height,0
web/api/htmlvideoelement/leavepictureinpicture_event,3
web/api/htmlvideoelement/poster,0
web/api/htmlvideoelement/requestpictureinpicture,5
web/api/htmlvideoelement/requestvideoframecallback,8
web/api/htmlvideoelement/resize_event,1
web/api/htmlvideoelement/videoheight,1
web/api/htmlvideoelement/videowidth,0
web/api/htmlvideoelement/width,0
web/api/idbcursor,1
web/api/idbcursor/advance,1
web/api/idbcursor/continue,1
web/api/idbcursor/continueprimarykey,1
web/api/idbcursor/delete,0
web/api/idbcursor/direction,1
web/api/idbcursor/key,1
web/api/idbcursor/primarykey,1
web/api/idbcursor/request,0
web/api/idbcursor/source,0
web/api/idbcursor/update,0
web/api/idbcursorwithvalue,3
web/api/idbcursorwithvalue/value,4
web/api/idbdatabase,6
web/api/idbdatabase/close,2
web/api/idbdatabase/close_event,5
web/api/idbdatabase/createobjectstore,5
web/api/idbdatabase/deleteobjectstore,2
web/api/idbdatabase/name,2
web/api/idbdatabase/objectstorenames,2
web/api/idbdatabase/transaction,5
web/api/idbdatabase/version,3
web/api/idbdatabase/versionchange_event,5
web/api/idbfactory,0
web/api/idbfactory/cmp,0
web/api/idbfactory/databases,1
web/api/idbfactory/deletedatabase,1
web/api/idbfactory/open,1
web/api/idbindex,10
web/api/idbindex/count,3
web/api/idbindex/get,2
web/api/idbindex/getall,1
web/api/idbindex/getallkeys,1
web/api/idbindex/getallrecords,null
web/api/idbindex/getkey,2
web/api/idbindex/isautolocale,5
web/api/idbindex/keypath,2
web/api/idbindex/locale,5
web/api/idbindex/multientry,2
web/api/idbindex/name,2
web/api/idbindex/objectstore,3
web/api/idbindex/opencursor,2
web/api/idbindex/openkeycursor,3
web/api/idbindex/unique,2
web/api/idbkeyrange,1
web/api/idbkeyrange/bound_static,0
web/api/idbkeyrange/includes,0
web/api/idbkeyrange/lower,0
web/api/idbkeyrange/lowerbound_static,0
web/api/idbkeyrange/loweropen,0
web/api/idbkeyrange/only_static,0
web/api/idbkeyrange/upper,0
web/api/idbkeyrange/upperbound_static,0
web/api/idbkeyrange/upperopen,0
web/api/idbobjectstore,8
web/api/idbobjectstore/add,2
web/api/idbobjectstore/autoincrement,2
web/api/idbobjectstore/clear,3
web/api/idbobjectstore/count,1
web/api/idbobjectstore/createindex,9
web/api/idbobjectstore/delete,3
web/api/idbobjectstore/deleteindex,4
web/api/idbobjectstore/get,5
web/api/idbobjectstore/getall,1
web/api/idbobjectstore/getallkeys,1
web/api/idbobjectstore/getallrecords,null
web/api/idbobjectstore/getkey,3
web/api/idbobjectstore/index,2
web/api/idbobjectstore/indexnames,2
web/api/idbobjectstore/keypath,2
web/api/idbobjectstore/name,3
web/api/idbobjectstore/opencursor,3
web/api/idbobjectstore/openkeycursor,1
web/api/idbobjectstore/put,5
web/api/idbobjectstore/transaction,2
web/api/idbopendbrequest,4
web/api/idbopendbrequest/blocked_event,6
web/api/idbopendbrequest/upgradeneeded_event,6
web/api/idbrecord,null
web/api/idbrequest,null
web/api/idbrequest/error,9
web/api/idbrequest/error_event,7
web/api/idbrequest/readystate,7
web/api/idbrequest/result,7
web/api/idbrequest/source,4
web/api/idbrequest/success_event,null
web/api/idbrequest/transaction,6
web/api/idbtransaction,null
web/api/idbtransaction/abort,2
web/api/idbtransaction/abort_event,5
web/api/idbtransaction/commit,2
web/api/idbtransaction/complete_event,null
web/api/idbtransaction/db,2
web/api/idbtransaction/durability,2
web/api/idbtransaction/error,2
web/api/idbtransaction/error_event,7
web/api/idbtransaction/mode,4
web/api/idbtransaction/objectstore,2
web/api/idbtransaction/objectstorenames,1
web/api/idbversionchangeevent,4
web/api/idbversionchangeevent/idbversionchangeevent,3
web/api/idbversionchangeevent/newversion,5
web/api/idbversionchangeevent/oldversion,3
web/api/identitycredential,null
web/api/identitycredential/configurl,null
web/api/identitycredential/disconnect_static,null
web/api/identitycredential/isautoselected,null
web/api/identitycredential/token,null
web/api/identitycredentialerror,null
web/api/identitycredentialerror/error,null
web/api/identitycredentialerror/identitycredentialerror,null
web/api/identitycredentialerror/url,null
web/api/identitycredentialrequestoptions,null
web/api/identityprovider,null
web/api/identityprovider/close_static,null
web/api/identityprovider/getuserinfo_static,null
web/api/idle_detection_api,null
web/api/idledeadline,0
web/api/idledeadline/didtimeout,0
web/api/idledeadline/timeremaining,1
web/api/idledetector,null
web/api/idledetector/change_event,null
web/api/idledetector/idledetector,null
web/api/idledetector/requestpermission_static,null
web/api/idledetector/screenstate,null
web/api/idledetector/start,null
web/api/idledetector/userstate,null
web/api/iirfilternode,5
web/api/iirfilternode/getfrequencyresponse,2
web/api/iirfilternode/iirfilternode,2
web/api/imagebitmap,3
web/api/imagebitmap/close,1
web/api/imagebitmap/height,1
web/api/imagebitmap/width,1
web/api/imagebitmaprenderingcontext,1
web/api/imagebitmaprenderingcontext/canvas,null
web/api/imagebitmaprenderingcontext/transferfromimagebitmap,1
web/api/imagecapture,2
web/api/imagecapture/getphotocapabilities,1
web/api/imagecapture/getphotosettings,1
web/api/imagecapture/grabframe,2
web/api/imagecapture/imagecapture,1
web/api/imagecapture/takephoto,2
web/api/imagecapture/track,null
web/api/imagedata,0
web/api/imagedata/colorspace,2
web/api/imagedata/data,3
web/api/imagedata/height,1
web/api/imagedata/imagedata,4
web/api/imagedata/pixelformat,0
web/api/imagedata/width,1
web/api/imagedecoder,null
web/api/imagedecoder/close,null
web/api/imagedecoder/complete,null
web/api/imagedecoder/completed,null
web/api/imagedecoder/decode,null
web/api/imagedecoder/imagedecoder,null
web/api/imagedecoder/istypesupported_static,null
web/api/imagedecoder/reset,null
web/api/imagedecoder/tracks,null
web/api/imagedecoder/type,null
web/api/imagetrack,null
web/api/imagetrack/animated,null
web/api/imagetrack/framecount,null
web/api/imagetrack/repetitioncount,null
web/api/imagetrack/selected,null
web/api/imagetracklist,null
web/api/imagetracklist/length,null
web/api/imagetracklist/ready,null
web/api/imagetracklist/selectedindex,null
web/api/imagetracklist/selectedtrack,null
web/api/indexeddb_api,13
web/api/indexeddb_api/basic_terminology,2
web/api/indexeddb_api/checking_when_a_deadline_is_due,2
web/api/indexeddb_api/using_indexeddb,3
web/api/ink,0
web/api/ink/requestpresenter,0
web/api/ink_api,2
web/api/inputdevicecapabilities,1
web/api/inputdevicecapabilities/firestouchevents,3
web/api/inputdevicecapabilities/inputdevicecapabilities,3
web/api/inputdevicecapabilities_api,0
web/api/inputdeviceinfo,0
web/api/inputdeviceinfo/getcapabilities,2
web/api/inputevent,4
web/api/inputevent/data,2
web/api/inputevent/datatransfer,2
web/api/inputevent/gettargetranges,4
web/api/inputevent/inputevent,1
web/api/inputevent/inputtype,4
web/api/inputevent/iscomposing,0
web/api/insertable_streams_for_mediastreamtrack_api,4
web/api/installevent,13
web/api/installevent/addroutes,null
web/api/installevent/installevent,6
web/api/integrityviolationreport,null
web/api/interactioncontentfulpaint,null
web/api/interactioncontentfulpaint/interactionid,null
web/api/interactioncontentfulpaint/largestcontentfulpaint,null
web/api/interactioncontentfulpaint/navigationid,null
web/api/interactioncontentfulpaint/painttime,null
web/api/interactioncontentfulpaint/presentationtime,null
web/api/interestevent,null
web/api/interestevent/interestevent,null
web/api/interestevent/source,null
web/api/intersection_observer_api,7
web/api/intersection_observer_api/timing_element_visibility,5
web/api/intersectionobserver,0
web/api/intersectionobserver/delay,0
web/api/intersectionobserver/disconnect,0
web/api/intersectionobserver/intersectionobserver,1
web/api/intersectionobserver/observe,1
web/api/intersectionobserver/root,1
web/api/intersectionobserver/rootmargin,0
web/api/intersectionobserver/scrollmargin,2
web/api/intersectionobserver/takerecords,0
web/api/intersectionobserver/thresholds,0
web/api/intersectionobserver/trackvisibility,0
web/api/intersectionobserver/unobserve,0
web/api/intersectionobserverentry,1
web/api/intersectionobserverentry/boundingclientrect,0
web/api/intersectionobserverentry/intersectionobserverentry,null
web/api/intersectionobserverentry/intersectionratio,0
web/api/intersectionobserverentry/intersectionrect,0
web/api/intersectionobserverentry/isintersecting,0
web/api/intersectionobserverentry/rootbounds,0
web/api/intersectionobserverentry/target,0
web/api/intersectionobserverentry/time,0
web/api/interventionreport,null
web/api/invoker_commands_api,1
web/api/js_self-profiling_api,null
web/api/js_self-profiling_api/profile_content_and_format,null
web/api/keyboard,5
web/api/keyboard/getlayoutmap,2
web/api/keyboard/lock,7
web/api/keyboard/unlock,0
web/api/keyboard_api,2
web/api/keyboardevent,6
web/api/keyboardevent/altkey,2
web/api/keyboardevent/charcode,8
web/api/keyboardevent/code,4
web/api/keyboardevent/ctrlkey,1
web/api/keyboardevent/getmodifierstate,1
web/api/keyboardevent/initkeyboardevent,3
web/api/keyboardevent/iscomposing,1
web/api/keyboardevent/key,10
web/api/keyboardevent/keyboardevent,1
web/api/keyboardevent/keycode,13
web/api/keyboardevent/keyidentifier,1
web/api/keyboardevent/location,0
web/api/keyboardevent/metakey,5
web/api/keyboardevent/repeat,0
web/api/keyboardevent/shiftkey,3
web/api/keyboardlayoutmap,4
web/api/keyboardlayoutmap/entries,3
web/api/keyboardlayoutmap/foreach,2
web/api/keyboardlayoutmap/get,2
web/api/keyboardlayoutmap/has,3
web/api/keyboardlayoutmap/keys,3
web/api/keyboardlayoutmap/size,1
web/api/keyboardlayoutmap/values,3
web/api/keyframeeffect,0
web/api/keyframeeffect/composite,0
web/api/keyframeeffect/getkeyframes,0
web/api/keyframeeffect/iterationcomposite,0
web/api/keyframeeffect/keyframeeffect,0
web/api/keyframeeffect/pseudoelement,0
web/api/keyframeeffect/setkeyframes,0
web/api/keyframeeffect/target,0
web/api/khr_parallel_shader_compile,null
web/api/languagedetector,null
web/api/languagedetector/availability_static,null
web/api/languagedetector/create_static,null
web/api/languagedetector/destroy,null
web/api/languagedetector/detect,null
web/api/languagedetector/expectedinputlanguages,null
web/api/languagedetector/inputquota,null
web/api/languagedetector/measureinputusage,null
web/api/languagemodel,null
web/api/languagemodel/append,null
web/api/languagemodel/availability_static,null
web/api/languagemodel/clone,null
web/api/languagemodel/contextoverflow_event,null
web/api/languagemodel/contextusage,null
web/api/languagemodel/contextwindow,null
web/api/languagemodel/create_static,null
web/api/languagemodel/destroy,null
web/api/languagemodel/measurecontextusage,null
web/api/languagemodel/prompt,null
web/api/languagemodel/promptstreaming,null
web/api/largestcontentfulpaint,1
web/api/largestcontentfulpaint/element,0
web/api/largestcontentfulpaint/id,0
web/api/largestcontentfulpaint/loadtime,0
web/api/largestcontentfulpaint/painttime,0
web/api/largestcontentfulpaint/presentationtime,0
web/api/largestcontentfulpaint/rendertime,0
web/api/largestcontentfulpaint/size,0
web/api/largestcontentfulpaint/tojson,0
web/api/largestcontentfulpaint/url,0
web/api/launch_handler_api,5
web/api/launchparams,3
web/api/launchparams/files,2
web/api/launchparams/targeturl,2
web/api/launchqueue,2
web/api/launchqueue/setconsumer,2
web/api/layoutshift,null
web/api/layoutshift/hadrecentinput,null
web/api/layoutshift/lastinputtime,null
web/api/layoutshift/sources,null
web/api/layoutshift/tojson,null
web/api/layoutshift/value,null
web/api/layoutshiftattribution,null
web/api/layoutshiftattribution/currentrect,null
web/api/layoutshiftattribution/node,null
web/api/layoutshiftattribution/previousrect,null
web/api/layoutshiftattribution/tojson,null
web/api/linearaccelerationsensor,2
web/api/linearaccelerationsensor/linearaccelerationsensor,3
web/api/local_font_access_api,null
web/api/location,5
web/api/location/ancestororigins,2
web/api/location/assign,7
web/api/location/hash,5
web/api/location/host,2
web/api/location/hostname,4
web/api/location/href,1
web/api/location/origin,4
web/api/location/pathname,2
web/api/location/port,3
web/api/location/protocol,3
web/api/location/reload,4
web/api/location/replace,3
web/api/location/search,3
web/api/location/tostring,1
web/api/lock,4
web/api/lock/mode,5
web/api/lock/name,5
web/api/lockmanager,2
web/api/lockmanager/query,3
web/api/lockmanager/request,7
web/api/magnetometer,2
web/api/magnetometer/magnetometer,3
web/api/magnetometer/x,1
web/api/magnetometer/y,2
web/api/magnetometer/z,1
web/api/managedmediasource,null
web/api/managedmediasource/endstreaming_event,null
web/api/managedmediasource/managedmediasource,null
web/api/managedmediasource/startstreaming_event,null
web/api/managedmediasource/streaming,null
web/api/managedsourcebuffer,null
web/api/managedsourcebuffer/bufferedchange_event,null
web/api/mathmlelement,5
web/api/mathmlelement/attributestylemap,1
web/api/mathmlelement/autofocus,null
web/api/mathmlelement/blur,null
web/api/mathmlelement/dataset,null
web/api/mathmlelement/focus,null
web/api/mathmlelement/nonce,null
web/api/mathmlelement/style,5
web/api/mathmlelement/tabindex,null
web/api/media_capabilities_api,null
web/api/media_capabilities_api/using_the_media_capabilities_api,null
web/api/media_capture_and_streams_api,7
web/api/media_capture_and_streams_api/constraints,10
web/api/media_capture_and_streams_api/taking_still_photos,1
web/api/media_session_api,5
web/api/media_source_extensions_api,4
web/api/media_source_extensions_api/dash_adaptive_streaming,null
web/api/media_source_extensions_api/transcoding_assets_for_mse,4
web/api/mediacapabilities,1
web/api/mediacapabilities/decodinginfo,11
web/api/mediacapabilities/encodinginfo,7
web/api/mediadeviceinfo,2
web/api/mediadeviceinfo/deviceid,1
web/api/mediadeviceinfo/groupid,4
web/api/mediadeviceinfo/kind,1
web/api/mediadeviceinfo/label,1
web/api/mediadeviceinfo/tojson,1
web/api/mediadevices,0
web/api/mediadevices/devicechange_event,4
web/api/mediadevices/enumeratedevices,2
web/api/mediadevices/getdisplaymedia,9
web/api/mediadevices/getsupportedconstraints,1
web/api/mediadevices/getusermedia,6
web/api/mediadevices/selectaudiooutput,4
web/api/mediaelementaudiosourcenode,1
web/api/mediaelementaudiosourcenode/mediaelement,1
web/api/mediaelementaudiosourcenode/mediaelementaudiosourcenode,0
web/api/mediaencryptedevent,null
web/api/mediaencryptedevent/initdata,null
web/api/mediaencryptedevent/initdatatype,null
web/api/mediaencryptedevent/mediaencryptedevent,null
web/api/mediaerror,null
web/api/mediaerror/code,null
web/api/mediaerror/message,null
web/api/mediakeymessageevent,null
web/api/mediakeymessageevent/mediakeymessageevent,null
web/api/mediakeymessageevent/message,null
web/api/mediakeymessageevent/messagetype,null
web/api/mediakeys,null
web/api/mediakeys/createsession,null
web/api/mediakeys/getstatusforpolicy,null
web/api/mediakeys/setservercertificate,null
web/api/mediakeysession,null
web/api/mediakeysession/close,null
web/api/mediakeysession/closed,null
web/api/mediakeysession/expiration,null
web/api/mediakeysession/generaterequest,null
web/api/mediakeysession/keystatuses,null
web/api/mediakeysession/keystatuseschange_event,null
web/api/mediakeysession/load,null
web/api/mediakeysession/message_event,null
web/api/mediakeysession/remove,null
web/api/mediakeysession/sessionid,null
web/api/mediakeysession/update,null
web/api/mediakeystatusmap,null
web/api/mediakeystatusmap/entries,null
web/api/mediakeystatusmap/foreach,null
web/api/mediakeystatusmap/get,null
web/api/mediakeystatusmap/has,null
web/api/mediakeystatusmap/keys,null
web/api/mediakeystatusmap/size,null
web/api/mediakeystatusmap/values,null
web/api/mediakeysystemaccess,null
web/api/mediakeysystemaccess/createmediakeys,null
web/api/mediakeysystemaccess/getconfiguration,null
web/api/mediakeysystemaccess/keysystem,null
web/api/medialist,null
web/api/medialist/appendmedium,null
web/api/medialist/deletemedium,null
web/api/medialist/item,null
web/api/medialist/length,null
web/api/medialist/mediatext,null
web/api/medialist/tostring,null
web/api/mediametadata,5
web/api/mediametadata/album,1
web/api/mediametadata/artist,1
web/api/mediametadata/artwork,1
web/api/mediametadata/chapterinfo,null
web/api/mediametadata/mediametadata,2
web/api/mediametadata/title,4
web/api/mediaquerylist,6
web/api/mediaquerylist/addlistener,4
web/api/mediaquerylist/change_event,5
web/api/mediaquerylist/matches,4
web/api/mediaquerylist/media,8
web/api/mediaquerylist/removelistener,4
web/api/mediaquerylistevent,3
web/api/mediaquerylistevent/matches,3
web/api/mediaquerylistevent/media,3
web/api/mediaquerylistevent/mediaquerylistevent,3
web/api/mediarecorder,12
web/api/mediarecorder/audiobitratemode,null
web/api/mediarecorder/audiobitspersecond,3
web/api/mediarecorder/dataavailable_event,11
web/api/mediarecorder/error_event,3
web/api/mediarecorder/istypesupported_static,null
web/api/mediarecorder/mediarecorder,12
web/api/mediarecorder/mimetype,12
web/api/mediarecorder/pause,7
web/api/mediarecorder/pause_event,0
web/api/mediarecorder/requestdata,6
web/api/mediarecorder/resume,6
web/api/mediarecorder/resume_event,7
web/api/mediarecorder/start,13
web/api/mediarecorder/start_event,7
web/api/mediarecorder/state,6
web/api/mediarecorder/stop,6
web/api/mediarecorder/stop_event,7
web/api/mediarecorder/stream,7
web/api/mediarecorder/videobitspersecond,0
web/api/mediarecordererrorevent,4
web/api/mediarecordererrorevent/error,6
web/api/mediarecordererrorevent/mediarecordererrorevent,5
web/api/mediasession,5
web/api/mediasession/metadata,1
web/api/mediasession/playbackstate,1
web/api/mediasession/setactionhandler,6
web/api/mediasession/setcameraactive,3
web/api/mediasession/setmicrophoneactive,3
web/api/mediasession/setpositionstate,5
web/api/mediasession/setscreenshareactive,null
web/api/mediasource,4
web/api/mediasource/activesourcebuffers,2
web/api/mediasource/addsourcebuffer,4
web/api/mediasource/canconstructindedicatedworker_static,2
web/api/mediasource/clearliveseekablerange,1
web/api/mediasource/duration,3
web/api/mediasource/endofstream,5
web/api/mediasource/handle,3
web/api/mediasource/istypesupported_static,2
web/api/mediasource/mediasource,4
web/api/mediasource/readystate,2
web/api/mediasource/removesourcebuffer,1
web/api/mediasource/setliveseekablerange,1
web/api/mediasource/sourcebuffers,2
web/api/mediasource/sourceclose_event,null
web/api/mediasource/sourceended_event,null
web/api/mediasource/sourceopen_event,null
web/api/mediasourcehandle,null
web/api/mediastream,1
web/api/mediastream/active,0
web/api/mediastream/addtrack,2
web/api/mediastream/addtrack_event,2
web/api/mediastream/clone,0
web/api/mediastream/getaudiotracks,5
web/api/mediastream/gettrackbyid,1
web/api/mediastream/gettracks,3
web/api/mediastream/getvideotracks,2
web/api/mediastream/id,0
web/api/mediastream/mediastream,0
web/api/mediastream/removetrack,0
web/api/mediastream/removetrack_event,2
web/api/mediastream_image_capture_api,1
web/api/mediastream_recording_api,9
web/api/mediastream_recording_api/recording_a_media_element,6
web/api/mediastream_recording_api/using_the_mediastream_recording_api,10
web/api/mediastreamaudiodestinationnode,1
web/api/mediastreamaudiodestinationnode/mediastreamaudiodestinationnode,1
web/api/mediastreamaudiodestinationnode/stream,0
web/api/mediastreamaudiosourcenode,3
web/api/mediastreamaudiosourcenode/mediastream,0
web/api/mediastreamaudiosourcenode/mediastreamaudiosourcenode,3
web/api/mediastreamevent,null
web/api/mediastreamevent/mediastreamevent,null
web/api/mediastreamevent/stream,null
web/api/mediastreamtrack,2
web/api/mediastreamtrack/applyconstraints,1
web/api/mediastreamtrack/clone,0
web/api/mediastreamtrack/contenthint,0
web/api/mediastreamtrack/enabled,0
web/api/mediastreamtrack/ended_event,null
web/api/mediastreamtrack/getcapabilities,4
web/api/mediastreamtrack/getconstraints,0
web/api/mediastreamtrack/getsettings,0
web/api/mediastreamtrack/id,1
web/api/mediastreamtrack/kind,0
web/api/mediastreamtrack/label,1
web/api/mediastreamtrack/mute_event,null
web/api/mediastreamtrack/muted,0
web/api/mediastreamtrack/readystate,0
web/api/mediastreamtrack/stop,0
web/api/mediastreamtrack/unmute_event,null
web/api/mediastreamtrackaudiosourcenode,1
web/api/mediastreamtrackaudiosourcenode/mediastreamtrackaudiosourcenode,1
web/api/mediastreamtrackevent,null
web/api/mediastreamtrackevent/mediastreamtrackevent,null
web/api/mediastreamtrackevent/track,null
web/api/mediastreamtrackgenerator,null
web/api/mediastreamtrackgenerator/mediastreamtrackgenerator,null
web/api/mediastreamtrackgenerator/writable,null
web/api/mediastreamtrackprocessor,null
web/api/mediastreamtrackprocessor/discardedframes,null
web/api/mediastreamtrackprocessor/mediastreamtrackprocessor,null
web/api/mediastreamtrackprocessor/readable,null
web/api/mediastreamtrackprocessor/totalframes,null
web/api/mediatrackconstraints,6
web/api/mediatrackconstraints/aspectratio,null
web/api/mediatrackconstraints/autogaincontrol,null
web/api/mediatrackconstraints/channelcount,null
web/api/mediatrackconstraints/deviceid,null
web/api/mediatrackconstraints/displaysurface,null
web/api/mediatrackconstraints/echocancellation,null
web/api/mediatrackconstraints/facingmode,null
web/api/mediatrackconstraints/framerate,null
web/api/mediatrackconstraints/groupid,null
web/api/mediatrackconstraints/height,null
web/api/mediatrackconstraints/latency,null
web/api/mediatrackconstraints/logicalsurface,null
web/api/mediatrackconstraints/noisesuppression,null
web/api/mediatrackconstraints/restrictownaudio,null
web/api/mediatrackconstraints/samplerate,null
web/api/mediatrackconstraints/samplesize,null
web/api/mediatrackconstraints/suppresslocalaudioplayback,null
web/api/mediatrackconstraints/volume,null
web/api/mediatrackconstraints/width,null
web/api/mediatracksettings,null
web/api/mediatracksettings/aspectratio,null
web/api/mediatracksettings/autogaincontrol,null
web/api/mediatracksettings/channelcount,null
web/api/mediatracksettings/cursor,null
web/api/mediatracksettings/deviceid,null
web/api/mediatracksettings/displaysurface,null
web/api/mediatracksettings/echocancellation,null
web/api/mediatracksettings/facingmode,null
web/api/mediatracksettings/framerate,null
web/api/mediatracksettings/groupid,null
web/api/mediatracksettings/height,null
web/api/mediatracksettings/latency,null
web/api/mediatracksettings/logicalsurface,null
web/api/mediatracksettings/noisesuppression,null
web/api/mediatracksettings/restrictownaudio,null
web/api/mediatracksettings/samplerate,null
web/api/mediatracksettings/samplesize,null
web/api/mediatracksettings/screenpixelratio,null
web/api/mediatracksettings/suppresslocalaudioplayback,null
web/api/mediatracksettings/volume,null
web/api/mediatracksettings/width,null
web/api/mediatracksupportedconstraints,5
web/api/mediatracksupportedconstraints/aspectratio,null
web/api/mediatracksupportedconstraints/autogaincontrol,null
web/api/mediatracksupportedconstraints/channelcount,null
web/api/mediatracksupportedconstraints/deviceid,null
web/api/mediatracksupportedconstraints/displaysurface,null
web/api/mediatracksupportedconstraints/echocancellation,null
web/api/mediatracksupportedconstraints/facingmode,null
web/api/mediatracksupportedconstraints/framerate,0
web/api/mediatracksupportedconstraints/groupid,null
web/api/mediatracksupportedconstraints/height,null
web/api/mediatracksupportedconstraints/latency,null
web/api/mediatracksupportedconstraints/logicalsurface,null
web/api/mediatracksupportedconstraints/noisesuppression,null
web/api/mediatracksupportedconstraints/restrictownaudio,null
web/api/mediatracksupportedconstraints/samplerate,null
web/api/mediatracksupportedconstraints/samplesize,null
web/api/mediatracksupportedconstraints/suppresslocalaudioplayback,null
web/api/mediatracksupportedconstraints/volume,null
web/api/mediatracksupportedconstraints/width,null
web/api/merchantvalidationevent,null
web/api/merchantvalidationevent/complete,null
web/api/merchantvalidationevent/merchantvalidationevent,null
web/api/merchantvalidationevent/methodname,null
web/api/merchantvalidationevent/validationurl,null
web/api/messagechannel,0
web/api/messagechannel/messagechannel,0
web/api/messagechannel/port1,1
web/api/messagechannel/port2,2
web/api/messageevent,7
web/api/messageevent/data,1
web/api/messageevent/lasteventid,1
web/api/messageevent/messageevent,3
web/api/messageevent/origin,4
web/api/messageevent/ports,2
web/api/messageevent/source,1
web/api/messageport,0
web/api/messageport/close,1
web/api/messageport/message_event,5
web/api/messageport/messageerror_event,5
web/api/messageport/postmessage,3
web/api/messageport/start,1
web/api/metadata,null
web/api/metadata/modificationtime,null
web/api/metadata/size,null
web/api/midiaccess,3
web/api/midiaccess/inputs,0
web/api/midiaccess/outputs,0
web/api/midiaccess/statechange_event,2
web/api/midiaccess/sysexenabled,1
web/api/midiconnectionevent,0
web/api/midiconnectionevent/midiconnectionevent,2
web/api/midiconnectionevent/port,0
web/api/midiinput,0
web/api/midiinput/midimessage_event,4
web/api/midiinputmap,2
web/api/midimessageevent,1
web/api/midimessageevent/data,0
web/api/midimessageevent/midimessageevent,0
web/api/midioutput,1
web/api/midioutput/clear,0
web/api/midioutput/send,4
web/api/midioutputmap,2
web/api/midiport,5
web/api/midiport/close,2
web/api/midiport/connection,2
web/api/midiport/id,1
web/api/midiport/manufacturer,1
web/api/midiport/name,1
web/api/midiport/open,3
web/api/midiport/state,1
web/api/midiport/statechange_event,3
web/api/midiport/type,1
web/api/midiport/version,1
web/api/mimetype,null
web/api/mimetypearray,null
web/api/mouseevent,7
web/api/mouseevent/altkey,1
web/api/mouseevent/button,4
web/api/mouseevent/buttons,4
web/api/mouseevent/clientx,6
web/api/mouseevent/clienty,6
web/api/mouseevent/ctrlkey,2
web/api/mouseevent/getmodifierstate,1
web/api/mouseevent/initmouseevent,8
web/api/mouseevent/layerx,2
web/api/mouseevent/layery,2
web/api/mouseevent/metakey,2
web/api/mouseevent/mouseevent,3
web/api/mouseevent/movementx,7
web/api/mouseevent/movementy,7
web/api/mouseevent/mozinputsource,1
web/api/mouseevent/offsetx,6
web/api/mouseevent/offsety,6
web/api/mouseevent/pagex,9
web/api/mouseevent/pagey,6
web/api/mouseevent/relatedtarget,2
web/api/mouseevent/screenx,7
web/api/mouseevent/screeny,6
web/api/mouseevent/shiftkey,1
web/api/mouseevent/webkit_force_at_force_mouse_down_static,1
web/api/mouseevent/webkit_force_at_mouse_down_static,1
web/api/mouseevent/webkitforce,3
web/api/mouseevent/x,0
web/api/mouseevent/y,1
web/api/mousescrollevent,2
web/api/mutationevent,6
web/api/mutationevent/attrchange,3
web/api/mutationevent/attrname,3
web/api/mutationevent/initmutationevent,5
web/api/mutationevent/newvalue,3
web/api/mutationevent/prevvalue,3
web/api/mutationevent/relatednode,3
web/api/mutationobserver,1
web/api/mutationobserver/disconnect,0
web/api/mutationobserver/mutationobserver,1
web/api/mutationobserver/observe,3
web/api/mutationobserver/takerecords,0
web/api/mutationrecord,null
web/api/mutationrecord/addednodes,1
web/api/mutationrecord/attributename,0
web/api/mutationrecord/attributenamespace,0
web/api/mutationrecord/nextsibling,0
web/api/mutationrecord/oldvalue,0
web/api/mutationrecord/previoussibling,0
web/api/mutationrecord/removednodes,1
web/api/mutationrecord/target,0
web/api/mutationrecord/type,0
web/api/namednodemap,4
web/api/namednodemap/getnameditem,9
web/api/namednodemap/getnameditemns,7
web/api/namednodemap/item,8
web/api/namednodemap/length,4
web/api/namednodemap/removenameditem,5
web/api/namednodemap/removenameditemns,10
web/api/namednodemap/setnameditem,6
web/api/namednodemap/setnameditemns,7
web/api/navigateevent,null
web/api/navigateevent/canintercept,null
web/api/navigateevent/destination,null
web/api/navigateevent/downloadrequest,null
web/api/navigateevent/formdata,null
web/api/navigateevent/hashchange,null
web/api/navigateevent/hasuavisualtransition,null
web/api/navigateevent/info,null
web/api/navigateevent/intercept,null
web/api/navigateevent/navigateevent,null
web/api/navigateevent/navigationtype,null
web/api/navigateevent/scroll,null
web/api/navigateevent/signal,null
web/api/navigateevent/sourceelement,null
web/api/navigateevent/userinitiated,null
web/api/navigation,null
web/api/navigation/activation,null
web/api/navigation/back,null
web/api/navigation/cangoback,null
web/api/navigation/cangoforward,null
web/api/navigation/currententry,null
web/api/navigation/currententrychange_event,null
web/api/navigation/entries,null
web/api/navigation/forward,null
web/api/navigation/navigate,null
web/api/navigation/navigate_event,null
web/api/navigation/navigateerror_event,null
web/api/navigation/navigatesuccess_event,null
web/api/navigation/reload,null
web/api/navigation/transition,null
web/api/navigation/traverseto,null
web/api/navigation/updatecurrententry,null
web/api/navigation_api,0
web/api/navigationactivation,null
web/api/navigationactivation/entry,null
web/api/navigationactivation/from,null
web/api/navigationactivation/navigationtype,null
web/api/navigationcurrententrychangeevent,null
web/api/navigationcurrententrychangeevent/from,null
web/api/navigationcurrententrychangeevent/navigationcurrententrychangeevent,null
web/api/navigationcurrententrychangeevent/navigationtype,null
web/api/navigationdestination,null
web/api/navigationdestination/getstate,null
web/api/navigationdestination/id,null
web/api/navigationdestination/index,null
web/api/navigationdestination/key,null
web/api/navigationdestination/samedocument,null
web/api/navigationdestination/url,null
web/api/navigationhistoryentry,null
web/api/navigationhistoryentry/dispose_event,null
web/api/navigationhistoryentry/getstate,null
web/api/navigationhistoryentry/id,null
web/api/navigationhistoryentry/index,null
web/api/navigationhistoryentry/key,null
web/api/navigationhistoryentry/samedocument,null
web/api/navigationhistoryentry/url,null
web/api/navigationprecommitcontroller,null
web/api/navigationprecommitcontroller/addhandler,null
web/api/navigationprecommitcontroller/redirect,null
web/api/navigationpreloadmanager,0
web/api/navigationpreloadmanager/disable,1
web/api/navigationpreloadmanager/enable,1
web/api/navigationpreloadmanager/getstate,0
web/api/navigationpreloadmanager/setheadervalue,0
web/api/navigationtransition,null
web/api/navigationtransition/committed,null
web/api/navigationtransition/finished,null
web/api/navigationtransition/from,null
web/api/navigationtransition/navigationtype,null
web/api/navigationtransition/to,null
web/api/navigator,12
web/api/navigator/activevrdisplays,5
web/api/navigator/appcodename,3
web/api/navigator/appname,3
web/api/navigator/appversion,4
web/api/navigator/audiosession,null
web/api/navigator/bluetooth,0
web/api/navigator/buildid,1
web/api/navigator/canshare,7
web/api/navigator/clearappbadge,4
web/api/navigator/clipboard,2
web/api/navigator/connection,2
web/api/navigator/contacts,5
web/api/navigator/cookieenabled,4
web/api/navigator/credentials,2
web/api/navigator/deprecatedreplaceinurn,3
web/api/navigator/devicememory,2
web/api/navigator/deviceposture,0
web/api/navigator/donottrack,5
web/api/navigator/geolocation,0
web/api/navigator/getautoplaypolicy,null
web/api/navigator/getbattery,10
web/api/navigator/getgamepads,2
web/api/navigator/getinstalledrelatedapps,7
web/api/navigator/getusermedia,3
web/api/navigator/getvrdisplays,2
web/api/navigator/globalprivacycontrol,8
web/api/navigator/gpu,4
web/api/navigator/hardwareconcurrency,1
web/api/navigator/hid,3
web/api/navigator/ink,2
web/api/navigator/javaenabled,1
web/api/navigator/keyboard,1
web/api/navigator/language,3
web/api/navigator/languages,5
web/api/navigator/locks,1
web/api/navigator/login,1
web/api/navigator/maxtouchpoints,1
web/api/navigator/mediacapabilities,2
web/api/navigator/mediadevices,1
web/api/navigator/mediasession,3
web/api/navigator/mimetypes,1
web/api/navigator/online,1
web/api/navigator/oscpu,1
web/api/navigator/pdfviewerenabled,0
web/api/navigator/permissions,0
web/api/navigator/platform,7
web/api/navigator/plugins,1
web/api/navigator/preferences,null
web/api/navigator/presentation,3
web/api/navigator/product,3
web/api/navigator/productsub,2
web/api/navigator/registerprotocolhandler,2
web/api/navigator/requestmediakeysystemaccess,null
web/api/navigator/requestmidiaccess,6
web/api/navigator/scheduling,2
web/api/navigator/sendbeacon,5
web/api/navigator/serial,7
web/api/navigator/serviceworker,2
web/api/navigator/setappbadge,5
web/api/navigator/share,5
web/api/navigator/storage,0
web/api/navigator/taintenabled,1
web/api/navigator/unregisterprotocolhandler,1
web/api/navigator/usb,0
web/api/navigator/useractivation,1
web/api/navigator/useragent,1
web/api/navigator/useragentdata,4
web/api/navigator/vendor,2
web/api/navigator/vendorsub,2
web/api/navigator/vibrate,2
web/api/navigator/virtualkeyboard,0
web/api/navigator/wakelock,5
web/api/navigator/webdriver,0
web/api/navigator/windowcontrolsoverlay,3
web/api/navigator/xr,0
web/api/navigatorlogin,null
web/api/navigatorlogin/setstatus,null
web/api/navigatoruadata,1
web/api/navigatoruadata/brands,1
web/api/navigatoruadata/gethighentropyvalues,5
web/api/navigatoruadata/mobile,1
web/api/navigatoruadata/platform,1
web/api/navigatoruadata/tojson,0
web/api/ndefmessage,null
web/api/ndefmessage/ndefmessage,null
web/api/ndefmessage/records,null
web/api/ndefreader,2
web/api/ndefreader/ndefreader,1
web/api/ndefreader/reading_event,3
web/api/ndefreader/readingerror_event,2
web/api/ndefreader/scan,3
web/api/ndefreader/write,8
web/api/ndefreadingevent,null
web/api/ndefreadingevent/message,null
web/api/ndefreadingevent/ndefreadingevent,null
web/api/ndefreadingevent/serialnumber,null
web/api/ndefrecord,2
web/api/ndefrecord/data,3
web/api/ndefrecord/encoding,2
web/api/ndefrecord/id,2
web/api/ndefrecord/lang,4
web/api/ndefrecord/mediatype,2
web/api/ndefrecord/ndefrecord,7
web/api/ndefrecord/recordtype,2
web/api/ndefrecord/torecords,2
web/api/network_information_api,1
web/api/networkinformation,5
web/api/networkinformation/change_event,8
web/api/networkinformation/downlink,5
web/api/networkinformation/downlinkmax,7
web/api/networkinformation/effectivetype,6
web/api/networkinformation/rtt,5
web/api/networkinformation/savedata,6
web/api/networkinformation/type,5
web/api/node,7
web/api/node/appendchild,4
web/api/node/baseuri,1
web/api/node/childnodes,5
web/api/node/clonenode,6
web/api/node/comparedocumentposition,3
web/api/node/contains,2
web/api/node/firstchild,4
web/api/node/getrootnode,4
web/api/node/haschildnodes,0
web/api/node/insertbefore,3
web/api/node/isconnected,2
web/api/node/isdefaultnamespace,5
web/api/node/isequalnode,3
web/api/node/issamenode,3
web/api/node/lastchild,3
web/api/node/lookupnamespaceuri,5
web/api/node/lookupprefix,6
web/api/node/nextsibling,4
web/api/node/nodename,3
web/api/node/nodetype,3
web/api/node/nodevalue,2
web/api/node/normalize,1
web/api/node/ownerdocument,0
web/api/node/parentelement,2
web/api/node/parentnode,1
web/api/node/previoussibling,5
web/api/node/removechild,7
web/api/node/replacechild,2
web/api/node/selectstart_event,2
web/api/node/textcontent,7
web/api/nodeiterator,null
web/api/nodeiterator/detach,null
web/api/nodeiterator/filter,null
web/api/nodeiterator/nextnode,null
web/api/nodeiterator/pointerbeforereferencenode,null
web/api/nodeiterator/previousnode,null
web/api/nodeiterator/referencenode,null
web/api/nodeiterator/root,null
web/api/nodeiterator/whattoshow,null
web/api/nodelist,4
web/api/nodelist/entries,3
web/api/nodelist/foreach,1
web/api/nodelist/item,1
web/api/nodelist/keys,4
web/api/nodelist/length,0
web/api/nodelist/values,3
web/api/notification,7
web/api/notification/actions,9
web/api/notification/badge,7
web/api/notification/body,5
web/api/notification/click_event,8
web/api/notification/close,10
web/api/notification/close_event,7
web/api/notification/data,5
web/api/notification/dir,7
web/api/notification/error_event,7
web/api/notification/icon,5
web/api/notification/image,5
web/api/notification/lang,6
web/api/notification/maxactions_static,5
web/api/notification/navigate,null
web/api/notification/notification,8
web/api/notification/permission_static,0
web/api/notification/renotify,6
web/api/notification/requestpermission_static,null
web/api/notification/requireinteraction,8
web/api/notification/show_event,7
web/api/notification/silent,9
web/api/notification/tag,5
web/api/notification/timestamp,7
web/api/notification/title,5
web/api/notification/vibrate,7
web/api/notificationevent,0
web/api/notificationevent/action,1
web/api/notificationevent/notification,0
web/api/notificationevent/notificationevent,0
web/api/notifications_api,2
web/api/notifications_api/using_the_notifications_api,8
web/api/notrestoredreasondetails,null
web/api/notrestoredreasondetails/reason,null
web/api/notrestoredreasondetails/tojson,null
web/api/notrestoredreasons,null
web/api/notrestoredreasons/children,null
web/api/notrestoredreasons/id,null
web/api/notrestoredreasons/name,null
web/api/notrestoredreasons/reasons,null
web/api/notrestoredreasons/src,null
web/api/notrestoredreasons/tojson,null
web/api/notrestoredreasons/url,null
web/api/oes_draw_buffers_indexed,null
web/api/oes_draw_buffers_indexed/blendequationioes,null
web/api/oes_draw_buffers_indexed/blendequationseparateioes,null
web/api/oes_draw_buffers_indexed/blendfuncioes,null
web/api/oes_draw_buffers_indexed/blendfuncseparateioes,null
web/api/oes_draw_buffers_indexed/colormaskioes,null
web/api/oes_draw_buffers_indexed/disableioes,null
web/api/oes_draw_buffers_indexed/enableioes,null
web/api/oes_element_index_uint,null
web/api/oes_fbo_render_mipmap,null
web/api/oes_standard_derivatives,null
web/api/oes_texture_float,null
web/api/oes_texture_float_linear,null
web/api/oes_texture_half_float,null
web/api/oes_texture_half_float_linear,null
web/api/oes_vertex_array_object,null
web/api/oes_vertex_array_object/bindvertexarrayoes,null
web/api/oes_vertex_array_object/createvertexarrayoes,null
web/api/oes_vertex_array_object/deletevertexarrayoes,null
web/api/oes_vertex_array_object/isvertexarrayoes,null
web/api/offlineaudiocompletionevent,2
web/api/offlineaudiocompletionevent/offlineaudiocompletionevent,3
web/api/offlineaudiocompletionevent/renderedbuffer,0
web/api/offlineaudiocontext,7
web/api/offlineaudiocontext/complete_event,8
web/api/offlineaudiocontext/length,2
web/api/offlineaudiocontext/offlineaudiocontext,5
web/api/offlineaudiocontext/resume,2
web/api/offlineaudiocontext/startrendering,8
web/api/offlineaudiocontext/suspend,4
web/api/offscreencanvas,0
web/api/offscreencanvas/contextlost_event,0
web/api/offscreencanvas/contextrestored_event,2
web/api/offscreencanvas/converttoblob,1
web/api/offscreencanvas/getcontext,3
web/api/offscreencanvas/height,0
web/api/offscreencanvas/offscreencanvas,0
web/api/offscreencanvas/transfertoimagebitmap,1
web/api/offscreencanvas/width,0
web/api/offscreencanvasrenderingcontext2d,0
web/api/offscreencanvasrenderingcontext2d/commit,1
web/api/orientationsensor,2
web/api/orientationsensor/populatematrix,1
web/api/orientationsensor/quaternion,1
web/api/oscillatornode,9
web/api/oscillatornode/detune,7
web/api/oscillatornode/frequency,7
web/api/oscillatornode/oscillatornode,2
web/api/oscillatornode/setperiodicwave,4
web/api/oscillatornode/type,7
web/api/otpcredential,9
web/api/otpcredential/code,7
web/api/overconstrainederror,0
web/api/overconstrainederror/constraint,0
web/api/overconstrainederror/overconstrainederror,0
web/api/ovr_multiview2,null
web/api/ovr_multiview2/framebuffertexturemultiviewovr,null
web/api/page_visibility_api,11
web/api/pagerevealevent,3
web/api/pagerevealevent/pagerevealevent,2
web/api/pagerevealevent/viewtransition,3
web/api/pageswapevent,3
web/api/pageswapevent/activation,2
web/api/pageswapevent/pageswapevent,2
web/api/pageswapevent/viewtransition,3
web/api/pagetransitionevent,1
web/api/pagetransitionevent/pagetransitionevent,0
web/api/pagetransitionevent/persisted,0
web/api/paintrenderingcontext2d,null
web/api/paintsize,null
web/api/paintsize/height,null
web/api/paintsize/width,null
web/api/paintworkletglobalscope,4
web/api/paintworkletglobalscope/devicepixelratio,0
web/api/paintworkletglobalscope/registerpaint,4
web/api/pannernode,1
web/api/pannernode/coneinnerangle,1
web/api/pannernode/coneouterangle,1
web/api/pannernode/coneoutergain,0
web/api/pannernode/distancemodel,0
web/api/pannernode/maxdistance,0
web/api/pannernode/orientationx,1
web/api/pannernode/orientationy,2
web/api/pannernode/orientationz,2
web/api/pannernode/pannernode,1
web/api/pannernode/panningmodel,0
web/api/pannernode/positionx,2
web/api/pannernode/positiony,1
web/api/pannernode/positionz,1
web/api/pannernode/refdistance,2
web/api/pannernode/rollofffactor,2
web/api/pannernode/setorientation,1
web/api/pannernode/setposition,2
web/api/passwordcredential,null
web/api/passwordcredential/iconurl,null
web/api/passwordcredential/name,null
web/api/passwordcredential/password,null
web/api/passwordcredential/passwordcredential,null
web/api/passwordcredentialinit,null
web/api/path2d,1
web/api/path2d/addpath,2
web/api/path2d/path2d,4
web/api/payment_request_api,8
web/api/payment_request_api/concepts,8
web/api/payment_request_api/using_secure_payment_confirmation,null
web/api/payment_request_api/using_the_payment_request_api,12
web/api/paymentaddress,1
web/api/paymentaddress/addressline,null
web/api/paymentaddress/city,null
web/api/paymentaddress/country,null
web/api/paymentaddress/dependentlocality,null
web/api/paymentaddress/organization,null
web/api/paymentaddress/phone,null
web/api/paymentaddress/postalcode,null
web/api/paymentaddress/recipient,null
web/api/paymentaddress/region,null
web/api/paymentaddress/sortingcode,null
web/api/paymentaddress/tojson,null
web/api/paymentmanager,null
web/api/paymentmanager/enabledelegations,null
web/api/paymentmanager/userhint,null
web/api/paymentmethodchangeevent,0
web/api/paymentmethodchangeevent/methoddetails,null
web/api/paymentmethodchangeevent/methodname,null
web/api/paymentmethodchangeevent/paymentmethodchangeevent,null
web/api/paymentrequest,4
web/api/paymentrequest/abort,2
web/api/paymentrequest/canmakepayment,2
web/api/paymentrequest/getsecurepaymentconfirmationcapabilities_static,null
web/api/paymentrequest/id,2
web/api/paymentrequest/merchantvalidation_event,4
web/api/paymentrequest/paymentmethodchange_event,7
web/api/paymentrequest/paymentrequest,2
web/api/paymentrequest/securepaymentconfirmationavailability_static,null
web/api/paymentrequest/shippingaddress,2
web/api/paymentrequest/shippingaddresschange_event,6
web/api/paymentrequest/shippingoption,4
web/api/paymentrequest/shippingoptionchange_event,5
web/api/paymentrequest/shippingtype,2
web/api/paymentrequest/show,3
web/api/paymentrequestevent,null
web/api/paymentrequestevent/changepaymentmethod,null
web/api/paymentrequestevent/methoddata,null
web/api/paymentrequestevent/modifiers,null
web/api/paymentrequestevent/openwindow,null
web/api/paymentrequestevent/paymentrequestevent,null
web/api/paymentrequestevent/paymentrequestid,null
web/api/paymentrequestevent/paymentrequestorigin,null
web/api/paymentrequestevent/respondwith,null
web/api/paymentrequestevent/toporigin,null
web/api/paymentrequestevent/total,null
web/api/paymentrequestupdateevent,1
web/api/paymentrequestupdateevent/paymentrequestupdateevent,1
web/api/paymentrequestupdateevent/updatewith,4
web/api/paymentresponse,null
web/api/paymentresponse/complete,null
web/api/paymentresponse/details,null
web/api/paymentresponse/methodname,null
web/api/paymentresponse/payerdetailchange_event,null
web/api/paymentresponse/payeremail,null
web/api/paymentresponse/payername,null
web/api/paymentresponse/payerphone,null
web/api/paymentresponse/requestid,null
web/api/paymentresponse/retry,null
web/api/paymentresponse/shippingaddress,null
web/api/paymentresponse/shippingoption,null
web/api/paymentresponse/tojson,null
web/api/pbkdf2params,0
web/api/performance,7
web/api/performance/clearmarks,2
web/api/performance/clearmeasures,2
web/api/performance/clearresourcetimings,2
web/api/performance/eventcounts,1
web/api/performance/getentries,2
web/api/performance/getentriesbyname,3
web/api/performance/getentriesbytype,3
web/api/performance/interactioncount,1
web/api/performance/mark,2
web/api/performance/measure,5
web/api/performance/measureuseragentspecificmemory,7
web/api/performance/memory,4
web/api/performance/navigation,3
web/api/performance/now,5
web/api/performance/resourcetimingbufferfull_event,3
web/api/performance/setresourcetimingbuffersize,3
web/api/performance/timeorigin,5
web/api/performance/timing,3
web/api/performance/tojson,2
web/api/performance_api,0
web/api/performance_api/high_precision_timing,null
web/api/performance_api/long_animation_frame_timing,null
web/api/performance_api/monitoring_bfcache_blocking_reasons,null
web/api/performance_api/navigation_timing,1
web/api/performance_api/performance_data,0
web/api/performance_api/resource_timing,2
web/api/performance_api/server_timing,null
web/api/performance_api/user_timing,0
web/api/performanceelementtiming,5
web/api/performanceelementtiming/element,1
web/api/performanceelementtiming/id,2
web/api/performanceelementtiming/identifier,1
web/api/performanceelementtiming/intersectionrect,1
web/api/performanceelementtiming/loadtime,1
web/api/performanceelementtiming/naturalheight,2
web/api/performanceelementtiming/naturalwidth,2
web/api/performanceelementtiming/painttime,null
web/api/performanceelementtiming/presentationtime,null
web/api/performanceelementtiming/rendertime,5
web/api/performanceelementtiming/tojson,0
web/api/performanceelementtiming/url,1
web/api/performanceentry,4
web/api/performanceentry/duration,1
web/api/performanceentry/entrytype,5
web/api/performanceentry/name,4
web/api/performanceentry/starttime,4
web/api/performanceentry/tojson,1
web/api/performanceeventtiming,0
web/api/performanceeventtiming/cancelable,0
web/api/performanceeventtiming/interactionid,3
web/api/performanceeventtiming/processingend,0
web/api/performanceeventtiming/processingstart,0
web/api/performanceeventtiming/target,0
web/api/performanceeventtiming/tojson,0
web/api/performancelonganimationframetiming,null
web/api/performancelonganimationframetiming/blockingduration,null
web/api/performancelonganimationframetiming/firstuieventtimestamp,null
web/api/performancelonganimationframetiming/painttime,null
web/api/performancelonganimationframetiming/presentationtime,null
web/api/performancelonganimationframetiming/renderstart,null
web/api/performancelonganimationframetiming/scripts,null
web/api/performancelonganimationframetiming/styleandlayoutstart,null
web/api/performancelonganimationframetiming/tojson,null
web/api/performancelongtasktiming,null
web/api/performancelongtasktiming/attribution,null
web/api/performancelongtasktiming/tojson,null
web/api/performancemark,3
web/api/performancemark/detail,1
web/api/performancemark/performancemark,2
web/api/performancemeasure,3
web/api/performancemeasure/detail,1
web/api/performancenavigation,6
web/api/performancenavigation/redirectcount,5
web/api/performancenavigation/tojson,null
web/api/performancenavigation/type,7
web/api/performancenavigationtiming,1
web/api/performancenavigationtiming/activationstart,0
web/api/performancenavigationtiming/confidence,null
web/api/performancenavigationtiming/criticalchrestart,null
web/api/performancenavigationtiming/domcomplete,null
web/api/performancenavigationtiming/domcontentloadedeventend,null
web/api/performancenavigationtiming/domcontentloadedeventstart,null
web/api/performancenavigationtiming/dominteractive,null
web/api/performancenavigationtiming/loadeventend,null
web/api/performancenavigationtiming/loadeventstart,null
web/api/performancenavigationtiming/notrestoredreasons,null
web/api/performancenavigationtiming/redirectcount,null
web/api/performancenavigationtiming/tojson,null
web/api/performancenavigationtiming/type,null
web/api/performancenavigationtiming/unloadeventend,null
web/api/performancenavigationtiming/unloadeventstart,null
web/api/performanceobserver,1
web/api/performanceobserver/disconnect,1
web/api/performanceobserver/observe,4
web/api/performanceobserver/performanceobserver,3
web/api/performanceobserver/supportedentrytypes_static,2
web/api/performanceobserver/takerecords,2
web/api/performanceobserverentrylist,1
web/api/performanceobserverentrylist/getentries,2
web/api/performanceobserverentrylist/getentriesbyname,1
web/api/performanceobserverentrylist/getentriesbytype,1
web/api/performancepainttiming,5
web/api/performancepainttiming/painttime,null
web/api/performancepainttiming/presentationtime,null
web/api/performancepainttiming/tojson,null
web/api/performanceresourcetiming,0
web/api/performanceresourcetiming/connectend,3
web/api/performanceresourcetiming/connectstart,3
web/api/performanceresourcetiming/contenttype,null
web/api/performanceresourcetiming/decodedbodysize,3
web/api/performanceresourcetiming/deliverytype,null
web/api/performanceresourcetiming/domainlookupend,4
web/api/performanceresourcetiming/domainlookupstart,3
web/api/performanceresourcetiming/encodedbodysize,3
web/api/performanceresourcetiming/fetchstart,3
web/api/performanceresourcetiming/finalresponseheadersstart,null
web/api/performanceresourcetiming/firstinterimresponsestart,null
web/api/performanceresourcetiming/initiatortype,6
web/api/performanceresourcetiming/nexthopprotocol,3
web/api/performanceresourcetiming/redirectend,3
web/api/performanceresourcetiming/redirectstart,3
web/api/performanceresourcetiming/renderblockingstatus,5
web/api/performanceresourcetiming/requeststart,0
web/api/performanceresourcetiming/responseend,3
web/api/performanceresourcetiming/responsestart,4
web/api/performanceresourcetiming/responsestatus,5
web/api/performanceresourcetiming/secureconnectionstart,3
web/api/performanceresourcetiming/servertiming,4
web/api/performanceresourcetiming/tojson,3
web/api/performanceresourcetiming/transfersize,3
web/api/performanceresourcetiming/workerstart,4
web/api/performancescripttiming,null
web/api/performancescripttiming/executionstart,null
web/api/performancescripttiming/forcedstyleandlayoutduration,null
web/api/performancescripttiming/invoker,null
web/api/performancescripttiming/invokertype,null
web/api/performancescripttiming/pauseduration,null
web/api/performancescripttiming/sourcecharposition,null
web/api/performancescripttiming/sourcefunctionname,null
web/api/performancescripttiming/sourceurl,null
web/api/performancescripttiming/tojson,null
web/api/performancescripttiming/window,null
web/api/performancescripttiming/windowattribution,null
web/api/performanceservertiming,null
web/api/performanceservertiming/description,null
web/api/performanceservertiming/duration,null
web/api/performanceservertiming/name,null
web/api/performanceservertiming/tojson,null
web/api/performancesoftnavigation,null
web/api/performancesoftnavigation/getlargestinteractioncontentfulpaint,null
web/api/performancesoftnavigation/interactionid,null
web/api/performancesoftnavigation/navigationid,null
web/api/performancesoftnavigation/navigationtype,null
web/api/performancesoftnavigation/painttime,null
web/api/performancesoftnavigation/presentationtime,null
web/api/performancetiming,null
web/api/performancetiming/connectend,null
web/api/performancetiming/connectstart,null
web/api/performancetiming/domainlookupend,null
web/api/performancetiming/domainlookupstart,null
web/api/performancetiming/domcomplete,null
web/api/performancetiming/domcontentloadedeventend,null
web/api/performancetiming/domcontentloadedeventstart,null
web/api/performancetiming/dominteractive,null
web/api/performancetiming/domloading,null
web/api/performancetiming/fetchstart,4
web/api/performancetiming/loadeventend,null
web/api/performancetiming/loadeventstart,null
web/api/performancetiming/navigationstart,3
web/api/performancetiming/redirectend,null
web/api/performancetiming/redirectstart,null
web/api/performancetiming/requeststart,null
web/api/performancetiming/responseend,null
web/api/performancetiming/responsestart,null
web/api/performancetiming/secureconnectionstart,null
web/api/performancetiming/tojson,null
web/api/performancetiming/unloadeventend,null
web/api/performancetiming/unloadeventstart,null
web/api/performancetimingconfidence,null
web/api/performancetimingconfidence/randomizedtriggerrate,null
web/api/performancetimingconfidence/tojson,null
web/api/performancetimingconfidence/value,null
web/api/periodicsyncevent,1
web/api/periodicsyncevent/periodicsyncevent,1
web/api/periodicsyncevent/tag,1
web/api/periodicsyncmanager,5
web/api/periodicsyncmanager/gettags,4
web/api/periodicsyncmanager/register,6
web/api/periodicsyncmanager/unregister,6
web/api/periodicwave,0
web/api/periodicwave/periodicwave,2
web/api/permissions,7
web/api/permissions/query,12
web/api/permissions/revoke,11
web/api/permissions_api,8
web/api/permissions_api/using_the_permissions_api,1
web/api/permissionspolicyviolationreport,null
web/api/permissionstatus,0
web/api/permissionstatus/change_event,1
web/api/permissionstatus/name,0
web/api/permissionstatus/state,0
web/api/picture-in-picture_api,11
web/api/pictureinpictureevent,1
web/api/pictureinpictureevent/pictureinpictureevent,1
web/api/pictureinpictureevent/pictureinpicturewindow,null
web/api/pictureinpicturewindow,2
web/api/pictureinpicturewindow/height,4
web/api/pictureinpicturewindow/resize_event,2
web/api/pictureinpicturewindow/width,5
web/api/plugin,null
web/api/pluginarray,2
web/api/pointer_events,3
web/api/pointer_events/multi-touch_interaction,6
web/api/pointer_events/pinch_zoom_gestures,8
web/api/pointer_events/using_pointer_events,5
web/api/pointer_lock_api,12
web/api/pointerevent,3
web/api/pointerevent/altitudeangle,4
web/api/pointerevent/azimuthangle,4
web/api/pointerevent/getcoalescedevents,3
web/api/pointerevent/getpredictedevents,0
web/api/pointerevent/height,0
web/api/pointerevent/isprimary,1
web/api/pointerevent/persistentdeviceid,3
web/api/pointerevent/pointerevent,3
web/api/pointerevent/pointerid,2
web/api/pointerevent/pointertype,1
web/api/pointerevent/pressure,2
web/api/pointerevent/tangentialpressure,1
web/api/pointerevent/tiltx,4
web/api/pointerevent/tilty,4
web/api/pointerevent/twist,1
web/api/pointerevent/width,1
web/api/popover_api,13
web/api/popover_api/using,3
web/api/popover_api/using_interest_invokers,0
web/api/popstateevent,2
web/api/popstateevent/hasuavisualtransition,null
web/api/popstateevent/popstateevent,2
web/api/popstateevent/state,0
web/api/positionsensorvrdevice,null
web/api/positionsensorvrdevice/getimmediatestate,null
web/api/positionsensorvrdevice/getstate,null
web/api/positionsensorvrdevice/resetsensor,null
web/api/preferencemanager,null
web/api/preferencemanager/colorscheme,null
web/api/preferencemanager/contrast,null
web/api/preferencemanager/reduceddata,null
web/api/preferencemanager/reducedmotion,null
web/api/preferencemanager/reducedtransparency,null
web/api/preferenceobject,null
web/api/preferenceobject/change_event,null
web/api/preferenceobject/clearoverride,null
web/api/preferenceobject/override,null
web/api/preferenceobject/requestoverride,null
web/api/preferenceobject/validvalues,null
web/api/preferenceobject/value,null
web/api/presentation,null
web/api/presentation/defaultrequest,null
web/api/presentation/receiver,null
web/api/presentation_api,5
web/api/presentationavailability,0
web/api/presentationavailability/value,2
web/api/presentationconnection,null
web/api/presentationconnection/binarytype,null
web/api/presentationconnection/close,null
web/api/presentationconnection/id,null
web/api/presentationconnection/send,null
web/api/presentationconnection/state,null
web/api/presentationconnection/terminate,null
web/api/presentationconnection/url,null
web/api/presentationconnectionavailableevent,null
web/api/presentationconnectionavailableevent/connection,null
web/api/presentationconnectionavailableevent/presentationconnectionavailableevent,null
web/api/presentationconnectioncloseevent,null
web/api/presentationconnectionlist,null
web/api/presentationreceiver,null
web/api/presentationrequest,null
web/api/presentationrequest/getavailability,null
web/api/presentationrequest/presentationrequest,null
web/api/presentationrequest/reconnect,null
web/api/presentationrequest/start,null
web/api/pressureobserver,null
web/api/pressureobserver/disconnect,null
web/api/pressureobserver/knownsources_static,null
web/api/pressureobserver/observe,null
web/api/pressureobserver/pressureobserver,null
web/api/pressureobserver/takerecords,null
web/api/pressureobserver/unobserve,null
web/api/pressurerecord,null
web/api/pressurerecord/source,null
web/api/pressurerecord/state,null
web/api/pressurerecord/time,null
web/api/pressurerecord/tojson,null
web/api/prioritized_task_scheduling_api,null
web/api/private_state_token_api,null
web/api/private_state_token_api/using,null
web/api/processinginstruction,10
web/api/processinginstruction/getattribute,null
web/api/processinginstruction/getattributenames,null
web/api/processinginstruction/hasattribute,null
web/api/processinginstruction/hasattributes,null
web/api/processinginstruction/processinginstruction,null
web/api/processinginstruction/removeattribute,null
web/api/processinginstruction/setattribute,null
web/api/processinginstruction/sheet,1
web/api/processinginstruction/target,1
web/api/processinginstruction/toggleattribute,null
web/api/profiler,null
web/api/profiler/profiler,null
web/api/profiler/samplebufferfull_event,null
web/api/profiler/stop,null
web/api/progressevent,4
web/api/progressevent/lengthcomputable,1
web/api/progressevent/loaded,4
web/api/progressevent/progressevent,4
web/api/progressevent/total,3
web/api/promiserejectionevent,5
web/api/promiserejectionevent/promise,5
web/api/promiserejectionevent/promiserejectionevent,5
web/api/promiserejectionevent/reason,4
web/api/prompt_api,null
web/api/prompt_api/adding_context,null
web/api/prompt_api/multimodal,null
web/api/prompt_api/preserving_sessions,null
web/api/prompt_api/using,null
web/api/publickeycredential,0
web/api/publickeycredential/authenticatorattachment,0
web/api/publickeycredential/getclientcapabilities_static,0
web/api/publickeycredential/getclientextensionresults,0
web/api/publickeycredential/id,0
web/api/publickeycredential/isconditionalmediationavailable_static,0
web/api/publickeycredential/isuserverifyingplatformauthenticatoravailable_static,0
web/api/publickeycredential/parsecreationoptionsfromjson_static,0
web/api/publickeycredential/parserequestoptionsfromjson_static,0
web/api/publickeycredential/rawid,0
web/api/publickeycredential/response,0
web/api/publickeycredential/signalallacceptedcredentials_static,0
web/api/publickeycredential/signalcurrentuserdetails_static,0
web/api/publickeycredential/signalunknowncredential_static,0
web/api/publickeycredential/tojson,0
web/api/publickeycredentialcreationoptions,null
web/api/publickeycredentialrequestoptions,null
web/api/push_api,6
web/api/push_api/best_practices,0
web/api/pushevent,2
web/api/pushevent/data,3
web/api/pushevent/pushevent,0
web/api/pushmanager,5
web/api/pushmanager/getsubscription,2
web/api/pushmanager/haspermission,4
web/api/pushmanager/permissionstate,4
web/api/pushmanager/register,5
web/api/pushmanager/registrations,4
web/api/pushmanager/subscribe,6
web/api/pushmanager/supportedcontentencodings_static,3
web/api/pushmanager/unregister,2
web/api/pushmessagedata,5
web/api/pushmessagedata/arraybuffer,2
web/api/pushmessagedata/blob,2
web/api/pushmessagedata/bytes,null
web/api/pushmessagedata/json,2
web/api/pushmessagedata/text,2
web/api/pushsubscription,4
web/api/pushsubscription/endpoint,2
web/api/pushsubscription/expirationtime,3
web/api/pushsubscription/getkey,5
web/api/pushsubscription/options,3
web/api/pushsubscription/subscriptionid,4
web/api/pushsubscription/tojson,3
web/api/pushsubscription/unsubscribe,2
web/api/pushsubscriptionoptions,5
web/api/pushsubscriptionoptions/applicationserverkey,7
web/api/pushsubscriptionoptions/uservisibleonly,5
web/api/quotaexceedederror,null
web/api/quotaexceedederror/quota,null
web/api/quotaexceedederror/quotaexceedederror,null
web/api/quotaexceedederror/requested,null
web/api/radionodelist,2
web/api/radionodelist/value,1
web/api/range,1
web/api/range/clonecontents,2
web/api/range/clonerange,1
web/api/range/collapse,2
web/api/range/commonancestorcontainer,5
web/api/range/compareboundarypoints,1
web/api/range/comparenode,4
web/api/range/comparepoint,1
web/api/range/createcontextualfragment,3
web/api/range/deletecontents,2
web/api/range/detach,2
web/api/range/extractcontents,2
web/api/range/getboundingclientrect,2
web/api/range/getclientrects,3
web/api/range/insertnode,0
web/api/range/intersectsnode,0
web/api/range/ispointinrange,1
web/api/range/range,4
web/api/range/selectnode,0
web/api/range/selectnodecontents,0
web/api/range/setend,3
web/api/range/setendafter,0
web/api/range/setendbefore,0
web/api/range/setstart,0
web/api/range/setstartafter,0
web/api/range/setstartbefore,0
web/api/range/surroundcontents,2
web/api/range/tostring,1
web/api/readablebytestreamcontroller,5
web/api/readablebytestreamcontroller/byobrequest,1
web/api/readablebytestreamcontroller/close,2
web/api/readablebytestreamcontroller/desiredsize,0
web/api/readablebytestreamcontroller/enqueue,2
web/api/readablebytestreamcontroller/error,1
web/api/readablestream,6
web/api/readablestream/cancel,5
web/api/readablestream/from_static,5
web/api/readablestream/getreader,4
web/api/readablestream/locked,2
web/api/readablestream/pipethrough,3
web/api/readablestream/pipeto,3
web/api/readablestream/readablestream,6
web/api/readablestream/tee,2
web/api/readablestreambyobreader,7
web/api/readablestreambyobreader/cancel,2
web/api/readablestreambyobreader/closed,1
web/api/readablestreambyobreader/read,9
web/api/readablestreambyobreader/readablestreambyobreader,2
web/api/readablestreambyobreader/releaselock,1
web/api/readablestreambyobrequest,2
web/api/readablestreambyobrequest/respond,1
web/api/readablestreambyobrequest/respondwithnewview,2
web/api/readablestreambyobrequest/view,2
web/api/readablestreamdefaultcontroller,4
web/api/readablestreamdefaultcontroller/close,6
web/api/readablestreamdefaultcontroller/desiredsize,2
web/api/readablestreamdefaultcontroller/enqueue,4
web/api/readablestreamdefaultcontroller/error,3
web/api/readablestreamdefaultreader,3
web/api/readablestreamdefaultreader/cancel,3
web/api/readablestreamdefaultreader/closed,1
web/api/readablestreamdefaultreader/read,4
web/api/readablestreamdefaultreader/readablestreamdefaultreader,2
web/api/readablestreamdefaultreader/releaselock,2
web/api/relativeorientationsensor,5
web/api/relativeorientationsensor/relativeorientationsensor,3
web/api/remote_playback_api,null
web/api/remoteplayback,null
web/api/remoteplayback/cancelwatchavailability,null
web/api/remoteplayback/connect_event,null
web/api/remoteplayback/connecting_event,null
web/api/remoteplayback/disconnect_event,null
web/api/remoteplayback/prompt,null
web/api/remoteplayback/state,null
web/api/remoteplayback/watchavailability,null
web/api/reporting_api,0
web/api/reportingobserver,null
web/api/reportingobserver/disconnect,null
web/api/reportingobserver/observe,null
web/api/reportingobserver/reportingobserver,null
web/api/reportingobserver/takerecords,null
web/api/request,12
web/api/request/arraybuffer,1
web/api/request/blob,1
web/api/request/body,0
web/api/request/bodyused,0
web/api/request/bytes,1
web/api/request/cache,2
web/api/request/clone,2
web/api/request/credentials,2
web/api/request/destination,9
web/api/request/duplex,1
web/api/request/formdata,1
web/api/request/headers,1
web/api/request/integrity,2
web/api/request/ishistorynavigation,0
web/api/request/isreloadnavigation,null
web/api/request/json,1
web/api/request/keepalive,1
web/api/request/method,1
web/api/request/mode,3
web/api/request/redirect,1
web/api/request/referrer,1
web/api/request/referrerpolicy,1
web/api/request/request,4
web/api/request/signal,0
web/api/request/targetaddressspace,null
web/api/request/text,1
web/api/request/url,1
web/api/requestinit,14
web/api/resize_observer_api,2
web/api/resizeobserver,6
web/api/resizeobserver/disconnect,0
web/api/resizeobserver/observe,2
web/api/resizeobserver/resizeobserver,1
web/api/resizeobserver/unobserve,0
web/api/resizeobserverentry,6
web/api/resizeobserverentry/borderboxsize,2
web/api/resizeobserverentry/contentboxsize,5
web/api/resizeobserverentry/contentrect,0
web/api/resizeobserverentry/devicepixelcontentboxsize,2
web/api/resizeobserverentry/target,0
web/api/resizeobserversize,null
web/api/resizeobserversize/blocksize,null
web/api/resizeobserversize/inlinesize,null
web/api/response,3
web/api/response/arraybuffer,6
web/api/response/blob,4
web/api/response/body,3
web/api/response/bodyused,3
web/api/response/bytes,6
web/api/response/clone,2
web/api/response/error_static,2
web/api/response/formdata,4
web/api/response/headers,2
web/api/response/json,3
web/api/response/json_static,4
web/api/response/ok,2
web/api/response/redirect_static,2
web/api/response/redirected,3
web/api/response/response,3
web/api/response/status,4
web/api/response/statustext,2
web/api/response/text,5
web/api/response/type,4
web/api/response/url,2
web/api/restrictiontarget,null
web/api/restrictiontarget/fromelement_static,null
web/api/rsahashedimportparams,0
web/api/rsahashedkeygenparams,6
web/api/rsaoaepparams,0
web/api/rsapssparams,0
web/api/rtcaudiosourcestats,null
web/api/rtcaudiosourcestats/audiolevel,null
web/api/rtcaudiosourcestats/id,null
web/api/rtcaudiosourcestats/kind,null
web/api/rtcaudiosourcestats/timestamp,null
web/api/rtcaudiosourcestats/totalaudioenergy,null
web/api/rtcaudiosourcestats/totalsamplesduration,null
web/api/rtcaudiosourcestats/trackidentifier,null
web/api/rtcaudiosourcestats/type,null
web/api/rtccertificate,null
web/api/rtccertificate/expires,null
web/api/rtccertificate/getfingerprints,null
web/api/rtccertificatestats,null
web/api/rtccertificatestats/base64certificate,null
web/api/rtccertificatestats/fingerprint,null
web/api/rtccertificatestats/fingerprintalgorithm,null
web/api/rtccertificatestats/id,null
web/api/rtccertificatestats/issuercertificateid,null
web/api/rtccertificatestats/timestamp,null
web/api/rtccertificatestats/type,null
web/api/rtccodecstats,null
web/api/rtccodecstats/channels,null
web/api/rtccodecstats/clockrate,null
web/api/rtccodecstats/id,null
web/api/rtccodecstats/mimetype,null
web/api/rtccodecstats/payloadtype,null
web/api/rtccodecstats/sdpfmtpline,null
web/api/rtccodecstats/timestamp,null
web/api/rtccodecstats/transportid,null
web/api/rtccodecstats/type,null
web/api/rtcdatachannel,6
web/api/rtcdatachannel/binarytype,null
web/api/rtcdatachannel/bufferedamount,null
web/api/rtcdatachannel/bufferedamountlow_event,null
web/api/rtcdatachannel/bufferedamountlowthreshold,null
web/api/rtcdatachannel/close,null
web/api/rtcdatachannel/close_event,null
web/api/rtcdatachannel/closing_event,null
web/api/rtcdatachannel/error_event,null
web/api/rtcdatachannel/id,null
web/api/rtcdatachannel/label,null
web/api/rtcdatachannel/maxpacketlifetime,null
web/api/rtcdatachannel/maxretransmits,null
web/api/rtcdatachannel/message_event,null
web/api/rtcdatachannel/negotiated,null
web/api/rtcdatachannel/open_event,null
web/api/rtcdatachannel/ordered,null
web/api/rtcdatachannel/priority,null
web/api/rtcdatachannel/protocol,null
web/api/rtcdatachannel/readystate,null
web/api/rtcdatachannel/reliable,null
web/api/rtcdatachannel/send,null
web/api/rtcdatachannelevent,2
web/api/rtcdatachannelevent/channel,null
web/api/rtcdatachannelevent/rtcdatachannelevent,null
web/api/rtcdatachannelstats,null
web/api/rtcdatachannelstats/bytesreceived,null
web/api/rtcdatachannelstats/bytessent,null
web/api/rtcdatachannelstats/datachannelidentifier,null
web/api/rtcdatachannelstats/id,null
web/api/rtcdatachannelstats/label,null
web/api/rtcdatachannelstats/messagesreceived,null
web/api/rtcdatachannelstats/messagessent,null
web/api/rtcdatachannelstats/protocol,null
web/api/rtcdatachannelstats/state,null
web/api/rtcdatachannelstats/timestamp,null
web/api/rtcdatachannelstats/type,null
web/api/rtcdtlstransport,null
web/api/rtcdtlstransport/error_event,null
web/api/rtcdtlstransport/getremotecertificates,null
web/api/rtcdtlstransport/icetransport,null
web/api/rtcdtlstransport/state,null
web/api/rtcdtlstransport/statechange_event,null
web/api/rtcdtmfsender,null
web/api/rtcdtmfsender/caninsertdtmf,null
web/api/rtcdtmfsender/insertdtmf,null
web/api/rtcdtmfsender/tonebuffer,null
web/api/rtcdtmfsender/tonechange_event,null
web/api/rtcdtmftonechangeevent,null
web/api/rtcdtmftonechangeevent/rtcdtmftonechangeevent,null
web/api/rtcdtmftonechangeevent/tone,null
web/api/rtcencodedaudioframe,null
web/api/rtcencodedaudioframe/data,null
web/api/rtcencodedaudioframe/getmetadata,null
web/api/rtcencodedaudioframe/rtcencodedaudioframe,null
web/api/rtcencodedaudioframe/timestamp,null
web/api/rtcencodedvideoframe,null
web/api/rtcencodedvideoframe/data,null
web/api/rtcencodedvideoframe/getmetadata,null
web/api/rtcencodedvideoframe/rtcencodedvideoframe,null
web/api/rtcencodedvideoframe/timestamp,null
web/api/rtcencodedvideoframe/type,null
web/api/rtcerror,null
web/api/rtcerror/errordetail,null
web/api/rtcerror/receivedalert,null
web/api/rtcerror/rtcerror,null
web/api/rtcerror/sctpcausecode,null
web/api/rtcerror/sdplinenumber,null
web/api/rtcerror/sentalert,null
web/api/rtcerrorevent,null
web/api/rtcerrorevent/error,null
web/api/rtcerrorevent/rtcerrorevent,null
web/api/rtcicecandidate,null
web/api/rtcicecandidate/address,null
web/api/rtcicecandidate/candidate,null
web/api/rtcicecandidate/component,null
web/api/rtcicecandidate/foundation,null
web/api/rtcicecandidate/port,null
web/api/rtcicecandidate/priority,null
web/api/rtcicecandidate/protocol,null
web/api/rtcicecandidate/relatedaddress,null
web/api/rtcicecandidate/relatedport,null
web/api/rtcicecandidate/rtcicecandidate,null
web/api/rtcicecandidate/sdpmid,null
web/api/rtcicecandidate/sdpmlineindex,null
web/api/rtcicecandidate/tcptype,null
web/api/rtcicecandidate/tojson,null
web/api/rtcicecandidate/type,null
web/api/rtcicecandidate/usernamefragment,null
web/api/rtcicecandidatepair,null
web/api/rtcicecandidatepair/local,null
web/api/rtcicecandidatepair/remote,null
web/api/rtcicecandidatepairstats,null
web/api/rtcicecandidatepairstats/availableincomingbitrate,null
web/api/rtcicecandidatepairstats/availableoutgoingbitrate,null
web/api/rtcicecandidatepairstats/bytesdiscardedonsend,null
web/api/rtcicecandidatepairstats/bytesreceived,null
web/api/rtcicecandidatepairstats/bytessent,null
web/api/rtcicecandidatepairstats/consentrequestssent,null
web/api/rtcicecandidatepairstats/currentroundtriptime,null
web/api/rtcicecandidatepairstats/id,null
web/api/rtcicecandidatepairstats/lastpacketreceivedtimestamp,null
web/api/rtcicecandidatepairstats/lastpacketsenttimestamp,null
web/api/rtcicecandidatepairstats/localcandidateid,null
web/api/rtcicecandidatepairstats/nominated,null
web/api/rtcicecandidatepairstats/packetsdiscardedonsend,null
web/api/rtcicecandidatepairstats/packetsreceived,null
web/api/rtcicecandidatepairstats/packetssent,null
web/api/rtcicecandidatepairstats/priority,null
web/api/rtcicecandidatepairstats/readable,null
web/api/rtcicecandidatepairstats/remotecandidateid,null
web/api/rtcicecandidatepairstats/requestsreceived,null
web/api/rtcicecandidatepairstats/requestssent,null
web/api/rtcicecandidatepairstats/responsesreceived,null
web/api/rtcicecandidatepairstats/responsessent,null
web/api/rtcicecandidatepairstats/selected,null
web/api/rtcicecandidatepairstats/state,null
web/api/rtcicecandidatepairstats/timestamp,null
web/api/rtcicecandidatepairstats/totalroundtriptime,null
web/api/rtcicecandidatepairstats/transportid,null
web/api/rtcicecandidatepairstats/type,null
web/api/rtcicecandidatepairstats/writable,null
web/api/rtcicecandidatestats,null
web/api/rtcicecandidatestats/address,null
web/api/rtcicecandidatestats/candidatetype,null
web/api/rtcicecandidatestats/deleted,null
web/api/rtcicecandidatestats/foundation,null
web/api/rtcicecandidatestats/id,null
web/api/rtcicecandidatestats/port,null
web/api/rtcicecandidatestats/priority,null
web/api/rtcicecandidatestats/protocol,null
web/api/rtcicecandidatestats/relayprotocol,null
web/api/rtcicecandidatestats/timestamp,null
web/api/rtcicecandidatestats/transportid,null
web/api/rtcicecandidatestats/type,null
web/api/rtcicecandidatestats/url,null
web/api/rtcicecandidatestats/usernamefragment,null
web/api/rtciceparameters,null
web/api/rtciceparameters/password,null
web/api/rtciceparameters/usernamefragment,null
web/api/rtcicetransport,null
web/api/rtcicetransport/component,null
web/api/rtcicetransport/gatheringstate,null
web/api/rtcicetransport/gatheringstatechange_event,null
web/api/rtcicetransport/getlocalcandidates,null
web/api/rtcicetransport/getlocalparameters,null
web/api/rtcicetransport/getremotecandidates,null
web/api/rtcicetransport/getremoteparameters,null
web/api/rtcicetransport/getselectedcandidatepair,null
web/api/rtcicetransport/role,null
web/api/rtcicetransport/selectedcandidatepairchange_event,null
web/api/rtcicetransport/state,null
web/api/rtcicetransport/statechange_event,null
web/api/rtcidentityassertion,null
web/api/rtcidentityassertion/idp,null
web/api/rtcidentityassertion/name,null
web/api/rtcinboundrtpstreamstats,null
web/api/rtcinboundrtpstreamstats/audiolevel,null
web/api/rtcinboundrtpstreamstats/bytesreceived,null
web/api/rtcinboundrtpstreamstats/codecid,null
web/api/rtcinboundrtpstreamstats/concealedsamples,null
web/api/rtcinboundrtpstreamstats/concealmentevents,null
web/api/rtcinboundrtpstreamstats/estimatedplayouttimestamp,null
web/api/rtcinboundrtpstreamstats/fecpacketsdiscarded,null
web/api/rtcinboundrtpstreamstats/fecpacketsreceived,null
web/api/rtcinboundrtpstreamstats/frameheight,null
web/api/rtcinboundrtpstreamstats/framesassembledfrommultiplepackets,null
web/api/rtcinboundrtpstreamstats/framesdecoded,null
web/api/rtcinboundrtpstreamstats/framespersecond,null
web/api/rtcinboundrtpstreamstats/framesreceived,null
web/api/rtcinboundrtpstreamstats/framewidth,null
web/api/rtcinboundrtpstreamstats/freezecount,null
web/api/rtcinboundrtpstreamstats/headerbytesreceived,null
web/api/rtcinboundrtpstreamstats/id,null
web/api/rtcinboundrtpstreamstats/insertedsamplesfordeceleration,null
web/api/rtcinboundrtpstreamstats/jitter,null
web/api/rtcinboundrtpstreamstats/jitterbufferdelay,null
web/api/rtcinboundrtpstreamstats/jitterbufferemittedcount,null
web/api/rtcinboundrtpstreamstats/jitterbufferminimumdelay,null
web/api/rtcinboundrtpstreamstats/jitterbuffertargetdelay,null
web/api/rtcinboundrtpstreamstats/keyframesdecoded,null
web/api/rtcinboundrtpstreamstats/kind,null
web/api/rtcinboundrtpstreamstats/lastpacketreceivedtimestamp,null
web/api/rtcinboundrtpstreamstats/mid,null
web/api/rtcinboundrtpstreamstats/nackcount,null
web/api/rtcinboundrtpstreamstats/packetsdiscarded,null
web/api/rtcinboundrtpstreamstats/packetslost,null
web/api/rtcinboundrtpstreamstats/packetsreceived,null
web/api/rtcinboundrtpstreamstats/pausecount,null
web/api/rtcinboundrtpstreamstats/playoutid,null
web/api/rtcinboundrtpstreamstats/qpsum,null
web/api/rtcinboundrtpstreamstats/remoteid,null
web/api/rtcinboundrtpstreamstats/removedsamplesforacceleration,null
web/api/rtcinboundrtpstreamstats/silentconcealedsamples,null
web/api/rtcinboundrtpstreamstats/ssrc,null
web/api/rtcinboundrtpstreamstats/timestamp,null
web/api/rtcinboundrtpstreamstats/totalassemblytime,null
web/api/rtcinboundrtpstreamstats/totalaudioenergy,null
web/api/rtcinboundrtpstreamstats/totaldecodetime,null
web/api/rtcinboundrtpstreamstats/totalfreezesduration,null
web/api/rtcinboundrtpstreamstats/totalinterframedelay,null
web/api/rtcinboundrtpstreamstats/totalpausesduration,null
web/api/rtcinboundrtpstreamstats/totalprocessingdelay,null
web/api/rtcinboundrtpstreamstats/totalsamplesduration,null
web/api/rtcinboundrtpstreamstats/totalsamplesreceived,null
web/api/rtcinboundrtpstreamstats/totalsquaredinterframedelay,null
web/api/rtcinboundrtpstreamstats/trackidentifier,null
web/api/rtcinboundrtpstreamstats/transportid,null
web/api/rtcinboundrtpstreamstats/type,null
web/api/rtcoutboundrtpstreamstats,null
web/api/rtcoutboundrtpstreamstats/active,null
web/api/rtcoutboundrtpstreamstats/bytessent,null
web/api/rtcoutboundrtpstreamstats/codecid,null
web/api/rtcoutboundrtpstreamstats/frameheight,null
web/api/rtcoutboundrtpstreamstats/framesencoded,null
web/api/rtcoutboundrtpstreamstats/framespersecond,null
web/api/rtcoutboundrtpstreamstats/framessent,null
web/api/rtcoutboundrtpstreamstats/framewidth,null
web/api/rtcoutboundrtpstreamstats/headerbytessent,null
web/api/rtcoutboundrtpstreamstats/id,null
web/api/rtcoutboundrtpstreamstats/keyframesencoded,null
web/api/rtcoutboundrtpstreamstats/kind,null
web/api/rtcoutboundrtpstreamstats/mediasourceid,null
web/api/rtcoutboundrtpstreamstats/mid,null
web/api/rtcoutboundrtpstreamstats/nackcount,null
web/api/rtcoutboundrtpstreamstats/packetssent,null
web/api/rtcoutboundrtpstreamstats/qpsum,null
web/api/rtcoutboundrtpstreamstats/qualitylimitationdurations,null
web/api/rtcoutboundrtpstreamstats/qualitylimitationreason,null
web/api/rtcoutboundrtpstreamstats/remoteid,null
web/api/rtcoutboundrtpstreamstats/retransmittedbytessent,null
web/api/rtcoutboundrtpstreamstats/retransmittedpacketssent,null
web/api/rtcoutboundrtpstreamstats/rid,null
web/api/rtcoutboundrtpstreamstats/scalabilitymode,null
web/api/rtcoutboundrtpstreamstats/ssrc,null
web/api/rtcoutboundrtpstreamstats/targetbitrate,null
web/api/rtcoutboundrtpstreamstats/timestamp,null
web/api/rtcoutboundrtpstreamstats/totalencodedbytestarget,null
web/api/rtcoutboundrtpstreamstats/totalencodetime,null
web/api/rtcoutboundrtpstreamstats/totalpacketsenddelay,null
web/api/rtcoutboundrtpstreamstats/transportid,null
web/api/rtcoutboundrtpstreamstats/type,null
web/api/rtcpeerconnection,1
web/api/rtcpeerconnection/addicecandidate,null
web/api/rtcpeerconnection/addstream,null
web/api/rtcpeerconnection/addstream_event,null
web/api/rtcpeerconnection/addtrack,null
web/api/rtcpeerconnection/addtransceiver,null
web/api/rtcpeerconnection/cantrickleicecandidates,null
web/api/rtcpeerconnection/close,3
web/api/rtcpeerconnection/connectionstate,null
web/api/rtcpeerconnection/connectionstatechange_event,null
web/api/rtcpeerconnection/createanswer,null
web/api/rtcpeerconnection/createdatachannel,null
web/api/rtcpeerconnection/createdtmfsender,null
web/api/rtcpeerconnection/createoffer,null
web/api/rtcpeerconnection/currentlocaldescription,null
web/api/rtcpeerconnection/currentremotedescription,null
web/api/rtcpeerconnection/datachannel_event,null
web/api/rtcpeerconnection/generatecertificate_static,null
web/api/rtcpeerconnection/getconfiguration,null
web/api/rtcpeerconnection/getidentityassertion,null
web/api/rtcpeerconnection/getreceivers,null
web/api/rtcpeerconnection/getsenders,null
web/api/rtcpeerconnection/getstats,null
web/api/rtcpeerconnection/gettransceivers,null
web/api/rtcpeerconnection/icecandidate_event,null
web/api/rtcpeerconnection/icecandidateerror_event,null
web/api/rtcpeerconnection/iceconnectionstate,null
web/api/rtcpeerconnection/iceconnectionstatechange_event,null
web/api/rtcpeerconnection/icegatheringstate,null
web/api/rtcpeerconnection/icegatheringstatechange_event,null
web/api/rtcpeerconnection/idploginurl,null
web/api/rtcpeerconnection/localdescription,3
web/api/rtcpeerconnection/negotiationneeded_event,null
web/api/rtcpeerconnection/peeridentity,null
web/api/rtcpeerconnection/pendinglocaldescription,null
web/api/rtcpeerconnection/pendingremotedescription,null
web/api/rtcpeerconnection/remotedescription,null
web/api/rtcpeerconnection/removestream,null
web/api/rtcpeerconnection/removestream_event,null
web/api/rtcpeerconnection/removetrack,null
web/api/rtcpeerconnection/restartice,null
web/api/rtcpeerconnection/rtcpeerconnection,null
web/api/rtcpeerconnection/sctp,null
web/api/rtcpeerconnection/setconfiguration,null
web/api/rtcpeerconnection/setidentityprovider,null
web/api/rtcpeerconnection/setlocaldescription,null
web/api/rtcpeerconnection/setremotedescription,null
web/api/rtcpeerconnection/signalingstate,null
web/api/rtcpeerconnection/signalingstatechange_event,null
web/api/rtcpeerconnection/track_event,null
web/api/rtcpeerconnectioniceerrorevent,null
web/api/rtcpeerconnectioniceerrorevent/address,null
web/api/rtcpeerconnectioniceerrorevent/errorcode,null
web/api/rtcpeerconnectioniceerrorevent/errortext,null
web/api/rtcpeerconnectioniceerrorevent/port,null
web/api/rtcpeerconnectioniceerrorevent/rtcpeerconnectioniceerrorevent,null
web/api/rtcpeerconnectioniceerrorevent/url,null
web/api/rtcpeerconnectioniceevent,7
web/api/rtcpeerconnectioniceevent/candidate,4
web/api/rtcpeerconnectioniceevent/rtcpeerconnectioniceevent,2
web/api/rtcpeerconnectioniceevent/url,null
web/api/rtcpeerconnectionstats,null
web/api/rtcpeerconnectionstats/datachannelsclosed,null
web/api/rtcpeerconnectionstats/datachannelsopened,null
web/api/rtcpeerconnectionstats/id,null
web/api/rtcpeerconnectionstats/timestamp,null
web/api/rtcpeerconnectionstats/type,null
web/api/rtcremoteinboundrtpstreamstats,null
web/api/rtcremoteinboundrtpstreamstats/codecid,null
web/api/rtcremoteinboundrtpstreamstats/fractionlost,null
web/api/rtcremoteinboundrtpstreamstats/id,null
web/api/rtcremoteinboundrtpstreamstats/jitter,null
web/api/rtcremoteinboundrtpstreamstats/kind,null
web/api/rtcremoteinboundrtpstreamstats/localid,null
web/api/rtcremoteinboundrtpstreamstats/packetslost,null
web/api/rtcremoteinboundrtpstreamstats/packetsreceived,null
web/api/rtcremoteinboundrtpstreamstats/roundtriptime,null
web/api/rtcremoteinboundrtpstreamstats/roundtriptimemeasurements,null
web/api/rtcremoteinboundrtpstreamstats/ssrc,null
web/api/rtcremoteinboundrtpstreamstats/timestamp,null
web/api/rtcremoteinboundrtpstreamstats/totalroundtriptime,null
web/api/rtcremoteinboundrtpstreamstats/transportid,null
web/api/rtcremoteinboundrtpstreamstats/type,null
web/api/rtcremoteoutboundrtpstreamstats,null
web/api/rtcremoteoutboundrtpstreamstats/codecid,null
web/api/rtcremoteoutboundrtpstreamstats/id,null
web/api/rtcremoteoutboundrtpstreamstats/kind,null
web/api/rtcremoteoutboundrtpstreamstats/localid,null
web/api/rtcremoteoutboundrtpstreamstats/remotetimestamp,null
web/api/rtcremoteoutboundrtpstreamstats/roundtriptimemeasurements,null
web/api/rtcremoteoutboundrtpstreamstats/ssrc,null
web/api/rtcremoteoutboundrtpstreamstats/timestamp,null
web/api/rtcremoteoutboundrtpstreamstats/totalroundtriptime,null
web/api/rtcremoteoutboundrtpstreamstats/transportid,null
web/api/rtcremoteoutboundrtpstreamstats/type,null
web/api/rtcrtpreceiver,null
web/api/rtcrtpreceiver/getcapabilities_static,null
web/api/rtcrtpreceiver/getcontributingsources,null
web/api/rtcrtpreceiver/getparameters,null
web/api/rtcrtpreceiver/getstats,null
web/api/rtcrtpreceiver/getsynchronizationsources,null
web/api/rtcrtpreceiver/jitterbuffertarget,null
web/api/rtcrtpreceiver/track,null
web/api/rtcrtpreceiver/transform,null
web/api/rtcrtpreceiver/transport,null
web/api/rtcrtpscripttransform,null
web/api/rtcrtpscripttransform/rtcrtpscripttransform,null
web/api/rtcrtpscripttransformer,null
web/api/rtcrtpscripttransformer/generatekeyframe,null
web/api/rtcrtpscripttransformer/options,null
web/api/rtcrtpscripttransformer/readable,null
web/api/rtcrtpscripttransformer/sendkeyframerequest,null
web/api/rtcrtpscripttransformer/writable,null
web/api/rtcrtpsender,null
web/api/rtcrtpsender/dtmf,null
web/api/rtcrtpsender/getcapabilities_static,null
web/api/rtcrtpsender/getparameters,null
web/api/rtcrtpsender/getstats,null
web/api/rtcrtpsender/replacetrack,null
web/api/rtcrtpsender/setparameters,null
web/api/rtcrtpsender/setstreams,null
web/api/rtcrtpsender/track,null
web/api/rtcrtpsender/transform,null
web/api/rtcrtpsender/transport,null
web/api/rtcrtptransceiver,null
web/api/rtcrtptransceiver/currentdirection,null
web/api/rtcrtptransceiver/direction,null
web/api/rtcrtptransceiver/mid,null
web/api/rtcrtptransceiver/receiver,null
web/api/rtcrtptransceiver/sender,null
web/api/rtcrtptransceiver/setcodecpreferences,null
web/api/rtcrtptransceiver/stop,null
web/api/rtcrtptransceiver/stopped,null
web/api/rtcsctptransport,null
web/api/rtcsctptransport/maxchannels,null
web/api/rtcsctptransport/maxmessagesize,null
web/api/rtcsctptransport/state,null
web/api/rtcsctptransport/statechange_event,null
web/api/rtcsctptransport/transport,null
web/api/rtcsessiondescription,1
web/api/rtcsessiondescription/rtcsessiondescription,null
web/api/rtcsessiondescription/sdp,null
web/api/rtcsessiondescription/tojson,null
web/api/rtcsessiondescription/type,null
web/api/rtcstatsreport,null
web/api/rtcstatsreport/entries,null
web/api/rtcstatsreport/foreach,null
web/api/rtcstatsreport/get,null
web/api/rtcstatsreport/has,null
web/api/rtcstatsreport/keys,null
web/api/rtcstatsreport/size,null
web/api/rtcstatsreport/symbol.iterator,null
web/api/rtcstatsreport/values,null
web/api/rtctrackevent,1
web/api/rtctrackevent/receiver,0
web/api/rtctrackevent/rtctrackevent,0
web/api/rtctrackevent/streams,0
web/api/rtctrackevent/track,0
web/api/rtctrackevent/transceiver,0
web/api/rtctransformevent,null
web/api/rtctransformevent/transformer,null
web/api/rtctransportstats,null
web/api/rtctransportstats/bytesreceived,null
web/api/rtctransportstats/bytessent,null
web/api/rtctransportstats/dtlscipher,null
web/api/rtctransportstats/dtlsrole,null
web/api/rtctransportstats/dtlsstate,null
web/api/rtctransportstats/icelocalusernamefragment,null
web/api/rtctransportstats/icerole,null
web/api/rtctransportstats/icestate,null
web/api/rtctransportstats/id,null
web/api/rtctransportstats/localcertificateid,null
web/api/rtctransportstats/packetsreceived,null
web/api/rtctransportstats/packetssent,null
web/api/rtctransportstats/remotecertificateid,null
web/api/rtctransportstats/selectedcandidatepairchanges,null
web/api/rtctransportstats/selectedcandidatepairid,null
web/api/rtctransportstats/srtpcipher,null
web/api/rtctransportstats/timestamp,null
web/api/rtctransportstats/tlsversion,null
web/api/rtctransportstats/type,null
web/api/rtcvideosourcestats,null
web/api/rtcvideosourcestats/frames,null
web/api/rtcvideosourcestats/framespersecond,null
web/api/rtcvideosourcestats/height,null
web/api/rtcvideosourcestats/id,null
web/api/rtcvideosourcestats/kind,null
web/api/rtcvideosourcestats/timestamp,null
web/api/rtcvideosourcestats/trackidentifier,null
web/api/rtcvideosourcestats/type,null
web/api/rtcvideosourcestats/width,null
web/api/sanitizer,null
web/api/sanitizer/allowattribute,null
web/api/sanitizer/allowelement,null
web/api/sanitizer/get,null
web/api/sanitizer/removeattribute,null
web/api/sanitizer/removeelement,null
web/api/sanitizer/removeunsafe,null
web/api/sanitizer/replaceelementwithchildren,null
web/api/sanitizer/sanitizer,null
web/api/sanitizer/setcomments,null
web/api/sanitizer/setdataattributes,null
web/api/sanitizerconfig,null
web/api/scheduler,null
web/api/scheduler/posttask,null
web/api/scheduler/yield,null
web/api/scheduling,null
web/api/scheduling/isinputpending,null
web/api/screen,2
web/api/screen/availheight,1
web/api/screen/availwidth,1
web/api/screen/change_event,0
web/api/screen/colordepth,1
web/api/screen/height,1
web/api/screen/isextended,0
web/api/screen/lockorientation,4
web/api/screen/mozbrightness,2
web/api/screen/mozenabled,2
web/api/screen/orientation,0
web/api/screen/orientationchange_event,1
web/api/screen/pixeldepth,2
web/api/screen/unlockorientation,2
web/api/screen/width,1
web/api/screen_capture_api,6
web/api/screen_capture_api/captured_surface_control,null
web/api/screen_capture_api/element_region_capture,null
web/api/screen_capture_api/using_screen_capture,5
web/api/screen_orientation_api,0
web/api/screen_wake_lock_api,1
web/api/screendetailed,null
web/api/screendetailed/availleft,null
web/api/screendetailed/availtop,null
web/api/screendetailed/devicepixelratio,null
web/api/screendetailed/isinternal,null
web/api/screendetailed/isprimary,null
web/api/screendetailed/label,null
web/api/screendetailed/left,null
web/api/screendetailed/top,null
web/api/screendetails,null
web/api/screendetails/currentscreen,null
web/api/screendetails/currentscreenchange_event,null
web/api/screendetails/screens,null
web/api/screendetails/screenschange_event,null
web/api/screenorientation,3
web/api/screenorientation/angle,2
web/api/screenorientation/change_event,0
web/api/screenorientation/lock,9
web/api/screenorientation/type,3
web/api/screenorientation/unlock,6
web/api/scriptprocessornode,2
web/api/scriptprocessornode/audioprocess_event,7
web/api/scriptprocessornode/buffersize,1
web/api/scrolltimeline,3
web/api/scrolltimeline/axis,2
web/api/scrolltimeline/scrolltimeline,3
web/api/scrolltimeline/source,2
web/api/securepaymentconfirmationrequest,null
web/api/securitypolicyviolationevent,null
web/api/securitypolicyviolationevent/blockeduri,null
web/api/securitypolicyviolationevent/columnnumber,null
web/api/securitypolicyviolationevent/disposition,null
web/api/securitypolicyviolationevent/documenturi,null
web/api/securitypolicyviolationevent/effectivedirective,null
web/api/securitypolicyviolationevent/linenumber,null
web/api/securitypolicyviolationevent/originalpolicy,null
web/api/securitypolicyviolationevent/referrer,null
web/api/securitypolicyviolationevent/sample,null
web/api/securitypolicyviolationevent/securitypolicyviolationevent,null
web/api/securitypolicyviolationevent/sourcefile,null
web/api/securitypolicyviolationevent/statuscode,null
web/api/securitypolicyviolationevent/violateddirective,null
web/api/selection,0
web/api/selection/addrange,0
web/api/selection/anchornode,0
web/api/selection/anchoroffset,0
web/api/selection/collapse,0
web/api/selection/collapsetoend,0
web/api/selection/collapsetostart,0
web/api/selection/containsnode,0
web/api/selection/deletefromdocument,0
web/api/selection/direction,0
web/api/selection/empty,0
web/api/selection/extend,0
web/api/selection/focusnode,0
web/api/selection/focusoffset,0
web/api/selection/getcomposedranges,0
web/api/selection/getrangeat,0
web/api/selection/iscollapsed,0
web/api/selection/modify,0
web/api/selection/rangecount,1
web/api/selection/removeallranges,0
web/api/selection/removerange,0
web/api/selection/selectallchildren,0
web/api/selection/setbaseandextent,1
web/api/selection/setposition,0
web/api/selection/tostring,0
web/api/selection/type,0
web/api/selection_api,1
web/api/sensor,1
web/api/sensor/activate_event,2
web/api/sensor/activated,1
web/api/sensor/error_event,4
web/api/sensor/hasreading,1
web/api/sensor/reading_event,2
web/api/sensor/start,1
web/api/sensor/stop,1
web/api/sensor/timestamp,1
web/api/sensor_apis,3
web/api/sensorerrorevent,1
web/api/sensorerrorevent/error,1
web/api/sensorerrorevent/sensorerrorevent,1
web/api/serial,0
web/api/serial/getports,0
web/api/serial/requestport,0
web/api/serialport,4
web/api/serialport/close,8
web/api/serialport/connect_event,11
web/api/serialport/connected,null
web/api/serialport/disconnect_event,11
web/api/serialport/forget,7
web/api/serialport/getinfo,8
web/api/serialport/getsignals,6
web/api/serialport/open,3
web/api/serialport/readable,6
web/api/serialport/setsignals,7
web/api/serialport/writable,6
web/api/server-sent_events,5
web/api/server-sent_events/using_server-sent_events,5
web/api/service_worker_api,10
web/api/service_worker_api/using_service_workers,11
web/api/serviceworker,12
web/api/serviceworker/error_event,4
web/api/serviceworker/postmessage,3
web/api/serviceworker/scripturl,3
web/api/serviceworker/state,5
web/api/serviceworker/statechange_event,4
web/api/serviceworkercontainer,0
web/api/serviceworkercontainer/controller,7
web/api/serviceworkercontainer/controllerchange_event,7
web/api/serviceworkercontainer/getregistration,5
web/api/serviceworkercontainer/getregistrations,5
web/api/serviceworkercontainer/message_event,4
web/api/serviceworkercontainer/messageerror_event,null
web/api/serviceworkercontainer/ready,6
web/api/serviceworkercontainer/register,1
web/api/serviceworkercontainer/startmessages,8
web/api/serviceworkerglobalscope,3
web/api/serviceworkerglobalscope/activate_event,6
web/api/serviceworkerglobalscope/backgroundfetchabort_event,2
web/api/serviceworkerglobalscope/backgroundfetchclick_event,2
web/api/serviceworkerglobalscope/backgroundfetchfail_event,2
web/api/serviceworkerglobalscope/backgroundfetchsuccess_event,2
web/api/serviceworkerglobalscope/canmakepayment_event,2
web/api/serviceworkerglobalscope/clients,0
web/api/serviceworkerglobalscope/contentdelete_event,3
web/api/serviceworkerglobalscope/cookiechange_event,2
web/api/serviceworkerglobalscope/cookiestore,1
web/api/serviceworkerglobalscope/fetch_event,1
web/api/serviceworkerglobalscope/install_event,3
web/api/serviceworkerglobalscope/message_event,2
web/api/serviceworkerglobalscope/messageerror_event,2
web/api/serviceworkerglobalscope/notificationclick_event,3
web/api/serviceworkerglobalscope/notificationclose_event,2
web/api/serviceworkerglobalscope/paymentrequest_event,4
web/api/serviceworkerglobalscope/periodicsync_event,4
web/api/serviceworkerglobalscope/push_event,3
web/api/serviceworkerglobalscope/pushsubscriptionchange_event,2
web/api/serviceworkerglobalscope/registration,0
web/api/serviceworkerglobalscope/serviceworker,0
web/api/serviceworkerglobalscope/skipwaiting,0
web/api/serviceworkerglobalscope/sync_event,4
web/api/serviceworkerregistration,11
web/api/serviceworkerregistration/active,7
web/api/serviceworkerregistration/backgroundfetch,8
web/api/serviceworkerregistration/cookies,null
web/api/serviceworkerregistration/getnotifications,7
web/api/serviceworkerregistration/index,9
web/api/serviceworkerregistration/installing,6
web/api/serviceworkerregistration/navigationpreload,4
web/api/serviceworkerregistration/paymentmanager,10
web/api/serviceworkerregistration/periodicsync,8
web/api/serviceworkerregistration/pushmanager,6
web/api/serviceworkerregistration/scope,6
web/api/serviceworkerregistration/shownotification,12
web/api/serviceworkerregistration/sync,7
web/api/serviceworkerregistration/unregister,5
web/api/serviceworkerregistration/update,5
web/api/serviceworkerregistration/updatefound_event,5
web/api/serviceworkerregistration/updateviacache,6
web/api/serviceworkerregistration/waiting,6
web/api/shadowroot,12
web/api/shadowroot/activeelement,0
web/api/shadowroot/adoptedstylesheets,0
web/api/shadowroot/clonable,1
web/api/shadowroot/customelementregistry,0
web/api/shadowroot/delegatesfocus,3
web/api/shadowroot/elementfrompoint,null
web/api/shadowroot/elementsfrompoint,null
web/api/shadowroot/fullscreenelement,0
web/api/shadowroot/getanimations,1
web/api/shadowroot/gethtml,5
web/api/shadowroot/host,4
web/api/shadowroot/innerhtml,7
web/api/shadowroot/mode,4
web/api/shadowroot/pictureinpictureelement,1
web/api/shadowroot/pointerlockelement,0
web/api/shadowroot/serializable,2
web/api/shadowroot/sethtml,null
web/api/shadowroot/sethtmlunsafe,11
web/api/shadowroot/slotassignment,1
web/api/shadowroot/stylesheets,0
web/api/shared_storage_api,null
web/api/sharedstorage,null
web/api/sharedstorage/append,null
web/api/sharedstorage/clear,null
web/api/sharedstorage/delete,null
web/api/sharedstorage/set,null
web/api/sharedstorageoperation,null
web/api/sharedstoragerunoperation,null
web/api/sharedstoragerunoperation/run,null
web/api/sharedstorageselecturloperation,null
web/api/sharedstorageselecturloperation/run,null
web/api/sharedstorageworklet,null
web/api/sharedstorageworkletglobalscope,null
web/api/sharedstorageworkletglobalscope/register,null
web/api/sharedstorageworkletglobalscope/sharedstorage,null
web/api/sharedworker,9
web/api/sharedworker/error_event,4
web/api/sharedworker/port,3
web/api/sharedworker/sharedworker,11
web/api/sharedworkerglobalscope,10
web/api/sharedworkerglobalscope/close,4
web/api/sharedworkerglobalscope/connect_event,8
web/api/sharedworkerglobalscope/name,3
web/api/snapevent,1
web/api/snapevent/snapevent,1
web/api/snapevent/snaptargetblock,1
web/api/snapevent/snaptargetinline,1
web/api/sourcebuffer,9
web/api/sourcebuffer/abort,null
web/api/sourcebuffer/abort_event,null
web/api/sourcebuffer/appendbuffer,5
web/api/sourcebuffer/appendbufferasync,5
web/api/sourcebuffer/appendwindowend,5
web/api/sourcebuffer/appendwindowstart,4
web/api/sourcebuffer/audiotracks,1
web/api/sourcebuffer/buffered,3
web/api/sourcebuffer/changetype,6
web/api/sourcebuffer/error_event,null
web/api/sourcebuffer/mode,5
web/api/sourcebuffer/remove,4
web/api/sourcebuffer/removeasync,4
web/api/sourcebuffer/texttracks,4
web/api/sourcebuffer/timestampoffset,4
web/api/sourcebuffer/update_event,null
web/api/sourcebuffer/updateend_event,null
web/api/sourcebuffer/updatestart_event,null
web/api/sourcebuffer/updating,6
web/api/sourcebuffer/videotracks,4
web/api/sourcebufferlist,null
web/api/sourcebufferlist/length,null
web/api/speculation_rules_api,7
web/api/speechgrammar,null
web/api/speechgrammar/speechgrammar,null
web/api/speechgrammar/src,null
web/api/speechgrammar/weight,null
web/api/speechgrammarlist,null
web/api/speechgrammarlist/addfromstring,null
web/api/speechgrammarlist/addfromuri,null
web/api/speechgrammarlist/item,null
web/api/speechgrammarlist/length,null
web/api/speechgrammarlist/speechgrammarlist,null
web/api/speechrecognition,2
web/api/speechrecognition/abort,0
web/api/speechrecognition/audioend_event,2
web/api/speechrecognition/audiostart_event,2
web/api/speechrecognition/available_static,4
web/api/speechrecognition/continuous,0
web/api/speechrecognition/end_event,2
web/api/speechrecognition/error_event,6
web/api/speechrecognition/grammars,0
web/api/speechrecognition/install_static,2
web/api/speechrecognition/interimresults,0
web/api/speechrecognition/lang,0
web/api/speechrecognition/maxalternatives,0
web/api/speechrecognition/nomatch_event,6
web/api/speechrecognition/phrases,1
web/api/speechrecognition/processlocally,1
web/api/speechrecognition/result_event,5
web/api/speechrecognition/soundend_event,5
web/api/speechrecognition/soundstart_event,5
web/api/speechrecognition/speechend_event,5
web/api/speechrecognition/speechrecognition,0
web/api/speechrecognition/speechstart_event,5
web/api/speechrecognition/start,0
web/api/speechrecognition/start_event,5
web/api/speechrecognition/stop,0
web/api/speechrecognition/unspokenpunctuation,null
web/api/speechrecognitionalternative,null
web/api/speechrecognitionalternative/confidence,null
web/api/speechrecognitionalternative/transcript,1
web/api/speechrecognitionerrorevent,null
web/api/speechrecognitionerrorevent/error,null
web/api/speechrecognitionerrorevent/message,null
web/api/speechrecognitionerrorevent/speechrecognitionerrorevent,null
web/api/speechrecognitionevent,4
web/api/speechrecognitionevent/resultindex,3
web/api/speechrecognitionevent/results,4
web/api/speechrecognitionevent/speechrecognitionevent,null
web/api/speechrecognitionphrase,null
web/api/speechrecognitionphrase/boost,null
web/api/speechrecognitionphrase/phrase,null
web/api/speechrecognitionphrase/speechrecognitionphrase,null
web/api/speechrecognitionresult,null
web/api/speechrecognitionresult/isfinal,null
web/api/speechrecognitionresult/item,null
web/api/speechrecognitionresult/length,null
web/api/speechrecognitionresultlist,null
web/api/speechrecognitionresultlist/item,null
web/api/speechrecognitionresultlist/length,null
web/api/speechsynthesis,0
web/api/speechsynthesis/cancel,0
web/api/speechsynthesis/getvoices,0
web/api/speechsynthesis/pause,0
web/api/speechsynthesis/paused,0
web/api/speechsynthesis/pending,0
web/api/speechsynthesis/resume,0
web/api/speechsynthesis/speak,1
web/api/speechsynthesis/speaking,0
web/api/speechsynthesis/voiceschanged_event,0
web/api/speechsynthesiserrorevent,2
web/api/speechsynthesiserrorevent/error,2
web/api/speechsynthesiserrorevent/speechsynthesiserrorevent,1
web/api/speechsynthesisevent,1
web/api/speechsynthesisevent/charindex,0
web/api/speechsynthesisevent/charlength,0
web/api/speechsynthesisevent/elapsedtime,1
web/api/speechsynthesisevent/name,0
web/api/speechsynthesisevent/speechsynthesisevent,1
web/api/speechsynthesisevent/utterance,0
web/api/speechsynthesisutterance,2
web/api/speechsynthesisutterance/boundary_event,3
web/api/speechsynthesisutterance/end_event,2
web/api/speechsynthesisutterance/error_event,2
web/api/speechsynthesisutterance/lang,6
web/api/speechsynthesisutterance/mark_event,3
web/api/speechsynthesisutterance/pause_event,2
web/api/speechsynthesisutterance/pitch,2
web/api/speechsynthesisutterance/rate,0
web/api/speechsynthesisutterance/resume_event,2
web/api/speechsynthesisutterance/speechsynthesisutterance,2
web/api/speechsynthesisutterance/start_event,2
web/api/speechsynthesisutterance/text,2
web/api/speechsynthesisutterance/voice,2
web/api/speechsynthesisutterance/volume,2
web/api/speechsynthesisvoice,null
web/api/speechsynthesisvoice/default,null
web/api/speechsynthesisvoice/lang,null
web/api/speechsynthesisvoice/localservice,null
web/api/speechsynthesisvoice/name,null
web/api/speechsynthesisvoice/voiceuri,null
web/api/staticrange,0
web/api/staticrange/staticrange,3
web/api/stereopannernode,null
web/api/stereopannernode/pan,null
web/api/stereopannernode/stereopannernode,null
web/api/storage,1
web/api/storage/clear,1
web/api/storage/getitem,1
web/api/storage/key,1
web/api/storage/length,1
web/api/storage/removeitem,1
web/api/storage/setitem,3
web/api/storage_access_api,2
web/api/storage_access_api/using,null
web/api/storage_api,0
web/api/storage_api/storage_quotas_and_eviction_criteria,2
web/api/storageaccesshandle,null
web/api/storageaccesshandle/broadcastchannel,null
web/api/storageaccesshandle/caches,null
web/api/storageaccesshandle/createobjecturl,null
web/api/storageaccesshandle/estimate,null
web/api/storageaccesshandle/getdirectory,null
web/api/storageaccesshandle/indexeddb,null
web/api/storageaccesshandle/localstorage,null
web/api/storageaccesshandle/locks,null
web/api/storageaccesshandle/revokeobjecturl,null
web/api/storageaccesshandle/sessionstorage,null
web/api/storageaccesshandle/sharedworker,null
web/api/storageevent,1
web/api/storageevent/initstorageevent,3
web/api/storageevent/key,null
web/api/storageevent/newvalue,null
web/api/storageevent/oldvalue,null
web/api/storageevent/storagearea,null
web/api/storageevent/storageevent,null
web/api/storageevent/url,null
web/api/storagemanager,0
web/api/storagemanager/estimate,0
web/api/storagemanager/getdirectory,0
web/api/storagemanager/persist,0
web/api/storagemanager/persisted,0
web/api/streams_api,7
web/api/streams_api/concepts,4
web/api/streams_api/using_readable_byte_streams,10
web/api/streams_api/using_readable_streams,11
web/api/streams_api/using_writable_streams,3
web/api/stylepropertymap,5
web/api/stylepropertymap/append,9
web/api/stylepropertymap/clear,5
web/api/stylepropertymap/delete,6
web/api/stylepropertymap/set,8
web/api/stylepropertymapreadonly,null
web/api/stylepropertymapreadonly/entries,null
web/api/stylepropertymapreadonly/foreach,null
web/api/stylepropertymapreadonly/get,null
web/api/stylepropertymapreadonly/getall,null
web/api/stylepropertymapreadonly/has,null
web/api/stylepropertymapreadonly/keys,null
web/api/stylepropertymapreadonly/size,null
web/api/stylepropertymapreadonly/values,null
web/api/stylesheet,2
web/api/stylesheet/disabled,4
web/api/stylesheet/href,8
web/api/stylesheet/media,6
web/api/stylesheet/ownernode,6
web/api/stylesheet/parentstylesheet,2
web/api/stylesheet/title,2
web/api/stylesheet/type,3
web/api/stylesheetlist,null
web/api/stylesheetlist/item,null
web/api/stylesheetlist/length,null
web/api/submitevent,4
web/api/submitevent/submitevent,3
web/api/submitevent/submitter,3
web/api/subtlecrypto,6
web/api/subtlecrypto/decrypt,6
web/api/subtlecrypto/derivebits,7
web/api/subtlecrypto/derivekey,3
web/api/subtlecrypto/digest,6
web/api/subtlecrypto/encrypt,10
web/api/subtlecrypto/exportkey,2
web/api/subtlecrypto/generatekey,8
web/api/subtlecrypto/importkey,8
web/api/subtlecrypto/sign,10
web/api/subtlecrypto/unwrapkey,5
web/api/subtlecrypto/verify,6
web/api/subtlecrypto/wrapkey,2
web/api/summarizer,null
web/api/summarizer/availability_static,null
web/api/summarizer/create_static,null
web/api/summarizer/destroy,null
web/api/summarizer/expectedcontextlanguages,null
web/api/summarizer/expectedinputlanguages,null
web/api/summarizer/format,null
web/api/summarizer/inputquota,null
web/api/summarizer/length,null
web/api/summarizer/measureinputusage,null
web/api/summarizer/outputlanguage,null
web/api/summarizer/sharedcontext,null
web/api/summarizer/summarize,null
web/api/summarizer/summarizestreaming,null
web/api/summarizer/type,null
web/api/summarizer_api,null
web/api/summarizer_api/using,null
web/api/svg_api,0
web/api/svgaelement,1
web/api/svgaelement/download,1
web/api/svgaelement/hash,2
web/api/svgaelement/host,2
web/api/svgaelement/hostname,2
web/api/svgaelement/href,0
web/api/svgaelement/hreflang,0
web/api/svgaelement/interestforelement,0
web/api/svgaelement/origin,2
web/api/svgaelement/password,2
web/api/svgaelement/pathname,2
web/api/svgaelement/ping,0
web/api/svgaelement/port,2
web/api/svgaelement/protocol,2
web/api/svgaelement/referrerpolicy,0
web/api/svgaelement/rel,0
web/api/svgaelement/rellist,0
web/api/svgaelement/search,2
web/api/svgaelement/target,0
web/api/svgaelement/type,0
web/api/svgaelement/username,2
web/api/svgangle,0
web/api/svgangle/converttospecifiedunits,1
web/api/svgangle/newvaluespecifiedunits,2
web/api/svgangle/unittype,1
web/api/svgangle/value,1
web/api/svgangle/valueasstring,1
web/api/svgangle/valueinspecifiedunits,0
web/api/svganimatecolorelement,null
web/api/svganimatedangle,2
web/api/svganimatedangle/animval,2
web/api/svganimatedangle/baseval,2
web/api/svganimatedboolean,1
web/api/svganimatedboolean/animval,1
web/api/svganimatedboolean/baseval,1
web/api/svganimatedenumeration,2
web/api/svganimatedenumeration/animval,2
web/api/svganimatedenumeration/baseval,1
web/api/svganimatedinteger,1
web/api/svganimatedinteger/animval,0
web/api/svganimatedinteger/baseval,0
web/api/svganimatedlength,0
web/api/svganimatedlength/animval,0
web/api/svganimatedlength/baseval,0
web/api/svganimatedlengthlist,0
web/api/svganimatedlengthlist/animval,0
web/api/svganimatedlengthlist/baseval,0
web/api/svganimatednumber,2
web/api/svganimatednumber/animval,0
web/api/svganimatednumber/baseval,0
web/api/svganimatednumberlist,1
web/api/svganimatednumberlist/animval,0
web/api/svganimatednumberlist/baseval,0
web/api/svganimatedpreserveaspectratio,1
web/api/svganimatedpreserveaspectratio/animval,0
web/api/svganimatedpreserveaspectratio/baseval,0
web/api/svganimatedrect,1
web/api/svganimatedrect/animval,0
web/api/svganimatedrect/baseval,0
web/api/svganimatedstring,1
web/api/svganimatedstring/animval,1
web/api/svganimatedstring/baseval,2
web/api/svganimatedtransformlist,1
web/api/svganimatedtransformlist/animval,0
web/api/svganimatedtransformlist/baseval,0
web/api/svganimateelement,0
web/api/svganimatemotionelement,0
web/api/svganimatetransformelement,null
web/api/svganimationelement,null
web/api/svganimationelement/beginelement,null
web/api/svganimationelement/beginelementat,null
web/api/svganimationelement/beginevent_event,null
web/api/svganimationelement/endelement,null
web/api/svganimationelement/endelementat,null
web/api/svganimationelement/endevent_event,null
web/api/svganimationelement/getcurrenttime,null
web/api/svganimationelement/getsimpleduration,null
web/api/svganimationelement/getstarttime,null
web/api/svganimationelement/repeatevent_event,null
web/api/svganimationelement/requiredextensions,null
web/api/svganimationelement/systemlanguage,null
web/api/svganimationelement/targetelement,null
web/api/svgcircleelement,0
web/api/svgcircleelement/cx,0
web/api/svgcircleelement/cy,0
web/api/svgcircleelement/r,0
web/api/svgclippathelement,1
web/api/svgclippathelement/clippathunits,0
web/api/svgclippathelement/transform,0
web/api/svgcomponenttransferfunctionelement,null
web/api/svgcomponenttransferfunctionelement/amplitude,null
web/api/svgcomponenttransferfunctionelement/exponent,null
web/api/svgcomponenttransferfunctionelement/intercept,null
web/api/svgcomponenttransferfunctionelement/offset,null
web/api/svgcomponenttransferfunctionelement/slope,null
web/api/svgcomponenttransferfunctionelement/tablevalues,null
web/api/svgcomponenttransferfunctionelement/type,null
web/api/svgdefselement,0
web/api/svgdescelement,null
web/api/svgdiscardelement,null
web/api/svgelement,8
web/api/svgelement/attributestylemap,2
web/api/svgelement/autofocus,null
web/api/svgelement/blur,null
web/api/svgelement/dataset,3
web/api/svgelement/error_event,1
web/api/svgelement/focus,null
web/api/svgelement/load_event,2
web/api/svgelement/nonce,null
web/api/svgelement/ownersvgelement,null
web/api/svgelement/style,6
web/api/svgelement/tabindex,null
web/api/svgelement/viewportelement,null
web/api/svgellipseelement,null
web/api/svgellipseelement/cx,null
web/api/svgellipseelement/cy,null
web/api/svgellipseelement/rx,null
web/api/svgellipseelement/ry,null
web/api/svgfeblendelement,null
web/api/svgfeblendelement/height,null
web/api/svgfeblendelement/in1,null
web/api/svgfeblendelement/in2,null
web/api/svgfeblendelement/mode,null
web/api/svgfeblendelement/result,null
web/api/svgfeblendelement/width,null
web/api/svgfeblendelement/x,null
web/api/svgfeblendelement/y,null
web/api/svgfecolormatrixelement,null
web/api/svgfecolormatrixelement/height,null
web/api/svgfecolormatrixelement/in1,null
web/api/svgfecolormatrixelement/result,null
web/api/svgfecolormatrixelement/type,null
web/api/svgfecolormatrixelement/values,null
web/api/svgfecolormatrixelement/width,null
web/api/svgfecolormatrixelement/x,null
web/api/svgfecolormatrixelement/y,null
web/api/svgfecomponenttransferelement,null
web/api/svgfecomponenttransferelement/height,null
web/api/svgfecomponenttransferelement/in1,null
web/api/svgfecomponenttransferelement/result,null
web/api/svgfecomponenttransferelement/width,null
web/api/svgfecomponenttransferelement/x,null
web/api/svgfecomponenttransferelement/y,null
web/api/svgfecompositeelement,null
web/api/svgfecompositeelement/height,null
web/api/svgfecompositeelement/in1,null
web/api/svgfecompositeelement/in2,null
web/api/svgfecompositeelement/k1,null
web/api/svgfecompositeelement/k2,null
web/api/svgfecompositeelement/k3,null
web/api/svgfecompositeelement/k4,null
web/api/svgfecompositeelement/operator,null
web/api/svgfecompositeelement/result,null
web/api/svgfecompositeelement/width,null
web/api/svgfecompositeelement/x,null
web/api/svgfecompositeelement/y,null
web/api/svgfeconvolvematrixelement,null
web/api/svgfeconvolvematrixelement/bias,null
web/api/svgfeconvolvematrixelement/divisor,null
web/api/svgfeconvolvematrixelement/edgemode,null
web/api/svgfeconvolvematrixelement/height,null
web/api/svgfeconvolvematrixelement/in1,null
web/api/svgfeconvolvematrixelement/kernelmatrix,null
web/api/svgfeconvolvematrixelement/kernelunitlengthx,null
web/api/svgfeconvolvematrixelement/kernelunitlengthy,null
web/api/svgfeconvolvematrixelement/orderx,null
web/api/svgfeconvolvematrixelement/ordery,null
web/api/svgfeconvolvematrixelement/preservealpha,null
web/api/svgfeconvolvematrixelement/result,null
web/api/svgfeconvolvematrixelement/targetx,null
web/api/svgfeconvolvematrixelement/targety,null
web/api/svgfeconvolvematrixelement/width,null
web/api/svgfeconvolvematrixelement/x,null
web/api/svgfeconvolvematrixelement/y,null
web/api/svgfediffuselightingelement,null
web/api/svgfediffuselightingelement/diffuseconstant,null
web/api/svgfediffuselightingelement/height,null
web/api/svgfediffuselightingelement/in1,null
web/api/svgfediffuselightingelement/kernelunitlengthx,null
web/api/svgfediffuselightingelement/kernelunitlengthy,null
web/api/svgfediffuselightingelement/result,null
web/api/svgfediffuselightingelement/surfacescale,null
web/api/svgfediffuselightingelement/width,null
web/api/svgfediffuselightingelement/x,null
web/api/svgfediffuselightingelement/y,null
web/api/svgfedisplacementmapelement,0
web/api/svgfedisplacementmapelement/height,0
web/api/svgfedisplacementmapelement/in1,0
web/api/svgfedisplacementmapelement/in2,0
web/api/svgfedisplacementmapelement/result,0
web/api/svgfedisplacementmapelement/scale,0
web/api/svgfedisplacementmapelement/width,0
web/api/svgfedisplacementmapelement/x,0
web/api/svgfedisplacementmapelement/xchannelselector,0
web/api/svgfedisplacementmapelement/y,0
web/api/svgfedisplacementmapelement/ychannelselector,0
web/api/svgfedistantlightelement,null
web/api/svgfedistantlightelement/azimuth,null
web/api/svgfedistantlightelement/elevation,null
web/api/svgfedropshadowelement,0
web/api/svgfedropshadowelement/dx,0
web/api/svgfedropshadowelement/dy,0
web/api/svgfedropshadowelement/height,0
web/api/svgfedropshadowelement/in1,0
web/api/svgfedropshadowelement/result,0
web/api/svgfedropshadowelement/setstddeviation,0
web/api/svgfedropshadowelement/stddeviationx,0
web/api/svgfedropshadowelement/stddeviationy,0
web/api/svgfedropshadowelement/width,0
web/api/svgfedropshadowelement/x,0
web/api/svgfedropshadowelement/y,0
web/api/svgfefloodelement,null
web/api/svgfefloodelement/height,null
web/api/svgfefloodelement/result,null
web/api/svgfefloodelement/width,null
web/api/svgfefloodelement/x,null
web/api/svgfefloodelement/y,null
web/api/svgfefuncaelement,null
web/api/svgfefuncbelement,null
web/api/svgfefuncgelement,null
web/api/svgfefuncrelement,null
web/api/svgfegaussianblurelement,null
web/api/svgfegaussianblurelement/edgemode,null
web/api/svgfegaussianblurelement/height,null
web/api/svgfegaussianblurelement/in1,null
web/api/svgfegaussianblurelement/result,null
web/api/svgfegaussianblurelement/setstddeviation,null
web/api/svgfegaussianblurelement/stddeviationx,null
web/api/svgfegaussianblurelement/stddeviationy,null
web/api/svgfegaussianblurelement/width,null
web/api/svgfegaussianblurelement/x,null
web/api/svgfegaussianblurelement/y,null
web/api/svgfeimageelement,null
web/api/svgfeimageelement/height,null
web/api/svgfeimageelement/href,null
web/api/svgfeimageelement/preserveaspectratio,null
web/api/svgfeimageelement/result,null
web/api/svgfeimageelement/width,null
web/api/svgfeimageelement/x,null
web/api/svgfeimageelement/y,null
web/api/svgfemergeelement,null
web/api/svgfemergeelement/height,null
web/api/svgfemergeelement/result,null
web/api/svgfemergeelement/width,null
web/api/svgfemergeelement/x,null
web/api/svgfemergeelement/y,null
web/api/svgfemergenodeelement,null
web/api/svgfemergenodeelement/in1,null
web/api/svgfemorphologyelement,null
web/api/svgfemorphologyelement/height,null
web/api/svgfemorphologyelement/in1,null
web/api/svgfemorphologyelement/operator,null
web/api/svgfemorphologyelement/radiusx,null
web/api/svgfemorphologyelement/radiusy,null
web/api/svgfemorphologyelement/result,null
web/api/svgfemorphologyelement/width,null
web/api/svgfemorphologyelement/x,null
web/api/svgfemorphologyelement/y,null
web/api/svgfeoffsetelement,null
web/api/svgfeoffsetelement/dx,null
web/api/svgfeoffsetelement/dy,null
web/api/svgfeoffsetelement/height,null
web/api/svgfeoffsetelement/in1,null
web/api/svgfeoffsetelement/result,null
web/api/svgfeoffsetelement/width,null
web/api/svgfeoffsetelement/x,null
web/api/svgfeoffsetelement/y,null
web/api/svgfepointlightelement,null
web/api/svgfepointlightelement/x,null
web/api/svgfepointlightelement/y,null
web/api/svgfepointlightelement/z,null
web/api/svgfespecularlightingelement,null
web/api/svgfespecularlightingelement/height,null
web/api/svgfespecularlightingelement/in1,null
web/api/svgfespecularlightingelement/kernelunitlengthx,null
web/api/svgfespecularlightingelement/kernelunitlengthy,null
web/api/svgfespecularlightingelement/result,null
web/api/svgfespecularlightingelement/specularconstant,null
web/api/svgfespecularlightingelement/specularexponent,null
web/api/svgfespecularlightingelement/surfacescale,null
web/api/svgfespecularlightingelement/width,null
web/api/svgfespecularlightingelement/x,null
web/api/svgfespecularlightingelement/y,null
web/api/svgfespotlightelement,null
web/api/svgfespotlightelement/limitingconeangle,null
web/api/svgfespotlightelement/pointsatx,null
web/api/svgfespotlightelement/pointsaty,null
web/api/svgfespotlightelement/pointsatz,null
web/api/svgfespotlightelement/specularexponent,null
web/api/svgfespotlightelement/x,null
web/api/svgfespotlightelement/y,null
web/api/svgfespotlightelement/z,null
web/api/svgfetileelement,null
web/api/svgfetileelement/height,null
web/api/svgfetileelement/in1,null
web/api/svgfetileelement/result,null
web/api/svgfetileelement/width,null
web/api/svgfetileelement/x,null
web/api/svgfetileelement/y,null
web/api/svgfeturbulenceelement,null
web/api/svgfeturbulenceelement/basefrequencyx,null
web/api/svgfeturbulenceelement/basefrequencyy,null
web/api/svgfeturbulenceelement/height,null
web/api/svgfeturbulenceelement/numoctaves,null
web/api/svgfeturbulenceelement/result,null
web/api/svgfeturbulenceelement/seed,null
web/api/svgfeturbulenceelement/stitchtiles,null
web/api/svgfeturbulenceelement/type,null
web/api/svgfeturbulenceelement/width,null
web/api/svgfeturbulenceelement/x,null
web/api/svgfeturbulenceelement/y,null
web/api/svgfilterelement,null
web/api/svgfilterelement/filterunits,null
web/api/svgfilterelement/height,null
web/api/svgfilterelement/href,null
web/api/svgfilterelement/primitiveunits,null
web/api/svgfilterelement/width,null
web/api/svgfilterelement/x,null
web/api/svgfilterelement/y,null
web/api/svgforeignobjectelement,0
web/api/svgforeignobjectelement/height,0
web/api/svgforeignobjectelement/width,0
web/api/svgforeignobjectelement/x,0
web/api/svgforeignobjectelement/y,0
web/api/svggelement,0
web/api/svggeometryelement,0
web/api/svggeometryelement/getpointatlength,0
web/api/svggeometryelement/gettotallength,0
web/api/svggeometryelement/ispointinfill,0
web/api/svggeometryelement/ispointinstroke,0
web/api/svggeometryelement/pathlength,1
web/api/svggradientelement,0
web/api/svggradientelement/gradienttransform,0
web/api/svggradientelement/gradientunits,0
web/api/svggradientelement/href,0
web/api/svggradientelement/spreadmethod,0
web/api/svggraphicselement,0
web/api/svggraphicselement/getbbox,null
web/api/svggraphicselement/getctm,null
web/api/svggraphicselement/getscreenctm,null
web/api/svggraphicselement/requiredextensions,null
web/api/svggraphicselement/systemlanguage,null
web/api/svggraphicselement/transform,null
web/api/svgimageelement,null
web/api/svgimageelement/crossorigin,null
web/api/svgimageelement/decode,null
web/api/svgimageelement/decoding,null
web/api/svgimageelement/height,null
web/api/svgimageelement/href,null
web/api/svgimageelement/preserveaspectratio,null
web/api/svgimageelement/width,null
web/api/svgimageelement/x,null
web/api/svgimageelement/y,null
web/api/svglength,3
web/api/svglength/converttospecifiedunits,0
web/api/svglength/newvaluespecifiedunits,1
web/api/svglength/unittype,0
web/api/svglength/value,1
web/api/svglength/valueasstring,2
web/api/svglength/valueinspecifiedunits,0
web/api/svglengthlist,1
web/api/svglengthlist/appenditem,1
web/api/svglengthlist/clear,1
web/api/svglengthlist/getitem,1
web/api/svglengthlist/initialize,1
web/api/svglengthlist/insertitembefore,1
web/api/svglengthlist/length,0
web/api/svglengthlist/numberofitems,0
web/api/svglengthlist/removeitem,1
web/api/svglengthlist/replaceitem,1
web/api/svglineargradientelement,0
web/api/svglineargradientelement/x1,0
web/api/svglineargradientelement/x2,0
web/api/svglineargradientelement/y1,0
web/api/svglineargradientelement/y2,0
web/api/svglineelement,0
web/api/svglineelement/x1,0
web/api/svglineelement/x2,0
web/api/svglineelement/y1,0
web/api/svglineelement/y2,0
web/api/svgmarkerelement,null
web/api/svgmarkerelement/markerheight,null
web/api/svgmarkerelement/markerunits,null
web/api/svgmarkerelement/markerwidth,null
web/api/svgmarkerelement/orient,null
web/api/svgmarkerelement/orientangle,null
web/api/svgmarkerelement/orienttype,null
web/api/svgmarkerelement/preserveaspectratio,null
web/api/svgmarkerelement/refx,null
web/api/svgmarkerelement/refy,null
web/api/svgmarkerelement/setorienttoangle,null
web/api/svgmarkerelement/setorienttoauto,null
web/api/svgmarkerelement/viewbox,null
web/api/svgmaskelement,0
web/api/svgmaskelement/height,1
web/api/svgmaskelement/maskcontentunits,0
web/api/svgmaskelement/maskunits,0
web/api/svgmaskelement/width,1
web/api/svgmaskelement/x,0
web/api/svgmaskelement/y,2
web/api/svgmetadataelement,null
web/api/svgmpathelement,null
web/api/svgmpathelement/href,null
web/api/svgnumber,1
web/api/svgnumber/value,0
web/api/svgnumberlist,0
web/api/svgnumberlist/appenditem,1
web/api/svgnumberlist/clear,1
web/api/svgnumberlist/getitem,1
web/api/svgnumberlist/initialize,1
web/api/svgnumberlist/insertitembefore,1
web/api/svgnumberlist/length,0
web/api/svgnumberlist/numberofitems,1
web/api/svgnumberlist/removeitem,1
web/api/svgnumberlist/replaceitem,1
web/api/svgpathelement,1
web/api/svgpathelement/getpathdata,0
web/api/svgpathelement/getpathsegmentatlength,0
web/api/svgpathelement/getpointatlength,0
web/api/svgpathelement/gettotallength,0
web/api/svgpathelement/pathlength,0
web/api/svgpathelement/setpathdata,0
web/api/svgpatternelement,null
web/api/svgpatternelement/height,null
web/api/svgpatternelement/href,null
web/api/svgpatternelement/patterncontentunits,null
web/api/svgpatternelement/patterntransform,null
web/api/svgpatternelement/patternunits,null
web/api/svgpatternelement/preserveaspectratio,null
web/api/svgpatternelement/viewbox,null
web/api/svgpatternelement/width,null
web/api/svgpatternelement/x,null
web/api/svgpatternelement/y,null
web/api/svgpoint,2
web/api/svgpointlist,2
web/api/svgpointlist/appenditem,1
web/api/svgpointlist/clear,0
web/api/svgpointlist/getitem,1
web/api/svgpointlist/initialize,2
web/api/svgpointlist/insertitembefore,1
web/api/svgpointlist/length,0
web/api/svgpointlist/numberofitems,0
web/api/svgpointlist/removeitem,1
web/api/svgpointlist/replaceitem,1
web/api/svgpolygonelement,0
web/api/svgpolygonelement/animatedpoints,0
web/api/svgpolygonelement/points,0
web/api/svgpolylineelement,0
web/api/svgpolylineelement/animatedpoints,0
web/api/svgpolylineelement/points,0
web/api/svgpreserveaspectratio,2
web/api/svgpreserveaspectratio/align,0
web/api/svgpreserveaspectratio/meetorslice,0
web/api/svgradialgradientelement,null
web/api/svgradialgradientelement/cx,null
web/api/svgradialgradientelement/cy,null
web/api/svgradialgradientelement/fr,null
web/api/svgradialgradientelement/fx,null
web/api/svgradialgradientelement/fy,null
web/api/svgradialgradientelement/r,null
web/api/svgrect,0
web/api/svgrect/height,1
web/api/svgrect/width,1
web/api/svgrect/x,2
web/api/svgrect/y,1
web/api/svgrectelement,0
web/api/svgrectelement/height,0
web/api/svgrectelement/rx,0
web/api/svgrectelement/ry,0
web/api/svgrectelement/width,0
web/api/svgrectelement/x,0
web/api/svgrectelement/y,0
web/api/svgscriptelement,null
web/api/svgscriptelement/async,null
web/api/svgscriptelement/crossorigin,null
web/api/svgscriptelement/defer,null
web/api/svgscriptelement/href,null
web/api/svgscriptelement/type,null
web/api/svgsetelement,null
web/api/svgstopelement,null
web/api/svgstopelement/offset,null
web/api/svgstringlist,0
web/api/svgstringlist/appenditem,1
web/api/svgstringlist/clear,1
web/api/svgstringlist/getitem,1
web/api/svgstringlist/initialize,1
web/api/svgstringlist/insertitembefore,1
web/api/svgstringlist/length,0
web/api/svgstringlist/numberofitems,1
web/api/svgstringlist/removeitem,1
web/api/svgstringlist/replaceitem,1
web/api/svgstyleelement,null
web/api/svgstyleelement/disabled,null
web/api/svgstyleelement/media,null
web/api/svgstyleelement/sheet,null
web/api/svgstyleelement/title,null
web/api/svgstyleelement/type,null
web/api/svgsvgelement,1
web/api/svgsvgelement/animationspaused,null
web/api/svgsvgelement/checkenclosure,null
web/api/svgsvgelement/checkintersection,null
web/api/svgsvgelement/createsvgangle,null
web/api/svgsvgelement/createsvglength,null
web/api/svgsvgelement/createsvgmatrix,null
web/api/svgsvgelement/createsvgnumber,null
web/api/svgsvgelement/createsvgpoint,null
web/api/svgsvgelement/createsvgrect,null
web/api/svgsvgelement/createsvgtransform,null
web/api/svgsvgelement/createsvgtransformfrommatrix,null
web/api/svgsvgelement/currentscale,0
web/api/svgsvgelement/currenttranslate,0
web/api/svgsvgelement/deselectall,null
web/api/svgsvgelement/getcurrenttime,null
web/api/svgsvgelement/getelementbyid,null
web/api/svgsvgelement/height,0
web/api/svgsvgelement/pauseanimations,null
web/api/svgsvgelement/preserveaspectratio,0
web/api/svgsvgelement/setcurrenttime,null
web/api/svgsvgelement/unpauseanimations,null
web/api/svgsvgelement/viewbox,0
web/api/svgsvgelement/width,0
web/api/svgsvgelement/x,0
web/api/svgsvgelement/y,0
web/api/svgswitchelement,null
web/api/svgsymbolelement,0
web/api/svgsymbolelement/preserveaspectratio,0
web/api/svgsymbolelement/viewbox,0
web/api/svgtextcontentelement,4
web/api/svgtextcontentelement/getcharnumatposition,2
web/api/svgtextcontentelement/getcomputedtextlength,1
web/api/svgtextcontentelement/getendpositionofchar,0
web/api/svgtextcontentelement/getextentofchar,0
web/api/svgtextcontentelement/getnumberofchars,0
web/api/svgtextcontentelement/getrotationofchar,2
web/api/svgtextcontentelement/getstartpositionofchar,0
web/api/svgtextcontentelement/getsubstringlength,2
web/api/svgtextcontentelement/lengthadjust,0
web/api/svgtextcontentelement/textlength,0
web/api/svgtextelement,0
web/api/svgtextpathelement,4
web/api/svgtextpathelement/href,0
web/api/svgtextpathelement/method,1
web/api/svgtextpathelement/side,null
web/api/svgtextpathelement/spacing,1
web/api/svgtextpathelement/startoffset,0
web/api/svgtextpositioningelement,1
web/api/svgtextpositioningelement/dx,1
web/api/svgtextpositioningelement/dy,1
web/api/svgtextpositioningelement/rotate,0
web/api/svgtextpositioningelement/x,1
web/api/svgtextpositioningelement/y,1
web/api/svgtitleelement,0
web/api/svgtransform,0
web/api/svgtransform/angle,0
web/api/svgtransform/matrix,0
web/api/svgtransform/setmatrix,1
web/api/svgtransform/setrotate,1
web/api/svgtransform/setscale,1
web/api/svgtransform/setskewx,1
web/api/svgtransform/setskewy,1
web/api/svgtransform/settranslate,1
web/api/svgtransform/type,0
web/api/svgtransformlist,2
web/api/svgtransformlist/appenditem,1
web/api/svgtransformlist/clear,1
web/api/svgtransformlist/consolidate,1
web/api/svgtransformlist/createsvgtransformfrommatrix,1
web/api/svgtransformlist/getitem,1
web/api/svgtransformlist/initialize,1
web/api/svgtransformlist/insertitembefore,1
web/api/svgtransformlist/length,0
web/api/svgtransformlist/numberofitems,0
web/api/svgtransformlist/removeitem,2
web/api/svgtransformlist/replaceitem,2
web/api/svgtspanelement,0
web/api/svgunittypes,0
web/api/svguseelement,null
web/api/svguseelement/height,null
web/api/svguseelement/href,null
web/api/svguseelement/width,null
web/api/svguseelement/x,null
web/api/svguseelement/y,null
web/api/svgviewelement,null
web/api/svgviewelement/preserveaspectratio,null
web/api/svgviewelement/viewbox,null
web/api/syncevent,null
web/api/syncevent/lastchance,null
web/api/syncevent/syncevent,null
web/api/syncevent/tag,null
web/api/syncmanager,null
web/api/syncmanager/gettags,0
web/api/syncmanager/register,0
web/api/taskattributiontiming,0
web/api/taskattributiontiming/containerid,2
web/api/taskattributiontiming/containername,4
web/api/taskattributiontiming/containersrc,4
web/api/taskattributiontiming/containertype,1
web/api/taskattributiontiming/tojson,0
web/api/taskcontroller,null
web/api/taskcontroller/setpriority,null
web/api/taskcontroller/taskcontroller,null
web/api/taskprioritychangeevent,null
web/api/taskprioritychangeevent/previouspriority,null
web/api/taskprioritychangeevent/taskprioritychangeevent,null
web/api/tasksignal,null
web/api/tasksignal/any_static,null
web/api/tasksignal/priority,null
web/api/tasksignal/prioritychange_event,null
web/api/text,0
web/api/text/assignedslot,0
web/api/text/splittext,1
web/api/text/text,1
web/api/text/wholetext,3
web/api/textdecoder,4
web/api/textdecoder/decode,2
web/api/textdecoder/encoding,4
web/api/textdecoder/fatal,2
web/api/textdecoder/ignorebom,4
web/api/textdecoder/textdecoder,6
web/api/textdecoderstream,4
web/api/textdecoderstream/encoding,2
web/api/textdecoderstream/fatal,2
web/api/textdecoderstream/ignorebom,2
web/api/textdecoderstream/readable,3
web/api/textdecoderstream/textdecoderstream,5
web/api/textdecoderstream/writable,2
web/api/textencoder,5
web/api/textencoder/encode,2
web/api/textencoder/encodeinto,7
web/api/textencoder/encoding,2
web/api/textencoder/textencoder,3
web/api/textencoderstream,4
web/api/textencoderstream/encoding,2
web/api/textencoderstream/readable,4
web/api/textencoderstream/textencoderstream,1
web/api/textencoderstream/writable,3
web/api/textevent,null
web/api/textevent/data,null
web/api/textevent/inittextevent,null
web/api/textformat,3
web/api/textformat/rangeend,2
web/api/textformat/rangestart,2
web/api/textformat/textformat,0
web/api/textformat/underlinestyle,2
web/api/textformat/underlinethickness,2
web/api/textformatupdateevent,0
web/api/textformatupdateevent/gettextformats,1
web/api/textformatupdateevent/textformatupdateevent,0
web/api/textmetrics,1
web/api/textmetrics/actualboundingboxascent,0
web/api/textmetrics/actualboundingboxdescent,0
web/api/textmetrics/actualboundingboxleft,0
web/api/textmetrics/actualboundingboxright,0
web/api/textmetrics/alphabeticbaseline,0
web/api/textmetrics/emheightascent,0
web/api/textmetrics/emheightdescent,0
web/api/textmetrics/fontboundingboxascent,0
web/api/textmetrics/fontboundingboxdescent,0
web/api/textmetrics/hangingbaseline,0
web/api/textmetrics/ideographicbaseline,0
web/api/textmetrics/width,0
web/api/texttrack,11
web/api/texttrack/activecues,3
web/api/texttrack/addcue,4
web/api/texttrack/cuechange_event,4
web/api/texttrack/cues,3
web/api/texttrack/id,3
web/api/texttrack/inbandmetadatatrackdispatchtype,4
web/api/texttrack/kind,3
web/api/texttrack/label,3
web/api/texttrack/language,7
web/api/texttrack/mode,8
web/api/texttrack/removecue,4
web/api/texttrack/sourcebuffer,null
web/api/texttrackcue,3
web/api/texttrackcue/endtime,5
web/api/texttrackcue/enter_event,5
web/api/texttrackcue/exit_event,5
web/api/texttrackcue/id,4
web/api/texttrackcue/pauseonexit,3
web/api/texttrackcue/starttime,5
web/api/texttrackcue/track,5
web/api/texttrackcuelist,1
web/api/texttrackcuelist/getcuebyid,1
web/api/texttrackcuelist/length,1
web/api/texttracklist,null
web/api/texttracklist/addtrack_event,null
web/api/texttracklist/change_event,null
web/api/texttracklist/gettrackbyid,null
web/api/texttracklist/length,null
web/api/texttracklist/removetrack_event,null
web/api/textupdateevent,0
web/api/textupdateevent/selectionend,1
web/api/textupdateevent/selectionstart,1
web/api/textupdateevent/text,1
web/api/textupdateevent/textupdateevent,0
web/api/textupdateevent/updaterangeend,0
web/api/textupdateevent/updaterangestart,0
web/api/timeevent,null
web/api/timeevent/detail,null
web/api/timeevent/inittimeevent,null
web/api/timeevent/view,null
web/api/timeranges,0
web/api/timeranges/end,0
web/api/timeranges/length,0
web/api/timeranges/start,0
web/api/toggleevent,8
web/api/toggleevent/newstate,2
web/api/toggleevent/oldstate,2
web/api/toggleevent/source,null
web/api/toggleevent/toggleevent,5
web/api/topics_api,null
web/api/touch,3
web/api/touch/altitudeangle,null
web/api/touch/azimuthangle,null
web/api/touch/clientx,3
web/api/touch/clienty,3
web/api/touch/force,2
web/api/touch/identifier,1
web/api/touch/pagex,3
web/api/touch/pagey,3
web/api/touch/radiusx,2
web/api/touch/radiusy,0
web/api/touch/rotationangle,0
web/api/touch/screenx,3
web/api/touch/screeny,1
web/api/touch/target,2
web/api/touch/touch,3
web/api/touch/touchtype,null
web/api/touch_events,7
web/api/touch_events/multi-touch_interaction,8
web/api/touch_events/using_touch_events,9
web/api/touchevent,3
web/api/touchevent/altkey,2
web/api/touchevent/changedtouches,3
web/api/touchevent/ctrlkey,0
web/api/touchevent/metakey,1
web/api/touchevent/shiftkey,0
web/api/touchevent/targettouches,2
web/api/touchevent/touches,3
web/api/touchevent/touchevent,2
web/api/touchlist,1
web/api/touchlist/item,3
web/api/touchlist/length,2
web/api/trackevent,4
web/api/trackevent/track,2
web/api/trackevent/trackevent,2
web/api/transformstream,5
web/api/transformstream/readable,2
web/api/transformstream/transformstream,4
web/api/transformstream/writable,2
web/api/transformstreamdefaultcontroller,1
web/api/transformstreamdefaultcontroller/desiredsize,0
web/api/transformstreamdefaultcontroller/enqueue,1
web/api/transformstreamdefaultcontroller/error,0
web/api/transformstreamdefaultcontroller/terminate,0
web/api/transitionevent,4
web/api/transitionevent/animation,null
web/api/transitionevent/elapsedtime,0
web/api/transitionevent/propertyname,0
web/api/transitionevent/pseudoelement,0
web/api/transitionevent/transitionevent,1
web/api/translator,0
web/api/translator/availability_static,0
web/api/translator/create_static,1
web/api/translator/destroy,0
web/api/translator/inputquota,0
web/api/translator/measureinputusage,0
web/api/translator/sourcelanguage,0
web/api/translator/targetlanguage,0
web/api/translator/translate,0
web/api/translator/translatestreaming,0
web/api/translator_and_language_detector_apis,null
web/api/translator_and_language_detector_apis/using,null
web/api/treewalker,0
web/api/treewalker/currentnode,0
web/api/treewalker/filter,0
web/api/treewalker/firstchild,0
web/api/treewalker/lastchild,0
web/api/treewalker/nextnode,0
web/api/treewalker/nextsibling,0
web/api/treewalker/parentnode,0
web/api/treewalker/previousnode,0
web/api/treewalker/previoussibling,0
web/api/treewalker/root,0
web/api/treewalker/whattoshow,0
web/api/trusted_types_api,1
web/api/trustedhtml,0
web/api/trustedhtml/tojson,0
web/api/trustedhtml/tostring,0
web/api/trustedscript,0
web/api/trustedscript/tojson,0
web/api/trustedscript/tostring,0
web/api/trustedscripturl,0
web/api/trustedscripturl/tojson,0
web/api/trustedscripturl/tostring,0
web/api/trustedtypepolicy,0
web/api/trustedtypepolicy/createhtml,0
web/api/trustedtypepolicy/createscript,0
web/api/trustedtypepolicy/createscripturl,0
web/api/trustedtypepolicy/name,0
web/api/trustedtypepolicyfactory,0
web/api/trustedtypepolicyfactory/createpolicy,0
web/api/trustedtypepolicyfactory/defaultpolicy,0
web/api/trustedtypepolicyfactory/emptyhtml,0
web/api/trustedtypepolicyfactory/emptyscript,0
web/api/trustedtypepolicyfactory/getattributetype,0
web/api/trustedtypepolicyfactory/getpropertytype,0
web/api/trustedtypepolicyfactory/ishtml,1
web/api/trustedtypepolicyfactory/isscript,1
web/api/trustedtypepolicyfactory/isscripturl,1
web/api/ui_events,0
web/api/ui_events/keyboard_event_code_values,0
web/api/ui_events/keyboard_event_key_values,1
web/api/uievent,2
web/api/uievent/detail,0
web/api/uievent/inituievent,5
web/api/uievent/sourcecapabilities,1
web/api/uievent/uievent,2
web/api/uievent/view,0
web/api/uievent/which,3
web/api/url,3
web/api/url/canparse_static,3
web/api/url/createobjecturl_static,1
web/api/url/hash,4
web/api/url/host,4
web/api/url/hostname,4
web/api/url/href,3
web/api/url/origin,4
web/api/url/parse_static,2
web/api/url/password,3
web/api/url/pathname,5
web/api/url/port,3
web/api/url/protocol,2
web/api/url/revokeobjecturl_static,2
web/api/url/search,3
web/api/url/searchparams,5
web/api/url/tojson,1
web/api/url/tostring,2
web/api/url/url,4
web/api/url/username,1
web/api/url_api,5
web/api/url_api/resolving_relative_references,0
web/api/url_fragment_text_directives,null
web/api/url_pattern_api,0
web/api/urlpattern,0
web/api/urlpattern/exec,1
web/api/urlpattern/hash,0
web/api/urlpattern/hasregexpgroups,0
web/api/urlpattern/hostname,0
web/api/urlpattern/password,0
web/api/urlpattern/pathname,0
web/api/urlpattern/port,0
web/api/urlpattern/protocol,0
web/api/urlpattern/search,0
web/api/urlpattern/test,1
web/api/urlpattern/urlpattern,0
web/api/urlpattern/username,0
web/api/urlsearchparams,2
web/api/urlsearchparams/append,1
web/api/urlsearchparams/delete,0
web/api/urlsearchparams/entries,3
web/api/urlsearchparams/foreach,3
web/api/urlsearchparams/get,0
web/api/urlsearchparams/getall,5
web/api/urlsearchparams/has,0
web/api/urlsearchparams/keys,0
web/api/urlsearchparams/set,2
web/api/urlsearchparams/size,0
web/api/urlsearchparams/sort,4
web/api/urlsearchparams/tostring,5
web/api/urlsearchparams/urlsearchparams,5
web/api/urlsearchparams/values,3
web/api/usb,2
web/api/usb/connect_event,7
web/api/usb/disconnect_event,7
web/api/usb/getdevices,5
web/api/usb/requestdevice,7
web/api/usbalternateinterface,1
web/api/usbconfiguration,1
web/api/usbconfiguration/configurationname,1
web/api/usbconfiguration/configurationvalue,2
web/api/usbconfiguration/interfaces,1
web/api/usbconfiguration/usbconfiguration,1
web/api/usbconnectionevent,4
web/api/usbconnectionevent/device,4
web/api/usbconnectionevent/usbconnectionevent,3
web/api/usbdevice,3
web/api/usbdevice/claiminterface,3
web/api/usbdevice/clearhalt,4
web/api/usbdevice/close,3
web/api/usbdevice/configuration,2
web/api/usbdevice/configurations,3
web/api/usbdevice/controltransferin,4
web/api/usbdevice/controltransferout,4
web/api/usbdevice/deviceclass,3
web/api/usbdevice/deviceprotocol,2
web/api/usbdevice/devicesubclass,2
web/api/usbdevice/deviceversionmajor,2
web/api/usbdevice/deviceversionminor,2
web/api/usbdevice/deviceversionsubminor,2
web/api/usbdevice/forget,2
web/api/usbdevice/isochronoustransferin,2
web/api/usbdevice/isochronoustransferout,2
web/api/usbdevice/manufacturername,2
web/api/usbdevice/open,3
web/api/usbdevice/opened,4
web/api/usbdevice/productid,2
web/api/usbdevice/productname,2
web/api/usbdevice/releaseinterface,3
web/api/usbdevice/reset,3
web/api/usbdevice/selectalternateinterface,3
web/api/usbdevice/selectconfiguration,3
web/api/usbdevice/serialnumber,2
web/api/usbdevice/transferin,3
web/api/usbdevice/transferout,3
web/api/usbdevice/usbversionmajor,2
web/api/usbdevice/usbversionminor,2
web/api/usbdevice/usbversionsubminor,2
web/api/usbdevice/vendorid,3
web/api/usbendpoint,2
web/api/usbinterface,1
web/api/usbintransferresult,2
web/api/usbisochronousintransferpacket,2
web/api/usbisochronousintransferresult,1
web/api/usbisochronousouttransferpacket,2
web/api/usbisochronousouttransferresult,1
web/api/usbouttransferresult,2
web/api/user-agent_client_hints_api,8
web/api/user_preferences_api,null
web/api/useractivation,5
web/api/useractivation/hasbeenactive,6
web/api/useractivation/isactive,6
web/api/validitystate,6
web/api/validitystate/badinput,6
web/api/validitystate/customerror,null
web/api/validitystate/patternmismatch,6
web/api/validitystate/rangeoverflow,4
web/api/validitystate/rangeunderflow,4
web/api/validitystate/stepmismatch,4
web/api/validitystate/toolong,5
web/api/validitystate/tooshort,4
web/api/validitystate/typemismatch,6
web/api/validitystate/valid,null
web/api/validitystate/valuemissing,7
web/api/vibration_api,0
web/api/videocolorspace,0
web/api/videocolorspace/fullrange,null
web/api/videocolorspace/matrix,null
web/api/videocolorspace/primaries,null
web/api/videocolorspace/tojson,null
web/api/videocolorspace/transfer,null
web/api/videocolorspace/videocolorspace,null
web/api/videodecoder,null
web/api/videodecoder/close,null
web/api/videodecoder/configure,null
web/api/videodecoder/decode,null
web/api/videodecoder/decodequeuesize,null
web/api/videodecoder/dequeue_event,null
web/api/videodecoder/flush,null
web/api/videodecoder/isconfigsupported_static,null
web/api/videodecoder/reset,null
web/api/videodecoder/state,null
web/api/videodecoder/videodecoder,null
web/api/videoencoder,null
web/api/videoencoder/close,null
web/api/videoencoder/configure,null
web/api/videoencoder/dequeue_event,null
web/api/videoencoder/encode,null
web/api/videoencoder/encodequeuesize,null
web/api/videoencoder/flush,null
web/api/videoencoder/isconfigsupported_static,null
web/api/videoencoder/reset,null
web/api/videoencoder/state,null
web/api/videoencoder/videoencoder,null
web/api/videoframe,8
web/api/videoframe/allocationsize,2
web/api/videoframe/clone,1
web/api/videoframe/close,1
web/api/videoframe/codedheight,1
web/api/videoframe/codedrect,1
web/api/videoframe/codedwidth,1
web/api/videoframe/colorspace,2
web/api/videoframe/copyto,2
web/api/videoframe/displayheight,1
web/api/videoframe/displaywidth,1
web/api/videoframe/duration,1
web/api/videoframe/flip,null
web/api/videoframe/format,3
web/api/videoframe/metadata,null
web/api/videoframe/rotation,null
web/api/videoframe/timestamp,1
web/api/videoframe/videoframe,6
web/api/videoframe/visiblerect,1
web/api/videoplaybackquality,null
web/api/videoplaybackquality/corruptedvideoframes,null
web/api/videoplaybackquality/creationtime,null
web/api/videoplaybackquality/droppedvideoframes,null
web/api/videoplaybackquality/totalframedelay,null
web/api/videoplaybackquality/totalvideoframes,null
web/api/videotrack,2
web/api/videotrack/id,1
web/api/videotrack/kind,1
web/api/videotrack/label,2
web/api/videotrack/language,1
web/api/videotrack/selected,0
web/api/videotrack/sourcebuffer,1
web/api/videotrackgenerator,null
web/api/videotrackgenerator/muted,null
web/api/videotrackgenerator/track,null
web/api/videotrackgenerator/videotrackgenerator,null
web/api/videotrackgenerator/writable,null
web/api/videotracklist,2
web/api/videotracklist/addtrack_event,6
web/api/videotracklist/change_event,5
web/api/videotracklist/gettrackbyid,3
web/api/videotracklist/length,3
web/api/videotracklist/removetrack_event,6
web/api/videotracklist/selectedindex,2
web/api/view_transition_api,10
web/api/view_transition_api/using,2
web/api/view_transition_api/using_element-scoped,null
web/api/view_transition_api/using_types,1
web/api/viewport,0
web/api/viewport/segments,0
web/api/viewport_segments_api,0
web/api/viewport_segments_api/using,1
web/api/viewtimeline,6
web/api/viewtimeline/endoffset,2
web/api/viewtimeline/startoffset,2
web/api/viewtimeline/subject,2
web/api/viewtimeline/viewtimeline,3
web/api/viewtransition,4
web/api/viewtransition/finished,0
web/api/viewtransition/ready,0
web/api/viewtransition/skiptransition,0
web/api/viewtransition/transitionroot,null
web/api/viewtransition/types,0
web/api/viewtransition/updatecallbackdone,0
web/api/viewtransition/waituntil,null
web/api/viewtransitiontypeset,0
web/api/virtualkeyboard,null
web/api/virtualkeyboard/boundingrect,null
web/api/virtualkeyboard/geometrychange_event,null
web/api/virtualkeyboard/hide,null
web/api/virtualkeyboard/overlayscontent,null
web/api/virtualkeyboard/show,null
web/api/virtualkeyboard_api,0
web/api/visibilitystateentry,null
web/api/visualviewport,5
web/api/visualviewport/height,1
web/api/visualviewport/offsetleft,1
web/api/visualviewport/offsettop,1
web/api/visualviewport/pageleft,1
web/api/visualviewport/pagetop,1
web/api/visualviewport/resize_event,3
web/api/visualviewport/scale,1
web/api/visualviewport/scroll_event,3
web/api/visualviewport/scrollend_event,3
web/api/visualviewport/width,1
web/api/vrdisplay,null
web/api/vrdisplay/cancelanimationframe,null
web/api/vrdisplay/capabilities,null
web/api/vrdisplay/depthfar,null
web/api/vrdisplay/depthnear,null
web/api/vrdisplay/displayid,null
web/api/vrdisplay/displayname,null
web/api/vrdisplay/exitpresent,null
web/api/vrdisplay/geteyeparameters,null
web/api/vrdisplay/getframedata,null
web/api/vrdisplay/getimmediatepose,null
web/api/vrdisplay/getlayers,null
web/api/vrdisplay/getpose,null
web/api/vrdisplay/isconnected,null
web/api/vrdisplay/ispresenting,null
web/api/vrdisplay/requestanimationframe,null
web/api/vrdisplay/requestpresent,null
web/api/vrdisplay/resetpose,null
web/api/vrdisplay/stageparameters,null
web/api/vrdisplay/submitframe,null
web/api/vrdisplaycapabilities,8
web/api/vrdisplaycapabilities/canpresent,7
web/api/vrdisplaycapabilities/hasexternaldisplay,6
web/api/vrdisplaycapabilities/hasorientation,6
web/api/vrdisplaycapabilities/hasposition,6
web/api/vrdisplaycapabilities/maxlayers,8
web/api/vrdisplayevent,8
web/api/vrdisplayevent/display,8
web/api/vrdisplayevent/reason,8
web/api/vrdisplayevent/vrdisplayevent,7
web/api/vreyeparameters,7
web/api/vreyeparameters/fieldofview,6
web/api/vreyeparameters/maximumfieldofview,6
web/api/vreyeparameters/minimumfieldofview,6
web/api/vreyeparameters/offset,6
web/api/vreyeparameters/renderheight,6
web/api/vreyeparameters/renderwidth,6
web/api/vrfieldofview,7
web/api/vrfieldofview/downdegrees,6
web/api/vrfieldofview/leftdegrees,6
web/api/vrfieldofview/rightdegrees,6
web/api/vrfieldofview/updegrees,6
web/api/vrframedata,null
web/api/vrframedata/leftprojectionmatrix,null
web/api/vrframedata/leftviewmatrix,null
web/api/vrframedata/pose,null
web/api/vrframedata/rightprojectionmatrix,null
web/api/vrframedata/rightviewmatrix,null
web/api/vrframedata/timestamp,null
web/api/vrframedata/vrframedata,null
web/api/vrlayerinit,null
web/api/vrlayerinit/leftbounds,null
web/api/vrlayerinit/rightbounds,null
web/api/vrlayerinit/source,null
web/api/vrpose,7
web/api/vrpose/angularacceleration,7
web/api/vrpose/angularvelocity,7
web/api/vrpose/linearacceleration,7
web/api/vrpose/linearvelocity,7
web/api/vrpose/orientation,8
web/api/vrpose/position,7
web/api/vrstageparameters,7
web/api/vrstageparameters/sittingtostandingtransform,6
web/api/vrstageparameters/sizex,6
web/api/vrstageparameters/sizey,6
web/api/vttcue,3
web/api/vttcue/align,1
web/api/vttcue/getcueashtml,2
web/api/vttcue/line,2
web/api/vttcue/linealign,1
web/api/vttcue/position,1
web/api/vttcue/positionalign,2
web/api/vttcue/region,1
web/api/vttcue/size,1
web/api/vttcue/snaptolines,1
web/api/vttcue/text,2
web/api/vttcue/vertical,1
web/api/vttcue/vttcue,1
web/api/vttregion,2
web/api/vttregion/id,null
web/api/vttregion/lines,null
web/api/vttregion/regionanchorx,null
web/api/vttregion/regionanchory,null
web/api/vttregion/scroll,null
web/api/vttregion/viewportanchorx,null
web/api/vttregion/viewportanchory,null
web/api/vttregion/vttregion,null
web/api/vttregion/width,null
web/api/wakelock,null
web/api/wakelock/request,null
web/api/wakelocksentinel,null
web/api/wakelocksentinel/release,null
web/api/wakelocksentinel/release_event,null
web/api/wakelocksentinel/released,null
web/api/wakelocksentinel/type,null
web/api/waveshapernode,null
web/api/waveshapernode/curve,null
web/api/waveshapernode/oversample,null
web/api/waveshapernode/waveshapernode,null
web/api/web-based_payment_handler_api,null
web/api/web_animations_api,0
web/api/web_animations_api/keyframe_formats,0
web/api/web_animations_api/tips,0
web/api/web_animations_api/using_the_web_animations_api,0
web/api/web_animations_api/web_animations_api_concepts,0
web/api/web_audio_api,1
web/api/web_audio_api/advanced_techniques,7
web/api/web_audio_api/basic_concepts_behind_web_audio_api,1
web/api/web_audio_api/best_practices,null
web/api/web_audio_api/controlling_multiple_parameters_with_constantsourcenode,null
web/api/web_audio_api/simple_synth,null
web/api/web_audio_api/using_audioworklet,null
web/api/web_audio_api/using_iir_filters,null
web/api/web_audio_api/using_web_audio_api,1
web/api/web_audio_api/visualizations_with_web_audio_api,0
web/api/web_audio_api/web_audio_spatialization_basics,12
web/api/web_authentication_api,3
web/api/web_authentication_api/attestation_and_assertion,0
web/api/web_authentication_api/authenticator_data,2
web/api/web_authentication_api/webauthn_extensions,0
web/api/web_bluetooth_api,4
web/api/web_components,2
web/api/web_components/using_custom_elements,6
web/api/web_components/using_shadow_dom,3
web/api/web_components/using_templates_and_slots,4
web/api/web_crypto_api,0
web/api/web_crypto_api/non-cryptographic_uses_of_subtle_crypto,14
web/api/web_locks_api,5
web/api/web_midi_api,6
web/api/web_nfc_api,0
web/api/web_periodic_background_synchronization_api,9
web/api/web_serial_api,12
web/api/web_share_api,9
web/api/web_speech_api,5
web/api/web_speech_api/using_the_web_speech_api,13
web/api/web_storage_api,7
web/api/web_storage_api/using_the_web_storage_api,6
web/api/web_workers_api,0
web/api/web_workers_api/functions_and_classes_available_to_workers,2
web/api/web_workers_api/structured_clone_algorithm,0
web/api/web_workers_api/transferable_objects,11
web/api/web_workers_api/using_web_workers,9
web/api/webcodecs_api,1
web/api/webcodecs_api/codec_selection,1
web/api/webcodecs_api/using_the_webcodecs_api,0
web/api/webcodecs_api/video_processing_concepts,0
web/api/webgl2renderingcontext,0
web/api/webgl2renderingcontext/beginquery,null
web/api/webgl2renderingcontext/begintransformfeedback,null
web/api/webgl2renderingcontext/bindbufferbase,null
web/api/webgl2renderingcontext/bindbufferrange,null
web/api/webgl2renderingcontext/bindsampler,null
web/api/webgl2renderingcontext/bindtransformfeedback,null
web/api/webgl2renderingcontext/bindvertexarray,null
web/api/webgl2renderingcontext/blitframebuffer,null
web/api/webgl2renderingcontext/bufferdata,null
web/api/webgl2renderingcontext/buffersubdata,null
web/api/webgl2renderingcontext/clearbuffer,null
web/api/webgl2renderingcontext/clientwaitsync,null
web/api/webgl2renderingcontext/compressedteximage3d,null
web/api/webgl2renderingcontext/compressedtexsubimage3d,null
web/api/webgl2renderingcontext/copybuffersubdata,null
web/api/webgl2renderingcontext/copytexsubimage3d,null
web/api/webgl2renderingcontext/createquery,null
web/api/webgl2renderingcontext/createsampler,null
web/api/webgl2renderingcontext/createtransformfeedback,null
web/api/webgl2renderingcontext/createvertexarray,null
web/api/webgl2renderingcontext/deletequery,null
web/api/webgl2renderingcontext/deletesampler,null
web/api/webgl2renderingcontext/deletesync,null
web/api/webgl2renderingcontext/deletetransformfeedback,null
web/api/webgl2renderingcontext/deletevertexarray,null
web/api/webgl2renderingcontext/drawarraysinstanced,null
web/api/webgl2renderingcontext/drawbuffers,null
web/api/webgl2renderingcontext/drawelementsinstanced,null
web/api/webgl2renderingcontext/drawingbuffercolorspace,null
web/api/webgl2renderingcontext/drawrangeelements,null
web/api/webgl2renderingcontext/endquery,null
web/api/webgl2renderingcontext/endtransformfeedback,null
web/api/webgl2renderingcontext/fencesync,null
web/api/webgl2renderingcontext/framebuffertexturelayer,null
web/api/webgl2renderingcontext/getactiveuniformblockname,null
web/api/webgl2renderingcontext/getactiveuniformblockparameter,null
web/api/webgl2renderingcontext/getactiveuniforms,null
web/api/webgl2renderingcontext/getbuffersubdata,null
web/api/webgl2renderingcontext/getfragdatalocation,null
web/api/webgl2renderingcontext/getindexedparameter,null
web/api/webgl2renderingcontext/getinternalformatparameter,null
web/api/webgl2renderingcontext/getquery,null
web/api/webgl2renderingcontext/getqueryparameter,null
web/api/webgl2renderingcontext/getsamplerparameter,null
web/api/webgl2renderingcontext/getsyncparameter,null
web/api/webgl2renderingcontext/gettransformfeedbackvarying,null
web/api/webgl2renderingcontext/getuniformblockindex,null
web/api/webgl2renderingcontext/getuniformindices,null
web/api/webgl2renderingcontext/invalidateframebuffer,null
web/api/webgl2renderingcontext/invalidatesubframebuffer,null
web/api/webgl2renderingcontext/isquery,null
web/api/webgl2renderingcontext/issampler,null
web/api/webgl2renderingcontext/issync,null
web/api/webgl2renderingcontext/istransformfeedback,null
web/api/webgl2renderingcontext/isvertexarray,null
web/api/webgl2renderingcontext/pausetransformfeedback,null
web/api/webgl2renderingcontext/readbuffer,null
web/api/webgl2renderingcontext/renderbufferstoragemultisample,null
web/api/webgl2renderingcontext/resumetransformfeedback,null
web/api/webgl2renderingcontext/samplerparameter,null
web/api/webgl2renderingcontext/teximage3d,null
web/api/webgl2renderingcontext/texstorage2d,null
web/api/webgl2renderingcontext/texstorage3d,null
web/api/webgl2renderingcontext/texsubimage3d,null
web/api/webgl2renderingcontext/transformfeedbackvaryings,null
web/api/webgl2renderingcontext/uniform,null
web/api/webgl2renderingcontext/uniformblockbinding,null
web/api/webgl2renderingcontext/uniformmatrix,null
web/api/webgl2renderingcontext/unpackcolorspace,null
web/api/webgl2renderingcontext/vertexattribdivisor,null
web/api/webgl2renderingcontext/vertexattribi,null
web/api/webgl2renderingcontext/vertexattribipointer,null
web/api/webgl2renderingcontext/waitsync,null
web/api/webgl_api,0
web/api/webgl_api/basic_2d_animation_example,7
web/api/webgl_api/by_example,null
web/api/webgl_api/by_example/basic_scissoring,null
web/api/webgl_api/by_example/boilerplate_1,null
web/api/webgl_api/by_example/canvas_size_and_webgl,null
web/api/webgl_api/by_example/clearing_by_clicking,null
web/api/webgl_api/by_example/clearing_with_colors,null
web/api/webgl_api/by_example/color_masking,null
web/api/webgl_api/by_example/detect_webgl,null
web/api/webgl_api/by_example/hello_glsl,null
web/api/webgl_api/by_example/hello_vertex_attributes,null
web/api/webgl_api/by_example/raining_rectangles,null
web/api/webgl_api/by_example/scissor_animation,null
web/api/webgl_api/by_example/simple_color_animation,null
web/api/webgl_api/by_example/textures_from_code,null
web/api/webgl_api/by_example/video_textures,null
web/api/webgl_api/compressed_texture_formats,null
web/api/webgl_api/constants,null
web/api/webgl_api/data,2
web/api/webgl_api/matrix_math_for_the_web,10
web/api/webgl_api/tutorial,0
web/api/webgl_api/tutorial/adding_2d_content_to_a_webgl_context,5
web/api/webgl_api/tutorial/animating_objects_with_webgl,3
web/api/webgl_api/tutorial/animating_textures_in_webgl,3
web/api/webgl_api/tutorial/creating_3d_objects_using_webgl,5
web/api/webgl_api/tutorial/getting_started_with_webgl,2
web/api/webgl_api/tutorial/lighting_in_webgl,null
web/api/webgl_api/tutorial/using_shaders_to_apply_color_in_webgl,1
web/api/webgl_api/tutorial/using_textures_in_webgl,1
web/api/webgl_api/types,2
web/api/webgl_api/using_extensions,null
web/api/webgl_api/webgl_best_practices,0
web/api/webgl_api/webgl_model_view_projection,1
web/api/webgl_color_buffer_float,4
web/api/webgl_compressed_texture_astc,null
web/api/webgl_compressed_texture_astc/getsupportedprofiles,null
web/api/webgl_compressed_texture_etc,null
web/api/webgl_compressed_texture_etc1,null
web/api/webgl_compressed_texture_pvrtc,null
web/api/webgl_compressed_texture_s3tc,null
web/api/webgl_compressed_texture_s3tc_srgb,null
web/api/webgl_debug_renderer_info,null
web/api/webgl_debug_shaders,null
web/api/webgl_debug_shaders/gettranslatedshadersource,null
web/api/webgl_depth_texture,null
web/api/webgl_draw_buffers,null
web/api/webgl_draw_buffers/drawbufferswebgl,null
web/api/webgl_lose_context,null
web/api/webgl_lose_context/losecontext,null
web/api/webgl_lose_context/restorecontext,null
web/api/webgl_multi_draw,null
web/api/webgl_multi_draw/multidrawarraysinstancedwebgl,null
web/api/webgl_multi_draw/multidrawarrayswebgl,null
web/api/webgl_multi_draw/multidrawelementsinstancedwebgl,null
web/api/webgl_multi_draw/multidrawelementswebgl,null
web/api/webglactiveinfo,null
web/api/webglactiveinfo/name,null
web/api/webglactiveinfo/size,null
web/api/webglactiveinfo/type,null
web/api/webglbuffer,1
web/api/webglcontextevent,null
web/api/webglcontextevent/statusmessage,null
web/api/webglcontextevent/webglcontextevent,null
web/api/webglframebuffer,2
web/api/webglobject,3
web/api/webglprogram,2
web/api/webglquery,null
web/api/webglrenderbuffer,3
web/api/webglrenderingcontext,0
web/api/webglrenderingcontext/activetexture,1
web/api/webglrenderingcontext/attachshader,4
web/api/webglrenderingcontext/bindattriblocation,null
web/api/webglrenderingcontext/bindbuffer,2
web/api/webglrenderingcontext/bindframebuffer,null
web/api/webglrenderingcontext/bindrenderbuffer,null
web/api/webglrenderingcontext/bindtexture,null
web/api/webglrenderingcontext/blendcolor,null
web/api/webglrenderingcontext/blendequation,null
web/api/webglrenderingcontext/blendequationseparate,null
web/api/webglrenderingcontext/blendfunc,null
web/api/webglrenderingcontext/blendfuncseparate,null
web/api/webglrenderingcontext/bufferdata,5
web/api/webglrenderingcontext/buffersubdata,null
web/api/webglrenderingcontext/canvas,2
web/api/webglrenderingcontext/checkframebufferstatus,null
web/api/webglrenderingcontext/clear,null
web/api/webglrenderingcontext/clearcolor,null
web/api/webglrenderingcontext/cleardepth,null
web/api/webglrenderingcontext/clearstencil,null
web/api/webglrenderingcontext/colormask,null
web/api/webglrenderingcontext/compileshader,2
web/api/webglrenderingcontext/compressedteximage2d,null
web/api/webglrenderingcontext/compressedtexsubimage2d,null
web/api/webglrenderingcontext/copyteximage2d,null
web/api/webglrenderingcontext/copytexsubimage2d,null
web/api/webglrenderingcontext/createbuffer,1
web/api/webglrenderingcontext/createframebuffer,null
web/api/webglrenderingcontext/createprogram,null
web/api/webglrenderingcontext/createrenderbuffer,null
web/api/webglrenderingcontext/createshader,3
web/api/webglrenderingcontext/createtexture,null
web/api/webglrenderingcontext/cullface,null
web/api/webglrenderingcontext/deletebuffer,null
web/api/webglrenderingcontext/deleteframebuffer,null
web/api/webglrenderingcontext/deleteprogram,null
web/api/webglrenderingcontext/deleterenderbuffer,null
web/api/webglrenderingcontext/deleteshader,null
web/api/webglrenderingcontext/deletetexture,null
web/api/webglrenderingcontext/depthfunc,null
web/api/webglrenderingcontext/depthmask,null
web/api/webglrenderingcontext/depthrange,null
web/api/webglrenderingcontext/detachshader,null
web/api/webglrenderingcontext/disable,null
web/api/webglrenderingcontext/disablevertexattribarray,null
web/api/webglrenderingcontext/drawarrays,null
web/api/webglrenderingcontext/drawelements,null
web/api/webglrenderingcontext/drawingbuffercolorspace,2
web/api/webglrenderingcontext/drawingbufferheight,1
web/api/webglrenderingcontext/drawingbufferwidth,1
web/api/webglrenderingcontext/enable,null
web/api/webglrenderingcontext/enablevertexattribarray,null
web/api/webglrenderingcontext/finish,null
web/api/webglrenderingcontext/flush,null
web/api/webglrenderingcontext/framebufferrenderbuffer,null
web/api/webglrenderingcontext/framebuffertexture2d,9
web/api/webglrenderingcontext/frontface,null
web/api/webglrenderingcontext/generatemipmap,null
web/api/webglrenderingcontext/getactiveattrib,null
web/api/webglrenderingcontext/getactiveuniform,null
web/api/webglrenderingcontext/getattachedshaders,null
web/api/webglrenderingcontext/getattriblocation,1
web/api/webglrenderingcontext/getbufferparameter,null
web/api/webglrenderingcontext/getcontextattributes,null
web/api/webglrenderingcontext/geterror,null
web/api/webglrenderingcontext/getextension,null
web/api/webglrenderingcontext/getframebufferattachmentparameter,null
web/api/webglrenderingcontext/getparameter,null
web/api/webglrenderingcontext/getprograminfolog,null
web/api/webglrenderingcontext/getprogramparameter,null
web/api/webglrenderingcontext/getrenderbufferparameter,null
web/api/webglrenderingcontext/getshaderinfolog,1
web/api/webglrenderingcontext/getshaderparameter,2
web/api/webglrenderingcontext/getshaderprecisionformat,null
web/api/webglrenderingcontext/getshadersource,null
web/api/webglrenderingcontext/getsupportedextensions,null
web/api/webglrenderingcontext/gettexparameter,null
web/api/webglrenderingcontext/getuniform,null
web/api/webglrenderingcontext/getuniformlocation,null
web/api/webglrenderingcontext/getvertexattrib,null
web/api/webglrenderingcontext/getvertexattriboffset,null
web/api/webglrenderingcontext/hint,null
web/api/webglrenderingcontext/isbuffer,null
web/api/webglrenderingcontext/iscontextlost,null
web/api/webglrenderingcontext/isenabled,null
web/api/webglrenderingcontext/isframebuffer,null
web/api/webglrenderingcontext/isprogram,null
web/api/webglrenderingcontext/isrenderbuffer,null
web/api/webglrenderingcontext/isshader,null
web/api/webglrenderingcontext/istexture,null
web/api/webglrenderingcontext/linewidth,null
web/api/webglrenderingcontext/linkprogram,null
web/api/webglrenderingcontext/makexrcompatible,null
web/api/webglrenderingcontext/pixelstorei,null
web/api/webglrenderingcontext/polygonoffset,null
web/api/webglrenderingcontext/readpixels,null
web/api/webglrenderingcontext/renderbufferstorage,null
web/api/webglrenderingcontext/samplecoverage,null
web/api/webglrenderingcontext/scissor,null
web/api/webglrenderingcontext/shadersource,2
web/api/webglrenderingcontext/stencilfunc,null
web/api/webglrenderingcontext/stencilfuncseparate,null
web/api/webglrenderingcontext/stencilmask,null
web/api/webglrenderingcontext/stencilmaskseparate,null
web/api/webglrenderingcontext/stencilop,null
web/api/webglrenderingcontext/stencilopseparate,null
web/api/webglrenderingcontext/teximage2d,null
web/api/webglrenderingcontext/texparameter,null
web/api/webglrenderingcontext/texsubimage2d,null
web/api/webglrenderingcontext/uniform,null
web/api/webglrenderingcontext/uniformmatrix,null
web/api/webglrenderingcontext/unpackcolorspace,0
web/api/webglrenderingcontext/useprogram,null
web/api/webglrenderingcontext/validateprogram,null
web/api/webglrenderingcontext/vertexattrib,null
web/api/webglrenderingcontext/vertexattribpointer,null
web/api/webglrenderingcontext/viewport,null
web/api/webglsampler,null
web/api/webglshader,4
web/api/webglshaderprecisionformat,null
web/api/webglshaderprecisionformat/precision,null
web/api/webglshaderprecisionformat/rangemax,null
web/api/webglshaderprecisionformat/rangemin,null
web/api/webglsync,null
web/api/webgltexture,null
web/api/webgltransformfeedback,null
web/api/webgluniformlocation,null
web/api/webglvertexarrayobject,null
web/api/webgpu_api,0
web/api/webhid_api,5
web/api/webkitpoint,null
web/api/webotp_api,0
web/api/webrtc_api,4
web/api/webrtc_api/build_a_phone_with_peerjs,10
web/api/webrtc_api/build_a_phone_with_peerjs/build_the_server,null
web/api/webrtc_api/build_a_phone_with_peerjs/connect_peers,null
web/api/webrtc_api/build_a_phone_with_peerjs/connect_peers/answer_a_call,null
web/api/webrtc_api/build_a_phone_with_peerjs/connect_peers/create_a_peer_connection,null
web/api/webrtc_api/build_a_phone_with_peerjs/connect_peers/creating_a_call,null
web/api/webrtc_api/build_a_phone_with_peerjs/connect_peers/end_a_call,null
web/api/webrtc_api/build_a_phone_with_peerjs/connect_peers/get_microphone_permission,null
web/api/webrtc_api/build_a_phone_with_peerjs/connect_peers/show_hide_html,null
web/api/webrtc_api/build_a_phone_with_peerjs/setup,null
web/api/webrtc_api/connectivity,null
web/api/webrtc_api/intro_to_rtp,null
web/api/webrtc_api/perfect_negotiation,null
web/api/webrtc_api/protocols,0
web/api/webrtc_api/session_lifetime,null
web/api/webrtc_api/signaling_and_video_calling,4
web/api/webrtc_api/simple_rtcdatachannel_sample,null
web/api/webrtc_api/using_data_channels,null
web/api/webrtc_api/using_dtmf,null
web/api/webrtc_api/using_encoded_transforms,null
web/api/websocket,0
web/api/websocket/binarytype,0
web/api/websocket/bufferedamount,0
web/api/websocket/close,5
web/api/websocket/close_event,2
web/api/websocket/error_event,1
web/api/websocket/extensions,0
web/api/websocket/message_event,2
web/api/websocket/open_event,1
web/api/websocket/protocol,3
web/api/websocket/readystate,3
web/api/websocket/send,3
web/api/websocket/url,2
web/api/websocket/websocket,9
web/api/websockets_api,3
web/api/websockets_api/using_websocketstream,1
web/api/websockets_api/writing_a_websocket_server_in_java,0
web/api/websockets_api/writing_a_websocket_server_in_javascript_deno,2
web/api/websockets_api/writing_websocket_client_applications,1
web/api/websockets_api/writing_websocket_server,0
web/api/websockets_api/writing_websocket_servers,1
web/api/websocketstream,1
web/api/websocketstream/close,1
web/api/websocketstream/closed,1
web/api/websocketstream/opened,1
web/api/websocketstream/url,1
web/api/websocketstream/websocketstream,1
web/api/webtransport,2
web/api/webtransport/close,null
web/api/webtransport/closed,null
web/api/webtransport/congestioncontrol,null
web/api/webtransport/createbidirectionalstream,null
web/api/webtransport/createsendgroup,null
web/api/webtransport/createunidirectionalstream,null
web/api/webtransport/datagrams,null
web/api/webtransport/getstats,null
web/api/webtransport/incomingbidirectionalstreams,null
web/api/webtransport/incomingunidirectionalstreams,null
web/api/webtransport/ready,null
web/api/webtransport/reliability,null
web/api/webtransport/webtransport,null
web/api/webtransport_api,0
web/api/webtransportbidirectionalstream,null
web/api/webtransportbidirectionalstream/readable,null
web/api/webtransportbidirectionalstream/writable,null
web/api/webtransportdatagramduplexstream,null
web/api/webtransportdatagramduplexstream/createwritable,null
web/api/webtransportdatagramduplexstream/incominghighwatermark,null
web/api/webtransportdatagramduplexstream/incomingmaxage,null
web/api/webtransportdatagramduplexstream/maxdatagramsize,null
web/api/webtransportdatagramduplexstream/outgoinghighwatermark,null
web/api/webtransportdatagramduplexstream/outgoingmaxage,null
web/api/webtransportdatagramduplexstream/readable,null
web/api/webtransportdatagramduplexstream/writable,null
web/api/webtransportdatagramswritable,null
web/api/webtransportdatagramswritable/sendgroup,null
web/api/webtransportdatagramswritable/sendorder,null
web/api/webtransporterror,null
web/api/webtransporterror/source,null
web/api/webtransporterror/streamerrorcode,null
web/api/webtransporterror/webtransporterror,null
web/api/webtransportreceivestream,null
web/api/webtransportreceivestream/getstats,null
web/api/webtransportsendgroup,null
web/api/webtransportsendgroup/getstats,null
web/api/webtransportsendstream,null
web/api/webtransportsendstream/getstats,null
web/api/webtransportsendstream/getwriter,null
web/api/webtransportsendstream/sendorder,null
web/api/webusb_api,9
web/api/webvr_api,13
web/api/webvr_api/concepts,10
web/api/webvr_api/using_the_webvr_api,0
web/api/webvr_api/using_vr_controllers_with_webvr,13
web/api/webvtt_api,7
web/api/webvtt_api/web_video_text_tracks_format,8
web/api/webxr_device_api,8
web/api/webxr_device_api/bounded_reference_spaces,null
web/api/webxr_device_api/cameras,null
web/api/webxr_device_api/fundamentals,null
web/api/webxr_device_api/geometry,1
web/api/webxr_device_api/inputs,null
web/api/webxr_device_api/lifecycle,null
web/api/webxr_device_api/lighting,null
web/api/webxr_device_api/movement_and_motion,null
web/api/webxr_device_api/performance,null
web/api/webxr_device_api/permissions_and_security,null
web/api/webxr_device_api/perspective,null
web/api/webxr_device_api/rendering,3
web/api/webxr_device_api/spatial_tracking,null
web/api/webxr_device_api/startup_and_shutdown,null
web/api/webxr_device_api/targeting,null
web/api/wgsllanguagefeatures,1
web/api/wheelevent,6
web/api/wheelevent/deltamode,2
web/api/wheelevent/deltax,2
web/api/wheelevent/deltay,2
web/api/wheelevent/deltaz,2
web/api/wheelevent/wheelevent,4
web/api/window,1
web/api/window/afterprint_event,1
web/api/window/alert,0
web/api/window/appinstalled_event,6
web/api/window/atob,0
web/api/window/beforeinstallprompt_event,1
web/api/window/beforeprint_event,1
web/api/window/beforeunload_event,1
web/api/window/blur,null
web/api/window/blur_event,2
web/api/window/btoa,0
web/api/window/caches,1
web/api/window/cancelanimationframe,8
web/api/window/cancelidlecallback,0
web/api/window/captureevents,null
web/api/window/clearimmediate,1
web/api/window/clearinterval,1
web/api/window/cleartimeout,1
web/api/window/close,1
web/api/window/closed,1
web/api/window/confirm,5
web/api/window/cookiestore,1
web/api/window/crashreport,null
web/api/window/createimagebitmap,1
web/api/window/credentialless,1
web/api/window/crossoriginisolated,1
web/api/window/crypto,1
web/api/window/customelements,0
web/api/window/devicemotion_event,5
web/api/window/deviceorientation_event,3
web/api/window/deviceorientationabsolute_event,2
web/api/window/devicepixelratio,11
web/api/window/document,1
web/api/window/documentpictureinpicture,3
web/api/window/dump,null
web/api/window/error_event,9
web/api/window/event,1
web/api/window/external,6
web/api/window/fence,1
web/api/window/fetch,11
web/api/window/fetchlater,2
web/api/window/find,null
web/api/window/focus,1
web/api/window/focus_event,2
web/api/window/frameelement,1
web/api/window/frames,1
web/api/window/fullscreen,0
web/api/window/gamepadconnected_event,3
web/api/window/gamepaddisconnected_event,3
web/api/window/getcomputedstyle,11
web/api/window/getdefaultcomputedstyle,1
web/api/window/getscreendetails,2
web/api/window/getselection,11
web/api/window/hashchange_event,2
web/api/window/history,1
web/api/window/indexeddb,0
web/api/window/innerheight,1
web/api/window/innerwidth,2
web/api/window/issecurecontext,1
web/api/window/languagechange_event,null
web/api/window/launchqueue,1
web/api/window/length,1
web/api/window/load_event,10
web/api/window/localstorage,0
web/api/window/location,2
web/api/window/locationbar,1
web/api/window/matchmedia,1
web/api/window/menubar,2
web/api/window/message_event,2
web/api/window/messageerror_event,8
web/api/window/moveby,1
web/api/window/moveto,1
web/api/window/mozinnerscreenx,0
web/api/window/mozinnerscreeny,0
web/api/window/name,1
web/api/window/navigation,1
web/api/window/navigator,1
web/api/window/offline_event,5
web/api/window/online_event,6
web/api/window/open,7
web/api/window/opener,4
web/api/window/orientation,1
web/api/window/orientationchange_event,1
web/api/window/origin,1
web/api/window/originagentcluster,null
web/api/window/outerheight,1
web/api/window/outerwidth,1
web/api/window/pagehide_event,1
web/api/window/pagereveal_event,5
web/api/window/pageshow_event,1
web/api/window/pageswap_event,5
web/api/window/parent,1
web/api/window/performance,0
web/api/window/personalbar,1
web/api/window/popstate_event,7
web/api/window/postmessage,6
web/api/window/print,1
web/api/window/prompt,0
web/api/window/querylocalfonts,null
web/api/window/queuemicrotask,1
web/api/window/rejectionhandled_event,1
web/api/window/releaseevents,null
web/api/window/reporterror,2
web/api/window/requestanimationframe,1
web/api/window/requestfilesystem,1
web/api/window/requestidlecallback,0
web/api/window/requestresize,null
web/api/window/resize_event,1
web/api/window/resizeby,null
web/api/window/resizeto,null
web/api/window/scheduler,null
web/api/window/screen,0
web/api/window/screenleft,1
web/api/window/screentop,1
web/api/window/screenx,1
web/api/window/screeny,1
web/api/window/scroll,3
web/api/window/scrollbars,2
web/api/window/scrollby,4
web/api/window/scrollbylines,null
web/api/window/scrollbypages,null
web/api/window/scrollmaxx,0
web/api/window/scrollmaxy,0
web/api/window/scrollsnapchange_event,1
web/api/window/scrollsnapchanging_event,1
web/api/window/scrollto,4
web/api/window/scrollx,0
web/api/window/scrolly,0
web/api/window/self,1
web/api/window/sessionstorage,7
web/api/window/setimmediate,1
web/api/window/setinterval,4
web/api/window/setresizable,1
web/api/window/settimeout,8
web/api/window/sharedstorage,null
web/api/window/showdirectorypicker,10
web/api/window/showopenfilepicker,12
web/api/window/showsavefilepicker,13
web/api/window/sizetocontent,null
web/api/window/speechsynthesis,0
web/api/window/status,2
web/api/window/statusbar,1
web/api/window/stop,1
web/api/window/storage_event,8
web/api/window/structuredclone,2
web/api/window/toolbar,1
web/api/window/top,1
web/api/window/trustedtypes,0
web/api/window/unhandledrejection_event,1
web/api/window/unload_event,6
web/api/window/viewport,0
web/api/window/visualviewport,0
web/api/window/vrdisplayactivate_event,9
web/api/window/vrdisplayconnect_event,9
web/api/window/vrdisplaydeactivate_event,9
web/api/window/vrdisplaydisconnect_event,9
web/api/window/vrdisplaypresentchange_event,9
web/api/window/webkitconvertpointfromnodetopage,2
web/api/window/webkitconvertpointfrompagetonode,2
web/api/window/window,1
web/api/window_controls_overlay_api,null
web/api/window_management_api,0
web/api/window_management_api/multi-screen_origin,null
web/api/window_management_api/using,null
web/api/windowclient,5
web/api/windowclient/ancestororigins,null
web/api/windowclient/focus,2
web/api/windowclient/focused,1
web/api/windowclient/navigate,3
web/api/windowclient/visibilitystate,1
web/api/windowcontrolsoverlay,null
web/api/windowcontrolsoverlay/geometrychange_event,null
web/api/windowcontrolsoverlay/gettitlebararearect,null
web/api/windowcontrolsoverlay/visible,null
web/api/windowcontrolsoverlaygeometrychangeevent,null
web/api/windowcontrolsoverlaygeometrychangeevent/titlebararearect,null
web/api/windowcontrolsoverlaygeometrychangeevent/visible,null
web/api/windowcontrolsoverlaygeometrychangeevent/windowcontrolsoverlaygeometrychangeevent,null
web/api/windowsharedstorage,null
web/api/windowsharedstorage/run,null
web/api/windowsharedstorage/selecturl,null
web/api/windowsharedstorage/worklet,null
web/api/worker,1
web/api/worker/error_event,0
web/api/worker/message_event,1
web/api/worker/messageerror_event,1
web/api/worker/postmessage,3
web/api/worker/terminate,0
web/api/worker/worker,7
web/api/workerglobalscope,0
web/api/workerglobalscope/atob,0
web/api/workerglobalscope/btoa,0
web/api/workerglobalscope/caches,0
web/api/workerglobalscope/clearinterval,0
web/api/workerglobalscope/cleartimeout,0
web/api/workerglobalscope/createimagebitmap,1
web/api/workerglobalscope/crossoriginisolated,0
web/api/workerglobalscope/crypto,1
web/api/workerglobalscope/dump,2
web/api/workerglobalscope/error_event,3
web/api/workerglobalscope/fetch,2
web/api/workerglobalscope/fonts,2
web/api/workerglobalscope/importscripts,2
web/api/workerglobalscope/indexeddb,1
web/api/workerglobalscope/issecurecontext,3
web/api/workerglobalscope/languagechange_event,4
web/api/workerglobalscope/location,4
web/api/workerglobalscope/navigator,3
web/api/workerglobalscope/offline_event,2
web/api/workerglobalscope/online_event,2
web/api/workerglobalscope/origin,3
web/api/workerglobalscope/performance,1
web/api/workerglobalscope/queuemicrotask,1
web/api/workerglobalscope/rejectionhandled_event,5
web/api/workerglobalscope/reporterror,1
web/api/workerglobalscope/scheduler,2
web/api/workerglobalscope/securitypolicyviolation_event,4
web/api/workerglobalscope/self,2
web/api/workerglobalscope/setinterval,3
web/api/workerglobalscope/settimeout,3
web/api/workerglobalscope/structuredclone,0
web/api/workerglobalscope/trustedtypes,1
web/api/workerglobalscope/unhandledrejection_event,5
web/api/workerlocation,1
web/api/workerlocation/hash,1
web/api/workerlocation/host,1
web/api/workerlocation/hostname,1
web/api/workerlocation/href,1
web/api/workerlocation/origin,1
web/api/workerlocation/pathname,1
web/api/workerlocation/port,1
web/api/workerlocation/protocol,1
web/api/workerlocation/search,1
web/api/workerlocation/tostring,2
web/api/workernavigator,4
web/api/workernavigator/appcodename,6
web/api/workernavigator/appname,6
web/api/workernavigator/appversion,6
web/api/workernavigator/clearappbadge,1
web/api/workernavigator/connection,4
web/api/workernavigator/devicememory,3
web/api/workernavigator/globalprivacycontrol,6
web/api/workernavigator/gpu,5
web/api/workernavigator/hardwareconcurrency,5
web/api/workernavigator/hid,null
web/api/workernavigator/language,4
web/api/workernavigator/languages,7
web/api/workernavigator/locks,4
web/api/workernavigator/mediacapabilities,3
web/api/workernavigator/online,6
web/api/workernavigator/permissions,7
web/api/workernavigator/platform,6
web/api/workernavigator/product,4
web/api/workernavigator/serial,11
web/api/workernavigator/serviceworker,2
web/api/workernavigator/setappbadge,2
web/api/workernavigator/storage,4
web/api/workernavigator/usb,2
web/api/workernavigator/useragent,7
web/api/workernavigator/useragentdata,8
web/api/worklet,null
web/api/worklet/addmodule,null
web/api/workletglobalscope,3
web/api/workletsharedstorage,null
web/api/workletsharedstorage/context,null
web/api/workletsharedstorage/entries,null
web/api/workletsharedstorage/get,null
web/api/workletsharedstorage/keys,null
web/api/workletsharedstorage/length,null
web/api/workletsharedstorage/remainingbudget,null
web/api/writablestream,5
web/api/writablestream/abort,3
web/api/writablestream/close,2
web/api/writablestream/getwriter,3
web/api/writablestream/locked,2
web/api/writablestream/writablestream,5
web/api/writablestreamdefaultcontroller,2
web/api/writablestreamdefaultcontroller/error,1
web/api/writablestreamdefaultcontroller/signal,2
web/api/writablestreamdefaultwriter,2
web/api/writablestreamdefaultwriter/abort,3
web/api/writablestreamdefaultwriter/close,2
web/api/writablestreamdefaultwriter/closed,2
web/api/writablestreamdefaultwriter/desiredsize,2
web/api/writablestreamdefaultwriter/ready,2
web/api/writablestreamdefaultwriter/releaselock,2
web/api/writablestreamdefaultwriter/writablestreamdefaultwriter,3
web/api/writablestreamdefaultwriter/write,2
web/api/xmldocument,null
web/api/xmlhttprequest,3
web/api/xmlhttprequest/abort,0
web/api/xmlhttprequest/getallresponseheaders,0
web/api/xmlhttprequest/getresponseheader,1
web/api/xmlhttprequest/open,0
web/api/xmlhttprequest/overridemimetype,1
web/api/xmlhttprequest/readystate,0
web/api/xmlhttprequest/readystatechange_event,0
web/api/xmlhttprequest/response,0
web/api/xmlhttprequest/responsetext,0
web/api/xmlhttprequest/responsetype,0
web/api/xmlhttprequest/responseurl,0
web/api/xmlhttprequest/responsexml,0
web/api/xmlhttprequest/send,0
web/api/xmlhttprequest/setattributionreporting,4
web/api/xmlhttprequest/setprivatetoken,null
web/api/xmlhttprequest/setrequestheader,0
web/api/xmlhttprequest/status,0
web/api/xmlhttprequest/statustext,0
web/api/xmlhttprequest/timeout,0
web/api/xmlhttprequest/upload,0
web/api/xmlhttprequest/withcredentials,0
web/api/xmlhttprequest/xmlhttprequest,0
web/api/xmlhttprequest_api,0
web/api/xmlhttprequest_api/html_in_xmlhttprequest,0
web/api/xmlhttprequest_api/sending_and_receiving_binary_data,0
web/api/xmlhttprequest_api/synchronous_and_asynchronous_requests,1
web/api/xmlhttprequest_api/using_formdata_objects,0
web/api/xmlhttprequest_api/using_xmlhttprequest,1
web/api/xmlhttprequesteventtarget,0
web/api/xmlhttprequesteventtarget/abort_event,1
web/api/xmlhttprequesteventtarget/error_event,1
web/api/xmlhttprequesteventtarget/load_event,1
web/api/xmlhttprequesteventtarget/loadend_event,1
web/api/xmlhttprequesteventtarget/loadstart_event,1
web/api/xmlhttprequesteventtarget/progress_event,1
web/api/xmlhttprequesteventtarget/timeout_event,2
web/api/xmlhttprequestupload,2
web/api/xmlserializer,11
web/api/xmlserializer/serializetostring,5
web/api/xmlserializer/xmlserializer,null
web/api/xpathevaluator,null
web/api/xpathevaluator/createexpression,null
web/api/xpathevaluator/creatensresolver,null
web/api/xpathevaluator/evaluate,null
web/api/xpathevaluator/xpathevaluator,null
web/api/xpathexpression,0
web/api/xpathexpression/evaluate,5
web/api/xpathresult,2
web/api/xpathresult/booleanvalue,3
web/api/xpathresult/invaliditeratorstate,2
web/api/xpathresult/iteratenext,2
web/api/xpathresult/numbervalue,3
web/api/xpathresult/resulttype,2
web/api/xpathresult/singlenodevalue,2
web/api/xpathresult/snapshotitem,2
web/api/xpathresult/snapshotlength,3
web/api/xpathresult/stringvalue,3
web/api/xranchor,null
web/api/xranchor/anchorspace,null
web/api/xranchor/delete,null
web/api/xranchorset,null
web/api/xrboundedreferencespace,null
web/api/xrboundedreferencespace/boundsgeometry,null
web/api/xrcompositionlayer,null
web/api/xrcompositionlayer/blendtexturesourcealpha,null
web/api/xrcompositionlayer/destroy,null
web/api/xrcompositionlayer/layout,null
web/api/xrcompositionlayer/miplevels,null
web/api/xrcompositionlayer/needsredraw,null
web/api/xrcpudepthinformation,null
web/api/xrcpudepthinformation/data,null
web/api/xrcpudepthinformation/getdepthinmeters,null
web/api/xrcubelayer,null
web/api/xrcubelayer/orientation,null
web/api/xrcubelayer/redraw_event,null
web/api/xrcubelayer/space,null
web/api/xrcylinderlayer,null
web/api/xrcylinderlayer/aspectratio,null
web/api/xrcylinderlayer/centralangle,null
web/api/xrcylinderlayer/radius,null
web/api/xrcylinderlayer/redraw_event,null
web/api/xrcylinderlayer/space,null
web/api/xrcylinderlayer/transform,null
web/api/xrdepthinformation,null
web/api/xrdepthinformation/height,null
web/api/xrdepthinformation/normdepthbufferfromnormview,null
web/api/xrdepthinformation/rawvaluetometers,null
web/api/xrdepthinformation/width,null
web/api/xrequirectlayer,null
web/api/xrequirectlayer/centralhorizontalangle,null
web/api/xrequirectlayer/lowerverticalangle,null
web/api/xrequirectlayer/radius,null
web/api/xrequirectlayer/redraw_event,null
web/api/xrequirectlayer/space,null
web/api/xrequirectlayer/transform,null
web/api/xrequirectlayer/upperverticalangle,null
web/api/xrframe,null
web/api/xrframe/createanchor,null
web/api/xrframe/filljointradii,null
web/api/xrframe/fillposes,null
web/api/xrframe/getdepthinformation,null
web/api/xrframe/gethittestresults,null
web/api/xrframe/gethittestresultsfortransientinput,null
web/api/xrframe/getjointpose,null
web/api/xrframe/getlightestimate,null
web/api/xrframe/getpose,null
web/api/xrframe/getviewerpose,null
web/api/xrframe/session,null
web/api/xrframe/trackedanchors,null
web/api/xrhand,null
web/api/xrhittestresult,null
web/api/xrhittestresult/createanchor,null
web/api/xrhittestresult/getpose,null
web/api/xrhittestsource,null
web/api/xrhittestsource/cancel,null
web/api/xrinputsource,1
web/api/xrinputsource/gamepad,1
web/api/xrinputsource/gripspace,2
web/api/xrinputsource/hand,1
web/api/xrinputsource/handedness,3
web/api/xrinputsource/profiles,2
web/api/xrinputsource/targetraymode,6
web/api/xrinputsource/targetrayspace,5
web/api/xrinputsourcearray,null
web/api/xrinputsourcearray/entries,null
web/api/xrinputsourcearray/foreach,null
web/api/xrinputsourcearray/keys,null
web/api/xrinputsourcearray/length,null
web/api/xrinputsourcearray/values,null
web/api/xrinputsourceevent,null
web/api/xrinputsourceevent/frame,null
web/api/xrinputsourceevent/inputsource,null
web/api/xrinputsourceevent/xrinputsourceevent,null
web/api/xrinputsourceschangeevent,null
web/api/xrinputsourceschangeevent/added,null
web/api/xrinputsourceschangeevent/removed,null
web/api/xrinputsourceschangeevent/session,null
web/api/xrinputsourceschangeevent/xrinputsourceschangeevent,null
web/api/xrjointpose,null
web/api/xrjointpose/radius,null
web/api/xrjointspace,null
web/api/xrjointspace/jointname,null
web/api/xrlayer,null
web/api/xrlayerevent,null
web/api/xrlayerevent/layer,null
web/api/xrlayerevent/xrlayerevent,null
web/api/xrlightestimate,null
web/api/xrlightestimate/primarylightdirection,null
web/api/xrlightestimate/primarylightintensity,null
web/api/xrlightestimate/sphericalharmonicscoefficients,null
web/api/xrlightprobe,0
web/api/xrlightprobe/probespace,1
web/api/xrlightprobe/reflectionchange_event,2
web/api/xrmediabinding,null
web/api/xrmediabinding/createcylinderlayer,null
web/api/xrmediabinding/createequirectlayer,null
web/api/xrmediabinding/createquadlayer,null
web/api/xrmediabinding/xrmediabinding,null
web/api/xrpose,null
web/api/xrpose/angularvelocity,null
web/api/xrpose/emulatedposition,null
web/api/xrpose/linearvelocity,null
web/api/xrpose/transform,null
web/api/xrprojectionlayer,null
web/api/xrprojectionlayer/fixedfoveation,null
web/api/xrprojectionlayer/ignoredepthvalues,null
web/api/xrprojectionlayer/texturearraylength,null
web/api/xrprojectionlayer/textureheight,null
web/api/xrprojectionlayer/texturewidth,null
web/api/xrquadlayer,null
web/api/xrquadlayer/height,null
web/api/xrquadlayer/redraw_event,null
web/api/xrquadlayer/space,null
web/api/xrquadlayer/transform,null
web/api/xrquadlayer/width,null
web/api/xrray,null
web/api/xrray/direction,null
web/api/xrray/matrix,null
web/api/xrray/origin,null
web/api/xrray/xrray,null
web/api/xrreferencespace,1
web/api/xrreferencespace/getoffsetreferencespace,3
web/api/xrreferencespace/reset_event,3
web/api/xrreferencespaceevent,2
web/api/xrreferencespaceevent/referencespace,2
web/api/xrreferencespaceevent/transform,1
web/api/xrreferencespaceevent/xrreferencespaceevent,2
web/api/xrrenderstate,null
web/api/xrrenderstate/baselayer,null
web/api/xrrenderstate/depthfar,null
web/api/xrrenderstate/depthnear,null
web/api/xrrenderstate/inlineverticalfieldofview,null
web/api/xrrenderstate/layers,null
web/api/xrrigidtransform,null
web/api/xrrigidtransform/inverse,null
web/api/xrrigidtransform/matrix,null
web/api/xrrigidtransform/orientation,null
web/api/xrrigidtransform/position,null
web/api/xrrigidtransform/xrrigidtransform,null
web/api/xrsession,null
web/api/xrsession/cancelanimationframe,null
web/api/xrsession/depthdataformat,null
web/api/xrsession/depthusage,null
web/api/xrsession/domoverlaystate,null
web/api/xrsession/enabledfeatures,null
web/api/xrsession/end,null
web/api/xrsession/end_event,null
web/api/xrsession/environmentblendmode,null
web/api/xrsession/inputsources,null
web/api/xrsession/inputsourceschange_event,null
web/api/xrsession/interactionmode,null
web/api/xrsession/preferredreflectionformat,null
web/api/xrsession/renderstate,null
web/api/xrsession/requestanimationframe,null
web/api/xrsession/requesthittestsource,null
web/api/xrsession/requesthittestsourcefortransientinput,null
web/api/xrsession/requestlightprobe,null
web/api/xrsession/requestreferencespace,null
web/api/xrsession/select_event,null
web/api/xrsession/selectend_event,null
web/api/xrsession/selectstart_event,null
web/api/xrsession/squeeze_event,null
web/api/xrsession/squeezeend_event,null
web/api/xrsession/squeezestart_event,null
web/api/xrsession/updaterenderstate,null
web/api/xrsession/visibilitychange_event,null
web/api/xrsession/visibilitymaskchange_event,null
web/api/xrsession/visibilitystate,null
web/api/xrsessionevent,null
web/api/xrsessionevent/session,null
web/api/xrsessionevent/xrsessionevent,null
web/api/xrspace,null
web/api/xrsubimage,null
web/api/xrsubimage/viewport,null
web/api/xrsystem,0
web/api/xrsystem/devicechange_event,3
web/api/xrsystem/issessionsupported,2
web/api/xrsystem/requestsession,5
web/api/xrtransientinputhittestresult,null
web/api/xrtransientinputhittestresult/inputsource,null
web/api/xrtransientinputhittestresult/results,null
web/api/xrtransientinputhittestsource,null
web/api/xrtransientinputhittestsource/cancel,null
web/api/xrview,null
web/api/xrview/eye,null
web/api/xrview/index,null
web/api/xrview/isfirstpersonobserver,null
web/api/xrview/projectionmatrix,null
web/api/xrview/recommendedviewportscale,null
web/api/xrview/requestviewportscale,null
web/api/xrview/transform,null
web/api/xrviewerpose,null
web/api/xrviewerpose/views,null
web/api/xrviewport,null
web/api/xrviewport/height,null
web/api/xrviewport/width,null
web/api/xrviewport/x,null
web/api/xrviewport/y,null
web/api/xrvisibilitymaskchangeevent,null
web/api/xrvisibilitymaskchangeevent/eye,null
web/api/xrvisibilitymaskchangeevent/index,null
web/api/xrvisibilitymaskchangeevent/indices,null
web/api/xrvisibilitymaskchangeevent/session,null
web/api/xrvisibilitymaskchangeevent/vertices,null
web/api/xrvisibilitymaskchangeevent/xrvisibilitymaskchangeevent,null
web/api/xrwebglbinding,null
web/api/xrwebglbinding/createcubelayer,null
web/api/xrwebglbinding/createcylinderlayer,null
web/api/xrwebglbinding/createequirectlayer,null
web/api/xrwebglbinding/createprojectionlayer,null
web/api/xrwebglbinding/createquadlayer,null
web/api/xrwebglbinding/getdepthinformation,null
web/api/xrwebglbinding/getreflectioncubemap,null
web/api/xrwebglbinding/getsubimage,null
web/api/xrwebglbinding/getviewsubimage,null
web/api/xrwebglbinding/nativeprojectionscalefactor,null
web/api/xrwebglbinding/xrwebglbinding,null
web/api/xrwebgldepthinformation,null
web/api/xrwebgldepthinformation/texture,null
web/api/xrwebgllayer,null
web/api/xrwebgllayer/antialias,null
web/api/xrwebgllayer/fixedfoveation,null
web/api/xrwebgllayer/framebuffer,null
web/api/xrwebgllayer/framebufferheight,null
web/api/xrwebgllayer/framebufferwidth,null
web/api/xrwebgllayer/getnativeframebufferscalefactor_static,null
web/api/xrwebgllayer/getviewport,null
web/api/xrwebgllayer/ignoredepthvalues,null
web/api/xrwebgllayer/xrwebgllayer,null
web/api/xrwebglsubimage,null
web/api/xrwebglsubimage/colortexture,null
web/api/xrwebglsubimage/colortextureheight,null
web/api/xrwebglsubimage/colortexturewidth,null
web/api/xrwebglsubimage/depthstenciltexture,null
web/api/xrwebglsubimage/imageindex,null
web/api/xsltprocessor,9
web/api/xsltprocessor/clearparameters,1
web/api/xsltprocessor/getparameter,1
web/api/xsltprocessor/importstylesheet,2
web/api/xsltprocessor/removeparameter,0
web/api/xsltprocessor/reset,1
web/api/xsltprocessor/setparameter,1
web/api/xsltprocessor/transformtodocument,2
web/api/xsltprocessor/transformtofragment,1
web/api/xsltprocessor/xsltprocessor,1
web/css,0
web/css/guides,2
web/css/guides/anchor_positioning,0
web/css/guides/anchor_positioning/anchored_container_queries,0
web/css/guides/anchor_positioning/try_options_hiding,0
web/css/guides/anchor_positioning/using,0
web/css/guides/animations,3
web/css/guides/animations/animatable_properties,0
web/css/guides/animations/using,0
web/css/guides/backgrounds_and_borders,1
web/css/guides/backgrounds_and_borders/border-image_generator,0
web/css/guides/backgrounds_and_borders/border-radius_generator,0
web/css/guides/backgrounds_and_borders/box-shadow_generator,1
web/css/guides/backgrounds_and_borders/resizing_background_images,0
web/css/guides/backgrounds_and_borders/scaling_svg_backgrounds,0
web/css/guides/backgrounds_and_borders/using_multiple_backgrounds,3
web/css/guides/basic_user_interface,0
web/css/guides/borders_and_box_decorations,6
web/css/guides/borders_and_box_decorations/border_shape_nav_menu,null
web/css/guides/box_alignment,1
web/css/guides/box_alignment/in_block_abspos_tables,0
web/css/guides/box_alignment/in_flexbox,0
web/css/guides/box_alignment/in_grid_layout,0
web/css/guides/box_alignment/in_multi-column_layout,0
web/css/guides/box_alignment/overview,1
web/css/guides/box_model,0
web/css/guides/box_model/introduction,0
web/css/guides/box_model/margin_collapsing,0
web/css/guides/box_sizing,1
web/css/guides/box_sizing/aspect_ratios,0
web/css/guides/cascade,0
web/css/guides/cascade/inheritance,0
web/css/guides/cascade/introduction,0
web/css/guides/cascade/property_value_processing,0
web/css/guides/cascade/shorthand_properties,5
web/css/guides/cascade/specificity,2
web/css/guides/cascading_variables,0
web/css/guides/cascading_variables/using_custom_properties,1
web/css/guides/color_adjustment,0
web/css/guides/colors,0
web/css/guides/colors/applying_color,1
web/css/guides/colors/color_format_converter,0
web/css/guides/colors/color_mixer,1
web/css/guides/colors/color_values,3
web/css/guides/colors/using_color_wisely,1
web/css/guides/colors/using_relative_colors,3
web/css/guides/compositing_and_blending,1
web/css/guides/conditional_rules,2
web/css/guides/conditional_rules/container_scroll-state_queries,1
web/css/guides/conditional_rules/using_feature_queries,0
web/css/guides/containment,1
web/css/guides/containment/container_queries,0
web/css/guides/containment/container_size_and_style_queries,4
web/css/guides/containment/using,0
web/css/guides/counter_styles,0
web/css/guides/counter_styles/using_counters,0
web/css/guides/cssom_view,0
web/css/guides/cssom_view/viewport_concepts,1
web/css/guides/custom_functions_and_mixins,1
web/css/guides/custom_functions_and_mixins/using_custom_functions,0
web/css/guides/custom_highlight_api,null
web/css/guides/display,0
web/css/guides/display/block_and_inline_layout,1
web/css/guides/display/block_formatting_context,0
web/css/guides/display/containing_block,0
web/css/guides/display/flow_layout,0
web/css/guides/display/flow_layout_and_overflow,0
web/css/guides/display/flow_layout_and_writing_modes,0
web/css/guides/display/formatting_contexts,1
web/css/guides/display/in_flow_and_out_of_flow,0
web/css/guides/display/multi-keyword_syntax,0
web/css/guides/display/visual_formatting_model,0
web/css/guides/easing_functions,1
web/css/guides/environment_variables,0
web/css/guides/environment_variables/using,0
web/css/guides/filter_effects,2
web/css/guides/filter_effects/using,0
web/css/guides/flexible_box_layout,2
web/css/guides/flexible_box_layout/aligning_items,1
web/css/guides/flexible_box_layout/basic_concepts,3
web/css/guides/flexible_box_layout/controlling_flex_item_ratios,0
web/css/guides/flexible_box_layout/ordering_items,0
web/css/guides/flexible_box_layout/relationship_with_other_layout_methods,2
web/css/guides/flexible_box_layout/use_cases,2
web/css/guides/flexible_box_layout/wrapping_items,1
web/css/guides/font_loading,0
web/css/guides/fonts,2
web/css/guides/fonts/opentype_fonts,2
web/css/guides/fonts/variable_fonts,2
web/css/guides/fonts/woff,0
web/css/guides/fragmentation,0
web/css/guides/gaps,4
web/css/guides/generated_content,0
web/css/guides/grid_layout,0
web/css/guides/grid_layout/accessibility,0
web/css/guides/grid_layout/auto-placement,0
web/css/guides/grid_layout/basic_concepts,2
web/css/guides/grid_layout/box_alignment,0
web/css/guides/grid_layout/common_grid_layouts,0
web/css/guides/grid_layout/grid_lanes,1
web/css/guides/grid_layout/grid_template_areas,0
web/css/guides/grid_layout/line-based_placement,0
web/css/guides/grid_layout/logical_values_and_writing_modes,0
web/css/guides/grid_layout/named_grid_lines,0
web/css/guides/grid_layout/relationship_with_other_layout_methods,0
web/css/guides/grid_layout/subgrid,0
web/css/guides/images,1
web/css/guides/images/implementing_image_sprites,0
web/css/guides/images/replaced_element_properties,3
web/css/guides/images/using_gradients,2
web/css/guides/images/using_object-view-box,2
web/css/guides/inline_layout,0
web/css/guides/inline_layout/inline_formatting_context,0
web/css/guides/lists,0
web/css/guides/lists/indenting,0
web/css/guides/logical_properties_and_values,0
web/css/guides/logical_properties_and_values/basic_concepts,0
web/css/guides/logical_properties_and_values/floating_and_positioning,1
web/css/guides/logical_properties_and_values/margins_borders_padding,0
web/css/guides/logical_properties_and_values/sizing,0
web/css/guides/masking,2
web/css/guides/masking/clipping,0
web/css/guides/masking/introduction,0
web/css/guides/masking/mask_properties,1
web/css/guides/masking/multiple_masks,0
web/css/guides/media_queries,0
web/css/guides/media_queries/printing,0
web/css/guides/media_queries/testing,0
web/css/guides/media_queries/using,0
web/css/guides/media_queries/using_for_accessibility,0
web/css/guides/motion_path,0
web/css/guides/multicol_layout,1
web/css/guides/multicol_layout/basic_concepts,0
web/css/guides/multicol_layout/handling_content_breaks,0
web/css/guides/multicol_layout/handling_overflow,2
web/css/guides/multicol_layout/spanning_balancing_columns,0
web/css/guides/multicol_layout/styling_columns,0
web/css/guides/multicol_layout/using,0
web/css/guides/namespaces,0
web/css/guides/nesting,0
web/css/guides/nesting/at-rules,0
web/css/guides/nesting/nesting_and_specificity,0
web/css/guides/nesting/using,1
web/css/guides/overflow,2
web/css/guides/overflow/carousels,3
web/css/guides/overscroll_behavior,0
web/css/guides/paged_media,1
web/css/guides/positioned_layout,0
web/css/guides/positioned_layout/stacking_context,3
web/css/guides/positioned_layout/stacking_context/example_1,1
web/css/guides/positioned_layout/stacking_context/example_2,0
web/css/guides/positioned_layout/stacking_context/example_3,0
web/css/guides/positioned_layout/stacking_floating_elements,0
web/css/guides/positioned_layout/stacking_without_z-index,0
web/css/guides/positioned_layout/understanding_z-index,0
web/css/guides/positioned_layout/using_z-index,0
web/css/guides/properties_and_values_api,1
web/css/guides/properties_and_values_api/houdini,0
web/css/guides/properties_and_values_api/registering_properties,0
web/css/guides/pseudo-elements,2
web/css/guides/round_display,null
web/css/guides/ruby_layout,0
web/css/guides/scoping,0
web/css/guides/scroll-driven_animations,0
web/css/guides/scroll-driven_animations/timeline_insets,2
web/css/guides/scroll-driven_animations/timeline_range_names,null
web/css/guides/scroll-driven_animations/timelines,2
web/css/guides/scroll_anchoring,0
web/css/guides/scroll_anchoring/overview,0
web/css/guides/scroll_snap,1
web/css/guides/scroll_snap/basic_concepts,1
web/css/guides/scroll_snap/using_scroll_snap_events,0
web/css/guides/scrollbars_styling,1
web/css/guides/selectors,1
web/css/guides/selectors/privacy_and__colon_visited,0
web/css/guides/selectors/selector_structure,0
web/css/guides/selectors/selectors_and_combinators,0
web/css/guides/selectors/using__colon_target,0
web/css/guides/shadow_parts,0
web/css/guides/shapes,1
web/css/guides/shapes/from_box_values,0
web/css/guides/shapes/from_images,0
web/css/guides/shapes/overview,0
web/css/guides/shapes/shape_generator,0
web/css/guides/shapes/using_shape-outside,0
web/css/guides/syntax,2
web/css/guides/syntax/at-rules,0
web/css/guides/syntax/comments,0
web/css/guides/syntax/error_handling,0
web/css/guides/syntax/introduction,0
web/css/guides/table,0
web/css/guides/text,0
web/css/guides/text/whitespace,0
web/css/guides/text/wrapping_breaking_text,1
web/css/guides/text_decoration,0
web/css/guides/text_decoration/text_shadows,0
web/css/guides/transforms,1
web/css/guides/transforms/using,0
web/css/guides/transitions,0
web/css/guides/transitions/using,0
web/css/guides/values_and_units,1
web/css/guides/values_and_units/numeric_data_types,0
web/css/guides/values_and_units/textual_data_types,0
web/css/guides/values_and_units/using_math_functions,0
web/css/guides/values_and_units/using_typed_arithmetic,1
web/css/guides/values_and_units/value_definition_syntax,0
web/css/guides/view_transitions,1
web/css/guides/viewport,0
web/css/guides/webxr_dom_overlays,null
web/css/guides/will_change,null
web/css/guides/writing_modes,2
web/css/guides/writing_modes/vertical_controls,0
web/css/guides/writing_modes/writing_mode_systems,2
web/css/how_to,0
web/css/how_to/layout_cookbook,0
web/css/how_to/layout_cookbook/breadcrumb_navigation,0
web/css/how_to/layout_cookbook/card,0
web/css/how_to/layout_cookbook/center_an_element,0
web/css/how_to/layout_cookbook/column_layouts,0
web/css/how_to/layout_cookbook/contribute_a_recipe,0
web/css/how_to/layout_cookbook/contribute_a_recipe/cookbook_template,0
web/css/how_to/layout_cookbook/grid_wrapper,0
web/css/how_to/layout_cookbook/list_group_with_badges,0
web/css/how_to/layout_cookbook/media_objects,0
web/css/how_to/layout_cookbook/pagination,0
web/css/how_to/layout_cookbook/split_navigation,0
web/css/how_to/layout_cookbook/sticky_footers,0
web/css/reference,0
web/css/reference/at-rules,0
web/css/reference/at-rules/@charset,0
web/css/reference/at-rules/@color-profile,0
web/css/reference/at-rules/@container,0
web/css/reference/at-rules/@counter-style,1
web/css/reference/at-rules/@counter-style/additive-symbols,2
web/css/reference/at-rules/@counter-style/fallback,1
web/css/reference/at-rules/@counter-style/negative,1
web/css/reference/at-rules/@counter-style/pad,1
web/css/reference/at-rules/@counter-style/prefix,1
web/css/reference/at-rules/@counter-style/range,1
web/css/reference/at-rules/@counter-style/speak-as,1
web/css/reference/at-rules/@counter-style/suffix,1
web/css/reference/at-rules/@counter-style/symbols,1
web/css/reference/at-rules/@counter-style/system,1
web/css/reference/at-rules/@custom-media,5
web/css/reference/at-rules/@document,1
web/css/reference/at-rules/@font-face,4
web/css/reference/at-rules/@font-face/ascent-override,1
web/css/reference/at-rules/@font-face/descent-override,1
web/css/reference/at-rules/@font-face/font-display,1
web/css/reference/at-rules/@font-face/font-family,1
web/css/reference/at-rules/@font-face/font-feature-settings,1
web/css/reference/at-rules/@font-face/font-stretch,4
web/css/reference/at-rules/@font-face/font-style,1
web/css/reference/at-rules/@font-face/font-variation-settings,1
web/css/reference/at-rules/@font-face/font-weight,2
web/css/reference/at-rules/@font-face/font-width,null
web/css/reference/at-rules/@font-face/line-gap-override,1
web/css/reference/at-rules/@font-face/size-adjust,1
web/css/reference/at-rules/@font-face/src,1
web/css/reference/at-rules/@font-face/unicode-range,1
web/css/reference/at-rules/@font-feature-values,1
web/css/reference/at-rules/@font-feature-values/font-display,1
web/css/reference/at-rules/@font-palette-values,1
web/css/reference/at-rules/@font-palette-values/base-palette,1
web/css/reference/at-rules/@font-palette-values/font-family,1
web/css/reference/at-rules/@font-palette-values/override-colors,1
web/css/reference/at-rules/@function,1
web/css/reference/at-rules/@import,1
web/css/reference/at-rules/@import/layer_function,0
web/css/reference/at-rules/@keyframes,4
web/css/reference/at-rules/@layer,2
web/css/reference/at-rules/@media,2
web/css/reference/at-rules/@media/-moz-device-pixel-ratio,2
web/css/reference/at-rules/@media/-webkit-animation,3
web/css/reference/at-rules/@media/-webkit-device-pixel-ratio,1
web/css/reference/at-rules/@media/-webkit-transform-2d,2
web/css/reference/at-rules/@media/-webkit-transform-3d,2
web/css/reference/at-rules/@media/-webkit-transition,4
web/css/reference/at-rules/@media/any-hover,1
web/css/reference/at-rules/@media/any-pointer,1
web/css/reference/at-rules/@media/aspect-ratio,1
web/css/reference/at-rules/@media/color,1
web/css/reference/at-rules/@media/color-gamut,1
web/css/reference/at-rules/@media/color-index,1
web/css/reference/at-rules/@media/device-aspect-ratio,2
web/css/reference/at-rules/@media/device-height,2
web/css/reference/at-rules/@media/device-posture,1
web/css/reference/at-rules/@media/device-width,2
web/css/reference/at-rules/@media/display-mode,1
web/css/reference/at-rules/@media/dynamic-range,1
web/css/reference/at-rules/@media/forced-colors,1
web/css/reference/at-rules/@media/grid,2
web/css/reference/at-rules/@media/height,1
web/css/reference/at-rules/@media/horizontal-viewport-segments,1
web/css/reference/at-rules/@media/hover,1
web/css/reference/at-rules/@media/inverted-colors,1
web/css/reference/at-rules/@media/monochrome,1
web/css/reference/at-rules/@media/orientation,1
web/css/reference/at-rules/@media/overflow-block,1
web/css/reference/at-rules/@media/overflow-inline,1
web/css/reference/at-rules/@media/pointer,1
web/css/reference/at-rules/@media/prefers-color-scheme,2
web/css/reference/at-rules/@media/prefers-contrast,1
web/css/reference/at-rules/@media/prefers-reduced-data,2
web/css/reference/at-rules/@media/prefers-reduced-motion,2
web/css/reference/at-rules/@media/prefers-reduced-transparency,1
web/css/reference/at-rules/@media/resolution,1
web/css/reference/at-rules/@media/scan,2
web/css/reference/at-rules/@media/scripting,1
web/css/reference/at-rules/@media/shape,1
web/css/reference/at-rules/@media/update,1
web/css/reference/at-rules/@media/vertical-viewport-segments,1
web/css/reference/at-rules/@media/video-dynamic-range,1
web/css/reference/at-rules/@media/width,1
web/css/reference/at-rules/@namespace,1
web/css/reference/at-rules/@page,1
web/css/reference/at-rules/@page/page-orientation,1
web/css/reference/at-rules/@page/size,1
web/css/reference/at-rules/@position-try,1
web/css/reference/at-rules/@property,5
web/css/reference/at-rules/@property/inherits,2
web/css/reference/at-rules/@property/initial-value,2
web/css/reference/at-rules/@property/syntax,2
web/css/reference/at-rules/@scope,1
web/css/reference/at-rules/@starting-style,1
web/css/reference/at-rules/@supports,2
web/css/reference/at-rules/@view-transition,1
web/css/reference/at-rules/at-rule_functions,0
web/css/reference/mozilla_extensions,1
web/css/reference/properties,1
web/css/reference/properties/--_star_,1
web/css/reference/properties/-moz-float-edge,1
web/css/reference/properties/-moz-force-broken-image-icon,1
web/css/reference/properties/-moz-orient,0
web/css/reference/properties/-moz-user-focus,2
web/css/reference/properties/-moz-user-input,2
web/css/reference/properties/-webkit-border-before,1
web/css/reference/properties/-webkit-box-reflect,0
web/css/reference/properties/-webkit-mask-box-image,null
web/css/reference/properties/-webkit-mask-composite,0
web/css/reference/properties/-webkit-mask-position-x,1
web/css/reference/properties/-webkit-mask-position-y,1
web/css/reference/properties/-webkit-mask-repeat-x,1
web/css/reference/properties/-webkit-mask-repeat-y,1
web/css/reference/properties/-webkit-tap-highlight-color,0
web/css/reference/properties/-webkit-text-fill-color,1
web/css/reference/properties/-webkit-text-security,0
web/css/reference/properties/-webkit-text-stroke,1
web/css/reference/properties/-webkit-text-stroke-color,1
web/css/reference/properties/-webkit-text-stroke-width,0
web/css/reference/properties/-webkit-touch-callout,0
web/css/reference/properties/accent-color,3
web/css/reference/properties/align-content,2
web/css/reference/properties/align-items,3
web/css/reference/properties/align-self,2
web/css/reference/properties/alignment-baseline,2
web/css/reference/properties/all,3
web/css/reference/properties/anchor-name,3
web/css/reference/properties/anchor-scope,1
web/css/reference/properties/animation,4
web/css/reference/properties/animation-composition,4
web/css/reference/properties/animation-delay,2
web/css/reference/properties/animation-direction,2
web/css/reference/properties/animation-duration,1
web/css/reference/properties/animation-fill-mode,2
web/css/reference/properties/animation-iteration-count,2
web/css/reference/properties/animation-name,1
web/css/reference/properties/animation-play-state,2
web/css/reference/properties/animation-range,6
web/css/reference/properties/animation-range-end,3
web/css/reference/properties/animation-range-start,3
web/css/reference/properties/animation-timeline,4
web/css/reference/properties/animation-timeline/scroll,2
web/css/reference/properties/animation-timeline/view,3
web/css/reference/properties/animation-timing-function,1
web/css/reference/properties/appearance,2
web/css/reference/properties/aspect-ratio,2
web/css/reference/properties/backdrop-filter,2
web/css/reference/properties/backface-visibility,3
web/css/reference/properties/background,4
web/css/reference/properties/background-attachment,5
web/css/reference/properties/background-blend-mode,1
web/css/reference/properties/background-clip,1
web/css/reference/properties/background-color,3
web/css/reference/properties/background-image,3
web/css/reference/properties/background-origin,3
web/css/reference/properties/background-position,2
web/css/reference/properties/background-position-x,2
web/css/reference/properties/background-position-y,2
web/css/reference/properties/background-repeat,3
web/css/reference/properties/background-repeat-x,3
web/css/reference/properties/background-repeat-y,4
web/css/reference/properties/background-size,2
web/css/reference/properties/baseline-shift,2
web/css/reference/properties/baseline-source,1
web/css/reference/properties/block-size,1
web/css/reference/properties/border,5
web/css/reference/properties/border-block,7
web/css/reference/properties/border-block-color,3
web/css/reference/properties/border-block-end,6
web/css/reference/properties/border-block-end-color,1
web/css/reference/properties/border-block-end-style,2
web/css/reference/properties/border-block-end-width,2
web/css/reference/properties/border-block-start,6
web/css/reference/properties/border-block-start-color,1
web/css/reference/properties/border-block-start-style,2
web/css/reference/properties/border-block-start-width,2
web/css/reference/properties/border-block-style,2
web/css/reference/properties/border-block-width,2
web/css/reference/properties/border-bottom,3
web/css/reference/properties/border-bottom-color,1
web/css/reference/properties/border-bottom-left-radius,1
web/css/reference/properties/border-bottom-right-radius,1
web/css/reference/properties/border-bottom-style,0
web/css/reference/properties/border-bottom-width,2
web/css/reference/properties/border-collapse,2
web/css/reference/properties/border-color,6
web/css/reference/properties/border-end-end-radius,1
web/css/reference/properties/border-end-start-radius,1
web/css/reference/properties/border-image,3
web/css/reference/properties/border-image-outset,1
web/css/reference/properties/border-image-repeat,1
web/css/reference/properties/border-image-slice,2
web/css/reference/properties/border-image-source,1
web/css/reference/properties/border-image-width,1
web/css/reference/properties/border-inline,3
web/css/reference/properties/border-inline-color,3
web/css/reference/properties/border-inline-end,6
web/css/reference/properties/border-inline-end-color,1
web/css/reference/properties/border-inline-end-style,2
web/css/reference/properties/border-inline-end-width,2
web/css/reference/properties/border-inline-start,6
web/css/reference/properties/border-inline-start-color,1
web/css/reference/properties/border-inline-start-style,2
web/css/reference/properties/border-inline-start-width,2
web/css/reference/properties/border-inline-style,2
web/css/reference/properties/border-inline-width,2
web/css/reference/properties/border-left,3
web/css/reference/properties/border-left-color,2
web/css/reference/properties/border-left-style,1
web/css/reference/properties/border-left-width,4
web/css/reference/properties/border-radius,2
web/css/reference/properties/border-right,3
web/css/reference/properties/border-right-color,2
web/css/reference/properties/border-right-style,1
web/css/reference/properties/border-right-width,4
web/css/reference/properties/border-shape,1
web/css/reference/properties/border-spacing,1
web/css/reference/properties/border-start-end-radius,1
web/css/reference/properties/border-start-start-radius,1
web/css/reference/properties/border-style,3
web/css/reference/properties/border-top,6
web/css/reference/properties/border-top-color,2
web/css/reference/properties/border-top-left-radius,1
web/css/reference/properties/border-top-right-radius,1
web/css/reference/properties/border-top-style,1
web/css/reference/properties/border-top-width,4
web/css/reference/properties/border-width,5
web/css/reference/properties/bottom,1
web/css/reference/properties/box-align,2
web/css/reference/properties/box-decoration-break,2
web/css/reference/properties/box-direction,2
web/css/reference/properties/box-flex,1
web/css/reference/properties/box-flex-group,1
web/css/reference/properties/box-lines,2
web/css/reference/properties/box-ordinal-group,1
web/css/reference/properties/box-orient,2
web/css/reference/properties/box-pack,2
web/css/reference/properties/box-shadow,3
web/css/reference/properties/box-sizing,2
web/css/reference/properties/break-after,1
web/css/reference/properties/break-before,1
web/css/reference/properties/break-inside,1
web/css/reference/properties/caption-side,2
web/css/reference/properties/caret,2
web/css/reference/properties/caret-animation,3
web/css/reference/properties/caret-color,4
web/css/reference/properties/caret-shape,3
web/css/reference/properties/clear,1
web/css/reference/properties/clip,3
web/css/reference/properties/clip-path,0
web/css/reference/properties/clip-rule,2
web/css/reference/properties/color,2
web/css/reference/properties/color-interpolation,1
web/css/reference/properties/color-interpolation-filters,null
web/css/reference/properties/color-scheme,2
web/css/reference/properties/column-count,1
web/css/reference/properties/column-fill,1
web/css/reference/properties/column-gap,2
web/css/reference/properties/column-height,1
web/css/reference/properties/column-rule,2
web/css/reference/properties/column-rule-break,null
web/css/reference/properties/column-rule-color,2
web/css/reference/properties/column-rule-style,0
web/css/reference/properties/column-rule-visibility-items,1
web/css/reference/properties/column-rule-width,0
web/css/reference/properties/column-span,1
web/css/reference/properties/column-width,1
web/css/reference/properties/column-wrap,1
web/css/reference/properties/columns,2
web/css/reference/properties/contain,3
web/css/reference/properties/contain-intrinsic-block-size,1
web/css/reference/properties/contain-intrinsic-height,1
web/css/reference/properties/contain-intrinsic-inline-size,1
web/css/reference/properties/contain-intrinsic-size,2
web/css/reference/properties/contain-intrinsic-width,1
web/css/reference/properties/container,2
web/css/reference/properties/container-name,4
web/css/reference/properties/container-type,4
web/css/reference/properties/content,4
web/css/reference/properties/content-visibility,2
web/css/reference/properties/corner-block-end-shape,3
web/css/reference/properties/corner-block-start-shape,3
web/css/reference/properties/corner-bottom-left-shape,1
web/css/reference/properties/corner-bottom-right-shape,1
web/css/reference/properties/corner-bottom-shape,2
web/css/reference/properties/corner-end-end-shape,1
web/css/reference/properties/corner-end-start-shape,1
web/css/reference/properties/corner-inline-end-shape,3
web/css/reference/properties/corner-inline-start-shape,3
web/css/reference/properties/corner-left-shape,2
web/css/reference/properties/corner-right-shape,2
web/css/reference/properties/corner-shape,5
web/css/reference/properties/corner-start-end-shape,1
web/css/reference/properties/corner-start-start-shape,1
web/css/reference/properties/corner-top-left-shape,1
web/css/reference/properties/corner-top-right-shape,1
web/css/reference/properties/corner-top-shape,2
web/css/reference/properties/counter-increment,3
web/css/reference/properties/counter-reset,2
web/css/reference/properties/counter-set,2
web/css/reference/properties/cursor,2
web/css/reference/properties/cx,1
web/css/reference/properties/cy,0
web/css/reference/properties/d,1
web/css/reference/properties/direction,2
web/css/reference/properties/display,2
web/css/reference/properties/dominant-baseline,2
web/css/reference/properties/dynamic-range-limit,null
web/css/reference/properties/empty-cells,2
web/css/reference/properties/field-sizing,3
web/css/reference/properties/fill,3
web/css/reference/properties/fill-opacity,null
web/css/reference/properties/fill-rule,1
web/css/reference/properties/filter,3
web/css/reference/properties/flex,4
web/css/reference/properties/flex-basis,2
web/css/reference/properties/flex-direction,2
web/css/reference/properties/flex-flow,4
web/css/reference/properties/flex-grow,3
web/css/reference/properties/flex-line-count,null
web/css/reference/properties/flex-shrink,3
web/css/reference/properties/flex-wrap,2
web/css/reference/properties/float,2
web/css/reference/properties/flood-color,1
web/css/reference/properties/flood-opacity,0
web/css/reference/properties/font,5
web/css/reference/properties/font-family,3
web/css/reference/properties/font-feature-settings,3
web/css/reference/properties/font-kerning,3
web/css/reference/properties/font-language-override,2
web/css/reference/properties/font-optical-sizing,2
web/css/reference/properties/font-palette,2
web/css/reference/properties/font-palette/palette-mix,0
web/css/reference/properties/font-size,2
web/css/reference/properties/font-size-adjust,2
web/css/reference/properties/font-smooth,1
web/css/reference/properties/font-stretch,2
web/css/reference/properties/font-style,2
web/css/reference/properties/font-synthesis,3
web/css/reference/properties/font-synthesis-position,2
web/css/reference/properties/font-synthesis-small-caps,2
web/css/reference/properties/font-synthesis-style,3
web/css/reference/properties/font-synthesis-weight,2
web/css/reference/properties/font-variant,3
web/css/reference/properties/font-variant-alternates,2
web/css/reference/properties/font-variant-caps,2
web/css/reference/properties/font-variant-east-asian,2
web/css/reference/properties/font-variant-emoji,2
web/css/reference/properties/font-variant-ligatures,3
web/css/reference/properties/font-variant-numeric,2
web/css/reference/properties/font-variant-position,2
web/css/reference/properties/font-variation-settings,2
web/css/reference/properties/font-weight,2
web/css/reference/properties/font-width,1
web/css/reference/properties/forced-color-adjust,3
web/css/reference/properties/frame-sizing,null
web/css/reference/properties/gap,7
web/css/reference/properties/grid,3
web/css/reference/properties/grid-area,2
web/css/reference/properties/grid-auto-columns,1
web/css/reference/properties/grid-auto-flow,2
web/css/reference/properties/grid-auto-rows,1
web/css/reference/properties/grid-column,2
web/css/reference/properties/grid-column-end,1
web/css/reference/properties/grid-column-start,1
web/css/reference/properties/grid-row,2
web/css/reference/properties/grid-row-end,1
web/css/reference/properties/grid-row-start,1
web/css/reference/properties/grid-template,2
web/css/reference/properties/grid-template-areas,1
web/css/reference/properties/grid-template-columns,2
web/css/reference/properties/grid-template-rows,2
web/css/reference/properties/hanging-punctuation,1
web/css/reference/properties/height,2
web/css/reference/properties/hyphenate-character,1
web/css/reference/properties/hyphenate-limit-chars,2
web/css/reference/properties/hyphens,3
web/css/reference/properties/image-orientation,2
web/css/reference/properties/image-rendering,3
web/css/reference/properties/image-resolution,3
web/css/reference/properties/initial-letter,2
web/css/reference/properties/inline-size,0
web/css/reference/properties/inset,3
web/css/reference/properties/inset-block,3
web/css/reference/properties/inset-block-end,2
web/css/reference/properties/inset-block-start,3
web/css/reference/properties/inset-inline,3
web/css/reference/properties/inset-inline-end,2
web/css/reference/properties/inset-inline-start,2
web/css/reference/properties/interactivity,1
web/css/reference/properties/interest-delay,2
web/css/reference/properties/interest-delay-end,2
web/css/reference/properties/interest-delay-start,2
web/css/reference/properties/interpolate-size,2
web/css/reference/properties/isolation,2
web/css/reference/properties/justify-content,2
web/css/reference/properties/justify-items,1
web/css/reference/properties/justify-self,1
web/css/reference/properties/left,1
web/css/reference/properties/letter-spacing,5
web/css/reference/properties/lighting-color,2
web/css/reference/properties/line-break,2
web/css/reference/properties/line-clamp,2
web/css/reference/properties/line-height,2
web/css/reference/properties/line-height-step,1
web/css/reference/properties/link-parameters,null
web/css/reference/properties/list-style,2
web/css/reference/properties/list-style-image,2
web/css/reference/properties/list-style-position,2
web/css/reference/properties/list-style-type,1
web/css/reference/properties/margin,1
web/css/reference/properties/margin-block,2
web/css/reference/properties/margin-block-end,1
web/css/reference/properties/margin-block-start,1
web/css/reference/properties/margin-bottom,1
web/css/reference/properties/margin-inline,3
web/css/reference/properties/margin-inline-end,1
web/css/reference/properties/margin-inline-start,1
web/css/reference/properties/margin-left,1
web/css/reference/properties/margin-right,1
web/css/reference/properties/margin-top,1
web/css/reference/properties/margin-trim,2
web/css/reference/properties/marker,0
web/css/reference/properties/marker-end,0
web/css/reference/properties/marker-mid,0
web/css/reference/properties/marker-start,0
web/css/reference/properties/mask,2
web/css/reference/properties/mask-border,3
web/css/reference/properties/mask-border-mode,3
web/css/reference/properties/mask-border-outset,1
web/css/reference/properties/mask-border-repeat,1
web/css/reference/properties/mask-border-slice,1
web/css/reference/properties/mask-border-source,0
web/css/reference/properties/mask-border-width,1
web/css/reference/properties/mask-clip,1
web/css/reference/properties/mask-composite,1
web/css/reference/properties/mask-image,0
web/css/reference/properties/mask-mode,0
web/css/reference/properties/mask-origin,3
web/css/reference/properties/mask-position,1
web/css/reference/properties/mask-repeat,1
web/css/reference/properties/mask-size,1
web/css/reference/properties/mask-type,1
web/css/reference/properties/math-depth,0
web/css/reference/properties/math-shift,1
web/css/reference/properties/math-style,1
web/css/reference/properties/max-block-size,1
web/css/reference/properties/max-height,1
web/css/reference/properties/max-inline-size,1
web/css/reference/properties/max-width,1
web/css/reference/properties/min-block-size,1
web/css/reference/properties/min-height,1
web/css/reference/properties/min-inline-size,1
web/css/reference/properties/min-width,1
web/css/reference/properties/mix-blend-mode,3
web/css/reference/properties/object-fit,3
web/css/reference/properties/object-position,1
web/css/reference/properties/object-view-box,2
web/css/reference/properties/offset,2
web/css/reference/properties/offset-anchor,1
web/css/reference/properties/offset-distance,1
web/css/reference/properties/offset-path,1
web/css/reference/properties/offset-position,1
web/css/reference/properties/offset-rotate,1
web/css/reference/properties/opacity,1
web/css/reference/properties/order,1
web/css/reference/properties/orphans,1
web/css/reference/properties/outline,3
web/css/reference/properties/outline-color,1
web/css/reference/properties/outline-offset,1
web/css/reference/properties/outline-style,3
web/css/reference/properties/outline-width,3
web/css/reference/properties/overflow,6
web/css/reference/properties/overflow-anchor,1
web/css/reference/properties/overflow-block,0
web/css/reference/properties/overflow-clip-margin,0
web/css/reference/properties/overflow-inline,2
web/css/reference/properties/overflow-wrap,2
web/css/reference/properties/overflow-x,0
web/css/reference/properties/overflow-y,0
web/css/reference/properties/overlay,3
web/css/reference/properties/overscroll-behavior,0
web/css/reference/properties/overscroll-behavior-block,1
web/css/reference/properties/overscroll-behavior-inline,1
web/css/reference/properties/overscroll-behavior-x,1
web/css/reference/properties/overscroll-behavior-y,0
web/css/reference/properties/padding,2
web/css/reference/properties/padding-block,3
web/css/reference/properties/padding-block-end,2
web/css/reference/properties/padding-block-start,2
web/css/reference/properties/padding-bottom,2
web/css/reference/properties/padding-inline,4
web/css/reference/properties/padding-inline-end,2
web/css/reference/properties/padding-inline-start,2
web/css/reference/properties/padding-left,2
web/css/reference/properties/padding-right,2
web/css/reference/properties/padding-top,2
web/css/reference/properties/page,1
web/css/reference/properties/page-break-after,1
web/css/reference/properties/page-break-before,2
web/css/reference/properties/page-break-inside,2
web/css/reference/properties/paint-order,0
web/css/reference/properties/path-length,null
web/css/reference/properties/perspective,1
web/css/reference/properties/perspective-origin,1
web/css/reference/properties/place-content,2
web/css/reference/properties/place-items,2
web/css/reference/properties/place-self,3
web/css/reference/properties/pointer-events,3
web/css/reference/properties/position,3
web/css/reference/properties/position-anchor,2
web/css/reference/properties/position-area,1
web/css/reference/properties/position-try,2
web/css/reference/properties/position-try-fallbacks,1
web/css/reference/properties/position-try-order,1
web/css/reference/properties/position-visibility,3
web/css/reference/properties/print-color-adjust,3
web/css/reference/properties/quotes,2
web/css/reference/properties/r,0
web/css/reference/properties/reading-flow,1
web/css/reference/properties/reading-order,1
web/css/reference/properties/resize,2
web/css/reference/properties/right,1
web/css/reference/properties/rotate,1
web/css/reference/properties/row-gap,2
web/css/reference/properties/row-rule,2
web/css/reference/properties/row-rule-break,null
web/css/reference/properties/row-rule-color,1
web/css/reference/properties/row-rule-style,0
web/css/reference/properties/row-rule-visibility-items,1
web/css/reference/properties/row-rule-width,0
web/css/reference/properties/ruby-align,1
web/css/reference/properties/ruby-overhang,1
web/css/reference/properties/ruby-position,2
web/css/reference/properties/rule,null
web/css/reference/properties/rule-break,null
web/css/reference/properties/rule-color,null
web/css/reference/properties/rule-style,null
web/css/reference/properties/rule-visibility-items,null
web/css/reference/properties/rule-width,null
web/css/reference/properties/rx,null
web/css/reference/properties/ry,null
web/css/reference/properties/scale,1
web/css/reference/properties/scroll-behavior,2
web/css/reference/properties/scroll-initial-target,1
web/css/reference/properties/scroll-margin,2
web/css/reference/properties/scroll-margin-block,2
web/css/reference/properties/scroll-margin-block-end,1
web/css/reference/properties/scroll-margin-block-start,1
web/css/reference/properties/scroll-margin-bottom,1
web/css/reference/properties/scroll-margin-inline,2
web/css/reference/properties/scroll-margin-inline-end,1
web/css/reference/properties/scroll-margin-inline-start,1
web/css/reference/properties/scroll-margin-left,1
web/css/reference/properties/scroll-margin-right,1
web/css/reference/properties/scroll-margin-top,1
web/css/reference/properties/scroll-marker-group,2
web/css/reference/properties/scroll-padding,2
web/css/reference/properties/scroll-padding-block,2
web/css/reference/properties/scroll-padding-block-end,1
web/css/reference/properties/scroll-padding-block-start,1
web/css/reference/properties/scroll-padding-bottom,1
web/css/reference/properties/scroll-padding-inline,2
web/css/reference/properties/scroll-padding-inline-end,1
web/css/reference/properties/scroll-padding-inline-start,1
web/css/reference/properties/scroll-padding-left,1
web/css/reference/properties/scroll-padding-right,2
web/css/reference/properties/scroll-padding-top,1
web/css/reference/properties/scroll-snap-align,1
web/css/reference/properties/scroll-snap-stop,2
web/css/reference/properties/scroll-snap-type,2
web/css/reference/properties/scroll-target-group,1
web/css/reference/properties/scroll-timeline,3
web/css/reference/properties/scroll-timeline-axis,2
web/css/reference/properties/scroll-timeline-name,1
web/css/reference/properties/scrollbar-color,2
web/css/reference/properties/scrollbar-gutter,1
web/css/reference/properties/scrollbar-width,2
web/css/reference/properties/shape-image-threshold,2
web/css/reference/properties/shape-margin,2
web/css/reference/properties/shape-outside,2
web/css/reference/properties/shape-rendering,0
web/css/reference/properties/speak-as,0
web/css/reference/properties/stop-color,null
web/css/reference/properties/stop-opacity,null
web/css/reference/properties/stroke,0
web/css/reference/properties/stroke-dasharray,0
web/css/reference/properties/stroke-dashoffset,0
web/css/reference/properties/stroke-linecap,1
web/css/reference/properties/stroke-linejoin,2
web/css/reference/properties/stroke-miterlimit,0
web/css/reference/properties/stroke-opacity,0
web/css/reference/properties/stroke-width,0
web/css/reference/properties/tab-size,1
web/css/reference/properties/table-layout,2
web/css/reference/properties/text-align,2
web/css/reference/properties/text-align-last,2
web/css/reference/properties/text-anchor,1
web/css/reference/properties/text-autospace,1
web/css/reference/properties/text-box,2
web/css/reference/properties/text-box-edge,1
web/css/reference/properties/text-box-trim,1
web/css/reference/properties/text-combine-upright,2
web/css/reference/properties/text-decoration,5
web/css/reference/properties/text-decoration-color,2
web/css/reference/properties/text-decoration-inset,2
web/css/reference/properties/text-decoration-line,2
web/css/reference/properties/text-decoration-skip,3
web/css/reference/properties/text-decoration-skip-ink,2
web/css/reference/properties/text-decoration-style,1
web/css/reference/properties/text-decoration-thickness,1
web/css/reference/properties/text-emphasis,3
web/css/reference/properties/text-emphasis-color,2
web/css/reference/properties/text-emphasis-position,1
web/css/reference/properties/text-emphasis-style,2
web/css/reference/properties/text-indent,3
web/css/reference/properties/text-justify,2
web/css/reference/properties/text-orientation,2
web/css/reference/properties/text-overflow,2
web/css/reference/properties/text-rendering,0
web/css/reference/properties/text-shadow,1
web/css/reference/properties/text-size-adjust,1
web/css/reference/properties/text-spacing-trim,1
web/css/reference/properties/text-transform,1
web/css/reference/properties/text-underline-offset,2
web/css/reference/properties/text-underline-position,3
web/css/reference/properties/text-wrap,3
web/css/reference/properties/text-wrap-mode,2
web/css/reference/properties/text-wrap-style,2
web/css/reference/properties/timeline-scope,2
web/css/reference/properties/top,1
web/css/reference/properties/touch-action,1
web/css/reference/properties/transform,4
web/css/reference/properties/transform-box,1
web/css/reference/properties/transform-origin,1
web/css/reference/properties/transform-style,2
web/css/reference/properties/transition,2
web/css/reference/properties/transition-behavior,1
web/css/reference/properties/transition-delay,1
web/css/reference/properties/transition-duration,1
web/css/reference/properties/transition-property,1
web/css/reference/properties/transition-timing-function,1
web/css/reference/properties/translate,1
web/css/reference/properties/unicode-bidi,0
web/css/reference/properties/user-modify,3
web/css/reference/properties/user-select,1
web/css/reference/properties/vector-effect,0
web/css/reference/properties/vertical-align,3
web/css/reference/properties/view-timeline,1
web/css/reference/properties/view-timeline-axis,3
web/css/reference/properties/view-timeline-inset,1
web/css/reference/properties/view-timeline-name,2
web/css/reference/properties/view-transition-class,0
web/css/reference/properties/view-transition-name,1
web/css/reference/properties/view-transition-scope,null
web/css/reference/properties/visibility,1
web/css/reference/properties/white-space,1
web/css/reference/properties/white-space-collapse,0
web/css/reference/properties/widows,2
web/css/reference/properties/width,4
web/css/reference/properties/will-change,4
web/css/reference/properties/word-break,1
web/css/reference/properties/word-spacing,4
web/css/reference/properties/writing-mode,5
web/css/reference/properties/x,1
web/css/reference/properties/y,1
web/css/reference/properties/z-index,2
web/css/reference/properties/zoom,1
web/css/reference/selectors,3
web/css/reference/selectors/_colon_-moz-broken,1
web/css/reference/selectors/_colon_-moz-drag-over,1
web/css/reference/selectors/_colon_-moz-first-node,0
web/css/reference/selectors/_colon_-moz-handler-blocked,null
web/css/reference/selectors/_colon_-moz-handler-crashed,null
web/css/reference/selectors/_colon_-moz-handler-disabled,null
web/css/reference/selectors/_colon_-moz-last-node,0
web/css/reference/selectors/_colon_-moz-loading,0
web/css/reference/selectors/_colon_-moz-locale-dir_ltr,0
web/css/reference/selectors/_colon_-moz-locale-dir_rtl,0
web/css/reference/selectors/_colon_-moz-only-whitespace,0
web/css/reference/selectors/_colon_-moz-submit-invalid,1
web/css/reference/selectors/_colon_-moz-suppressed,null
web/css/reference/selectors/_colon_-moz-user-disabled,1
web/css/reference/selectors/_colon_-moz-window-inactive,null
web/css/reference/selectors/_colon_active,1
web/css/reference/selectors/_colon_active-view-transition,1
web/css/reference/selectors/_colon_active-view-transition-type,1
web/css/reference/selectors/_colon_any-link,0
web/css/reference/selectors/_colon_autofill,1
web/css/reference/selectors/_colon_blank,1
web/css/reference/selectors/_colon_buffering,0
web/css/reference/selectors/_colon_checked,0
web/css/reference/selectors/_colon_current,0
web/css/reference/selectors/_colon_default,0
web/css/reference/selectors/_colon_defined,1
web/css/reference/selectors/_colon_dir,0
web/css/reference/selectors/_colon_disabled,0
web/css/reference/selectors/_colon_empty,1
web/css/reference/selectors/_colon_enabled,0
web/css/reference/selectors/_colon_first,1
web/css/reference/selectors/_colon_first-child,1
web/css/reference/selectors/_colon_first-of-type,1
web/css/reference/selectors/_colon_focus,1
web/css/reference/selectors/_colon_focus-visible,1
web/css/reference/selectors/_colon_focus-within,1
web/css/reference/selectors/_colon_fullscreen,0
web/css/reference/selectors/_colon_future,0
web/css/reference/selectors/_colon_has,1
web/css/reference/selectors/_colon_has-slotted,0
web/css/reference/selectors/_colon_heading,0
web/css/reference/selectors/_colon_heading_function,0
web/css/reference/selectors/_colon_host,1
web/css/reference/selectors/_colon_host-context,2
web/css/reference/selectors/_colon_host_function,1
web/css/reference/selectors/_colon_hover,1
web/css/reference/selectors/_colon_in-range,0
web/css/reference/selectors/_colon_indeterminate,0
web/css/reference/selectors/_colon_interest-source,null
web/css/reference/selectors/_colon_interest-target,null
web/css/reference/selectors/_colon_invalid,0
web/css/reference/selectors/_colon_is,1
web/css/reference/selectors/_colon_lang,0
web/css/reference/selectors/_colon_last-child,1
web/css/reference/selectors/_colon_last-of-type,1
web/css/reference/selectors/_colon_left,1
web/css/reference/selectors/_colon_link,0
web/css/reference/selectors/_colon_local-link,0
web/css/reference/selectors/_colon_modal,0
web/css/reference/selectors/_colon_muted,1
web/css/reference/selectors/_colon_not,0
web/css/reference/selectors/_colon_nth-child,2
web/css/reference/selectors/_colon_nth-last-child,2
web/css/reference/selectors/_colon_nth-last-of-type,1
web/css/reference/selectors/_colon_nth-of-type,2
web/css/reference/selectors/_colon_only-child,0
web/css/reference/selectors/_colon_only-of-type,0
web/css/reference/selectors/_colon_open,0
web/css/reference/selectors/_colon_optional,0
web/css/reference/selectors/_colon_out-of-range,0
web/css/reference/selectors/_colon_past,null
web/css/reference/selectors/_colon_paused,0
web/css/reference/selectors/_colon_picture-in-picture,0
web/css/reference/selectors/_colon_placeholder-shown,0
web/css/reference/selectors/_colon_playing,0
web/css/reference/selectors/_colon_popover-open,0
web/css/reference/selectors/_colon_read-only,1
web/css/reference/selectors/_colon_read-write,1
web/css/reference/selectors/_colon_required,0
web/css/reference/selectors/_colon_right,1
web/css/reference/selectors/_colon_root,0
web/css/reference/selectors/_colon_scope,1
web/css/reference/selectors/_colon_seeking,0
web/css/reference/selectors/_colon_stalled,null
web/css/reference/selectors/_colon_state,1
web/css/reference/selectors/_colon_target,1
web/css/reference/selectors/_colon_target-after,1
web/css/reference/selectors/_colon_target-before,1
web/css/reference/selectors/_colon_target-current,1
web/css/reference/selectors/_colon_user-invalid,1
web/css/reference/selectors/_colon_user-valid,1
web/css/reference/selectors/_colon_valid,2
web/css/reference/selectors/_colon_visited,0
web/css/reference/selectors/_colon_volume-locked,null
web/css/reference/selectors/_colon_where,0
web/css/reference/selectors/_colon_xr-overlay,null
web/css/reference/selectors/_doublecolon_-moz-color-swatch,0
web/css/reference/selectors/_doublecolon_-moz-focus-inner,null
web/css/reference/selectors/_doublecolon_-moz-list-bullet,0
web/css/reference/selectors/_doublecolon_-moz-list-number,null
web/css/reference/selectors/_doublecolon_-moz-meter-bar,0
web/css/reference/selectors/_doublecolon_-moz-progress-bar,0
web/css/reference/selectors/_doublecolon_-moz-range-progress,null
web/css/reference/selectors/_doublecolon_-moz-range-thumb,null
web/css/reference/selectors/_doublecolon_-moz-range-track,0
web/css/reference/selectors/_doublecolon_-webkit-inner-spin-button,0
web/css/reference/selectors/_doublecolon_-webkit-meter-bar,null
web/css/reference/selectors/_doublecolon_-webkit-meter-even-less-good-value,null
web/css/reference/selectors/_doublecolon_-webkit-meter-inner-element,null
web/css/reference/selectors/_doublecolon_-webkit-meter-optimum-value,null
web/css/reference/selectors/_doublecolon_-webkit-meter-suboptimum-value,null
web/css/reference/selectors/_doublecolon_-webkit-progress-bar,0
web/css/reference/selectors/_doublecolon_-webkit-progress-inner-element,1
web/css/reference/selectors/_doublecolon_-webkit-progress-value,1
web/css/reference/selectors/_doublecolon_-webkit-scrollbar,3
web/css/reference/selectors/_doublecolon_-webkit-search-cancel-button,0
web/css/reference/selectors/_doublecolon_-webkit-search-results-button,0
web/css/reference/selectors/_doublecolon_-webkit-slider-runnable-track,null
web/css/reference/selectors/_doublecolon_-webkit-slider-thumb,0
web/css/reference/selectors/_doublecolon_after,1
web/css/reference/selectors/_doublecolon_backdrop,2
web/css/reference/selectors/_doublecolon_before,1
web/css/reference/selectors/_doublecolon_checkmark,1
web/css/reference/selectors/_doublecolon_column,1
web/css/reference/selectors/_doublecolon_cue,0
web/css/reference/selectors/_doublecolon_details-content,0
web/css/reference/selectors/_doublecolon_file-selector-button,1
web/css/reference/selectors/_doublecolon_first-letter,2
web/css/reference/selectors/_doublecolon_first-line,2
web/css/reference/selectors/_doublecolon_grammar-error,0
web/css/reference/selectors/_doublecolon_highlight,2
web/css/reference/selectors/_doublecolon_marker,1
web/css/reference/selectors/_doublecolon_part,1
web/css/reference/selectors/_doublecolon_picker,0
web/css/reference/selectors/_doublecolon_picker-icon,0
web/css/reference/selectors/_doublecolon_placeholder,1
web/css/reference/selectors/_doublecolon_scroll-button,2
web/css/reference/selectors/_doublecolon_scroll-marker,1
web/css/reference/selectors/_doublecolon_scroll-marker-group,1
web/css/reference/selectors/_doublecolon_search-text,1
web/css/reference/selectors/_doublecolon_selection,1
web/css/reference/selectors/_doublecolon_slotted,1
web/css/reference/selectors/_doublecolon_spelling-error,1
web/css/reference/selectors/_doublecolon_target-text,1
web/css/reference/selectors/_doublecolon_view-transition,1
web/css/reference/selectors/_doublecolon_view-transition-group,2
web/css/reference/selectors/_doublecolon_view-transition-image-pair,1
web/css/reference/selectors/_doublecolon_view-transition-new,1
web/css/reference/selectors/_doublecolon_view-transition-old,1
web/css/reference/selectors/attribute_selectors,0
web/css/reference/selectors/child_combinator,0
web/css/reference/selectors/class_selectors,0
web/css/reference/selectors/column_combinator,0
web/css/reference/selectors/combinators,2
web/css/reference/selectors/descendant_combinator,0
web/css/reference/selectors/id_selectors,0
web/css/reference/selectors/keyframe_selectors,1
web/css/reference/selectors/namespace_separator,0
web/css/reference/selectors/nesting_selector,0
web/css/reference/selectors/next-sibling_combinator,0
web/css/reference/selectors/pseudo-classes,2
web/css/reference/selectors/pseudo-elements,1
web/css/reference/selectors/selector_list,0
web/css/reference/selectors/subsequent-sibling_combinator,0
web/css/reference/selectors/type_selectors,0
web/css/reference/selectors/universal_selectors,0
web/css/reference/values,1
web/css/reference/values/-moz-image-rect,null
web/css/reference/values/abs,0
web/css/reference/values/absolute-size,2
web/css/reference/values/acos,0
web/css/reference/values/alpha-value,1
web/css/reference/values/anchor,1
web/css/reference/values/anchor-size,0
web/css/reference/values/angle,1
web/css/reference/values/angle-percentage,1
web/css/reference/values/asin,0
web/css/reference/values/atan,0
web/css/reference/values/atan2,0
web/css/reference/values/attr,5
web/css/reference/values/axis,1
web/css/reference/values/baseline-position,1
web/css/reference/values/basic-shape,4
web/css/reference/values/basic-shape/circle,3
web/css/reference/values/basic-shape/ellipse,3
web/css/reference/values/basic-shape/inset,1
web/css/reference/values/basic-shape/path,1
web/css/reference/values/basic-shape/polygon,2
web/css/reference/values/basic-shape/rect,1
web/css/reference/values/basic-shape/shape,1
web/css/reference/values/basic-shape/xywh,1
web/css/reference/values/blend-mode,1
web/css/reference/values/box-edge,2
web/css/reference/values/calc,3
web/css/reference/values/calc-keyword,0
web/css/reference/values/calc-size,0
web/css/reference/values/calc-sum,1
web/css/reference/values/clamp,3
web/css/reference/values/color-interpolation-method,0
web/css/reference/values/color_value,0
web/css/reference/values/color_value/alpha,null
web/css/reference/values/color_value/color,1
web/css/reference/values/color_value/color-mix,1
web/css/reference/values/color_value/contrast-color,0
web/css/reference/values/color_value/device-cmyk,0
web/css/reference/values/color_value/hsl,0
web/css/reference/values/color_value/hwb,1
web/css/reference/values/color_value/lab,1
web/css/reference/values/color_value/lch,1
web/css/reference/values/color_value/light-dark,0
web/css/reference/values/color_value/oklab,1
web/css/reference/values/color_value/oklch,1
web/css/reference/values/color_value/rgb,0
web/css/reference/values/content-distribution,1
web/css/reference/values/content-position,1
web/css/reference/values/corner-shape-value,1
web/css/reference/values/cos,0
web/css/reference/values/counter,2
web/css/reference/values/counters,0
web/css/reference/values/cross-fade,0
web/css/reference/values/custom-ident,1
web/css/reference/values/dashed-function,1
web/css/reference/values/dashed-ident,3
web/css/reference/values/data_types,4
web/css/reference/values/dimension,1
web/css/reference/values/display-box,1
web/css/reference/values/display-inside,1
web/css/reference/values/display-internal,1
web/css/reference/values/display-legacy,1
web/css/reference/values/display-listitem,1
web/css/reference/values/display-outside,1
web/css/reference/values/dynamic-range-limit-mix,0
web/css/reference/values/easing-function,0
web/css/reference/values/easing-function/cubic-bezier,0
web/css/reference/values/easing-function/linear,0
web/css/reference/values/easing-function/steps,1
web/css/reference/values/element,0
web/css/reference/values/env,3
web/css/reference/values/exp,0
web/css/reference/values/filter-function,0
web/css/reference/values/filter-function/blur,0
web/css/reference/values/filter-function/brightness,0
web/css/reference/values/filter-function/contrast,0
web/css/reference/values/filter-function/drop-shadow,0
web/css/reference/values/filter-function/grayscale,0
web/css/reference/values/filter-function/hue-rotate,0
web/css/reference/values/filter-function/invert,0
web/css/reference/values/filter-function/opacity,0
web/css/reference/values/filter-function/saturate,0
web/css/reference/values/filter-function/sepia,0
web/css/reference/values/fit-content,0
web/css/reference/values/fit-content_function,1
web/css/reference/values/flex_value,1
web/css/reference/values/frequency,1
web/css/reference/values/frequency-percentage,0
web/css/reference/values/functions,6
web/css/reference/values/generic-family,1
web/css/reference/values/gradient,0
web/css/reference/values/gradient/conic-gradient,1
web/css/reference/values/gradient/linear-gradient,0
web/css/reference/values/gradient/radial-gradient,0
web/css/reference/values/gradient/repeating-conic-gradient,0
web/css/reference/values/gradient/repeating-linear-gradient,0
web/css/reference/values/gradient/repeating-radial-gradient,0
web/css/reference/values/hex-color,1
web/css/reference/values/hue,1
web/css/reference/values/hue-interpolation-method,0
web/css/reference/values/hypot,0
web/css/reference/values/ident,2
web/css/reference/values/if,1
web/css/reference/values/image,3
web/css/reference/values/image/image,1
web/css/reference/values/image/image-set,0
web/css/reference/values/image/paint,1
web/css/reference/values/important,1
web/css/reference/values/inherit,3
web/css/reference/values/initial,3
web/css/reference/values/integer,1
web/css/reference/values/length,2
web/css/reference/values/length-percentage,1
web/css/reference/values/line-style,3
web/css/reference/values/line-width,0
web/css/reference/values/log,0
web/css/reference/values/max,3
web/css/reference/values/max-content,1
web/css/reference/values/min,3
web/css/reference/values/min-content,1
web/css/reference/values/minmax,0
web/css/reference/values/mod,0
web/css/reference/values/named-color,2
web/css/reference/values/number,1
web/css/reference/values/overflow-position,1
web/css/reference/values/overflow_value,1
web/css/reference/values/param,null
web/css/reference/values/percentage,1
web/css/reference/values/position-area_value,0
web/css/reference/values/position_value,1
web/css/reference/values/pow,0
web/css/reference/values/progress,3
web/css/reference/values/random,2
web/css/reference/values/ratio,1
web/css/reference/values/ray,0
web/css/reference/values/relative-size,1
web/css/reference/values/rem,0
web/css/reference/values/repeat,5
web/css/reference/values/resolution,1
web/css/reference/values/revert,2
web/css/reference/values/revert-layer,2
web/css/reference/values/revert-rule,1
web/css/reference/values/round,0
web/css/reference/values/rule-list,0
web/css/reference/values/self-position,1
web/css/reference/values/shape,1
web/css/reference/values/sibling-count,0
web/css/reference/values/sibling-index,0
web/css/reference/values/sign,0
web/css/reference/values/sin,0
web/css/reference/values/sqrt,0
web/css/reference/values/string,1
web/css/reference/values/superellipse,1
web/css/reference/values/symbols,0
web/css/reference/values/system-color,1
web/css/reference/values/tan,0
web/css/reference/values/text-edge,1
web/css/reference/values/time,1
web/css/reference/values/time-percentage,1
web/css/reference/values/timeline-range-name,6
web/css/reference/values/transform-function,0
web/css/reference/values/transform-function/matrix,0
web/css/reference/values/transform-function/matrix3d,0
web/css/reference/values/transform-function/perspective,0
web/css/reference/values/transform-function/rotate,0
web/css/reference/values/transform-function/rotate3d,0
web/css/reference/values/transform-function/rotatex,0
web/css/reference/values/transform-function/rotatey,0
web/css/reference/values/transform-function/rotatez,0
web/css/reference/values/transform-function/scale,0
web/css/reference/values/transform-function/scale3d,0
web/css/reference/values/transform-function/scalex,0
web/css/reference/values/transform-function/scaley,0
web/css/reference/values/transform-function/scalez,0
web/css/reference/values/transform-function/skew,0
web/css/reference/values/transform-function/skewx,0
web/css/reference/values/transform-function/skewy,0
web/css/reference/values/transform-function/translate,0
web/css/reference/values/transform-function/translate3d,0
web/css/reference/values/transform-function/translatex,0
web/css/reference/values/transform-function/translatey,0
web/css/reference/values/transform-function/translatez,0
web/css/reference/values/type,0
web/css/reference/values/unset,2
web/css/reference/values/url_function,4
web/css/reference/values/url_value,3
web/css/reference/values/var,1
web/css/reference/webkit_extensions,0
web/css/tutorials,7
web/html,0
web/html/guides,1
web/html/guides/cheatsheet,0
web/html/guides/comments,2
web/html/guides/constraint_validation,0
web/html/guides/content_categories,1
web/html/guides/date_and_time_formats,1
web/html/guides/microdata,2
web/html/guides/microformats,3
web/html/guides/quirks_mode_and_standards_mode,0
web/html/guides/responsive_images,0
web/html/how_to,0
web/html/how_to/add_a_hit_map_on_top_of_an_image,0
web/html/how_to/add_javascript_to_your_web_page,0
web/html/how_to/author_fast-loading_html_pages,0
web/html/how_to/cors_enabled_image,0
web/html/how_to/define_terms_with_html,0
web/html/how_to/use_data_attributes,0
web/html/reference,0
web/html/reference/attributes,0
web/html/reference/attributes/accept,4
web/html/reference/attributes/autocomplete,2
web/html/reference/attributes/capture,2
web/html/reference/attributes/content,1
web/html/reference/attributes/crossorigin,3
web/html/reference/attributes/dirname,2
web/html/reference/attributes/disabled,4
web/html/reference/attributes/elementtiming,3
web/html/reference/attributes/fetchpriority,2
web/html/reference/attributes/for,3
web/html/reference/attributes/form,2
web/html/reference/attributes/integrity,1
web/html/reference/attributes/max,4
web/html/reference/attributes/maxlength,4
web/html/reference/attributes/min,3
web/html/reference/attributes/minlength,1
web/html/reference/attributes/multiple,3
web/html/reference/attributes/pattern,4
web/html/reference/attributes/placeholder,4
web/html/reference/attributes/readonly,3
web/html/reference/attributes/rel,0
web/html/reference/attributes/rel/alternate_stylesheet,4
web/html/reference/attributes/rel/compression-dictionary,3
web/html/reference/attributes/rel/dns-prefetch,2
web/html/reference/attributes/rel/manifest,2
web/html/reference/attributes/rel/me,3
web/html/reference/attributes/rel/modulepreload,0
web/html/reference/attributes/rel/noopener,2
web/html/reference/attributes/rel/noreferrer,2
web/html/reference/attributes/rel/preconnect,3
web/html/reference/attributes/rel/prefetch,3
web/html/reference/attributes/rel/preload,2
web/html/reference/attributes/rel/prerender,4
web/html/reference/attributes/required,2
web/html/reference/attributes/size,2
web/html/reference/attributes/step,3
web/html/reference/elements,0
web/html/reference/elements/a,1
web/html/reference/elements/abbr,0
web/html/reference/elements/acronym,1
web/html/reference/elements/address,0
web/html/reference/elements/area,0
web/html/reference/elements/article,1
web/html/reference/elements/aside,0
web/html/reference/elements/audio,1
web/html/reference/elements/b,0
web/html/reference/elements/base,0
web/html/reference/elements/bdi,0
web/html/reference/elements/bdo,3
web/html/reference/elements/big,1
web/html/reference/elements/blockquote,0
web/html/reference/elements/body,0
web/html/reference/elements/br,0
web/html/reference/elements/button,0
web/html/reference/elements/canvas,0
web/html/reference/elements/caption,0
web/html/reference/elements/center,1
web/html/reference/elements/cite,0
web/html/reference/elements/code,0
web/html/reference/elements/col,0
web/html/reference/elements/colgroup,0
web/html/reference/elements/data,0
web/html/reference/elements/datalist,1
web/html/reference/elements/dd,0
web/html/reference/elements/del,0
web/html/reference/elements/details,1
web/html/reference/elements/dfn,0
web/html/reference/elements/dialog,1
web/html/reference/elements/dir,1
web/html/reference/elements/div,0
web/html/reference/elements/dl,1
web/html/reference/elements/dt,0
web/html/reference/elements/em,0
web/html/reference/elements/embed,0
web/html/reference/elements/fencedframe,1
web/html/reference/elements/fieldset,1
web/html/reference/elements/figcaption,0
web/html/reference/elements/figure,0
web/html/reference/elements/font,1
web/html/reference/elements/footer,1
web/html/reference/elements/form,0
web/html/reference/elements/frame,1
web/html/reference/elements/frameset,1
web/html/reference/elements/geolocation,0
web/html/reference/elements/head,1
web/html/reference/elements/header,1
web/html/reference/elements/heading_elements,2
web/html/reference/elements/hgroup,0
web/html/reference/elements/hr,1
web/html/reference/elements/html,1
web/html/reference/elements/i,0
web/html/reference/elements/iframe,0
web/html/reference/elements/img,1
web/html/reference/elements/input,1
web/html/reference/elements/input/button,1
web/html/reference/elements/input/checkbox,1
web/html/reference/elements/input/color,1
web/html/reference/elements/input/date,1
web/html/reference/elements/input/datetime-local,1
web/html/reference/elements/input/email,1
web/html/reference/elements/input/file,3
web/html/reference/elements/input/hidden,3
web/html/reference/elements/input/image,4
web/html/reference/elements/input/month,1
web/html/reference/elements/input/number,1
web/html/reference/elements/input/password,1
web/html/reference/elements/input/radio,1
web/html/reference/elements/input/range,1
web/html/reference/elements/input/reset,1
web/html/reference/elements/input/search,3
web/html/reference/elements/input/submit,1
web/html/reference/elements/input/tel,1
web/html/reference/elements/input/text,1
web/html/reference/elements/input/time,1
web/html/reference/elements/input/url,1
web/html/reference/elements/input/week,1
web/html/reference/elements/ins,0
web/html/reference/elements/kbd,1
web/html/reference/elements/label,1
web/html/reference/elements/legend,0
web/html/reference/elements/li,0
web/html/reference/elements/link,1
web/html/reference/elements/main,0
web/html/reference/elements/map,0
web/html/reference/elements/mark,1
web/html/reference/elements/marquee,1
web/html/reference/elements/menu,0
web/html/reference/elements/meta,1
web/html/reference/elements/meta/http-equiv,1
web/html/reference/elements/meta/name,2
web/html/reference/elements/meta/name/color-scheme,1
web/html/reference/elements/meta/name/referrer,1
web/html/reference/elements/meta/name/responsive-embedded-sizing,null
web/html/reference/elements/meta/name/robots,0
web/html/reference/elements/meta/name/text-scale,3
web/html/reference/elements/meta/name/theme-color,0
web/html/reference/elements/meta/name/viewport,0
web/html/reference/elements/meter,0
web/html/reference/elements/nav,1
web/html/reference/elements/nobr,1
web/html/reference/elements/noembed,2
web/html/reference/elements/noframes,1
web/html/reference/elements/noscript,0
web/html/reference/elements/object,0
web/html/reference/elements/ol,0
web/html/reference/elements/optgroup,2
web/html/reference/elements/option,1
web/html/reference/elements/output,0
web/html/reference/elements/p,1
web/html/reference/elements/param,1
web/html/reference/elements/picture,1
web/html/reference/elements/plaintext,1
web/html/reference/elements/pre,0
web/html/reference/elements/progress,1
web/html/reference/elements/q,1
web/html/reference/elements/rb,1
web/html/reference/elements/rp,0
web/html/reference/elements/rt,0
web/html/reference/elements/rtc,1
web/html/reference/elements/ruby,0
web/html/reference/elements/s,0
web/html/reference/elements/samp,0
web/html/reference/elements/script,0
web/html/reference/elements/script/type,0
web/html/reference/elements/script/type/importmap,0
web/html/reference/elements/script/type/speculationrules,1
web/html/reference/elements/search,0
web/html/reference/elements/section,1
web/html/reference/elements/select,0
web/html/reference/elements/selectedcontent,0
web/html/reference/elements/slot,1
web/html/reference/elements/small,1
web/html/reference/elements/source,0
web/html/reference/elements/span,1
web/html/reference/elements/strike,1
web/html/reference/elements/strong,0
web/html/reference/elements/style,0
web/html/reference/elements/sub,0
web/html/reference/elements/summary,0
web/html/reference/elements/sup,0
web/html/reference/elements/table,0
web/html/reference/elements/tbody,1
web/html/reference/elements/td,1
web/html/reference/elements/template,1
web/html/reference/elements/textarea,1
web/html/reference/elements/tfoot,0
web/html/reference/elements/th,1
web/html/reference/elements/thead,0
web/html/reference/elements/time,1
web/html/reference/elements/title,0
web/html/reference/elements/tr,0
web/html/reference/elements/track,0
web/html/reference/elements/tt,1
web/html/reference/elements/u,0
web/html/reference/elements/ul,0
web/html/reference/elements/var,0
web/html/reference/elements/video,0
web/html/reference/elements/wbr,0
web/html/reference/elements/xmp,1
web/html/reference/global_attributes,1
web/html/reference/global_attributes/accesskey,2
web/html/reference/global_attributes/anchor,3
web/html/reference/global_attributes/autocapitalize,1
web/html/reference/global_attributes/autocorrect,1
web/html/reference/global_attributes/autofocus,2
web/html/reference/global_attributes/class,3
web/html/reference/global_attributes/contenteditable,3
web/html/reference/global_attributes/data-_star_,5
web/html/reference/global_attributes/dir,1
web/html/reference/global_attributes/draggable,1
web/html/reference/global_attributes/enterkeyhint,1
web/html/reference/global_attributes/exportparts,3
web/html/reference/global_attributes/headingoffset,null
web/html/reference/global_attributes/headingreset,null
web/html/reference/global_attributes/hidden,3
web/html/reference/global_attributes/id,4
web/html/reference/global_attributes/inert,0
web/html/reference/global_attributes/inputmode,1
web/html/reference/global_attributes/is,2
web/html/reference/global_attributes/itemid,1
web/html/reference/global_attributes/itemprop,1
web/html/reference/global_attributes/itemref,1
web/html/reference/global_attributes/itemscope,2
web/html/reference/global_attributes/itemtype,1
web/html/reference/global_attributes/lang,2
web/html/reference/global_attributes/nonce,2
web/html/reference/global_attributes/part,2
web/html/reference/global_attributes/popover,1
web/html/reference/global_attributes/slot,2
web/html/reference/global_attributes/spellcheck,2
web/html/reference/global_attributes/style,1
web/html/reference/global_attributes/tabindex,3
web/html/reference/global_attributes/title,3
web/html/reference/global_attributes/translate,1
web/html/reference/global_attributes/virtualkeyboardpolicy,1
web/html/reference/global_attributes/writingsuggestions,2
web/http,1
web/http/guides,0
web/http/guides/authentication,1
web/http/guides/browser_detection_using_the_user_agent,5
web/http/guides/caching,5
web/http/guides/client_hints,4
web/http/guides/compression,1
web/http/guides/compression_dictionary_transport,4
web/http/guides/conditional_requests,1
web/http/guides/connection_management_in_http_1.x,1
web/http/guides/content_negotiation,1
web/http/guides/content_negotiation/list_of_default_accept_values,1
web/http/guides/cookies,4
web/http/guides/cors,0
web/http/guides/cors/errors,1
web/http/guides/cors/errors/corsalloworiginnotmatchingorigin,1
web/http/guides/cors/errors/corsdidnotsucceed,1
web/http/guides/cors/errors/corsdisabled,1
web/http/guides/cors/errors/corsexternalredirectnotallowed,1
web/http/guides/cors/errors/corsinvalidallowheader,1
web/http/guides/cors/errors/corsinvalidallowmethod,1
web/http/guides/cors/errors/corsmethodnotfound,2
web/http/guides/cors/errors/corsmissingallowcredentials,1
web/http/guides/cors/errors/corsmissingallowheaderfrompreflight,null
web/http/guides/cors/errors/corsmissingalloworigin,1
web/http/guides/cors/errors/corsmultiplealloworiginnotallowed,1
web/http/guides/cors/errors/corsnotsupportingcredentials,1
web/http/guides/cors/errors/corsoriginheadernotadded,1
web/http/guides/cors/errors/corspreflightdidnotsucceed,2
web/http/guides/cors/errors/corsrequestnothttp,2
web/http/guides/cross-origin_resource_policy,0
web/http/guides/csp,0
web/http/guides/csp/errors,0
web/http/guides/csp/errors/cspviolation,0
web/http/guides/evolution_of_http,3
web/http/guides/fetch_metadata,null
web/http/guides/iframe_credentialless,0
web/http/guides/messages,2
web/http/guides/mime_types,3
web/http/guides/mime_types/common_types,2
web/http/guides/network_error_logging,1
web/http/guides/overview,3
web/http/guides/permissions_policy,3
web/http/guides/protocol_upgrade_mechanism,1
web/http/guides/proxy_servers_and_tunneling,1
web/http/guides/proxy_servers_and_tunneling/proxy_auto-configuration_pac_file,1
web/http/guides/range_requests,1
web/http/guides/redirections,1
web/http/guides/session,2
web/http/guides/user-agent_reduction,0
web/http/reference,1
web/http/reference/headers,6
web/http/reference/headers/accept,0
web/http/reference/headers/accept-ch,null
web/http/reference/headers/accept-encoding,0
web/http/reference/headers/accept-language,0
web/http/reference/headers/accept-patch,0
web/http/reference/headers/accept-post,0
web/http/reference/headers/accept-ranges,null
web/http/reference/headers/access-control-allow-credentials,0
web/http/reference/headers/access-control-allow-headers,0
web/http/reference/headers/access-control-allow-methods,0
web/http/reference/headers/access-control-allow-origin,1
web/http/reference/headers/access-control-expose-headers,0
web/http/reference/headers/access-control-max-age,0
web/http/reference/headers/access-control-request-headers,0
web/http/reference/headers/access-control-request-method,0
web/http/reference/headers/activate-storage-access,null
web/http/reference/headers/age,0
web/http/reference/headers/allow,0
web/http/reference/headers/alt-svc,0
web/http/reference/headers/alt-used,null
web/http/reference/headers/attribution-reporting-eligible,null
web/http/reference/headers/attribution-reporting-register-source,null
web/http/reference/headers/attribution-reporting-register-trigger,null
web/http/reference/headers/authorization,1
web/http/reference/headers/available-dictionary,null
web/http/reference/headers/cache-control,4
web/http/reference/headers/clear-site-data,0
web/http/reference/headers/connection,0
web/http/reference/headers/content-digest,5
web/http/reference/headers/content-disposition,0
web/http/reference/headers/content-dpr,1
web/http/reference/headers/content-encoding,0
web/http/reference/headers/content-language,0
web/http/reference/headers/content-length,0
web/http/reference/headers/content-location,1
web/http/reference/headers/content-range,0
web/http/reference/headers/content-security-policy,0
web/http/reference/headers/content-security-policy-report-only,0
web/http/reference/headers/content-security-policy/base-uri,3
web/http/reference/headers/content-security-policy/block-all-mixed-content,5
web/http/reference/headers/content-security-policy/child-src,4
web/http/reference/headers/content-security-policy/connect-src,1
web/http/reference/headers/content-security-policy/default-src,4
web/http/reference/headers/content-security-policy/fenced-frame-src,3
web/http/reference/headers/content-security-policy/font-src,3
web/http/reference/headers/content-security-policy/form-action,4
web/http/reference/headers/content-security-policy/frame-ancestors,1
web/http/reference/headers/content-security-policy/frame-src,0
web/http/reference/headers/content-security-policy/img-src,3
web/http/reference/headers/content-security-policy/manifest-src,4
web/http/reference/headers/content-security-policy/media-src,3
web/http/reference/headers/content-security-policy/object-src,5
web/http/reference/headers/content-security-policy/prefetch-src,4
web/http/reference/headers/content-security-policy/report-to,3
web/http/reference/headers/content-security-policy/report-uri,8
web/http/reference/headers/content-security-policy/require-trusted-types-for,4
web/http/reference/headers/content-security-policy/sandbox,5
web/http/reference/headers/content-security-policy/script-src,1
web/http/reference/headers/content-security-policy/script-src-attr,4
web/http/reference/headers/content-security-policy/script-src-elem,3
web/http/reference/headers/content-security-policy/style-src,6
web/http/reference/headers/content-security-policy/style-src-attr,4
web/http/reference/headers/content-security-policy/style-src-elem,4
web/http/reference/headers/content-security-policy/trusted-types,4
web/http/reference/headers/content-security-policy/upgrade-insecure-requests,5
web/http/reference/headers/content-security-policy/worker-src,4
web/http/reference/headers/content-type,0
web/http/reference/headers/cookie,0
web/http/reference/headers/critical-ch,null
web/http/reference/headers/cross-origin-embedder-policy,1
web/http/reference/headers/cross-origin-embedder-policy-report-only,null
web/http/reference/headers/cross-origin-opener-policy,4
web/http/reference/headers/cross-origin-resource-policy,0
web/http/reference/headers/date,0
web/http/reference/headers/device-memory,null
web/http/reference/headers/dictionary-id,null
web/http/reference/headers/dnt,1
web/http/reference/headers/downlink,null
web/http/reference/headers/dpr,null
web/http/reference/headers/early-data,null
web/http/reference/headers/ect,null
web/http/reference/headers/etag,0
web/http/reference/headers/expect,0
web/http/reference/headers/expect-ct,2
web/http/reference/headers/expires,0
web/http/reference/headers/forwarded,0
web/http/reference/headers/from,null
web/http/reference/headers/host,0
web/http/reference/headers/idempotency-key,1
web/http/reference/headers/if-match,0
web/http/reference/headers/if-modified-since,0
web/http/reference/headers/if-none-match,0
web/http/reference/headers/if-range,0
web/http/reference/headers/if-unmodified-since,0
web/http/reference/headers/integrity-policy,null
web/http/reference/headers/integrity-policy-report-only,null
web/http/reference/headers/keep-alive,0
web/http/reference/headers/last-modified,0
web/http/reference/headers/link,1
web/http/reference/headers/location,0
web/http/reference/headers/max-forwards,null
web/http/reference/headers/nel,0
web/http/reference/headers/no-vary-search,null
web/http/reference/headers/observe-browsing-topics,null
web/http/reference/headers/origin,1
web/http/reference/headers/origin-agent-cluster,null
web/http/reference/headers/permissions-policy,3
web/http/reference/headers/permissions-policy-report-only,null
web/http/reference/headers/permissions-policy/accelerometer,2
web/http/reference/headers/permissions-policy/ambient-light-sensor,2
web/http/reference/headers/permissions-policy/aria-notify,null
web/http/reference/headers/permissions-policy/attribution-reporting,5
web/http/reference/headers/permissions-policy/autoplay,2
web/http/reference/headers/permissions-policy/bluetooth,3
web/http/reference/headers/permissions-policy/browsing-topics,4
web/http/reference/headers/permissions-policy/camera,2
web/http/reference/headers/permissions-policy/captured-surface-control,null
web/http/reference/headers/permissions-policy/ch-ua-high-entropy-values,null
web/http/reference/headers/permissions-policy/compute-pressure,3
web/http/reference/headers/permissions-policy/cross-origin-isolated,2
web/http/reference/headers/permissions-policy/deferred-fetch,5
web/http/reference/headers/permissions-policy/deferred-fetch-minimal,4
web/http/reference/headers/permissions-policy/display-capture,2
web/http/reference/headers/permissions-policy/encrypted-media,2
web/http/reference/headers/permissions-policy/fullscreen,4
web/http/reference/headers/permissions-policy/gamepad,3
web/http/reference/headers/permissions-policy/geolocation,3
web/http/reference/headers/permissions-policy/gyroscope,2
web/http/reference/headers/permissions-policy/hid,2
web/http/reference/headers/permissions-policy/identity-credentials-get,3
web/http/reference/headers/permissions-policy/idle-detection,2
web/http/reference/headers/permissions-policy/language-detector,null
web/http/reference/headers/permissions-policy/language-model,null
web/http/reference/headers/permissions-policy/local-fonts,2
web/http/reference/headers/permissions-policy/local-network,null
web/http/reference/headers/permissions-policy/local-network-access,null
web/http/reference/headers/permissions-policy/loopback-network,null
web/http/reference/headers/permissions-policy/magnetometer,2
web/http/reference/headers/permissions-policy/microphone,2
web/http/reference/headers/permissions-policy/midi,3
web/http/reference/headers/permissions-policy/on-device-speech-recognition,null
web/http/reference/headers/permissions-policy/otp-credentials,2
web/http/reference/headers/permissions-policy/payment,2
web/http/reference/headers/permissions-policy/picture-in-picture,2
web/http/reference/headers/permissions-policy/private-state-token-issuance,null
web/http/reference/headers/permissions-policy/private-state-token-redemption,null
web/http/reference/headers/permissions-policy/publickey-credentials-create,2
web/http/reference/headers/permissions-policy/publickey-credentials-get,2
web/http/reference/headers/permissions-policy/screen-wake-lock,2
web/http/reference/headers/permissions-policy/serial,2
web/http/reference/headers/permissions-policy/speaker-selection,2
web/http/reference/headers/permissions-policy/storage-access,3
web/http/reference/headers/permissions-policy/summarizer,null
web/http/reference/headers/permissions-policy/translator,null
web/http/reference/headers/permissions-policy/usb,2
web/http/reference/headers/permissions-policy/web-share,2
web/http/reference/headers/permissions-policy/window-management,2
web/http/reference/headers/permissions-policy/xr-spatial-tracking,2
web/http/reference/headers/pragma,1
web/http/reference/headers/prefer,null
web/http/reference/headers/preference-applied,null
web/http/reference/headers/priority,1
web/http/reference/headers/proxy-authenticate,0
web/http/reference/headers/proxy-authorization,0
web/http/reference/headers/range,0
web/http/reference/headers/referer,0
web/http/reference/headers/referrer-policy,3
web/http/reference/headers/refresh,null
web/http/reference/headers/report-to,null
web/http/reference/headers/reporting-endpoints,0
web/http/reference/headers/repr-digest,null
web/http/reference/headers/retry-after,0
web/http/reference/headers/rtt,null
web/http/reference/headers/save-data,null
web/http/reference/headers/sec-browsing-topics,null
web/http/reference/headers/sec-ch-device-memory,null
web/http/reference/headers/sec-ch-dpr,null
web/http/reference/headers/sec-ch-prefers-color-scheme,null
web/http/reference/headers/sec-ch-prefers-reduced-motion,null
web/http/reference/headers/sec-ch-prefers-reduced-transparency,null
web/http/reference/headers/sec-ch-ua,0
web/http/reference/headers/sec-ch-ua-arch,null
web/http/reference/headers/sec-ch-ua-bitness,null
web/http/reference/headers/sec-ch-ua-form-factors,null
web/http/reference/headers/sec-ch-ua-full-version,null
web/http/reference/headers/sec-ch-ua-full-version-list,null
web/http/reference/headers/sec-ch-ua-mobile,null
web/http/reference/headers/sec-ch-ua-model,null
web/http/reference/headers/sec-ch-ua-platform,null
web/http/reference/headers/sec-ch-ua-platform-version,null
web/http/reference/headers/sec-ch-ua-wow64,null
web/http/reference/headers/sec-ch-viewport-height,null
web/http/reference/headers/sec-ch-viewport-width,null
web/http/reference/headers/sec-ch-width,null
web/http/reference/headers/sec-fetch-dest,2
web/http/reference/headers/sec-fetch-mode,1
web/http/reference/headers/sec-fetch-site,1
web/http/reference/headers/sec-fetch-storage-access,null
web/http/reference/headers/sec-fetch-user,1
web/http/reference/headers/sec-gpc,null
web/http/reference/headers/sec-private-state-token,null
web/http/reference/headers/sec-private-state-token-crypto-version,null
web/http/reference/headers/sec-private-state-token-lifetime,null
web/http/reference/headers/sec-purpose,0
web/http/reference/headers/sec-redemption-record,null
web/http/reference/headers/sec-speculation-tags,null
web/http/reference/headers/sec-websocket-accept,null
web/http/reference/headers/sec-websocket-extensions,null
web/http/reference/headers/sec-websocket-key,null
web/http/reference/headers/sec-websocket-protocol,0
web/http/reference/headers/sec-websocket-version,null
web/http/reference/headers/server,0
web/http/reference/headers/server-timing,1
web/http/reference/headers/service-worker,null
web/http/reference/headers/service-worker-allowed,null
web/http/reference/headers/service-worker-navigation-preload,null
web/http/reference/headers/set-cookie,4
web/http/reference/headers/set-login,null
web/http/reference/headers/sourcemap,null
web/http/reference/headers/speculation-rules,null
web/http/reference/headers/strict-transport-security,4
web/http/reference/headers/supports-loading-mode,null
web/http/reference/headers/te,0
web/http/reference/headers/timing-allow-origin,0
web/http/reference/headers/tk,null
web/http/reference/headers/trailer,0
web/http/reference/headers/transfer-encoding,0
web/http/reference/headers/upgrade,1
web/http/reference/headers/upgrade-insecure-requests,0
web/http/reference/headers/use-as-dictionary,null
web/http/reference/headers/user-agent,0
web/http/reference/headers/user-agent/firefox,7
web/http/reference/headers/vary,0
web/http/reference/headers/via,null
web/http/reference/headers/viewport-width,null
web/http/reference/headers/want-content-digest,null
web/http/reference/headers/want-repr-digest,null
web/http/reference/headers/warning,null
web/http/reference/headers/width,null
web/http/reference/headers/www-authenticate,3
web/http/reference/headers/x-content-type-options,2
web/http/reference/headers/x-dns-prefetch-control,0
web/http/reference/headers/x-forwarded-for,0
web/http/reference/headers/x-forwarded-host,0
web/http/reference/headers/x-forwarded-proto,0
web/http/reference/headers/x-frame-options,5
web/http/reference/headers/x-permitted-cross-domain-policies,null
web/http/reference/headers/x-powered-by,0
web/http/reference/headers/x-robots-tag,1
web/http/reference/headers/x-xss-protection,1
web/http/reference/methods,0
web/http/reference/methods/connect,1
web/http/reference/methods/delete,1
web/http/reference/methods/get,0
web/http/reference/methods/head,0
web/http/reference/methods/options,0
web/http/reference/methods/patch,1
web/http/reference/methods/post,0
web/http/reference/methods/put,1
web/http/reference/methods/trace,1
web/http/reference/resources_and_specifications,2
web/http/reference/status,0
web/http/reference/status/100,0
web/http/reference/status/101,0
web/http/reference/status/102,0
web/http/reference/status/103,0
web/http/reference/status/200,0
web/http/reference/status/201,0
web/http/reference/status/202,0
web/http/reference/status/203,0
web/http/reference/status/204,0
web/http/reference/status/205,0
web/http/reference/status/206,0
web/http/reference/status/207,0
web/http/reference/status/208,0
web/http/reference/status/226,0
web/http/reference/status/300,0
web/http/reference/status/301,0
web/http/reference/status/302,0
web/http/reference/status/303,0
web/http/reference/status/304,0
web/http/reference/status/307,0
web/http/reference/status/308,0
web/http/reference/status/400,1
web/http/reference/status/401,0
web/http/reference/status/402,0
web/http/reference/status/403,0
web/http/reference/status/404,0
web/http/reference/status/405,0
web/http/reference/status/406,0
web/http/reference/status/407,0
web/http/reference/status/408,0
web/http/reference/status/409,0
web/http/reference/status/410,0
web/http/reference/status/411,0
web/http/reference/status/412,0
web/http/reference/status/413,0
web/http/reference/status/414,0
web/http/reference/status/415,0
web/http/reference/status/416,0
web/http/reference/status/417,0
web/http/reference/status/418,0
web/http/reference/status/421,0
web/http/reference/status/422,0
web/http/reference/status/423,0
web/http/reference/status/424,0
web/http/reference/status/425,0
web/http/reference/status/426,0
web/http/reference/status/428,0
web/http/reference/status/429,0
web/http/reference/status/431,0
web/http/reference/status/451,0
web/http/reference/status/500,0
web/http/reference/status/501,0
web/http/reference/status/502,0
web/http/reference/status/503,0
web/http/reference/status/504,0
web/http/reference/status/505,0
web/http/reference/status/506,0
web/http/reference/status/507,0
web/http/reference/status/508,0
web/http/reference/status/510,0
web/http/reference/status/511,0
web/javascript,0
web/javascript/guide,0
web/javascript/guide/closures,0
web/javascript/guide/control_flow_and_error_handling,0
web/javascript/guide/data_structures,0
web/javascript/guide/enumerability_and_ownership_of_properties,0
web/javascript/guide/equality_comparisons_and_sameness,1
web/javascript/guide/expressions_and_operators,0
web/javascript/guide/functions,0
web/javascript/guide/grammar_and_types,1
web/javascript/guide/indexed_collections,0
web/javascript/guide/inheritance_and_the_prototype_chain,0
web/javascript/guide/internationalization,0
web/javascript/guide/introduction,1
web/javascript/guide/iterators_and_generators,1
web/javascript/guide/keyed_collections,1
web/javascript/guide/language_overview,0
web/javascript/guide/loops_and_iteration,1
web/javascript/guide/memory_management,1
web/javascript/guide/meta_programming,1
web/javascript/guide/modules,2
web/javascript/guide/numbers_and_strings,0
web/javascript/guide/regular_expressions,1
web/javascript/guide/regular_expressions/assertions,1
web/javascript/guide/regular_expressions/character_classes,3
web/javascript/guide/regular_expressions/cheatsheet,2
web/javascript/guide/regular_expressions/groups_and_backreferences,0
web/javascript/guide/regular_expressions/quantifiers,1
web/javascript/guide/representing_dates_times,0
web/javascript/guide/resource_management,2
web/javascript/guide/typed_arrays,0
web/javascript/guide/using_classes,0
web/javascript/guide/using_promises,0
web/javascript/guide/working_with_objects,1
web/javascript/reference,2
web/javascript/reference/classes,1
web/javascript/reference/classes/constructor,0
web/javascript/reference/classes/extends,0
web/javascript/reference/classes/private_elements,0
web/javascript/reference/classes/public_class_fields,0
web/javascript/reference/classes/static,1
web/javascript/reference/classes/static_initialization_blocks,0
web/javascript/reference/deprecated_and_obsolete_features,6
web/javascript/reference/errors,0
web/javascript/reference/errors/already_executing_generator,null
web/javascript/reference/errors/already_has_pragma,null
web/javascript/reference/errors/arguments_not_allowed,null
web/javascript/reference/errors/array_sort_argument,null
web/javascript/reference/errors/await_yield_in_parameter,null
web/javascript/reference/errors/bad_await,null
web/javascript/reference/errors/bad_break,null
web/javascript/reference/errors/bad_continue,null
web/javascript/reference/errors/bad_new_optional,null
web/javascript/reference/errors/bad_optional_template,null
web/javascript/reference/errors/bad_radix,null
web/javascript/reference/errors/bad_regexp_flag,null
web/javascript/reference/errors/bad_return,null
web/javascript/reference/errors/bad_strict_arguments_eval,null
web/javascript/reference/errors/bad_super_call,null
web/javascript/reference/errors/bad_super_prop,null
web/javascript/reference/errors/bigint_division_by_zero,0
web/javascript/reference/errors/bigint_negative_exponent,0
web/javascript/reference/errors/bigint_not_serializable,null
web/javascript/reference/errors/builtin_ctor_no_new,null
web/javascript/reference/errors/called_on_incompatible_type,null
web/javascript/reference/errors/cant_access_lexical_declaration_before_init,null
web/javascript/reference/errors/cant_assign_to_property,null
web/javascript/reference/errors/cant_be_converted_to_bigint_because_it_isnt_an_integer,null
web/javascript/reference/errors/cant_convert_bigint_to_number,null
web/javascript/reference/errors/cant_convert_x_to_bigint,null
web/javascript/reference/errors/cant_define_property_object_not_extensible,null
web/javascript/reference/errors/cant_delete,null
web/javascript/reference/errors/cant_delete_private_fields,null
web/javascript/reference/errors/cant_redefine_property,null
web/javascript/reference/errors/cant_set_prototype,null
web/javascript/reference/errors/cant_use_nullish_coalescing_unparenthesized,null
web/javascript/reference/errors/class_ctor_no_new,null
web/javascript/reference/errors/constructor_cant_be_used_directly,null
web/javascript/reference/errors/cyclic_object_value,0
web/javascript/reference/errors/cyclic_prototype,null
web/javascript/reference/errors/delete_in_strict_mode,null
web/javascript/reference/errors/deprecated_caller_or_arguments_usage,null
web/javascript/reference/errors/deprecated_octal_escape_sequence,0
web/javascript/reference/errors/deprecated_octal_literal,null
web/javascript/reference/errors/deprecated_source_map_pragma,null
web/javascript/reference/errors/duplicate_parameter,null
web/javascript/reference/errors/duplicate_proto,null
web/javascript/reference/errors/either_be_both_static_or_non-static,null
web/javascript/reference/errors/form_must_be_one_of,0
web/javascript/reference/errors/function_label,null
web/javascript/reference/errors/get_set_missing_private,null
web/javascript/reference/errors/getter_no_arguments,null
web/javascript/reference/errors/getter_only,0
web/javascript/reference/errors/hash_outside_class,null
web/javascript/reference/errors/identifier_after_number,null
web/javascript/reference/errors/illegal_character,0
web/javascript/reference/errors/import_decl_module_top_level,0
web/javascript/reference/errors/in_operator_no_object,null
web/javascript/reference/errors/invalid_array_length,null
web/javascript/reference/errors/invalid_assignment_left-hand_side,0
web/javascript/reference/errors/invalid_bigint_syntax,null
web/javascript/reference/errors/invalid_const_assignment,null
web/javascript/reference/errors/invalid_date,null
web/javascript/reference/errors/invalid_derived_return,null
web/javascript/reference/errors/invalid_for-in_initializer,null
web/javascript/reference/errors/invalid_for-of_initializer,null
web/javascript/reference/errors/invalid_right_hand_side_instanceof_operand,null
web/javascript/reference/errors/is_not_iterable,1
web/javascript/reference/errors/json_bad_parse,0
web/javascript/reference/errors/key_not_weakly_held,null
web/javascript/reference/errors/label_not_found,null
web/javascript/reference/errors/malformed_uri,null
web/javascript/reference/errors/missing_bracket_after_list,null
web/javascript/reference/errors/missing_colon_after_property_id,0
web/javascript/reference/errors/missing_curly_after_function_body,null
web/javascript/reference/errors/missing_curly_after_property_list,null
web/javascript/reference/errors/missing_formal_parameter,null
web/javascript/reference/errors/missing_initializer_in_const,null
web/javascript/reference/errors/missing_name_after_dot_operator,null
web/javascript/reference/errors/missing_parenthesis_after_argument_list,0
web/javascript/reference/errors/missing_parenthesis_after_condition,null
web/javascript/reference/errors/more_arguments_needed,null
web/javascript/reference/errors/negative_repetition_count,null
web/javascript/reference/errors/no_non-null_object,null
web/javascript/reference/errors/no_properties,null
web/javascript/reference/errors/no_variable_name,null
web/javascript/reference/errors/non_configurable_array_element,null
web/javascript/reference/errors/not_a_constructor,null
web/javascript/reference/errors/not_a_function,0
web/javascript/reference/errors/not_a_valid_code_point,null
web/javascript/reference/errors/not_defined,0
web/javascript/reference/errors/parameter_after_rest_parameter,null
web/javascript/reference/errors/precision_range,null
web/javascript/reference/errors/private_double_initialization,null
web/javascript/reference/errors/private_setter_only,null
web/javascript/reference/errors/promise_any_all_rejected,0
web/javascript/reference/errors/property_access_denied,null
web/javascript/reference/errors/read-only,null
web/javascript/reference/errors/redeclared_parameter,0
web/javascript/reference/errors/reduce_of_empty_array_with_no_initial_value,null
web/javascript/reference/errors/regex_backslash_at_end_of_pattern,null
web/javascript/reference/errors/regex_character_class_escape_in_class_range,null
web/javascript/reference/errors/regex_duplicate_capture_group_name,null
web/javascript/reference/errors/regex_incomplete_quantifier,null
web/javascript/reference/errors/regex_invalid_capture_group_name,null
web/javascript/reference/errors/regex_invalid_char_in_class,0
web/javascript/reference/errors/regex_invalid_class_set_operation,0
web/javascript/reference/errors/regex_invalid_decimal_escape,null
web/javascript/reference/errors/regex_invalid_group,null
web/javascript/reference/errors/regex_invalid_identity_escape,null
web/javascript/reference/errors/regex_invalid_named_capture_reference,null
web/javascript/reference/errors/regex_invalid_property_name,null
web/javascript/reference/errors/regex_invalid_range_in_character_class,null
web/javascript/reference/errors/regex_invalid_unicode_escape,null
web/javascript/reference/errors/regex_negated_char_class_with_strings,null
web/javascript/reference/errors/regex_nothing_to_repeat,null
web/javascript/reference/errors/regex_numbers_out_of_order_in_quantifier,null
web/javascript/reference/errors/regex_raw_bracket,null
web/javascript/reference/errors/requires_global_regexp,null
web/javascript/reference/errors/reserved_identifier,null
web/javascript/reference/errors/rest_with_default,null
web/javascript/reference/errors/resulting_string_too_large,null
web/javascript/reference/errors/setter_one_argument,null
web/javascript/reference/errors/stmt_after_return,0
web/javascript/reference/errors/strict_non_simple_params,null
web/javascript/reference/errors/string_literal_eol,null
web/javascript/reference/errors/super_called_twice,null
web/javascript/reference/errors/super_not_called,1
web/javascript/reference/errors/too_much_recursion,0
web/javascript/reference/errors/undeclared_private_field_or_method,null
web/javascript/reference/errors/undeclared_var,null
web/javascript/reference/errors/unexpected_token,1
web/javascript/reference/errors/unexpected_type,0
web/javascript/reference/errors/unnamed_function_statement,1
web/javascript/reference/errors/unparenthesized_unary_expr_lhs_exponentiation,null
web/javascript/reference/execution_model,0
web/javascript/reference/functions,0
web/javascript/reference/functions/arguments,0
web/javascript/reference/functions/arguments/callee,1
web/javascript/reference/functions/arguments/length,0
web/javascript/reference/functions/arguments/symbol.iterator,0
web/javascript/reference/functions/arrow_functions,0
web/javascript/reference/functions/default_parameters,0
web/javascript/reference/functions/get,3
web/javascript/reference/functions/method_definitions,0
web/javascript/reference/functions/rest_parameters,0
web/javascript/reference/functions/set,2
web/javascript/reference/global_objects,0
web/javascript/reference/global_objects/aggregateerror,0
web/javascript/reference/global_objects/aggregateerror/aggregateerror,1
web/javascript/reference/global_objects/aggregateerror/errors,0
web/javascript/reference/global_objects/array,0
web/javascript/reference/global_objects/array/array,0
web/javascript/reference/global_objects/array/at,1
web/javascript/reference/global_objects/array/concat,0
web/javascript/reference/global_objects/array/copywithin,1
web/javascript/reference/global_objects/array/entries,1
web/javascript/reference/global_objects/array/every,2
web/javascript/reference/global_objects/array/fill,1
web/javascript/reference/global_objects/array/filter,1
web/javascript/reference/global_objects/array/find,1
web/javascript/reference/global_objects/array/findindex,1
web/javascript/reference/global_objects/array/findlast,2
web/javascript/reference/global_objects/array/findlastindex,1
web/javascript/reference/global_objects/array/flat,0
web/javascript/reference/global_objects/array/flatmap,1
web/javascript/reference/global_objects/array/foreach,2
web/javascript/reference/global_objects/array/from,0
web/javascript/reference/global_objects/array/fromasync,0
web/javascript/reference/global_objects/array/includes,2
web/javascript/reference/global_objects/array/indexof,0
web/javascript/reference/global_objects/array/isarray,0
web/javascript/reference/global_objects/array/join,1
web/javascript/reference/global_objects/array/keys,1
web/javascript/reference/global_objects/array/lastindexof,0
web/javascript/reference/global_objects/array/length,1
web/javascript/reference/global_objects/array/map,3
web/javascript/reference/global_objects/array/of,0
web/javascript/reference/global_objects/array/pop,0
web/javascript/reference/global_objects/array/push,1
web/javascript/reference/global_objects/array/reduce,0
web/javascript/reference/global_objects/array/reduceright,1
web/javascript/reference/global_objects/array/reverse,1
web/javascript/reference/global_objects/array/shift,1
web/javascript/reference/global_objects/array/slice,1
web/javascript/reference/global_objects/array/some,2
web/javascript/reference/global_objects/array/sort,1
web/javascript/reference/global_objects/array/splice,0
web/javascript/reference/global_objects/array/symbol.iterator,1
web/javascript/reference/global_objects/array/symbol.species,0
web/javascript/reference/global_objects/array/symbol.unscopables,0
web/javascript/reference/global_objects/array/tolocalestring,2
web/javascript/reference/global_objects/array/toreversed,0
web/javascript/reference/global_objects/array/tosorted,0
web/javascript/reference/global_objects/array/tospliced,0
web/javascript/reference/global_objects/array/tostring,1
web/javascript/reference/global_objects/array/unshift,1
web/javascript/reference/global_objects/array/values,2
web/javascript/reference/global_objects/array/with,0
web/javascript/reference/global_objects/arraybuffer,0
web/javascript/reference/global_objects/arraybuffer/arraybuffer,0
web/javascript/reference/global_objects/arraybuffer/bytelength,0
web/javascript/reference/global_objects/arraybuffer/detached,0
web/javascript/reference/global_objects/arraybuffer/isview,0
web/javascript/reference/global_objects/arraybuffer/maxbytelength,0
web/javascript/reference/global_objects/arraybuffer/resizable,0
web/javascript/reference/global_objects/arraybuffer/resize,0
web/javascript/reference/global_objects/arraybuffer/slice,0
web/javascript/reference/global_objects/arraybuffer/symbol.species,0
web/javascript/reference/global_objects/arraybuffer/transfer,1
web/javascript/reference/global_objects/arraybuffer/transfertofixedlength,0
web/javascript/reference/global_objects/asyncdisposablestack,0
web/javascript/reference/global_objects/asyncdisposablestack/adopt,0
web/javascript/reference/global_objects/asyncdisposablestack/asyncdisposablestack,0
web/javascript/reference/global_objects/asyncdisposablestack/defer,0
web/javascript/reference/global_objects/asyncdisposablestack/disposeasync,0
web/javascript/reference/global_objects/asyncdisposablestack/disposed,0
web/javascript/reference/global_objects/asyncdisposablestack/move,1
web/javascript/reference/global_objects/asyncdisposablestack/symbol.asyncdispose,0
web/javascript/reference/global_objects/asyncdisposablestack/use,0
web/javascript/reference/global_objects/asyncfunction,0
web/javascript/reference/global_objects/asyncfunction/asyncfunction,1
web/javascript/reference/global_objects/asyncgenerator,12
web/javascript/reference/global_objects/asyncgenerator/next,7
web/javascript/reference/global_objects/asyncgenerator/return,8
web/javascript/reference/global_objects/asyncgenerator/throw,6
web/javascript/reference/global_objects/asyncgeneratorfunction,0
web/javascript/reference/global_objects/asyncgeneratorfunction/asyncgeneratorfunction,1
web/javascript/reference/global_objects/asyncgeneratorfunction/prototype,0
web/javascript/reference/global_objects/asynciterator,9
web/javascript/reference/global_objects/asynciterator/symbol.asyncdispose,0
web/javascript/reference/global_objects/asynciterator/symbol.asynciterator,3
web/javascript/reference/global_objects/atomics,1
web/javascript/reference/global_objects/atomics/add,1
web/javascript/reference/global_objects/atomics/and,1
web/javascript/reference/global_objects/atomics/compareexchange,1
web/javascript/reference/global_objects/atomics/exchange,1
web/javascript/reference/global_objects/atomics/islockfree,1
web/javascript/reference/global_objects/atomics/load,1
web/javascript/reference/global_objects/atomics/notify,1
web/javascript/reference/global_objects/atomics/or,1
web/javascript/reference/global_objects/atomics/pause,2
web/javascript/reference/global_objects/atomics/store,1
web/javascript/reference/global_objects/atomics/sub,1
web/javascript/reference/global_objects/atomics/wait,1
web/javascript/reference/global_objects/atomics/waitasync,1
web/javascript/reference/global_objects/atomics/xor,1
web/javascript/reference/global_objects/bigint,1
web/javascript/reference/global_objects/bigint/asintn,1
web/javascript/reference/global_objects/bigint/asuintn,1
web/javascript/reference/global_objects/bigint/bigint,1
web/javascript/reference/global_objects/bigint/tolocalestring,0
web/javascript/reference/global_objects/bigint/tostring,0
web/javascript/reference/global_objects/bigint/valueof,0
web/javascript/reference/global_objects/bigint64array,0
web/javascript/reference/global_objects/bigint64array/bigint64array,0
web/javascript/reference/global_objects/biguint64array,0
web/javascript/reference/global_objects/biguint64array/biguint64array,0
web/javascript/reference/global_objects/boolean,0
web/javascript/reference/global_objects/boolean/boolean,0
web/javascript/reference/global_objects/boolean/tostring,0
web/javascript/reference/global_objects/boolean/valueof,0
web/javascript/reference/global_objects/dataview,0
web/javascript/reference/global_objects/dataview/buffer,0
web/javascript/reference/global_objects/dataview/bytelength,0
web/javascript/reference/global_objects/dataview/byteoffset,0
web/javascript/reference/global_objects/dataview/dataview,0
web/javascript/reference/global_objects/dataview/getbigint64,0
web/javascript/reference/global_objects/dataview/getbiguint64,0
web/javascript/reference/global_objects/dataview/getfloat16,0
web/javascript/reference/global_objects/dataview/getfloat32,0
web/javascript/reference/global_objects/dataview/getfloat64,0
web/javascript/reference/global_objects/dataview/getint16,0
web/javascript/reference/global_objects/dataview/getint32,0
web/javascript/reference/global_objects/dataview/getint8,0
web/javascript/reference/global_objects/dataview/getuint16,0
web/javascript/reference/global_objects/dataview/getuint32,0
web/javascript/reference/global_objects/dataview/getuint8,0
web/javascript/reference/global_objects/dataview/setbigint64,0
web/javascript/reference/global_objects/dataview/setbiguint64,0
web/javascript/reference/global_objects/dataview/setfloat16,0
web/javascript/reference/global_objects/dataview/setfloat32,0
web/javascript/reference/global_objects/dataview/setfloat64,0
web/javascript/reference/global_objects/dataview/setint16,0
web/javascript/reference/global_objects/dataview/setint32,0
web/javascript/reference/global_objects/dataview/setint8,0
web/javascript/reference/global_objects/dataview/setuint16,0
web/javascript/reference/global_objects/dataview/setuint32,0
web/javascript/reference/global_objects/dataview/setuint8,0
web/javascript/reference/global_objects/date,3
web/javascript/reference/global_objects/date/date,0
web/javascript/reference/global_objects/date/getdate,3
web/javascript/reference/global_objects/date/getday,2
web/javascript/reference/global_objects/date/getfullyear,2
web/javascript/reference/global_objects/date/gethours,2
web/javascript/reference/global_objects/date/getmilliseconds,2
web/javascript/reference/global_objects/date/getminutes,2
web/javascript/reference/global_objects/date/getmonth,2
web/javascript/reference/global_objects/date/getseconds,2
web/javascript/reference/global_objects/date/gettime,3
web/javascript/reference/global_objects/date/gettimezoneoffset,3
web/javascript/reference/global_objects/date/getutcdate,2
web/javascript/reference/global_objects/date/getutcday,2
web/javascript/reference/global_objects/date/getutcfullyear,2
web/javascript/reference/global_objects/date/getutchours,2
web/javascript/reference/global_objects/date/getutcmilliseconds,2
web/javascript/reference/global_objects/date/getutcminutes,2
web/javascript/reference/global_objects/date/getutcmonth,2
web/javascript/reference/global_objects/date/getutcseconds,2
web/javascript/reference/global_objects/date/getyear,3
web/javascript/reference/global_objects/date/now,2
web/javascript/reference/global_objects/date/parse,3
web/javascript/reference/global_objects/date/setdate,3
web/javascript/reference/global_objects/date/setfullyear,3
web/javascript/reference/global_objects/date/sethours,3
web/javascript/reference/global_objects/date/setmilliseconds,3
web/javascript/reference/global_objects/date/setminutes,3
web/javascript/reference/global_objects/date/setmonth,3
web/javascript/reference/global_objects/date/setseconds,3
web/javascript/reference/global_objects/date/settime,2
web/javascript/reference/global_objects/date/setutcdate,2
web/javascript/reference/global_objects/date/setutcfullyear,2
web/javascript/reference/global_objects/date/setutchours,2
web/javascript/reference/global_objects/date/setutcmilliseconds,3
web/javascript/reference/global_objects/date/setutcminutes,3
web/javascript/reference/global_objects/date/setutcmonth,2
web/javascript/reference/global_objects/date/setutcseconds,3
web/javascript/reference/global_objects/date/setyear,3
web/javascript/reference/global_objects/date/symbol.toprimitive,2
web/javascript/reference/global_objects/date/todatestring,2
web/javascript/reference/global_objects/date/toisostring,2
web/javascript/reference/global_objects/date/tojson,2
web/javascript/reference/global_objects/date/tolocaledatestring,6
web/javascript/reference/global_objects/date/tolocalestring,6
web/javascript/reference/global_objects/date/tolocaletimestring,5
web/javascript/reference/global_objects/date/tostring,2
web/javascript/reference/global_objects/date/totemporalinstant,3
web/javascript/reference/global_objects/date/totimestring,2
web/javascript/reference/global_objects/date/toutcstring,2
web/javascript/reference/global_objects/date/utc,2
web/javascript/reference/global_objects/date/valueof,2
web/javascript/reference/global_objects/decodeuri,0
web/javascript/reference/global_objects/decodeuricomponent,0
web/javascript/reference/global_objects/disposablestack,0
web/javascript/reference/global_objects/disposablestack/adopt,null
web/javascript/reference/global_objects/disposablestack/defer,null
web/javascript/reference/global_objects/disposablestack/disposablestack,null
web/javascript/reference/global_objects/disposablestack/dispose,null
web/javascript/reference/global_objects/disposablestack/disposed,null
web/javascript/reference/global_objects/disposablestack/move,null
web/javascript/reference/global_objects/disposablestack/symbol.dispose,null
web/javascript/reference/global_objects/disposablestack/use,null
web/javascript/reference/global_objects/encodeuri,0
web/javascript/reference/global_objects/encodeuricomponent,1
web/javascript/reference/global_objects/error,1
web/javascript/reference/global_objects/error/capturestacktrace,0
web/javascript/reference/global_objects/error/cause,1
web/javascript/reference/global_objects/error/columnnumber,0
web/javascript/reference/global_objects/error/error,1
web/javascript/reference/global_objects/error/filename,0
web/javascript/reference/global_objects/error/iserror,0
web/javascript/reference/global_objects/error/linenumber,0
web/javascript/reference/global_objects/error/message,0
web/javascript/reference/global_objects/error/name,0
web/javascript/reference/global_objects/error/stack,0
web/javascript/reference/global_objects/error/stacktracelimit,0
web/javascript/reference/global_objects/error/tostring,0
web/javascript/reference/global_objects/escape,1
web/javascript/reference/global_objects/eval,3
web/javascript/reference/global_objects/evalerror,0
web/javascript/reference/global_objects/evalerror/evalerror,0
web/javascript/reference/global_objects/finalizationregistry,0
web/javascript/reference/global_objects/finalizationregistry/finalizationregistry,0
web/javascript/reference/global_objects/finalizationregistry/register,1
web/javascript/reference/global_objects/finalizationregistry/unregister,0
web/javascript/reference/global_objects/float16array,0
web/javascript/reference/global_objects/float16array/float16array,0
web/javascript/reference/global_objects/float32array,0
web/javascript/reference/global_objects/float32array/float32array,0
web/javascript/reference/global_objects/float64array,0
web/javascript/reference/global_objects/float64array/float64array,0
web/javascript/reference/global_objects/function,0
web/javascript/reference/global_objects/function/apply,0
web/javascript/reference/global_objects/function/arguments,2
web/javascript/reference/global_objects/function/bind,1
web/javascript/reference/global_objects/function/call,0
web/javascript/reference/global_objects/function/caller,3
web/javascript/reference/global_objects/function/displayname,0
web/javascript/reference/global_objects/function/function,2
web/javascript/reference/global_objects/function/length,0
web/javascript/reference/global_objects/function/name,0
web/javascript/reference/global_objects/function/prototype,0
web/javascript/reference/global_objects/function/symbol.hasinstance,1
web/javascript/reference/global_objects/function/tostring,0
web/javascript/reference/global_objects/generator,0
web/javascript/reference/global_objects/generator/next,0
web/javascript/reference/global_objects/generator/return,0
web/javascript/reference/global_objects/generator/throw,0
web/javascript/reference/global_objects/generatorfunction,0
web/javascript/reference/global_objects/generatorfunction/generatorfunction,1
web/javascript/reference/global_objects/generatorfunction/prototype,0
web/javascript/reference/global_objects/globalthis,1
web/javascript/reference/global_objects/infinity,0
web/javascript/reference/global_objects/int16array,1
web/javascript/reference/global_objects/int16array/int16array,0
web/javascript/reference/global_objects/int32array,1
web/javascript/reference/global_objects/int32array/int32array,0
web/javascript/reference/global_objects/int8array,1
web/javascript/reference/global_objects/int8array/int8array,0
web/javascript/reference/global_objects/internalerror,0
web/javascript/reference/global_objects/internalerror/internalerror,0
web/javascript/reference/global_objects/intl,0
web/javascript/reference/global_objects/intl/collator,0
web/javascript/reference/global_objects/intl/collator/collator,0
web/javascript/reference/global_objects/intl/collator/compare,0
web/javascript/reference/global_objects/intl/collator/resolvedoptions,0
web/javascript/reference/global_objects/intl/collator/supportedlocalesof,0
web/javascript/reference/global_objects/intl/datetimeformat,0
web/javascript/reference/global_objects/intl/datetimeformat/datetimeformat,0
web/javascript/reference/global_objects/intl/datetimeformat/format,0
web/javascript/reference/global_objects/intl/datetimeformat/formatrange,0
web/javascript/reference/global_objects/intl/datetimeformat/formatrangetoparts,1
web/javascript/reference/global_objects/intl/datetimeformat/formattoparts,1
web/javascript/reference/global_objects/intl/datetimeformat/resolvedoptions,0
web/javascript/reference/global_objects/intl/datetimeformat/supportedlocalesof,0
web/javascript/reference/global_objects/intl/displaynames,0
web/javascript/reference/global_objects/intl/displaynames/displaynames,0
web/javascript/reference/global_objects/intl/displaynames/of,0
web/javascript/reference/global_objects/intl/displaynames/resolvedoptions,0
web/javascript/reference/global_objects/intl/displaynames/supportedlocalesof,0
web/javascript/reference/global_objects/intl/durationformat,0
web/javascript/reference/global_objects/intl/durationformat/durationformat,0
web/javascript/reference/global_objects/intl/durationformat/format,0
web/javascript/reference/global_objects/intl/durationformat/formattoparts,0
web/javascript/reference/global_objects/intl/durationformat/resolvedoptions,0
web/javascript/reference/global_objects/intl/durationformat/supportedlocalesof,0
web/javascript/reference/global_objects/intl/getcanonicallocales,4
web/javascript/reference/global_objects/intl/listformat,0
web/javascript/reference/global_objects/intl/listformat/format,0
web/javascript/reference/global_objects/intl/listformat/formattoparts,0
web/javascript/reference/global_objects/intl/listformat/listformat,0
web/javascript/reference/global_objects/intl/listformat/resolvedoptions,0
web/javascript/reference/global_objects/intl/listformat/supportedlocalesof,0
web/javascript/reference/global_objects/intl/locale,0
web/javascript/reference/global_objects/intl/locale/basename,0
web/javascript/reference/global_objects/intl/locale/calendar,0
web/javascript/reference/global_objects/intl/locale/casefirst,0
web/javascript/reference/global_objects/intl/locale/collation,0
web/javascript/reference/global_objects/intl/locale/getcalendars,0
web/javascript/reference/global_objects/intl/locale/getcollations,0
web/javascript/reference/global_objects/intl/locale/gethourcycles,0
web/javascript/reference/global_objects/intl/locale/getnumberingsystems,0
web/javascript/reference/global_objects/intl/locale/gettextinfo,0
web/javascript/reference/global_objects/intl/locale/gettimezones,0
web/javascript/reference/global_objects/intl/locale/getweekinfo,0
web/javascript/reference/global_objects/intl/locale/hourcycle,0
web/javascript/reference/global_objects/intl/locale/language,0
web/javascript/reference/global_objects/intl/locale/locale,0
web/javascript/reference/global_objects/intl/locale/maximize,0
web/javascript/reference/global_objects/intl/locale/minimize,0
web/javascript/reference/global_objects/intl/locale/numberingsystem,0
web/javascript/reference/global_objects/intl/locale/numeric,0
web/javascript/reference/global_objects/intl/locale/region,0
web/javascript/reference/global_objects/intl/locale/script,0
web/javascript/reference/global_objects/intl/locale/tostring,0
web/javascript/reference/global_objects/intl/locale/variants,0
web/javascript/reference/global_objects/intl/numberformat,0
web/javascript/reference/global_objects/intl/numberformat/format,1
web/javascript/reference/global_objects/intl/numberformat/formatrange,0
web/javascript/reference/global_objects/intl/numberformat/formatrangetoparts,0
web/javascript/reference/global_objects/intl/numberformat/formattoparts,0
web/javascript/reference/global_objects/intl/numberformat/numberformat,1
web/javascript/reference/global_objects/intl/numberformat/resolvedoptions,0
web/javascript/reference/global_objects/intl/numberformat/supportedlocalesof,0
web/javascript/reference/global_objects/intl/pluralrules,0
web/javascript/reference/global_objects/intl/pluralrules/pluralrules,0
web/javascript/reference/global_objects/intl/pluralrules/resolvedoptions,0
web/javascript/reference/global_objects/intl/pluralrules/select,0
web/javascript/reference/global_objects/intl/pluralrules/selectrange,0
web/javascript/reference/global_objects/intl/pluralrules/supportedlocalesof,0
web/javascript/reference/global_objects/intl/relativetimeformat,0
web/javascript/reference/global_objects/intl/relativetimeformat/format,2
web/javascript/reference/global_objects/intl/relativetimeformat/formattoparts,0
web/javascript/reference/global_objects/intl/relativetimeformat/relativetimeformat,0
web/javascript/reference/global_objects/intl/relativetimeformat/resolvedoptions,0
web/javascript/reference/global_objects/intl/relativetimeformat/supportedlocalesof,0
web/javascript/reference/global_objects/intl/segmenter,0
web/javascript/reference/global_objects/intl/segmenter/resolvedoptions,0
web/javascript/reference/global_objects/intl/segmenter/segment,0
web/javascript/reference/global_objects/intl/segmenter/segment/segments,0
web/javascript/reference/global_objects/intl/segmenter/segment/segments/containing,0
web/javascript/reference/global_objects/intl/segmenter/segment/segments/symbol.iterator,0
web/javascript/reference/global_objects/intl/segmenter/segmenter,0
web/javascript/reference/global_objects/intl/segmenter/supportedlocalesof,0
web/javascript/reference/global_objects/intl/supportedvaluesof,6
web/javascript/reference/global_objects/isfinite,0
web/javascript/reference/global_objects/isnan,0
web/javascript/reference/global_objects/iterator,7
web/javascript/reference/global_objects/iterator/chunks,null
web/javascript/reference/global_objects/iterator/concat,1
web/javascript/reference/global_objects/iterator/drop,0
web/javascript/reference/global_objects/iterator/every,2
web/javascript/reference/global_objects/iterator/filter,0
web/javascript/reference/global_objects/iterator/find,1
web/javascript/reference/global_objects/iterator/flatmap,0
web/javascript/reference/global_objects/iterator/foreach,0
web/javascript/reference/global_objects/iterator/from,1
web/javascript/reference/global_objects/iterator/includes,null
web/javascript/reference/global_objects/iterator/iterator,0
web/javascript/reference/global_objects/iterator/join,null
web/javascript/reference/global_objects/iterator/map,0
web/javascript/reference/global_objects/iterator/reduce,0
web/javascript/reference/global_objects/iterator/some,2
web/javascript/reference/global_objects/iterator/symbol.dispose,0
web/javascript/reference/global_objects/iterator/symbol.iterator,0
web/javascript/reference/global_objects/iterator/take,0
web/javascript/reference/global_objects/iterator/toarray,0
web/javascript/reference/global_objects/iterator/windows,null
web/javascript/reference/global_objects/iterator/zip,1
web/javascript/reference/global_objects/iterator/zipkeyed,0
web/javascript/reference/global_objects/json,0
web/javascript/reference/global_objects/json/israwjson,0
web/javascript/reference/global_objects/json/parse,0
web/javascript/reference/global_objects/json/rawjson,0
web/javascript/reference/global_objects/json/stringify,0
web/javascript/reference/global_objects/map,1
web/javascript/reference/global_objects/map/clear,0
web/javascript/reference/global_objects/map/delete,0
web/javascript/reference/global_objects/map/entries,0
web/javascript/reference/global_objects/map/foreach,0
web/javascript/reference/global_objects/map/get,0
web/javascript/reference/global_objects/map/getorinsert,0
web/javascript/reference/global_objects/map/getorinsertcomputed,0
web/javascript/reference/global_objects/map/groupby,0
web/javascript/reference/global_objects/map/has,0
web/javascript/reference/global_objects/map/keys,0
web/javascript/reference/global_objects/map/map,0
web/javascript/reference/global_objects/map/set,0
web/javascript/reference/global_objects/map/size,0
web/javascript/reference/global_objects/map/symbol.iterator,0
web/javascript/reference/global_objects/map/symbol.species,0
web/javascript/reference/global_objects/map/values,0
web/javascript/reference/global_objects/math,0
web/javascript/reference/global_objects/math/abs,0
web/javascript/reference/global_objects/math/acos,4
web/javascript/reference/global_objects/math/acosh,0
web/javascript/reference/global_objects/math/asin,1
web/javascript/reference/global_objects/math/asinh,0
web/javascript/reference/global_objects/math/atan,1
web/javascript/reference/global_objects/math/atan2,1
web/javascript/reference/global_objects/math/atanh,0
web/javascript/reference/global_objects/math/cbrt,0
web/javascript/reference/global_objects/math/ceil,0
web/javascript/reference/global_objects/math/clz32,0
web/javascript/reference/global_objects/math/cos,1
web/javascript/reference/global_objects/math/cosh,0
web/javascript/reference/global_objects/math/e,0
web/javascript/reference/global_objects/math/exp,0
web/javascript/reference/global_objects/math/expm1,0
web/javascript/reference/global_objects/math/f16round,0
web/javascript/reference/global_objects/math/floor,0
web/javascript/reference/global_objects/math/fround,0
web/javascript/reference/global_objects/math/hypot,0
web/javascript/reference/global_objects/math/imul,0
web/javascript/reference/global_objects/math/ln10,0
web/javascript/reference/global_objects/math/ln2,0
web/javascript/reference/global_objects/math/log,0
web/javascript/reference/global_objects/math/log10,0
web/javascript/reference/global_objects/math/log10e,0
web/javascript/reference/global_objects/math/log1p,0
web/javascript/reference/global_objects/math/log2,0
web/javascript/reference/global_objects/math/log2e,0
web/javascript/reference/global_objects/math/max,0
web/javascript/reference/global_objects/math/min,0
web/javascript/reference/global_objects/math/pi,0
web/javascript/reference/global_objects/math/pow,4
web/javascript/reference/global_objects/math/random,0
web/javascript/reference/global_objects/math/round,0
web/javascript/reference/global_objects/math/sign,0
web/javascript/reference/global_objects/math/sin,1
web/javascript/reference/global_objects/math/sinh,0
web/javascript/reference/global_objects/math/sqrt,0
web/javascript/reference/global_objects/math/sqrt1_2,1
web/javascript/reference/global_objects/math/sqrt2,0
web/javascript/reference/global_objects/math/sumprecise,0
web/javascript/reference/global_objects/math/tan,1
web/javascript/reference/global_objects/math/tanh,0
web/javascript/reference/global_objects/math/trunc,0
web/javascript/reference/global_objects/nan,0
web/javascript/reference/global_objects/number,1
web/javascript/reference/global_objects/number/epsilon,0
web/javascript/reference/global_objects/number/isfinite,0
web/javascript/reference/global_objects/number/isinteger,0
web/javascript/reference/global_objects/number/isnan,0
web/javascript/reference/global_objects/number/issafeinteger,0
web/javascript/reference/global_objects/number/max_safe_integer,1
web/javascript/reference/global_objects/number/max_value,1
web/javascript/reference/global_objects/number/min_safe_integer,1
web/javascript/reference/global_objects/number/min_value,0
web/javascript/reference/global_objects/number/nan,0
web/javascript/reference/global_objects/number/negative_infinity,0
web/javascript/reference/global_objects/number/number,0
web/javascript/reference/global_objects/number/parsefloat,0
web/javascript/reference/global_objects/number/parseint,0
web/javascript/reference/global_objects/number/positive_infinity,0
web/javascript/reference/global_objects/number/toexponential,0
web/javascript/reference/global_objects/number/tofixed,0
web/javascript/reference/global_objects/number/tolocalestring,2
web/javascript/reference/global_objects/number/toprecision,0
web/javascript/reference/global_objects/number/tostring,0
web/javascript/reference/global_objects/number/valueof,0
web/javascript/reference/global_objects/object,2
web/javascript/reference/global_objects/object/__definegetter__,1
web/javascript/reference/global_objects/object/__definesetter__,1
web/javascript/reference/global_objects/object/__lookupgetter__,1
web/javascript/reference/global_objects/object/__lookupsetter__,1
web/javascript/reference/global_objects/object/assign,0
web/javascript/reference/global_objects/object/constructor,0
web/javascript/reference/global_objects/object/create,0
web/javascript/reference/global_objects/object/defineproperties,0
web/javascript/reference/global_objects/object/defineproperty,0
web/javascript/reference/global_objects/object/entries,0
web/javascript/reference/global_objects/object/freeze,2
web/javascript/reference/global_objects/object/fromentries,1
web/javascript/reference/global_objects/object/getownpropertydescriptor,0
web/javascript/reference/global_objects/object/getownpropertydescriptors,0
web/javascript/reference/global_objects/object/getownpropertynames,0
web/javascript/reference/global_objects/object/getownpropertysymbols,0
web/javascript/reference/global_objects/object/getprototypeof,0
web/javascript/reference/global_objects/object/groupby,0
web/javascript/reference/global_objects/object/hasown,0
web/javascript/reference/global_objects/object/hasownproperty,0
web/javascript/reference/global_objects/object/is,0
web/javascript/reference/global_objects/object/isextensible,0
web/javascript/reference/global_objects/object/isfrozen,0
web/javascript/reference/global_objects/object/isprototypeof,1
web/javascript/reference/global_objects/object/issealed,0
web/javascript/reference/global_objects/object/keys,0
web/javascript/reference/global_objects/object/object,0
web/javascript/reference/global_objects/object/preventextensions,0
web/javascript/reference/global_objects/object/propertyisenumerable,0
web/javascript/reference/global_objects/object/proto,3
web/javascript/reference/global_objects/object/seal,0
web/javascript/reference/global_objects/object/setprototypeof,1
web/javascript/reference/global_objects/object/tolocalestring,0
web/javascript/reference/global_objects/object/tostring,0
web/javascript/reference/global_objects/object/valueof,1
web/javascript/reference/global_objects/object/values,1
web/javascript/reference/global_objects/parsefloat,0
web/javascript/reference/global_objects/parseint,0
web/javascript/reference/global_objects/promise,7
web/javascript/reference/global_objects/promise/all,4
web/javascript/reference/global_objects/promise/allkeyed,null
web/javascript/reference/global_objects/promise/allsettled,1
web/javascript/reference/global_objects/promise/allsettledkeyed,null
web/javascript/reference/global_objects/promise/any,2
web/javascript/reference/global_objects/promise/catch,1
web/javascript/reference/global_objects/promise/finally,1
web/javascript/reference/global_objects/promise/promise,1
web/javascript/reference/global_objects/promise/race,2
web/javascript/reference/global_objects/promise/reject,0
web/javascript/reference/global_objects/promise/resolve,0
web/javascript/reference/global_objects/promise/symbol.species,0
web/javascript/reference/global_objects/promise/then,0
web/javascript/reference/global_objects/promise/try,0
web/javascript/reference/global_objects/promise/withresolvers,0
web/javascript/reference/global_objects/proxy,0
web/javascript/reference/global_objects/proxy/proxy,1
web/javascript/reference/global_objects/proxy/proxy/apply,0
web/javascript/reference/global_objects/proxy/proxy/construct,1
web/javascript/reference/global_objects/proxy/proxy/defineproperty,0
web/javascript/reference/global_objects/proxy/proxy/deleteproperty,1
web/javascript/reference/global_objects/proxy/proxy/get,0
web/javascript/reference/global_objects/proxy/proxy/getownpropertydescriptor,0
web/javascript/reference/global_objects/proxy/proxy/getprototypeof,1
web/javascript/reference/global_objects/proxy/proxy/has,0
web/javascript/reference/global_objects/proxy/proxy/isextensible,0
web/javascript/reference/global_objects/proxy/proxy/ownkeys,0
web/javascript/reference/global_objects/proxy/proxy/preventextensions,0
web/javascript/reference/global_objects/proxy/proxy/set,0
web/javascript/reference/global_objects/proxy/proxy/setprototypeof,0
web/javascript/reference/global_objects/proxy/revocable,0
web/javascript/reference/global_objects/rangeerror,0
web/javascript/reference/global_objects/rangeerror/rangeerror,0
web/javascript/reference/global_objects/referenceerror,2
web/javascript/reference/global_objects/referenceerror/referenceerror,null
web/javascript/reference/global_objects/reflect,0
web/javascript/reference/global_objects/reflect/apply,0
web/javascript/reference/global_objects/reflect/construct,2
web/javascript/reference/global_objects/reflect/defineproperty,0
web/javascript/reference/global_objects/reflect/deleteproperty,1
web/javascript/reference/global_objects/reflect/get,1
web/javascript/reference/global_objects/reflect/getownpropertydescriptor,0
web/javascript/reference/global_objects/reflect/getprototypeof,0
web/javascript/reference/global_objects/reflect/has,0
web/javascript/reference/global_objects/reflect/isextensible,0
web/javascript/reference/global_objects/reflect/ownkeys,0
web/javascript/reference/global_objects/reflect/preventextensions,0
web/javascript/reference/global_objects/reflect/set,1
web/javascript/reference/global_objects/reflect/setprototypeof,0
web/javascript/reference/global_objects/regexp,1
web/javascript/reference/global_objects/regexp/compile,2
web/javascript/reference/global_objects/regexp/dotall,0
web/javascript/reference/global_objects/regexp/escape,1
web/javascript/reference/global_objects/regexp/exec,0
web/javascript/reference/global_objects/regexp/flags,0
web/javascript/reference/global_objects/regexp/global,0
web/javascript/reference/global_objects/regexp/hasindices,0
web/javascript/reference/global_objects/regexp/ignorecase,0
web/javascript/reference/global_objects/regexp/input,1
web/javascript/reference/global_objects/regexp/lastindex,0
web/javascript/reference/global_objects/regexp/lastmatch,1
web/javascript/reference/global_objects/regexp/lastparen,1
web/javascript/reference/global_objects/regexp/leftcontext,1
web/javascript/reference/global_objects/regexp/multiline,1
web/javascript/reference/global_objects/regexp/n,1
web/javascript/reference/global_objects/regexp/regexp,0
web/javascript/reference/global_objects/regexp/rightcontext,1
web/javascript/reference/global_objects/regexp/source,0
web/javascript/reference/global_objects/regexp/sticky,0
web/javascript/reference/global_objects/regexp/symbol.match,1
web/javascript/reference/global_objects/regexp/symbol.matchall,1
web/javascript/reference/global_objects/regexp/symbol.replace,1
web/javascript/reference/global_objects/regexp/symbol.search,1
web/javascript/reference/global_objects/regexp/symbol.species,0
web/javascript/reference/global_objects/regexp/symbol.split,1
web/javascript/reference/global_objects/regexp/test,0
web/javascript/reference/global_objects/regexp/tostring,0
web/javascript/reference/global_objects/regexp/unicode,1
web/javascript/reference/global_objects/regexp/unicodesets,0
web/javascript/reference/global_objects/set,5
web/javascript/reference/global_objects/set/add,1
web/javascript/reference/global_objects/set/clear,0
web/javascript/reference/global_objects/set/delete,1
web/javascript/reference/global_objects/set/difference,1
web/javascript/reference/global_objects/set/entries,1
web/javascript/reference/global_objects/set/foreach,1
web/javascript/reference/global_objects/set/has,2
web/javascript/reference/global_objects/set/intersection,1
web/javascript/reference/global_objects/set/isdisjointfrom,1
web/javascript/reference/global_objects/set/issubsetof,1
web/javascript/reference/global_objects/set/issupersetof,1
web/javascript/reference/global_objects/set/keys,0
web/javascript/reference/global_objects/set/set,1
web/javascript/reference/global_objects/set/size,1
web/javascript/reference/global_objects/set/symbol.iterator,1
web/javascript/reference/global_objects/set/symbol.species,0
web/javascript/reference/global_objects/set/symmetricdifference,1
web/javascript/reference/global_objects/set/union,1
web/javascript/reference/global_objects/set/values,1
web/javascript/reference/global_objects/sharedarraybuffer,0
web/javascript/reference/global_objects/sharedarraybuffer/bytelength,0
web/javascript/reference/global_objects/sharedarraybuffer/grow,0
web/javascript/reference/global_objects/sharedarraybuffer/growable,0
web/javascript/reference/global_objects/sharedarraybuffer/maxbytelength,0
web/javascript/reference/global_objects/sharedarraybuffer/sharedarraybuffer,1
web/javascript/reference/global_objects/sharedarraybuffer/slice,0
web/javascript/reference/global_objects/sharedarraybuffer/symbol.species,0
web/javascript/reference/global_objects/string,1
web/javascript/reference/global_objects/string/anchor,1
web/javascript/reference/global_objects/string/at,1
web/javascript/reference/global_objects/string/big,1
web/javascript/reference/global_objects/string/blink,1
web/javascript/reference/global_objects/string/bold,1
web/javascript/reference/global_objects/string/charat,0
web/javascript/reference/global_objects/string/charcodeat,0
web/javascript/reference/global_objects/string/codepointat,0
web/javascript/reference/global_objects/string/concat,0
web/javascript/reference/global_objects/string/endswith,0
web/javascript/reference/global_objects/string/fixed,1
web/javascript/reference/global_objects/string/fontcolor,2
web/javascript/reference/global_objects/string/fontsize,1
web/javascript/reference/global_objects/string/fromcharcode,0
web/javascript/reference/global_objects/string/fromcodepoint,0
web/javascript/reference/global_objects/string/includes,0
web/javascript/reference/global_objects/string/indexof,0
web/javascript/reference/global_objects/string/iswellformed,0
web/javascript/reference/global_objects/string/italics,1
web/javascript/reference/global_objects/string/lastindexof,1
web/javascript/reference/global_objects/string/length,0
web/javascript/reference/global_objects/string/link,1
web/javascript/reference/global_objects/string/localecompare,1
web/javascript/reference/global_objects/string/match,0
web/javascript/reference/global_objects/string/matchall,0
web/javascript/reference/global_objects/string/normalize,0
web/javascript/reference/global_objects/string/padend,0
web/javascript/reference/global_objects/string/padstart,1
web/javascript/reference/global_objects/string/raw,1
web/javascript/reference/global_objects/string/repeat,0
web/javascript/reference/global_objects/string/replace,1
web/javascript/reference/global_objects/string/replaceall,3
web/javascript/reference/global_objects/string/search,0
web/javascript/reference/global_objects/string/slice,0
web/javascript/reference/global_objects/string/small,1
web/javascript/reference/global_objects/string/split,0
web/javascript/reference/global_objects/string/startswith,1
web/javascript/reference/global_objects/string/strike,1
web/javascript/reference/global_objects/string/string,0
web/javascript/reference/global_objects/string/sub,1
web/javascript/reference/global_objects/string/substr,2
web/javascript/reference/global_objects/string/substring,0
web/javascript/reference/global_objects/string/sup,1
web/javascript/reference/global_objects/string/symbol.iterator,0
web/javascript/reference/global_objects/string/tolocalelowercase,1
web/javascript/reference/global_objects/string/tolocaleuppercase,1
web/javascript/reference/global_objects/string/tolowercase,0
web/javascript/reference/global_objects/string/tostring,1
web/javascript/reference/global_objects/string/touppercase,0
web/javascript/reference/global_objects/string/towellformed,0
web/javascript/reference/global_objects/string/trim,0
web/javascript/reference/global_objects/string/trimend,0
web/javascript/reference/global_objects/string/trimstart,0
web/javascript/reference/global_objects/string/valueof,0
web/javascript/reference/global_objects/suppressederror,1
web/javascript/reference/global_objects/suppressederror/error,null
web/javascript/reference/global_objects/suppressederror/suppressed,null
web/javascript/reference/global_objects/suppressederror/suppressederror,null
web/javascript/reference/global_objects/symbol,1
web/javascript/reference/global_objects/symbol/asyncdispose,0
web/javascript/reference/global_objects/symbol/asynciterator,0
web/javascript/reference/global_objects/symbol/description,0
web/javascript/reference/global_objects/symbol/dispose,0
web/javascript/reference/global_objects/symbol/for,0
web/javascript/reference/global_objects/symbol/hasinstance,1
web/javascript/reference/global_objects/symbol/isconcatspreadable,1
web/javascript/reference/global_objects/symbol/iterator,0
web/javascript/reference/global_objects/symbol/keyfor,0
web/javascript/reference/global_objects/symbol/match,0
web/javascript/reference/global_objects/symbol/matchall,0
web/javascript/reference/global_objects/symbol/replace,0
web/javascript/reference/global_objects/symbol/search,0
web/javascript/reference/global_objects/symbol/species,0
web/javascript/reference/global_objects/symbol/split,0
web/javascript/reference/global_objects/symbol/symbol,1
web/javascript/reference/global_objects/symbol/symbol.toprimitive,0
web/javascript/reference/global_objects/symbol/toprimitive,0
web/javascript/reference/global_objects/symbol/tostring,0
web/javascript/reference/global_objects/symbol/tostringtag,0
web/javascript/reference/global_objects/symbol/unscopables,0
web/javascript/reference/global_objects/symbol/valueof,0
web/javascript/reference/global_objects/syntaxerror,0
web/javascript/reference/global_objects/syntaxerror/syntaxerror,0
web/javascript/reference/global_objects/temporal,1
web/javascript/reference/global_objects/temporal/duration,0
web/javascript/reference/global_objects/temporal/duration/abs,null
web/javascript/reference/global_objects/temporal/duration/add,null
web/javascript/reference/global_objects/temporal/duration/blank,null
web/javascript/reference/global_objects/temporal/duration/compare,null
web/javascript/reference/global_objects/temporal/duration/days,null
web/javascript/reference/global_objects/temporal/duration/duration,null
web/javascript/reference/global_objects/temporal/duration/from,null
web/javascript/reference/global_objects/temporal/duration/hours,null
web/javascript/reference/global_objects/temporal/duration/microseconds,null
web/javascript/reference/global_objects/temporal/duration/milliseconds,null
web/javascript/reference/global_objects/temporal/duration/minutes,null
web/javascript/reference/global_objects/temporal/duration/months,null
web/javascript/reference/global_objects/temporal/duration/nanoseconds,null
web/javascript/reference/global_objects/temporal/duration/negated,null
web/javascript/reference/global_objects/temporal/duration/round,null
web/javascript/reference/global_objects/temporal/duration/seconds,null
web/javascript/reference/global_objects/temporal/duration/sign,null
web/javascript/reference/global_objects/temporal/duration/subtract,null
web/javascript/reference/global_objects/temporal/duration/tojson,null
web/javascript/reference/global_objects/temporal/duration/tolocalestring,null
web/javascript/reference/global_objects/temporal/duration/tostring,null
web/javascript/reference/global_objects/temporal/duration/total,null
web/javascript/reference/global_objects/temporal/duration/valueof,null
web/javascript/reference/global_objects/temporal/duration/weeks,null
web/javascript/reference/global_objects/temporal/duration/with,null
web/javascript/reference/global_objects/temporal/duration/years,null
web/javascript/reference/global_objects/temporal/instant,0
web/javascript/reference/global_objects/temporal/instant/add,null
web/javascript/reference/global_objects/temporal/instant/compare,null
web/javascript/reference/global_objects/temporal/instant/epochmilliseconds,null
web/javascript/reference/global_objects/temporal/instant/epochnanoseconds,null
web/javascript/reference/global_objects/temporal/instant/equals,null
web/javascript/reference/global_objects/temporal/instant/from,null
web/javascript/reference/global_objects/temporal/instant/fromepochmilliseconds,null
web/javascript/reference/global_objects/temporal/instant/fromepochnanoseconds,null
web/javascript/reference/global_objects/temporal/instant/instant,null
web/javascript/reference/global_objects/temporal/instant/round,null
web/javascript/reference/global_objects/temporal/instant/since,null
web/javascript/reference/global_objects/temporal/instant/subtract,null
web/javascript/reference/global_objects/temporal/instant/tojson,null
web/javascript/reference/global_objects/temporal/instant/tolocalestring,null
web/javascript/reference/global_objects/temporal/instant/tostring,null
web/javascript/reference/global_objects/temporal/instant/tozoneddatetimeiso,null
web/javascript/reference/global_objects/temporal/instant/until,null
web/javascript/reference/global_objects/temporal/instant/valueof,null
web/javascript/reference/global_objects/temporal/now,0
web/javascript/reference/global_objects/temporal/now/instant,null
web/javascript/reference/global_objects/temporal/now/plaindateiso,null
web/javascript/reference/global_objects/temporal/now/plaindatetimeiso,null
web/javascript/reference/global_objects/temporal/now/plaintimeiso,null
web/javascript/reference/global_objects/temporal/now/timezoneid,null
web/javascript/reference/global_objects/temporal/now/zoneddatetimeiso,null
web/javascript/reference/global_objects/temporal/plaindate,1
web/javascript/reference/global_objects/temporal/plaindate/add,null
web/javascript/reference/global_objects/temporal/plaindate/calendarid,null
web/javascript/reference/global_objects/temporal/plaindate/compare,null
web/javascript/reference/global_objects/temporal/plaindate/day,null
web/javascript/reference/global_objects/temporal/plaindate/dayofweek,null
web/javascript/reference/global_objects/temporal/plaindate/dayofyear,null
web/javascript/reference/global_objects/temporal/plaindate/daysinmonth,null
web/javascript/reference/global_objects/temporal/plaindate/daysinweek,null
web/javascript/reference/global_objects/temporal/plaindate/daysinyear,null
web/javascript/reference/global_objects/temporal/plaindate/equals,null
web/javascript/reference/global_objects/temporal/plaindate/era,null
web/javascript/reference/global_objects/temporal/plaindate/erayear,null
web/javascript/reference/global_objects/temporal/plaindate/from,null
web/javascript/reference/global_objects/temporal/plaindate/inleapyear,null
web/javascript/reference/global_objects/temporal/plaindate/month,null
web/javascript/reference/global_objects/temporal/plaindate/monthcode,null
web/javascript/reference/global_objects/temporal/plaindate/monthsinyear,null
web/javascript/reference/global_objects/temporal/plaindate/plaindate,null
web/javascript/reference/global_objects/temporal/plaindate/since,null
web/javascript/reference/global_objects/temporal/plaindate/subtract,null
web/javascript/reference/global_objects/temporal/plaindate/tojson,null
web/javascript/reference/global_objects/temporal/plaindate/tolocalestring,null
web/javascript/reference/global_objects/temporal/plaindate/toplaindatetime,null
web/javascript/reference/global_objects/temporal/plaindate/toplainmonthday,null
web/javascript/reference/global_objects/temporal/plaindate/toplainyearmonth,null
web/javascript/reference/global_objects/temporal/plaindate/tostring,null
web/javascript/reference/global_objects/temporal/plaindate/tozoneddatetime,null
web/javascript/reference/global_objects/temporal/plaindate/until,null
web/javascript/reference/global_objects/temporal/plaindate/valueof,null
web/javascript/reference/global_objects/temporal/plaindate/weekofyear,null
web/javascript/reference/global_objects/temporal/plaindate/with,null
web/javascript/reference/global_objects/temporal/plaindate/withcalendar,null
web/javascript/reference/global_objects/temporal/plaindate/year,null
web/javascript/reference/global_objects/temporal/plaindate/yearofweek,null
web/javascript/reference/global_objects/temporal/plaindatetime,0
web/javascript/reference/global_objects/temporal/plaindatetime/add,null
web/javascript/reference/global_objects/temporal/plaindatetime/calendarid,null
web/javascript/reference/global_objects/temporal/plaindatetime/compare,null
web/javascript/reference/global_objects/temporal/plaindatetime/day,null
web/javascript/reference/global_objects/temporal/plaindatetime/dayofweek,null
web/javascript/reference/global_objects/temporal/plaindatetime/dayofyear,null
web/javascript/reference/global_objects/temporal/plaindatetime/daysinmonth,null
web/javascript/reference/global_objects/temporal/plaindatetime/daysinweek,null
web/javascript/reference/global_objects/temporal/plaindatetime/daysinyear,null
web/javascript/reference/global_objects/temporal/plaindatetime/equals,null
web/javascript/reference/global_objects/temporal/plaindatetime/era,null
web/javascript/reference/global_objects/temporal/plaindatetime/erayear,null
web/javascript/reference/global_objects/temporal/plaindatetime/from,null
web/javascript/reference/global_objects/temporal/plaindatetime/hour,null
web/javascript/reference/global_objects/temporal/plaindatetime/inleapyear,null
web/javascript/reference/global_objects/temporal/plaindatetime/microsecond,null
web/javascript/reference/global_objects/temporal/plaindatetime/millisecond,null
web/javascript/reference/global_objects/temporal/plaindatetime/minute,null
web/javascript/reference/global_objects/temporal/plaindatetime/month,null
web/javascript/reference/global_objects/temporal/plaindatetime/monthcode,null
web/javascript/reference/global_objects/temporal/plaindatetime/monthsinyear,null
web/javascript/reference/global_objects/temporal/plaindatetime/nanosecond,null
web/javascript/reference/global_objects/temporal/plaindatetime/plaindatetime,null
web/javascript/reference/global_objects/temporal/plaindatetime/round,null
web/javascript/reference/global_objects/temporal/plaindatetime/second,null
web/javascript/reference/global_objects/temporal/plaindatetime/since,null
web/javascript/reference/global_objects/temporal/plaindatetime/subtract,null
web/javascript/reference/global_objects/temporal/plaindatetime/tojson,null
web/javascript/reference/global_objects/temporal/plaindatetime/tolocalestring,null
web/javascript/reference/global_objects/temporal/plaindatetime/toplaindate,null
web/javascript/reference/global_objects/temporal/plaindatetime/toplaintime,null
web/javascript/reference/global_objects/temporal/plaindatetime/tostring,null
web/javascript/reference/global_objects/temporal/plaindatetime/tozoneddatetime,null
web/javascript/reference/global_objects/temporal/plaindatetime/until,null
web/javascript/reference/global_objects/temporal/plaindatetime/valueof,null
web/javascript/reference/global_objects/temporal/plaindatetime/weekofyear,null
web/javascript/reference/global_objects/temporal/plaindatetime/with,null
web/javascript/reference/global_objects/temporal/plaindatetime/withcalendar,null
web/javascript/reference/global_objects/temporal/plaindatetime/withplaintime,null
web/javascript/reference/global_objects/temporal/plaindatetime/year,null
web/javascript/reference/global_objects/temporal/plaindatetime/yearofweek,null
web/javascript/reference/global_objects/temporal/plainmonthday,0
web/javascript/reference/global_objects/temporal/plainmonthday/calendarid,null
web/javascript/reference/global_objects/temporal/plainmonthday/day,null
web/javascript/reference/global_objects/temporal/plainmonthday/equals,null
web/javascript/reference/global_objects/temporal/plainmonthday/from,null
web/javascript/reference/global_objects/temporal/plainmonthday/monthcode,null
web/javascript/reference/global_objects/temporal/plainmonthday/plainmonthday,null
web/javascript/reference/global_objects/temporal/plainmonthday/tojson,null
web/javascript/reference/global_objects/temporal/plainmonthday/tolocalestring,null
web/javascript/reference/global_objects/temporal/plainmonthday/toplaindate,null
web/javascript/reference/global_objects/temporal/plainmonthday/tostring,null
web/javascript/reference/global_objects/temporal/plainmonthday/valueof,null
web/javascript/reference/global_objects/temporal/plainmonthday/with,null
web/javascript/reference/global_objects/temporal/plaintime,0
web/javascript/reference/global_objects/temporal/plaintime/add,null
web/javascript/reference/global_objects/temporal/plaintime/compare,null
web/javascript/reference/global_objects/temporal/plaintime/equals,null
web/javascript/reference/global_objects/temporal/plaintime/from,null
web/javascript/reference/global_objects/temporal/plaintime/hour,null
web/javascript/reference/global_objects/temporal/plaintime/microsecond,null
web/javascript/reference/global_objects/temporal/plaintime/millisecond,null
web/javascript/reference/global_objects/temporal/plaintime/minute,null
web/javascript/reference/global_objects/temporal/plaintime/nanosecond,null
web/javascript/reference/global_objects/temporal/plaintime/plaintime,null
web/javascript/reference/global_objects/temporal/plaintime/round,null
web/javascript/reference/global_objects/temporal/plaintime/second,null
web/javascript/reference/global_objects/temporal/plaintime/since,null
web/javascript/reference/global_objects/temporal/plaintime/subtract,null
web/javascript/reference/global_objects/temporal/plaintime/tojson,null
web/javascript/reference/global_objects/temporal/plaintime/tolocalestring,null
web/javascript/reference/global_objects/temporal/plaintime/tostring,null
web/javascript/reference/global_objects/temporal/plaintime/until,null
web/javascript/reference/global_objects/temporal/plaintime/valueof,null
web/javascript/reference/global_objects/temporal/plaintime/with,null
web/javascript/reference/global_objects/temporal/plainyearmonth,0
web/javascript/reference/global_objects/temporal/plainyearmonth/add,null
web/javascript/reference/global_objects/temporal/plainyearmonth/calendarid,null
web/javascript/reference/global_objects/temporal/plainyearmonth/compare,null
web/javascript/reference/global_objects/temporal/plainyearmonth/daysinmonth,null
web/javascript/reference/global_objects/temporal/plainyearmonth/daysinyear,null
web/javascript/reference/global_objects/temporal/plainyearmonth/equals,null
web/javascript/reference/global_objects/temporal/plainyearmonth/era,null
web/javascript/reference/global_objects/temporal/plainyearmonth/erayear,null
web/javascript/reference/global_objects/temporal/plainyearmonth/from,null
web/javascript/reference/global_objects/temporal/plainyearmonth/inleapyear,null
web/javascript/reference/global_objects/temporal/plainyearmonth/month,null
web/javascript/reference/global_objects/temporal/plainyearmonth/monthcode,null
web/javascript/reference/global_objects/temporal/plainyearmonth/monthsinyear,null
web/javascript/reference/global_objects/temporal/plainyearmonth/plainyearmonth,null
web/javascript/reference/global_objects/temporal/plainyearmonth/since,null
web/javascript/reference/global_objects/temporal/plainyearmonth/subtract,null
web/javascript/reference/global_objects/temporal/plainyearmonth/tojson,null
web/javascript/reference/global_objects/temporal/plainyearmonth/tolocalestring,null
web/javascript/reference/global_objects/temporal/plainyearmonth/toplaindate,null
web/javascript/reference/global_objects/temporal/plainyearmonth/tostring,null
web/javascript/reference/global_objects/temporal/plainyearmonth/until,null
web/javascript/reference/global_objects/temporal/plainyearmonth/valueof,null
web/javascript/reference/global_objects/temporal/plainyearmonth/with,null
web/javascript/reference/global_objects/temporal/plainyearmonth/year,null
web/javascript/reference/global_objects/temporal/zoneddatetime,1
web/javascript/reference/global_objects/temporal/zoneddatetime/add,null
web/javascript/reference/global_objects/temporal/zoneddatetime/calendarid,null
web/javascript/reference/global_objects/temporal/zoneddatetime/compare,null
web/javascript/reference/global_objects/temporal/zoneddatetime/day,null
web/javascript/reference/global_objects/temporal/zoneddatetime/dayofweek,null
web/javascript/reference/global_objects/temporal/zoneddatetime/dayofyear,null
web/javascript/reference/global_objects/temporal/zoneddatetime/daysinmonth,null
web/javascript/reference/global_objects/temporal/zoneddatetime/daysinweek,null
web/javascript/reference/global_objects/temporal/zoneddatetime/daysinyear,null
web/javascript/reference/global_objects/temporal/zoneddatetime/epochmilliseconds,null
web/javascript/reference/global_objects/temporal/zoneddatetime/epochnanoseconds,null
web/javascript/reference/global_objects/temporal/zoneddatetime/equals,null
web/javascript/reference/global_objects/temporal/zoneddatetime/era,null
web/javascript/reference/global_objects/temporal/zoneddatetime/erayear,null
web/javascript/reference/global_objects/temporal/zoneddatetime/from,null
web/javascript/reference/global_objects/temporal/zoneddatetime/gettimezonetransition,null
web/javascript/reference/global_objects/temporal/zoneddatetime/hour,null
web/javascript/reference/global_objects/temporal/zoneddatetime/hoursinday,null
web/javascript/reference/global_objects/temporal/zoneddatetime/inleapyear,null
web/javascript/reference/global_objects/temporal/zoneddatetime/microsecond,null
web/javascript/reference/global_objects/temporal/zoneddatetime/millisecond,null
web/javascript/reference/global_objects/temporal/zoneddatetime/minute,null
web/javascript/reference/global_objects/temporal/zoneddatetime/month,null
web/javascript/reference/global_objects/temporal/zoneddatetime/monthcode,null
web/javascript/reference/global_objects/temporal/zoneddatetime/monthsinyear,null
web/javascript/reference/global_objects/temporal/zoneddatetime/nanosecond,null
web/javascript/reference/global_objects/temporal/zoneddatetime/offset,null
web/javascript/reference/global_objects/temporal/zoneddatetime/offsetnanoseconds,null
web/javascript/reference/global_objects/temporal/zoneddatetime/round,null
web/javascript/reference/global_objects/temporal/zoneddatetime/second,null
web/javascript/reference/global_objects/temporal/zoneddatetime/since,null
web/javascript/reference/global_objects/temporal/zoneddatetime/startofday,null
web/javascript/reference/global_objects/temporal/zoneddatetime/subtract,null
web/javascript/reference/global_objects/temporal/zoneddatetime/timezoneid,null
web/javascript/reference/global_objects/temporal/zoneddatetime/toinstant,null
web/javascript/reference/global_objects/temporal/zoneddatetime/tojson,null
web/javascript/reference/global_objects/temporal/zoneddatetime/tolocalestring,null
web/javascript/reference/global_objects/temporal/zoneddatetime/toplaindate,null
web/javascript/reference/global_objects/temporal/zoneddatetime/toplaindatetime,null
web/javascript/reference/global_objects/temporal/zoneddatetime/toplaintime,null
web/javascript/reference/global_objects/temporal/zoneddatetime/tostring,null
web/javascript/reference/global_objects/temporal/zoneddatetime/until,null
web/javascript/reference/global_objects/temporal/zoneddatetime/valueof,null
web/javascript/reference/global_objects/temporal/zoneddatetime/weekofyear,null
web/javascript/reference/global_objects/temporal/zoneddatetime/with,null
web/javascript/reference/global_objects/temporal/zoneddatetime/withcalendar,null
web/javascript/reference/global_objects/temporal/zoneddatetime/withplaintime,null
web/javascript/reference/global_objects/temporal/zoneddatetime/withtimezone,null
web/javascript/reference/global_objects/temporal/zoneddatetime/year,null
web/javascript/reference/global_objects/temporal/zoneddatetime/yearofweek,null
web/javascript/reference/global_objects/temporal/zoneddatetime/zoneddatetime,null
web/javascript/reference/global_objects/typedarray,2
web/javascript/reference/global_objects/typedarray/at,1
web/javascript/reference/global_objects/typedarray/buffer,0
web/javascript/reference/global_objects/typedarray/bytelength,0
web/javascript/reference/global_objects/typedarray/byteoffset,0
web/javascript/reference/global_objects/typedarray/bytes_per_element,0
web/javascript/reference/global_objects/typedarray/copywithin,0
web/javascript/reference/global_objects/typedarray/entries,0
web/javascript/reference/global_objects/typedarray/every,1
web/javascript/reference/global_objects/typedarray/fill,0
web/javascript/reference/global_objects/typedarray/filter,0
web/javascript/reference/global_objects/typedarray/find,0
web/javascript/reference/global_objects/typedarray/findindex,0
web/javascript/reference/global_objects/typedarray/findlast,0
web/javascript/reference/global_objects/typedarray/findlastindex,0
web/javascript/reference/global_objects/typedarray/foreach,0
web/javascript/reference/global_objects/typedarray/from,0
web/javascript/reference/global_objects/typedarray/includes,0
web/javascript/reference/global_objects/typedarray/indexof,0
web/javascript/reference/global_objects/typedarray/join,1
web/javascript/reference/global_objects/typedarray/keys,0
web/javascript/reference/global_objects/typedarray/lastindexof,0
web/javascript/reference/global_objects/typedarray/length,0
web/javascript/reference/global_objects/typedarray/map,0
web/javascript/reference/global_objects/typedarray/of,0
web/javascript/reference/global_objects/typedarray/reduce,0
web/javascript/reference/global_objects/typedarray/reduceright,0
web/javascript/reference/global_objects/typedarray/reverse,0
web/javascript/reference/global_objects/typedarray/set,0
web/javascript/reference/global_objects/typedarray/slice,0
web/javascript/reference/global_objects/typedarray/some,1
web/javascript/reference/global_objects/typedarray/sort,0
web/javascript/reference/global_objects/typedarray/subarray,0
web/javascript/reference/global_objects/typedarray/symbol.iterator,0
web/javascript/reference/global_objects/typedarray/symbol.species,0
web/javascript/reference/global_objects/typedarray/tolocalestring,0
web/javascript/reference/global_objects/typedarray/toreversed,0
web/javascript/reference/global_objects/typedarray/tosorted,0
web/javascript/reference/global_objects/typedarray/tostring,0
web/javascript/reference/global_objects/typedarray/values,0
web/javascript/reference/global_objects/typedarray/with,0
web/javascript/reference/global_objects/typeerror,0
web/javascript/reference/global_objects/typeerror/typeerror,0
web/javascript/reference/global_objects/uint16array,0
web/javascript/reference/global_objects/uint16array/uint16array,0
web/javascript/reference/global_objects/uint32array,0
web/javascript/reference/global_objects/uint32array/uint32array,0
web/javascript/reference/global_objects/uint8array,0
web/javascript/reference/global_objects/uint8array/frombase64,0
web/javascript/reference/global_objects/uint8array/fromhex,0
web/javascript/reference/global_objects/uint8array/setfrombase64,0
web/javascript/reference/global_objects/uint8array/setfromhex,0
web/javascript/reference/global_objects/uint8array/tobase64,0
web/javascript/reference/global_objects/uint8array/tohex,0
web/javascript/reference/global_objects/uint8array/uint8array,0
web/javascript/reference/global_objects/uint8clampedarray,0
web/javascript/reference/global_objects/uint8clampedarray/uint8clampedarray,0
web/javascript/reference/global_objects/undefined,2
web/javascript/reference/global_objects/unescape,1
web/javascript/reference/global_objects/urierror,1
web/javascript/reference/global_objects/urierror/urierror,1
web/javascript/reference/global_objects/weakmap,2
web/javascript/reference/global_objects/weakmap/delete,0
web/javascript/reference/global_objects/weakmap/get,0
web/javascript/reference/global_objects/weakmap/getorinsert,0
web/javascript/reference/global_objects/weakmap/getorinsertcomputed,1
web/javascript/reference/global_objects/weakmap/has,0
web/javascript/reference/global_objects/weakmap/set,0
web/javascript/reference/global_objects/weakmap/weakmap,0
web/javascript/reference/global_objects/weakref,5
web/javascript/reference/global_objects/weakref/deref,2
web/javascript/reference/global_objects/weakref/weakref,3
web/javascript/reference/global_objects/weakset,0
web/javascript/reference/global_objects/weakset/add,0
web/javascript/reference/global_objects/weakset/delete,0
web/javascript/reference/global_objects/weakset/has,0
web/javascript/reference/global_objects/weakset/weakset,0
web/javascript/reference/iteration_protocols,0
web/javascript/reference/javascript_technologies_overview,1
web/javascript/reference/lexical_grammar,0
web/javascript/reference/operators,1
web/javascript/reference/operators/addition,2
web/javascript/reference/operators/addition_assignment,0
web/javascript/reference/operators/assignment,0
web/javascript/reference/operators/async_function,0
web/javascript/reference/operators/async_function_star_,0
web/javascript/reference/operators/await,0
web/javascript/reference/operators/bitwise_and,0
web/javascript/reference/operators/bitwise_and_assignment,0
web/javascript/reference/operators/bitwise_not,0
web/javascript/reference/operators/bitwise_or,0
web/javascript/reference/operators/bitwise_or_assignment,0
web/javascript/reference/operators/bitwise_xor,0
web/javascript/reference/operators/bitwise_xor_assignment,0
web/javascript/reference/operators/class,0
web/javascript/reference/operators/comma_operator,0
web/javascript/reference/operators/conditional_operator,0
web/javascript/reference/operators/decrement,0
web/javascript/reference/operators/delete,0
web/javascript/reference/operators/destructuring,1
web/javascript/reference/operators/division,0
web/javascript/reference/operators/division_assignment,0
web/javascript/reference/operators/equality,1
web/javascript/reference/operators/exponentiation,0
web/javascript/reference/operators/exponentiation_assignment,0
web/javascript/reference/operators/function,1
web/javascript/reference/operators/function_star_,0
web/javascript/reference/operators/greater_than,0
web/javascript/reference/operators/greater_than_or_equal,0
web/javascript/reference/operators/grouping,1
web/javascript/reference/operators/import,2
web/javascript/reference/operators/import.meta,0
web/javascript/reference/operators/import.meta/resolve,2
web/javascript/reference/operators/in,0
web/javascript/reference/operators/increment,0
web/javascript/reference/operators/inequality,0
web/javascript/reference/operators/instanceof,0
web/javascript/reference/operators/left_shift,0
web/javascript/reference/operators/left_shift_assignment,0
web/javascript/reference/operators/less_than,0
web/javascript/reference/operators/less_than_or_equal,0
web/javascript/reference/operators/logical_and,0
web/javascript/reference/operators/logical_and_assignment,0
web/javascript/reference/operators/logical_not,0
web/javascript/reference/operators/logical_or,0
web/javascript/reference/operators/logical_or_assignment,0
web/javascript/reference/operators/multiplication,0
web/javascript/reference/operators/multiplication_assignment,0
web/javascript/reference/operators/new,0
web/javascript/reference/operators/new.target,0
web/javascript/reference/operators/null,1
web/javascript/reference/operators/nullish_coalescing,0
web/javascript/reference/operators/nullish_coalescing_assignment,0
web/javascript/reference/operators/object_initializer,0
web/javascript/reference/operators/operator_precedence,4
web/javascript/reference/operators/optional_chaining,1
web/javascript/reference/operators/property_accessors,0
web/javascript/reference/operators/remainder,0
web/javascript/reference/operators/remainder_assignment,0
web/javascript/reference/operators/right_shift,0
web/javascript/reference/operators/right_shift_assignment,0
web/javascript/reference/operators/spread_syntax,1
web/javascript/reference/operators/strict_equality,0
web/javascript/reference/operators/strict_inequality,0
web/javascript/reference/operators/subtraction,0
web/javascript/reference/operators/subtraction_assignment,0
web/javascript/reference/operators/super,0
web/javascript/reference/operators/this,1
web/javascript/reference/operators/typeof,1
web/javascript/reference/operators/unary_negation,0
web/javascript/reference/operators/unary_plus,0
web/javascript/reference/operators/unsigned_right_shift,0
web/javascript/reference/operators/unsigned_right_shift_assignment,0
web/javascript/reference/operators/void,0
web/javascript/reference/operators/yield,0
web/javascript/reference/operators/yield_star_,0
web/javascript/reference/regular_expressions,12
web/javascript/reference/regular_expressions/backreference,5
web/javascript/reference/regular_expressions/buffer_boundary_assertion,null
web/javascript/reference/regular_expressions/capturing_group,4
web/javascript/reference/regular_expressions/character_class,8
web/javascript/reference/regular_expressions/character_class_escape,4
web/javascript/reference/regular_expressions/character_escape,7
web/javascript/reference/regular_expressions/disjunction,3
web/javascript/reference/regular_expressions/input_boundary_assertion,4
web/javascript/reference/regular_expressions/literal_character,5
web/javascript/reference/regular_expressions/lookahead_assertion,5
web/javascript/reference/regular_expressions/lookbehind_assertion,1
web/javascript/reference/regular_expressions/modifier,1
web/javascript/reference/regular_expressions/named_backreference,3
web/javascript/reference/regular_expressions/named_capturing_group,6
web/javascript/reference/regular_expressions/non-capturing_group,1
web/javascript/reference/regular_expressions/quantifier,8
web/javascript/reference/regular_expressions/unicode_character_class_escape,13
web/javascript/reference/regular_expressions/wildcard,4
web/javascript/reference/regular_expressions/word_boundary_assertion,4
web/javascript/reference/statements,0
web/javascript/reference/statements/async_function,0
web/javascript/reference/statements/async_function_star_,13
web/javascript/reference/statements/await_using,0
web/javascript/reference/statements/block,7
web/javascript/reference/statements/break,0
web/javascript/reference/statements/class,0
web/javascript/reference/statements/const,0
web/javascript/reference/statements/continue,0
web/javascript/reference/statements/debugger,0
web/javascript/reference/statements/do...while,0
web/javascript/reference/statements/empty,5
web/javascript/reference/statements/export,1
web/javascript/reference/statements/expression_statement,4
web/javascript/reference/statements/for,2
web/javascript/reference/statements/for-await...of,0
web/javascript/reference/statements/for...in,0
web/javascript/reference/statements/for...of,1
web/javascript/reference/statements/function,0
web/javascript/reference/statements/function_star_,1
web/javascript/reference/statements/if...else,1
web/javascript/reference/statements/import,0
web/javascript/reference/statements/import/with,13
web/javascript/reference/statements/label,10
web/javascript/reference/statements/let,0
web/javascript/reference/statements/return,0
web/javascript/reference/statements/switch,0
web/javascript/reference/statements/throw,0
web/javascript/reference/statements/try...catch,1
web/javascript/reference/statements/using,0
web/javascript/reference/statements/var,2
web/javascript/reference/statements/while,0
web/javascript/reference/statements/with,1
web/javascript/reference/strict_mode,0
web/javascript/reference/template_literals,1
web/javascript/reference/trailing_commas,0
web/mathml,0
web/mathml/guides,2
web/mathml/guides/authoring,2
web/mathml/guides/deriving_the_quadratic_formula,null
web/mathml/guides/fonts,2
web/mathml/guides/proving_the_pythagorean_theorem,null
web/mathml/reference,0
web/mathml/reference/attribute,1
web/mathml/reference/element,0
web/mathml/reference/element/annotation,0
web/mathml/reference/element/annotation-xml,0
web/mathml/reference/element/maction,2
web/mathml/reference/element/math,1
web/mathml/reference/element/menclose,0
web/mathml/reference/element/merror,null
web/mathml/reference/element/mfenced,1
web/mathml/reference/element/mfrac,0
web/mathml/reference/element/mi,0
web/mathml/reference/element/mmultiscripts,0
web/mathml/reference/element/mn,0
web/mathml/reference/element/mo,0
web/mathml/reference/element/mover,null
web/mathml/reference/element/mpadded,0
web/mathml/reference/element/mphantom,null
web/mathml/reference/element/mprescripts,0
web/mathml/reference/element/mroot,null
web/mathml/reference/element/mrow,0
web/mathml/reference/element/ms,0
web/mathml/reference/element/mspace,0
web/mathml/reference/element/msqrt,0
web/mathml/reference/element/mstyle,0
web/mathml/reference/element/msub,0
web/mathml/reference/element/msubsup,0
web/mathml/reference/element/msup,0
web/mathml/reference/element/mtable,0
web/mathml/reference/element/mtd,null
web/mathml/reference/element/mtext,0
web/mathml/reference/element/mtr,null
web/mathml/reference/element/munder,0
web/mathml/reference/element/munderover,0
web/mathml/reference/element/semantics,0
web/mathml/reference/global_attributes,0
web/mathml/reference/global_attributes/data-_star_,0
web/mathml/reference/global_attributes/dir,0
web/mathml/reference/global_attributes/displaystyle,0
web/mathml/reference/global_attributes/href,1
web/mathml/reference/global_attributes/mathbackground,1
web/mathml/reference/global_attributes/mathcolor,1
web/mathml/reference/global_attributes/mathsize,1
web/mathml/reference/global_attributes/scriptlevel,0
web/mathml/reference/values,2
web/mathml/tutorials,0
web/mathml/tutorials/for_beginners,0
web/mathml/tutorials/for_beginners/fractions_and_roots,0
web/mathml/tutorials/for_beginners/getting_started,1
web/mathml/tutorials/for_beginners/scripts,1
web/mathml/tutorials/for_beginners/tables,0
web/mathml/tutorials/for_beginners/text_containers,1
web/mathml/tutorials/for_beginners/three_famous_mathematical_formulas,0
web/media,8
web/media/guides,0
web/media/guides/audio_and_video_delivery,2
web/media/guides/audio_and_video_delivery/adding_captions_and_subtitles_to_html5_video,0
web/media/guides/audio_and_video_delivery/buffering_seeking_time_ranges,null
web/media/guides/audio_and_video_delivery/cross-browser_audio_basics,null
web/media/guides/audio_and_video_delivery/cross_browser_video_player,2
web/media/guides/audio_and_video_delivery/live_streaming_web_audio_and_video,null
web/media/guides/audio_and_video_delivery/setting_up_adaptive_streaming_media_sources,null
web/media/guides/audio_and_video_delivery/video_player_styling_basics,null
web/media/guides/audio_and_video_delivery/webaudio_playbackrate_explained,null
web/media/guides/audio_and_video_manipulation,null
web/media/guides/autoplay,2
web/media/guides/formats,0
web/media/guides/formats/audio_codecs,null
web/media/guides/formats/audio_concepts,null
web/media/guides/formats/codecs_parameter,null
web/media/guides/formats/configuring_servers_for_ogg_media,null
web/media/guides/formats/containers,8
web/media/guides/formats/image_types,1
web/media/guides/formats/support_issues,null
web/media/guides/formats/video_codecs,12
web/media/guides/formats/video_concepts,null
web/media/guides/formats/webrtc_codecs,null
web/media/guides/images,null
web/media/guides/streaming,null
web/performance,3
web/performance/guides,0
web/performance/guides/animation_performance_and_frame_rate,2
web/performance/guides/critical_rendering_path,0
web/performance/guides/css_javascript_animation_performance,1
web/performance/guides/dns-prefetch,0
web/performance/guides/fundamentals,2
web/performance/guides/how_browsers_work,3
web/performance/guides/how_long_is_too_long,0
web/performance/guides/lazy_loading,2
web/performance/guides/navigation_and_resource_timings,0
web/performance/guides/optimizing_startup_performance,0
web/performance/guides/performance_budgets,3
web/performance/guides/rum-vs-synthetic,1
web/performance/guides/speculative_loading,0
web/performance/guides/understanding_latency,0
web/privacy,4
web/privacy/guides,0
web/privacy/guides/bounce_tracking_mitigations,null
web/privacy/guides/firefox_tracking_protection,0
web/privacy/guides/privacy_sandbox,0
web/privacy/guides/redirect_tracking_protection,null
web/privacy/guides/referer_header_colon__privacy_and_security_concerns,0
web/privacy/guides/state_partitioning,null
web/privacy/guides/storage_access_policy,1
web/privacy/guides/storage_access_policy/errors,0
web/privacy/guides/storage_access_policy/errors/cookieblockedall,null
web/privacy/guides/storage_access_policy/errors/cookieblockedbypermission,null
web/privacy/guides/storage_access_policy/errors/cookieblockedforeign,null
web/privacy/guides/storage_access_policy/errors/cookieblockedtracker,null
web/privacy/guides/storage_access_policy/errors/cookiepartitionedforeign,1
web/privacy/guides/third-party_cookies,4
web/privacy/guides/third-party_cookies/partitioned_cookies,0
web/privacy/privacy_primer,null
web/privacy/regulations,null
web/privacy/regulations/ccpa,null
web/privacy/regulations/gdpr,null
web/privacy/threat_modeling,null
web/progressive_web_apps,4
web/progressive_web_apps/guides,1
web/progressive_web_apps/guides/best_practices,5
web/progressive_web_apps/guides/caching,3
web/progressive_web_apps/guides/installing,5
web/progressive_web_apps/guides/making_pwas_installable,9
web/progressive_web_apps/guides/offline_and_background_operation,6
web/progressive_web_apps/guides/what_is_a_progressive_web_app,5
web/progressive_web_apps/how_to,1
web/progressive_web_apps/how_to/associate_files_with_your_pwa,2
web/progressive_web_apps/how_to/create_a_standalone_app,1
web/progressive_web_apps/how_to/customize_your_app_colors,4
web/progressive_web_apps/how_to/define_app_icons,2
web/progressive_web_apps/how_to/display_badge_on_app_icon,3
web/progressive_web_apps/how_to/expose_common_actions_as_shortcuts,4
web/progressive_web_apps/how_to/localize_an_app_manifest,null
web/progressive_web_apps/how_to/share_data_between_apps,3
web/progressive_web_apps/how_to/trigger_install_prompt,2
web/progressive_web_apps/manifest,5
web/progressive_web_apps/manifest/reference,0
web/progressive_web_apps/manifest/reference/_star__localized,null
web/progressive_web_apps/manifest/reference/background_color,4
web/progressive_web_apps/manifest/reference/categories,0
web/progressive_web_apps/manifest/reference/description,0
web/progressive_web_apps/manifest/reference/display,1
web/progressive_web_apps/manifest/reference/display_override,1
web/progressive_web_apps/manifest/reference/file_handlers,1
web/progressive_web_apps/manifest/reference/icons,0
web/progressive_web_apps/manifest/reference/id,0
web/progressive_web_apps/manifest/reference/launch_handler,2
web/progressive_web_apps/manifest/reference/name,1
web/progressive_web_apps/manifest/reference/note_taking,1
web/progressive_web_apps/manifest/reference/orientation,2
web/progressive_web_apps/manifest/reference/prefer_related_applications,0
web/progressive_web_apps/manifest/reference/protocol_handlers,2
web/progressive_web_apps/manifest/reference/related_applications,1
web/progressive_web_apps/manifest/reference/scope,0
web/progressive_web_apps/manifest/reference/scope_extensions,1
web/progressive_web_apps/manifest/reference/screenshots,0
web/progressive_web_apps/manifest/reference/serviceworker,2
web/progressive_web_apps/manifest/reference/share_target,2
web/progressive_web_apps/manifest/reference/short_name,1
web/progressive_web_apps/manifest/reference/shortcuts,1
web/progressive_web_apps/manifest/reference/start_url,2
web/progressive_web_apps/manifest/reference/theme_color,4
web/progressive_web_apps/reference,1
web/progressive_web_apps/tutorials,3
web/progressive_web_apps/tutorials/cycletracker,2
web/progressive_web_apps/tutorials/cycletracker/html_and_css,10
web/progressive_web_apps/tutorials/cycletracker/javascript_functionality,4
web/progressive_web_apps/tutorials/cycletracker/manifest_file,null
web/progressive_web_apps/tutorials/cycletracker/secure_connection,null
web/progressive_web_apps/tutorials/cycletracker/service_workers,null
web/progressive_web_apps/tutorials/js13kgames,4
web/progressive_web_apps/tutorials/js13kgames/app_structure,5
web/progressive_web_apps/tutorials/js13kgames/installable_pwas,2
web/progressive_web_apps/tutorials/js13kgames/loading,3
web/progressive_web_apps/tutorials/js13kgames/offline_service_workers,6
web/progressive_web_apps/tutorials/js13kgames/re-engageable_notifications_push,3
web/security,3
web/security/attacks,0
web/security/attacks/clickjacking,0
web/security/attacks/csrf,1
web/security/attacks/idor,1
web/security/attacks/mitm,null
web/security/attacks/phishing,null
web/security/attacks/prototype_pollution,0
web/security/attacks/ssrf,0
web/security/attacks/subdomain_takeover,0
web/security/attacks/supply_chain_attacks,null
web/security/attacks/xs-leaks,1
web/security/attacks/xss,3
web/security/authentication,0
web/security/authentication/federated_identity,0
web/security/authentication/otp,1
web/security/authentication/passkeys,0
web/security/authentication/passwords,0
web/security/authentication/session_management,0
web/security/defenses,3
web/security/defenses/certificate_transparency,2
web/security/defenses/input_validation,null
web/security/defenses/local_network_access,null
web/security/defenses/mixed_content,1
web/security/defenses/operational_security,null
web/security/defenses/same-origin_policy,0
web/security/defenses/secure_contexts,1
web/security/defenses/secure_contexts/features_restricted_to_secure_contexts,1
web/security/defenses/subresource_integrity,2
web/security/defenses/transport_layer_security,2
web/security/defenses/user_activation,2
web/security/practical_implementation_guides,0
web/security/practical_implementation_guides/cookies,0
web/security/practical_implementation_guides/corp,null
web/security/practical_implementation_guides/cors,0
web/security/practical_implementation_guides/csp,1
web/security/practical_implementation_guides/mime_types,0
web/security/practical_implementation_guides/referrer_policy,0
web/security/practical_implementation_guides/robots_txt,0
web/security/practical_implementation_guides/sri,null
web/security/practical_implementation_guides/tls,1
web/security/practical_implementation_guides/turning_off_form_autocompletion,1
web/security/threat_modeling,null
web/security/threat_modeling/example_threat_model,null
web/security/threat_modeling/frameworks,null
web/security/threat_modeling/pwa_threat_model,null
web/svg,0
web/svg/guides,0
web/svg/guides/applying_svg_effects_to_html_content,10
web/svg/guides/content_type,2
web/svg/guides/linking,1
web/svg/guides/namespaces_crash_course,6
web/svg/guides/namespaces_crash_course/example,3
web/svg/guides/scripting,2
web/svg/guides/svg_animation_with_smil,4
web/svg/guides/svg_as_an_image,0
web/svg/guides/svg_filters,3
web/svg/guides/svg_in_html,3
web/svg/reference,0
web/svg/reference/attribute,6
web/svg/reference/attribute/accumulate,0
web/svg/reference/attribute/additive,0
web/svg/reference/attribute/alignment-baseline,1
web/svg/reference/attribute/amplitude,null
web/svg/reference/attribute/attributename,0
web/svg/reference/attribute/attributetype,0
web/svg/reference/attribute/autofocus,null
web/svg/reference/attribute/azimuth,null
web/svg/reference/attribute/basefrequency,0
web/svg/reference/attribute/baseline-shift,5
web/svg/reference/attribute/baseprofile,1
web/svg/reference/attribute/begin,1
web/svg/reference/attribute/bias,null
web/svg/reference/attribute/by,0
web/svg/reference/attribute/calcmode,0
web/svg/reference/attribute/class,1
web/svg/reference/attribute/clip,1
web/svg/reference/attribute/clip-path,1
web/svg/reference/attribute/clip-rule,1
web/svg/reference/attribute/clippathunits,0
web/svg/reference/attribute/color,0
web/svg/reference/attribute/color-interpolation,1
web/svg/reference/attribute/color-interpolation-filters,1
web/svg/reference/attribute/crossorigin,null
web/svg/reference/attribute/cursor,3
web/svg/reference/attribute/cx,0
web/svg/reference/attribute/cy,0
web/svg/reference/attribute/d,6
web/svg/reference/attribute/data-_star_,null
web/svg/reference/attribute/decoding,null
web/svg/reference/attribute/diffuseconstant,null
web/svg/reference/attribute/direction,0
web/svg/reference/attribute/display,1
web/svg/reference/attribute/divisor,null
web/svg/reference/attribute/dominant-baseline,6
web/svg/reference/attribute/download,0
web/svg/reference/attribute/dur,0
web/svg/reference/attribute/dx,0
web/svg/reference/attribute/dy,0
web/svg/reference/attribute/edgemode,null
web/svg/reference/attribute/elevation,null
web/svg/reference/attribute/end,1
web/svg/reference/attribute/exponent,0
web/svg/reference/attribute/fetchpriority,null
web/svg/reference/attribute/fill,0
web/svg/reference/attribute/fill-opacity,1
web/svg/reference/attribute/fill-rule,0
web/svg/reference/attribute/filter,2
web/svg/reference/attribute/filterunits,0
web/svg/reference/attribute/flood-color,0
web/svg/reference/attribute/flood-opacity,0
web/svg/reference/attribute/font-family,0
web/svg/reference/attribute/font-size,0
web/svg/reference/attribute/font-size-adjust,0
web/svg/reference/attribute/font-stretch,0
web/svg/reference/attribute/font-style,0
web/svg/reference/attribute/font-variant,0
web/svg/reference/attribute/font-weight,0
web/svg/reference/attribute/font-width,0
web/svg/reference/attribute/fr,null
web/svg/reference/attribute/from,0
web/svg/reference/attribute/fx,null
web/svg/reference/attribute/fy,null
web/svg/reference/attribute/glyph-orientation-horizontal,null
web/svg/reference/attribute/glyph-orientation-vertical,null
web/svg/reference/attribute/gradienttransform,0
web/svg/reference/attribute/gradientunits,0
web/svg/reference/attribute/height,1
web/svg/reference/attribute/href,1
web/svg/reference/attribute/id,2
web/svg/reference/attribute/image-rendering,0
web/svg/reference/attribute/in,0
web/svg/reference/attribute/in2,0
web/svg/reference/attribute/intercept,null
web/svg/reference/attribute/k1,0
web/svg/reference/attribute/k2,0
web/svg/reference/attribute/k3,0
web/svg/reference/attribute/k4,0
web/svg/reference/attribute/kernelmatrix,null
web/svg/reference/attribute/kernelunitlength,null
web/svg/reference/attribute/keypoints,1
web/svg/reference/attribute/keysplines,0
web/svg/reference/attribute/keytimes,0
web/svg/reference/attribute/lang,0
web/svg/reference/attribute/lengthadjust,0
web/svg/reference/attribute/letter-spacing,1
web/svg/reference/attribute/lighting-color,null
web/svg/reference/attribute/limitingconeangle,null
web/svg/reference/attribute/marker-end,null
web/svg/reference/attribute/marker-mid,0
web/svg/reference/attribute/marker-start,null
web/svg/reference/attribute/markerheight,null
web/svg/reference/attribute/markerunits,null
web/svg/reference/attribute/markerwidth,null
web/svg/reference/attribute/mask,1
web/svg/reference/attribute/mask-type,1
web/svg/reference/attribute/maskcontentunits,0
web/svg/reference/attribute/maskunits,0
web/svg/reference/attribute/max,0
web/svg/reference/attribute/media,null
web/svg/reference/attribute/method,1
web/svg/reference/attribute/min,0
web/svg/reference/attribute/mode,null
web/svg/reference/attribute/numoctaves,0
web/svg/reference/attribute/opacity,0
web/svg/reference/attribute/operator,null
web/svg/reference/attribute/order,null
web/svg/reference/attribute/orient,null
web/svg/reference/attribute/origin,null
web/svg/reference/attribute/overflow,1
web/svg/reference/attribute/paint-order,null
web/svg/reference/attribute/path,0
web/svg/reference/attribute/pathlength,2
web/svg/reference/attribute/patterncontentunits,null
web/svg/reference/attribute/patterntransform,null
web/svg/reference/attribute/patternunits,0
web/svg/reference/attribute/pointer-events,0
web/svg/reference/attribute/points,2
web/svg/reference/attribute/pointsatx,null
web/svg/reference/attribute/pointsaty,null
web/svg/reference/attribute/pointsatz,null
web/svg/reference/attribute/preservealpha,null
web/svg/reference/attribute/preserveaspectratio,2
web/svg/reference/attribute/primitiveunits,0
web/svg/reference/attribute/r,1
web/svg/reference/attribute/radius,null
web/svg/reference/attribute/refx,0
web/svg/reference/attribute/refy,0
web/svg/reference/attribute/repeatcount,0
web/svg/reference/attribute/repeatdur,0
web/svg/reference/attribute/requiredextensions,null
web/svg/reference/attribute/requiredfeatures,null
web/svg/reference/attribute/restart,0
web/svg/reference/attribute/result,0
web/svg/reference/attribute/rotate,1
web/svg/reference/attribute/rx,1
web/svg/reference/attribute/ry,1
web/svg/reference/attribute/scale,2
web/svg/reference/attribute/seed,0
web/svg/reference/attribute/shape-rendering,0
web/svg/reference/attribute/side,2
web/svg/reference/attribute/slope,null
web/svg/reference/attribute/spacing,1
web/svg/reference/attribute/specularconstant,null
web/svg/reference/attribute/specularexponent,null
web/svg/reference/attribute/spreadmethod,0
web/svg/reference/attribute/startoffset,2
web/svg/reference/attribute/stddeviation,0
web/svg/reference/attribute/stitchtiles,0
web/svg/reference/attribute/stop-color,0
web/svg/reference/attribute/stop-opacity,null
web/svg/reference/attribute/stroke,0
web/svg/reference/attribute/stroke-dasharray,2
web/svg/reference/attribute/stroke-dashoffset,1
web/svg/reference/attribute/stroke-linecap,0
web/svg/reference/attribute/stroke-linejoin,1
web/svg/reference/attribute/stroke-miterlimit,1
web/svg/reference/attribute/stroke-opacity,null
web/svg/reference/attribute/stroke-width,0
web/svg/reference/attribute/style,1
web/svg/reference/attribute/surfacescale,null
web/svg/reference/attribute/systemlanguage,null
web/svg/reference/attribute/tabindex,1
web/svg/reference/attribute/tablevalues,null
web/svg/reference/attribute/target,null
web/svg/reference/attribute/targetx,null
web/svg/reference/attribute/targety,null
web/svg/reference/attribute/text-anchor,0
web/svg/reference/attribute/text-decoration,0
web/svg/reference/attribute/text-overflow,0
web/svg/reference/attribute/text-rendering,0
web/svg/reference/attribute/textlength,0
web/svg/reference/attribute/to,0
web/svg/reference/attribute/transform,2
web/svg/reference/attribute/transform-origin,0
web/svg/reference/attribute/type,1
web/svg/reference/attribute/unicode-bidi,1
web/svg/reference/attribute/values,0
web/svg/reference/attribute/vector-effect,1
web/svg/reference/attribute/version,2
web/svg/reference/attribute/viewbox,1
web/svg/reference/attribute/visibility,1
web/svg/reference/attribute/white-space,null
web/svg/reference/attribute/width,1
web/svg/reference/attribute/word-spacing,null
web/svg/reference/attribute/writing-mode,0
web/svg/reference/attribute/x,0
web/svg/reference/attribute/x1,0
web/svg/reference/attribute/x2,0
web/svg/reference/attribute/xchannelselector,0
web/svg/reference/attribute/xlink_colon_arcrole,2
web/svg/reference/attribute/xlink_colon_href,1
web/svg/reference/attribute/xlink_colon_show,null
web/svg/reference/attribute/xlink_colon_title,null
web/svg/reference/attribute/xlink_colon_type,null
web/svg/reference/attribute/xml_colon_lang,1
web/svg/reference/attribute/xml_colon_space,1
web/svg/reference/attribute/y,0
web/svg/reference/attribute/y1,0
web/svg/reference/attribute/y2,0
web/svg/reference/attribute/ychannelselector,0
web/svg/reference/attribute/z,null
web/svg/reference/attribute/zoomandpan,null
web/svg/reference/element,0
web/svg/reference/element/a,1
web/svg/reference/element/animate,1
web/svg/reference/element/animatemotion,0
web/svg/reference/element/animatetransform,0
web/svg/reference/element/circle,0
web/svg/reference/element/clippath,0
web/svg/reference/element/defs,0
web/svg/reference/element/desc,1
web/svg/reference/element/ellipse,0
web/svg/reference/element/feblend,0
web/svg/reference/element/fecolormatrix,0
web/svg/reference/element/fecomponenttransfer,0
web/svg/reference/element/fecomposite,0
web/svg/reference/element/feconvolvematrix,0
web/svg/reference/element/fediffuselighting,0
web/svg/reference/element/fedisplacementmap,0
web/svg/reference/element/fedistantlight,0
web/svg/reference/element/fedropshadow,0
web/svg/reference/element/feflood,0
web/svg/reference/element/fefunca,0
web/svg/reference/element/fefuncb,0
web/svg/reference/element/fefuncg,0
web/svg/reference/element/fefuncr,0
web/svg/reference/element/fegaussianblur,2
web/svg/reference/element/feimage,1
web/svg/reference/element/femerge,0
web/svg/reference/element/femergenode,0
web/svg/reference/element/femorphology,3
web/svg/reference/element/feoffset,2
web/svg/reference/element/fepointlight,1
web/svg/reference/element/fespecularlighting,0
web/svg/reference/element/fespotlight,0
web/svg/reference/element/fetile,1
web/svg/reference/element/feturbulence,0
web/svg/reference/element/filter,0
web/svg/reference/element/foreignobject,0
web/svg/reference/element/g,2
web/svg/reference/element/image,2
web/svg/reference/element/line,0
web/svg/reference/element/lineargradient,0
web/svg/reference/element/marker,0
web/svg/reference/element/mask,1
web/svg/reference/element/metadata,0
web/svg/reference/element/mpath,1
web/svg/reference/element/path,0
web/svg/reference/element/pattern,0
web/svg/reference/element/polygon,0
web/svg/reference/element/polyline,0
web/svg/reference/element/radialgradient,1
web/svg/reference/element/rect,0
web/svg/reference/element/script,4
web/svg/reference/element/set,0
web/svg/reference/element/stop,1
web/svg/reference/element/style,2
web/svg/reference/element/svg,1
web/svg/reference/element/switch,3
web/svg/reference/element/symbol,0
web/svg/reference/element/text,0
web/svg/reference/element/textpath,0
web/svg/reference/element/title,0
web/svg/reference/element/tspan,0
web/svg/reference/element/use,2
web/svg/reference/element/view,1
web/svg/tutorials,0
web/svg/tutorials/svg_from_scratch,0
web/svg/tutorials/svg_from_scratch/basic_shapes,3
web/svg/tutorials/svg_from_scratch/basic_transformations,5
web/svg/tutorials/svg_from_scratch/clipping_and_masking,4
web/svg/tutorials/svg_from_scratch/fills_and_strokes,3
web/svg/tutorials/svg_from_scratch/filter_effects,3
web/svg/tutorials/svg_from_scratch/getting_started,4
web/svg/tutorials/svg_from_scratch/gradients,5
web/svg/tutorials/svg_from_scratch/image_element,3
web/svg/tutorials/svg_from_scratch/introduction,3
web/svg/tutorials/svg_from_scratch/other_content_in_svg,5
web/svg/tutorials/svg_from_scratch/paths,7
web/svg/tutorials/svg_from_scratch/patterns,1
web/svg/tutorials/svg_from_scratch/positions,1
web/svg/tutorials/svg_from_scratch/svg_and_css,7
web/svg/tutorials/svg_from_scratch/texts,4
web/svg/tutorials/svg_from_scratch/tools_for_svg,3
web/svg/tutorials/svg_from_scratch/using_fonts,2
web/uri,2
web/uri/guides,0
web/uri/guides/choosing_between_www_and_non-www_urls,0
web/uri/reference,0
web/uri/reference/authority,1
web/uri/reference/fragment,3
web/uri/reference/fragment/media_fragments,1
web/uri/reference/fragment/text_fragments,3
web/uri/reference/path,1
web/uri/reference/query,2
web/uri/reference/schemes,1
web/uri/reference/schemes/blob,1
web/uri/reference/schemes/data,1
web/uri/reference/schemes/javascript,0
web/uri/reference/schemes/resource,0
web/uri/reference/schemes/urn,0
web/webdriver,13
web/webdriver/how_to,null
web/webdriver/how_to/create_bidi_connection,null
web/webdriver/reference,0
web/webdriver/reference/bidi,null
web/webdriver/reference/bidi/modules,null
web/webdriver/reference/bidi/modules/bluetooth,null
web/webdriver/reference/bidi/modules/browser,null
web/webdriver/reference/bidi/modules/browser/close,null
web/webdriver/reference/bidi/modules/browser/createusercontext,null
web/webdriver/reference/bidi/modules/browser/getclientwindows,null
web/webdriver/reference/bidi/modules/browser/getusercontexts,null
web/webdriver/reference/bidi/modules/browser/removeusercontext,null
web/webdriver/reference/bidi/modules/browser/setdownloadbehavior,null
web/webdriver/reference/bidi/modules/browsingcontext,null
web/webdriver/reference/bidi/modules/browsingcontext/activate,null
web/webdriver/reference/bidi/modules/browsingcontext/capturescreenshot,null
web/webdriver/reference/bidi/modules/browsingcontext/close,null
web/webdriver/reference/bidi/modules/browsingcontext/contextcreated,null
web/webdriver/reference/bidi/modules/browsingcontext/contextdestroyed,null
web/webdriver/reference/bidi/modules/browsingcontext/create,null
web/webdriver/reference/bidi/modules/browsingcontext/domcontentloaded,null
web/webdriver/reference/bidi/modules/browsingcontext/fragmentnavigated,null
web/webdriver/reference/bidi/modules/browsingcontext/gettree,null
web/webdriver/reference/bidi/modules/browsingcontext/handleuserprompt,null
web/webdriver/reference/bidi/modules/browsingcontext/historyupdated,null
web/webdriver/reference/bidi/modules/browsingcontext/load,null
web/webdriver/reference/bidi/modules/browsingcontext/locatenodes,null
web/webdriver/reference/bidi/modules/browsingcontext/navigate,null
web/webdriver/reference/bidi/modules/browsingcontext/navigationcommitted,null
web/webdriver/reference/bidi/modules/browsingcontext/navigationfailed,null
web/webdriver/reference/bidi/modules/browsingcontext/navigationstarted,null
web/webdriver/reference/bidi/modules/browsingcontext/print,null
web/webdriver/reference/bidi/modules/browsingcontext/reload,null
web/webdriver/reference/bidi/modules/browsingcontext/setviewport,null
web/webdriver/reference/bidi/modules/browsingcontext/traversehistory,null
web/webdriver/reference/bidi/modules/emulation,null
web/webdriver/reference/bidi/modules/input,null
web/webdriver/reference/bidi/modules/input/filedialogopened,null
web/webdriver/reference/bidi/modules/input/performactions,null
web/webdriver/reference/bidi/modules/input/releaseactions,null
web/webdriver/reference/bidi/modules/input/setfiles,null
web/webdriver/reference/bidi/modules/log,null
web/webdriver/reference/bidi/modules/log/entryadded,null
web/webdriver/reference/bidi/modules/network,null
web/webdriver/reference/bidi/modules/permissions,null
web/webdriver/reference/bidi/modules/script,null
web/webdriver/reference/bidi/modules/session,null
web/webdriver/reference/bidi/modules/session/end,null
web/webdriver/reference/bidi/modules/session/new,null
web/webdriver/reference/bidi/modules/session/status,null
web/webdriver/reference/bidi/modules/session/subscribe,null
web/webdriver/reference/bidi/modules/session/unsubscribe,null
web/webdriver/reference/bidi/modules/storage,null
web/webdriver/reference/bidi/modules/useragentclienthints,null
web/webdriver/reference/bidi/modules/webextension,null
web/webdriver/reference/capabilities,2
web/webdriver/reference/capabilities/acceptinsecurecerts,null
web/webdriver/reference/capabilities/firefoxoptions,null
web/webdriver/reference/capabilities/websocketurl,null
web/webdriver/reference/classic,0
web/webdriver/reference/classic/commands,0
web/webdriver/reference/classic/commands/back,null
web/webdriver/reference/classic/commands/closewindow,null
web/webdriver/reference/classic/commands/createvirtualpressuresource,null
web/webdriver/reference/classic/commands/createvirtualsensor,null
web/webdriver/reference/classic/commands/deletevirtualpressuresource,null
web/webdriver/reference/classic/commands/deletevirtualsensor,null
web/webdriver/reference/classic/commands/forward,null
web/webdriver/reference/classic/commands/getelementattribute,null
web/webdriver/reference/classic/commands/getelementproperty,null
web/webdriver/reference/classic/commands/getelementtagname,null
web/webdriver/reference/classic/commands/gettimeouts,null
web/webdriver/reference/classic/commands/gettitle,null
web/webdriver/reference/classic/commands/getvirtualsensorinformation,null
web/webdriver/reference/classic/commands/getwindowhandles,null
web/webdriver/reference/classic/commands/getwindowrect,null
web/webdriver/reference/classic/commands/newsession,null
web/webdriver/reference/classic/commands/newwindow,null
web/webdriver/reference/classic/commands/refresh,null
web/webdriver/reference/classic/commands/settimeouts,null
web/webdriver/reference/classic/commands/setwindowrect,null
web/webdriver/reference/classic/commands/updatevirtualpressuresource,null
web/webdriver/reference/classic/commands/updatevirtualsensorreading,null
web/webdriver/reference/classic/timeouts,null
web/webdriver/reference/errors,2
web/webdriver/reference/errors/insecurecertificate,null
web/webdriver/reference/errors/invalidargument,null
web/webdriver/reference/errors/invalidcookiedomain,null
web/webdriver/reference/errors/invalidselector,null
web/webdriver/reference/errors/invalidsessionid,null
web/webdriver/reference/errors/javascripterror,null
web/webdriver/reference/errors/scripttimeout,null
web/webdriver/reference/errors/staleelementreference,null
web/webdriver/reference/errors/unknowncommand,null
web/webdriver/reference/errors/unknownerror,null
web/webdriver/reference/errors/unknownmethod,null
web/xml,0
web/xml/exslt,null
web/xml/exslt/reference,null
web/xml/exslt/reference/exsl,null
web/xml/exslt/reference/exsl/node-set,null
web/xml/exslt/reference/exsl/object-type,null
web/xml/exslt/reference/math,null
web/xml/exslt/reference/math/highest,0
web/xml/exslt/reference/math/lowest,0
web/xml/exslt/reference/math/max,0
web/xml/exslt/reference/math/min,0
web/xml/exslt/reference/regexp,null
web/xml/exslt/reference/regexp/match,null
web/xml/exslt/reference/regexp/replace,null
web/xml/exslt/reference/regexp/test,null
web/xml/exslt/reference/set,null
web/xml/exslt/reference/set/difference,null
web/xml/exslt/reference/set/distinct,null
web/xml/exslt/reference/set/has-same-node,null
web/xml/exslt/reference/set/intersection,null
web/xml/exslt/reference/set/leading,null
web/xml/exslt/reference/set/trailing,null
web/xml/exslt/reference/str,null
web/xml/exslt/reference/str/concat,null
web/xml/exslt/reference/str/split,null
web/xml/exslt/reference/str/tokenize,null
web/xml/guides,0
web/xml/guides/opensearch,3
web/xml/guides/parsing_and_serializing_xml,1
web/xml/guides/xml_introduction,0
web/xml/xpath,2
web/xml/xpath/guides,0
web/xml/xpath/guides/comparison_with_css_selectors,0
web/xml/xpath/guides/introduction_to_using_xpath_in_javascript,0
web/xml/xpath/guides/snippets,0
web/xml/xpath/reference,0
web/xml/xpath/reference/axes,2
web/xml/xpath/reference/functions,0
web/xml/xpath/reference/functions/boolean,2
web/xml/xpath/reference/functions/ceiling,1
web/xml/xpath/reference/functions/choose,0
web/xml/xpath/reference/functions/concat,1
web/xml/xpath/reference/functions/contains,1
web/xml/xpath/reference/functions/count,1
web/xml/xpath/reference/functions/current,2
web/xml/xpath/reference/functions/document,1
web/xml/xpath/reference/functions/element-available,1
web/xml/xpath/reference/functions/false,1
web/xml/xpath/reference/functions/floor,1
web/xml/xpath/reference/functions/format-number,1
web/xml/xpath/reference/functions/function-available,1
web/xml/xpath/reference/functions/generate-id,1
web/xml/xpath/reference/functions/id,1
web/xml/xpath/reference/functions/key,1
web/xml/xpath/reference/functions/lang,1
web/xml/xpath/reference/functions/last,1
web/xml/xpath/reference/functions/local-name,1
web/xml/xpath/reference/functions/name,2
web/xml/xpath/reference/functions/namespace-uri,1
web/xml/xpath/reference/functions/normalize-space,1
web/xml/xpath/reference/functions/not,1
web/xml/xpath/reference/functions/number,1
web/xml/xpath/reference/functions/position,1
web/xml/xpath/reference/functions/round,2
web/xml/xpath/reference/functions/starts-with,1
web/xml/xpath/reference/functions/string,2
web/xml/xpath/reference/functions/string-length,1
web/xml/xpath/reference/functions/substring,1
web/xml/xpath/reference/functions/substring-after,1
web/xml/xpath/reference/functions/substring-before,1
web/xml/xpath/reference/functions/sum,1
web/xml/xpath/reference/functions/system-property,1
web/xml/xpath/reference/functions/translate,2
web/xml/xpath/reference/functions/true,1
web/xml/xpath/reference/functions/unparsed-entity-url,1
web/xml/xslt,0
web/xml/xslt/guides,0
web/xml/xslt/guides/common_errors,2
web/xml/xslt/guides/pi_parameters,3
web/xml/xslt/guides/transforming_xml_with_xslt,1
web/xml/xslt/reference,0
web/xml/xslt/reference/element,0
web/xml/xslt/reference/element/apply-imports,0
web/xml/xslt/reference/element/apply-templates,0
web/xml/xslt/reference/element/attribute,0
web/xml/xslt/reference/element/attribute-set,0
web/xml/xslt/reference/element/call-template,0
web/xml/xslt/reference/element/choose,0
web/xml/xslt/reference/element/comment,0
web/xml/xslt/reference/element/copy,0
web/xml/xslt/reference/element/copy-of,0
web/xml/xslt/reference/element/decimal-format,0
web/xml/xslt/reference/element/element,0
web/xml/xslt/reference/element/fallback,0
web/xml/xslt/reference/element/for-each,0
web/xml/xslt/reference/element/if,0
web/xml/xslt/reference/element/import,0
web/xml/xslt/reference/element/include,0
web/xml/xslt/reference/element/key,0
web/xml/xslt/reference/element/message,1
web/xml/xslt/reference/element/namespace-alias,0
web/xml/xslt/reference/element/number,2
web/xml/xslt/reference/element/otherwise,0
web/xml/xslt/reference/element/output,0
web/xml/xslt/reference/element/param,0
web/xml/xslt/reference/element/preserve-space,0
web/xml/xslt/reference/element/processing-instruction,1
web/xml/xslt/reference/element/sort,0
web/xml/xslt/reference/element/strip-space,0
web/xml/xslt/reference/element/stylesheet,2
web/xml/xslt/reference/element/template,0
web/xml/xslt/reference/element/text,1
web/xml/xslt/reference/element/transform,0
web/xml/xslt/reference/element/value-of,0
web/xml/xslt/reference/element/variable,0
web/xml/xslt/reference/element/when,0
web/xml/xslt/reference/element/with-param,0
webassembly,5
webassembly/guides,1
webassembly/guides/c_to_wasm,4
webassembly/guides/concepts,2
webassembly/guides/existing_c_to_wasm,3
webassembly/guides/exported_functions,1
webassembly/guides/imported_string_constants,null
webassembly/guides/javascript_builtins,null
webassembly/guides/loading_and_running,0
webassembly/guides/rust_to_wasm,3
webassembly/guides/text_format_to_wasm,0
webassembly/guides/understanding_the_text_format,4
webassembly/guides/using_the_javascript_api,2
webassembly/reference,null
webassembly/reference/control_flow,null
webassembly/reference/control_flow/block,null
webassembly/reference/control_flow/br,null
webassembly/reference/control_flow/br_if,null
webassembly/reference/control_flow/br_table,null
webassembly/reference/control_flow/call,null
webassembly/reference/control_flow/drop,null
webassembly/reference/control_flow/end,null
webassembly/reference/control_flow/if...else,null
webassembly/reference/control_flow/loop,null
webassembly/reference/control_flow/nop,null
webassembly/reference/control_flow/return,null
webassembly/reference/control_flow/select,null
webassembly/reference/control_flow/unreachable,null
webassembly/reference/data,null
webassembly/reference/data/drop,null
webassembly/reference/definitions,null
webassembly/reference/definitions/data,null
webassembly/reference/definitions/elem,null
webassembly/reference/definitions/global,null
webassembly/reference/definitions/memory,null
webassembly/reference/definitions/table,null
webassembly/reference/definitions/tag,null
webassembly/reference/definitions/types,null
webassembly/reference/definitions/types/func,null
webassembly/reference/elem,null
webassembly/reference/elem/drop,null
webassembly/reference/exception_handling,null
webassembly/reference/exception_handling/throw,null
webassembly/reference/exception_handling/throw_ref,null
webassembly/reference/exception_handling/try_table,null
webassembly/reference/exception_handling/try_table/catch,null
webassembly/reference/exception_handling/try_table/catch_all,null
webassembly/reference/exception_handling/try_table/catch_all_ref,null
webassembly/reference/exception_handling/try_table/catch_ref,null
webassembly/reference/javascript_interface,null
webassembly/reference/javascript_interface/compile_static,null
webassembly/reference/javascript_interface/compileerror,null
webassembly/reference/javascript_interface/compileerror/compileerror,null
webassembly/reference/javascript_interface/compilestreaming_static,null
webassembly/reference/javascript_interface/exception,null
webassembly/reference/javascript_interface/exception/exception,null
webassembly/reference/javascript_interface/exception/getarg,null
webassembly/reference/javascript_interface/exception/is,null
webassembly/reference/javascript_interface/exception/stack,null
webassembly/reference/javascript_interface/global,0
webassembly/reference/javascript_interface/global/global,0
webassembly/reference/javascript_interface/global/value,0
webassembly/reference/javascript_interface/global/valueof,0
webassembly/reference/javascript_interface/instance,null
webassembly/reference/javascript_interface/instance/exports,null
webassembly/reference/javascript_interface/instance/instance,null
webassembly/reference/javascript_interface/instantiate_static,null
webassembly/reference/javascript_interface/instantiatestreaming_static,null
webassembly/reference/javascript_interface/jstag_static,null
webassembly/reference/javascript_interface/linkerror,null
webassembly/reference/javascript_interface/linkerror/linkerror,null
webassembly/reference/javascript_interface/memory,0
webassembly/reference/javascript_interface/memory/buffer,0
webassembly/reference/javascript_interface/memory/grow,0
webassembly/reference/javascript_interface/memory/memory,0
webassembly/reference/javascript_interface/module,null
webassembly/reference/javascript_interface/module/customsections_static,null
webassembly/reference/javascript_interface/module/exports_static,null
webassembly/reference/javascript_interface/module/imports_static,null
webassembly/reference/javascript_interface/module/module,null
webassembly/reference/javascript_interface/promising_static,null
webassembly/reference/javascript_interface/runtimeerror,null
webassembly/reference/javascript_interface/runtimeerror/runtimeerror,null
webassembly/reference/javascript_interface/suspenderror,null
webassembly/reference/javascript_interface/suspenderror/suspenderror,null
webassembly/reference/javascript_interface/suspending,null
webassembly/reference/javascript_interface/suspending/suspending,null
webassembly/reference/javascript_interface/table,null
webassembly/reference/javascript_interface/table/get,null
webassembly/reference/javascript_interface/table/grow,null
webassembly/reference/javascript_interface/table/length,null
webassembly/reference/javascript_interface/table/set,null
webassembly/reference/javascript_interface/table/table,null
webassembly/reference/javascript_interface/tag,null
webassembly/reference/javascript_interface/tag/tag,null
webassembly/reference/javascript_interface/tag/type,null
webassembly/reference/javascript_interface/validate_static,null
webassembly/reference/memory,null
webassembly/reference/memory/copy,null
webassembly/reference/memory/fill,null
webassembly/reference/memory/grow,null
webassembly/reference/memory/init,null
webassembly/reference/memory/load,null
webassembly/reference/memory/size,null
webassembly/reference/memory/store,null
webassembly/reference/numeric,null
webassembly/reference/numeric/abs,null
webassembly/reference/numeric/add,null
webassembly/reference/numeric/and,null
webassembly/reference/numeric/ceil,null
webassembly/reference/numeric/clz,null
webassembly/reference/numeric/const,null
webassembly/reference/numeric/convert,null
webassembly/reference/numeric/copysign,null
webassembly/reference/numeric/ctz,null
webassembly/reference/numeric/demote,null
webassembly/reference/numeric/div,null
webassembly/reference/numeric/eq,null
webassembly/reference/numeric/eqz,null
webassembly/reference/numeric/extend,null
webassembly/reference/numeric/extend16_s,null
webassembly/reference/numeric/extend32_s,null
webassembly/reference/numeric/extend8_s,null
webassembly/reference/numeric/floor,null
webassembly/reference/numeric/ge,null
webassembly/reference/numeric/ge_s,null
webassembly/reference/numeric/ge_u,null
webassembly/reference/numeric/gt,null
webassembly/reference/numeric/gt_s,null
webassembly/reference/numeric/gt_u,null
webassembly/reference/numeric/le,null
webassembly/reference/numeric/le_s,null
webassembly/reference/numeric/le_u,null
webassembly/reference/numeric/lt,null
webassembly/reference/numeric/lt_s,null
webassembly/reference/numeric/lt_u,null
webassembly/reference/numeric/max,null
webassembly/reference/numeric/min,null
webassembly/reference/numeric/mul,null
webassembly/reference/numeric/ne,null
webassembly/reference/numeric/nearest,null
webassembly/reference/numeric/neg,null
webassembly/reference/numeric/or,null
webassembly/reference/numeric/popcnt,null
webassembly/reference/numeric/promote_32,null
webassembly/reference/numeric/reinterpret,null
webassembly/reference/numeric/rem,null
webassembly/reference/numeric/rotl,null
webassembly/reference/numeric/rotr,null
webassembly/reference/numeric/shl,null
webassembly/reference/numeric/shr_s,null
webassembly/reference/numeric/shr_u,null
webassembly/reference/numeric/sqrt,null
webassembly/reference/numeric/sub,null
webassembly/reference/numeric/trunc,null
webassembly/reference/numeric/trunc_f32_s,null
webassembly/reference/numeric/trunc_f32_u,null
webassembly/reference/numeric/trunc_f64_s,null
webassembly/reference/numeric/trunc_f64_u,null
webassembly/reference/numeric/wrap_i64,null
webassembly/reference/numeric/xor,null
webassembly/reference/simd,null
webassembly/reference/simd/arithmetic,null
webassembly/reference/simd/arithmetic/add_sat_s,null
webassembly/reference/simd/arithmetic/add_sat_u,null
webassembly/reference/simd/arithmetic/avgr_u,null
webassembly/reference/simd/arithmetic/dot_i16x8_s,null
webassembly/reference/simd/arithmetic/extadd_pairwise_i16x8_s,null
webassembly/reference/simd/arithmetic/extadd_pairwise_i16x8_u,null
webassembly/reference/simd/arithmetic/extadd_pairwise_i8x16_s,null
webassembly/reference/simd/arithmetic/extadd_pairwise_i8x16_u,null
webassembly/reference/simd/arithmetic/extmul_high_i16x8_s,null
webassembly/reference/simd/arithmetic/extmul_high_i16x8_u,null
webassembly/reference/simd/arithmetic/extmul_high_i32x4_s,null
webassembly/reference/simd/arithmetic/extmul_high_i32x4_u,null
webassembly/reference/simd/arithmetic/extmul_high_i8x16_s,null
webassembly/reference/simd/arithmetic/extmul_high_i8x16_u,null
webassembly/reference/simd/arithmetic/extmul_low_i16x8_s,null
webassembly/reference/simd/arithmetic/extmul_low_i16x8_u,null
webassembly/reference/simd/arithmetic/extmul_low_i32x4_s,null
webassembly/reference/simd/arithmetic/extmul_low_i32x4_u,null
webassembly/reference/simd/arithmetic/extmul_low_i8x16_s,null
webassembly/reference/simd/arithmetic/extmul_low_i8x16_u,null
webassembly/reference/simd/arithmetic/max_s,null
webassembly/reference/simd/arithmetic/max_u,null
webassembly/reference/simd/arithmetic/min_s,null
webassembly/reference/simd/arithmetic/min_u,null
webassembly/reference/simd/arithmetic/pmax,null
webassembly/reference/simd/arithmetic/pmin,null
webassembly/reference/simd/arithmetic/q15mulr_sat_s,null
webassembly/reference/simd/arithmetic/sub_sat_s,null
webassembly/reference/simd/arithmetic/sub_sat_u,null
webassembly/reference/simd/bitwise,null
webassembly/reference/simd/bitwise/all_true,null
webassembly/reference/simd/bitwise/andnot,null
webassembly/reference/simd/bitwise/any_true,null
webassembly/reference/simd/bitwise/bitmask,null
webassembly/reference/simd/bitwise/bitselect,null
webassembly/reference/simd/bitwise/not,null
webassembly/reference/simd/conversion,null
webassembly/reference/simd/conversion/convert_i32x4_s,null
webassembly/reference/simd/conversion/convert_i32x4_u,null
webassembly/reference/simd/conversion/convert_low_i32x4_s,null
webassembly/reference/simd/conversion/convert_low_i32x4_u,null
webassembly/reference/simd/conversion/demote_f64x2_zero,null
webassembly/reference/simd/conversion/extend_high_i16x8_s,null
webassembly/reference/simd/conversion/extend_high_i16x8_u,null
webassembly/reference/simd/conversion/extend_high_i32x4_s,null
webassembly/reference/simd/conversion/extend_high_i32x4_u,null
webassembly/reference/simd/conversion/extend_high_i8x16_s,null
webassembly/reference/simd/conversion/extend_high_i8x16_u,null
webassembly/reference/simd/conversion/extend_low_i16x8_s,null
webassembly/reference/simd/conversion/extend_low_i16x8_u,null
webassembly/reference/simd/conversion/extend_low_i32x4_s,null
webassembly/reference/simd/conversion/extend_low_i32x4_u,null
webassembly/reference/simd/conversion/extend_low_i8x16_s,null
webassembly/reference/simd/conversion/extend_low_i8x16_u,null
webassembly/reference/simd/conversion/narrow_i16x8_s,null
webassembly/reference/simd/conversion/narrow_i16x8_u,null
webassembly/reference/simd/conversion/narrow_i32x4_s,null
webassembly/reference/simd/conversion/narrow_i32x4_u,null
webassembly/reference/simd/conversion/promote_low_f32x4,null
webassembly/reference/simd/conversion/replace_lane,null
webassembly/reference/simd/conversion/shuffle,null
webassembly/reference/simd/conversion/splat,null
webassembly/reference/simd/conversion/swizzle,null
webassembly/reference/simd/conversion/trunc_sat_f32x4_s,null
webassembly/reference/simd/conversion/trunc_sat_f32x4_u,null
webassembly/reference/simd/conversion/trunc_sat_f64x2_s_zero,null
webassembly/reference/simd/conversion/trunc_sat_f64x2_u_zero,null
webassembly/reference/simd/extract,null
webassembly/reference/simd/extract/extract_lane,null
webassembly/reference/simd/extract/extract_lane_s,null
webassembly/reference/simd/extract/extract_lane_u,null
webassembly/reference/simd/load_store,null
webassembly/reference/simd/load_store/load,null
webassembly/reference/simd/load_store/load16_lane,null
webassembly/reference/simd/load_store/load16_splat,null
webassembly/reference/simd/load_store/load16x4_s,null
webassembly/reference/simd/load_store/load16x4_u,null
webassembly/reference/simd/load_store/load32_lane,null
webassembly/reference/simd/load_store/load32_splat,null
webassembly/reference/simd/load_store/load32_zero,null
webassembly/reference/simd/load_store/load32x2_s,null
webassembly/reference/simd/load_store/load32x2_u,null
webassembly/reference/simd/load_store/load64_lane,null
webassembly/reference/simd/load_store/load64_splat,null
webassembly/reference/simd/load_store/load64_zero,null
webassembly/reference/simd/load_store/load8_lane,null
webassembly/reference/simd/load_store/load8_splat,null
webassembly/reference/simd/load_store/load8x8_s,null
webassembly/reference/simd/load_store/load8x8_u,null
webassembly/reference/simd/load_store/store,null
webassembly/reference/simd/load_store/store16_lane,null
webassembly/reference/simd/load_store/store32_lane,null
webassembly/reference/simd/load_store/store64_lane,null
webassembly/reference/simd/load_store/store8_lane,null
webassembly/reference/table,null
webassembly/reference/table/copy,null
webassembly/reference/table/fill,null
webassembly/reference/table/get,null
webassembly/reference/table/grow,null
webassembly/reference/table/init,null
webassembly/reference/table/set,null
webassembly/reference/table/size,null
webassembly/reference/value_types,null
webassembly/reference/value_types/exnref,null
webassembly/reference/value_types/externref,null
webassembly/reference/value_types/f32,null
webassembly/reference/value_types/f64,null
webassembly/reference/value_types/funcref,null
webassembly/reference/value_types/i32,null
webassembly/reference/value_types/i64,null
webassembly/reference/value_types/v128,null
webassembly/reference/variables,null
webassembly/reference/variables/global.get,null
webassembly/reference/variables/global.set,null
webassembly/reference/variables/local,null
webassembly/reference/variables/local.get,null
webassembly/reference/variables/local.set,null
webassembly/reference/variables/local.tee,null
