Path,ParityCount
games,0
games/anatomy,0
games/introduction,0
games/publishing_games,0
games/publishing_games/game_distribution,0
games/publishing_games/game_monetization,0
games/publishing_games/game_promotion,0
games/techniques,0
games/techniques/2d_collision_detection,0
games/techniques/3d_collision_detection,0
games/techniques/3d_collision_detection/bounding_volume_collision_detection_with_three.js,0
games/techniques/3d_on_the_web,0
games/techniques/3d_on_the_web/basic_theory,0
games/techniques/3d_on_the_web/building_up_a_basic_demo_with_a-frame,0
games/techniques/3d_on_the_web/building_up_a_basic_demo_with_babylon.js,0
games/techniques/3d_on_the_web/building_up_a_basic_demo_with_playcanvas,0
games/techniques/3d_on_the_web/building_up_a_basic_demo_with_playcanvas/editor,0
games/techniques/3d_on_the_web/building_up_a_basic_demo_with_playcanvas/engine,0
games/techniques/3d_on_the_web/building_up_a_basic_demo_with_three.js,0
games/techniques/3d_on_the_web/glsl_shaders,0
games/techniques/3d_on_the_web/webxr,0
games/techniques/async_scripts,0
games/techniques/audio_for_web_games,0
games/techniques/control_mechanisms,0
games/techniques/control_mechanisms/desktop_with_gamepad,0
games/techniques/control_mechanisms/desktop_with_mouse_and_keyboard,0
games/techniques/control_mechanisms/mobile_touch,0
games/techniques/control_mechanisms/other,0
games/techniques/controls_gamepad_api,0
games/techniques/crisp_pixel_art_look,0
games/techniques/tilemaps,0
games/techniques/tilemaps/square_tilemaps_implementation_colon__scrolling_maps,0
games/techniques/tilemaps/square_tilemaps_implementation_colon__static_maps,0
games/techniques/webrtc_data_channels,0
games/tools,0
games/tools/asm.js,0
games/tutorials,0
games/tutorials/2d_breakout_game_phaser,0
games/tutorials/2d_breakout_game_phaser/animations_and_tweens,0
games/tutorials/2d_breakout_game_phaser/bounce_off_the_walls,0
games/tutorials/2d_breakout_game_phaser/build_the_brick_field,0
games/tutorials/2d_breakout_game_phaser/buttons,0
games/tutorials/2d_breakout_game_phaser/collision_detection,0
games/tutorials/2d_breakout_game_phaser/extra_lives,0
games/tutorials/2d_breakout_game_phaser/game_over,0
games/tutorials/2d_breakout_game_phaser/initialize_the_framework,0
games/tutorials/2d_breakout_game_phaser/load_the_assets_and_print_them_on_screen,0
games/tutorials/2d_breakout_game_phaser/move_the_ball,0
games/tutorials/2d_breakout_game_phaser/physics,0
games/tutorials/2d_breakout_game_phaser/player_paddle_and_controls,0
games/tutorials/2d_breakout_game_phaser/randomizing_gameplay,0
games/tutorials/2d_breakout_game_phaser/scaling,0
games/tutorials/2d_breakout_game_phaser/the_score,0
games/tutorials/2d_breakout_game_phaser/win_the_game,0
games/tutorials/2d_breakout_game_pure_javascript,0
games/tutorials/2d_breakout_game_pure_javascript/bounce_off_the_walls,0
games/tutorials/2d_breakout_game_pure_javascript/build_the_brick_field,0
games/tutorials/2d_breakout_game_pure_javascript/collision_detection,0
games/tutorials/2d_breakout_game_pure_javascript/create_the_canvas_and_draw_on_it,0
games/tutorials/2d_breakout_game_pure_javascript/finishing_up,0
games/tutorials/2d_breakout_game_pure_javascript/game_over,0
games/tutorials/2d_breakout_game_pure_javascript/mouse_controls,0
games/tutorials/2d_breakout_game_pure_javascript/move_the_ball,0
games/tutorials/2d_breakout_game_pure_javascript/paddle_and_keyboard_controls,0
games/tutorials/2d_breakout_game_pure_javascript/track_the_score_and_win,0
games/tutorials/html5_gamedev_phaser_device_orientation,0
glossary,0
glossary/abstraction,0
glossary/accent,0
glossary/accessibility,0
glossary/accessibility_tree,0
glossary/accessible_description,0
glossary/accessible_name,0
glossary/adobe_flash,0
glossary/advance_measure,0
glossary/ajax,0
glossary/algorithm,0
glossary/alignment_container,0
glossary/alignment_subject,0
glossary/alpha,0
glossary/alpn,0
glossary/api,0
glossary/apple_safari,0
glossary/application_context,0
glossary/argument,0
glossary/aria,0
glossary/arpa,0
glossary/arpanet,0
glossary/array,0
glossary/ascii,0
glossary/aspect_ratio,0
glossary/asynchronous,0
glossary/atag,0
glossary/attribute,0
glossary/authentication,0
glossary/authenticator,0
glossary/bandwidth,0
glossary/base64,0
glossary/baseline,0
glossary/baseline/compatibility,0
glossary/baseline/typography,0
glossary/bcp_47_language_tag,0
glossary/beacon,0
glossary/bezier_curve,0
glossary/bfcache,0
glossary/bidi,0
glossary/bigint,0
glossary/binding,0
glossary/bitwise_flags,0
glossary/blink,0
glossary/blink_element,0
glossary/block,0
glossary/block-level_content,0
glossary/block/css,0
glossary/block/scripting,0
glossary/block_cipher_mode_of_operation,0
glossary/boolean,0
glossary/boolean/aria,0
glossary/boolean/html,0
glossary/boolean/javascript,0
glossary/bounding_box,0
glossary/breadcrumb,0
glossary/brotli_compression,0
glossary/browser,0
glossary/browsing_context,0
glossary/buffer,0
glossary/bun,0
glossary/cache,0
glossary/cacheable,0
glossary/caldav,0
glossary/call_stack,0
glossary/callback_function,0
glossary/camel_case,0
glossary/canonical_order,0
glossary/canvas,0
glossary/card_sorting,0
glossary/carddav,0
glossary/caret,0
glossary/cdn,0
glossary/certificate_authority,0
glossary/certified,0
glossary/challenge,0
glossary/character,0
glossary/character_encoding,0
glossary/character_reference,0
glossary/character_set,0
glossary/chrome,0
glossary/cia,0
glossary/cipher,0
glossary/cipher_suite,0
glossary/ciphertext,0
glossary/class,0
glossary/closure,0
glossary/cloud,0
glossary/cloud_computing,0
glossary/cls,0
glossary/cms,0
glossary/code_point,0
glossary/code_splitting,0
glossary/code_unit,0
glossary/codec,0
glossary/color_space,0
glossary/color_wheel,0
glossary/compile,0
glossary/compile_time,0
glossary/composite_operation,0
glossary/compression_dictionary_transport,0
glossary/computer_programming,0
glossary/conditional,0
glossary/constant,0
glossary/constructor,0
glossary/content_header,0
glossary/continuous_integration,0
glossary/continuous_media,0
glossary/control_flow,0
glossary/cookie,0
glossary/copyleft,0
glossary/cors,0
glossary/cors-safelisted_request_header,0
glossary/cors-safelisted_response_header,0
glossary/crawler,0
glossary/credential,0
glossary/crlf,0
glossary/cross-site_scripting,0
glossary/cross_axis,0
glossary/crud,0
glossary/cryptanalysis,0
glossary/cryptography,0
glossary/csp,0
glossary/csr,0
glossary/csrf,0
glossary/css,0
glossary/css_descriptor,0
glossary/css_pixel,0
glossary/css_preprocessor,0
glossary/css_selector,0
glossary/cssom,0
glossary/data_structure,0
glossary/database,0
glossary/debounce,0
glossary/decryption,0
glossary/deep_copy,0
glossary/delta,0
glossary/denial_of_service,0
glossary/deno,0
glossary/deserialization,0
glossary/developer_tools,0
glossary/device_pixel,0
glossary/digital_certificate,0
glossary/digital_signature,0
glossary/distributed_denial_of_service,0
glossary/dmz,0
glossary/dns,0
glossary/doctype,0
glossary/document_directive,0
glossary/document_environment,0
glossary/dom,0
glossary/domain,0
glossary/domain_name,0
glossary/domain_sharding,0
glossary/dominator,0
glossary/dsl,0
glossary/dsl/digital_subscriber_line,0
glossary/dsl/domain_specific_language,0
glossary/dtls,0
glossary/dtmf,0
glossary/dynamic_typing,0
glossary/ecma,0
glossary/ecmascript,0
glossary/effective_connection_type,0
glossary/element,0
glossary/encapsulation,0
glossary/encryption,0
glossary/endianness,0
glossary/engine,0
glossary/engine/javascript,0
glossary/engine/rendering,0
glossary/entity,0
glossary/entity_header,0
glossary/enumerated,0
glossary/escape_character,0
glossary/event,0
glossary/exception,0
glossary/exif,0
glossary/expando,0
glossary/extrinsic_size,0
glossary/fallback_alignment,0
glossary/falsy,0
glossary/favicon,0
glossary/federated_identity,0
glossary/fetch_directive,0
glossary/fetch_metadata_request_header,0
glossary/fingerprinting,0
glossary/firefox_os,0
glossary/firewall,0
glossary/first-class_function,0
glossary/first_contentful_paint,0
glossary/first_cpu_idle,0
glossary/first_input_delay,0
glossary/first_meaningful_paint,0
glossary/first_paint,0
glossary/flex,0
glossary/flex_container,0
glossary/flex_item,0
glossary/flexbox,0
glossary/flow_relative_values,0
glossary/forbidden_request_header,0
glossary/forbidden_response_header_name,0
glossary/fork,0
glossary/fps,0
glossary/fragmentainer,0
glossary/ftp,0
glossary/ftu,0
glossary/function,0
glossary/fuzzing,0
glossary/gamut,0
glossary/garbage_collection,0
glossary/gecko,0
glossary/general_header,0
glossary/gif,0
glossary/git,0
glossary/global_object,0
glossary/global_scope,0
glossary/global_variable,0
glossary/glyph,0
glossary/google_chrome,0
glossary/gpl,0
glossary/gpu,0
glossary/graceful_degradation,0
glossary/grid,0
glossary/grid_areas,0
glossary/grid_axis,0
glossary/grid_cell,0
glossary/grid_column,0
glossary/grid_container,0
glossary/grid_lines,0
glossary/grid_row,0
glossary/grid_tracks,0
glossary/guaranteed_invalid_value,0
glossary/gutters,0
glossary/gzip_compression,0
glossary/hash_function,0
glossary/hash_routing,0
glossary/head,0
glossary/head_of_line_blocking,0
glossary/high-level_programming_language,0
glossary/hmac,0
glossary/hoisting,0
glossary/host,0
glossary/hotlink,0
glossary/houdini,0
glossary/hpkp,0
glossary/hsts,0
glossary/html,0
glossary/html5,0
glossary/html_color_codes,0
glossary/http,0
glossary/http_2,0
glossary/http_3,0
glossary/http_content,0
glossary/http_header,0
glossary/https,0
glossary/https_rr,0
glossary/hyperlink,0
glossary/hypertext,0
glossary/iana,0
glossary/icann,0
glossary/ice,0
glossary/ide,0
glossary/idempotent,0
glossary/identifier,0
glossary/identity_provider,0
glossary/idl,0
glossary/ietf,0
glossary/iife,0
glossary/imap,0
glossary/immutable,0
glossary/indexeddb,0
glossary/information_architecture,0
glossary/inheritance,0
glossary/ink_overflow,0
glossary/inline-level_content,0
glossary/input_method_editor,0
glossary/inset_properties,0
glossary/instance,0
glossary/interaction_to_next_paint,0
glossary/internationalization,0
glossary/internet,0
glossary/interpolation,0
glossary/intrinsic_size,0
glossary/invariant,0
glossary/ip_address,0
glossary/ipv4,0
glossary/ipv6,0
glossary/irc,0
glossary/iso,0
glossary/isp,0
glossary/itu,0
glossary/jank,0
glossary/java,0
glossary/javascript,0
glossary/jitter,0
glossary/jpeg,0
glossary/json,0
glossary/json_type_representation,0
glossary/just_in_time_compilation,0
glossary/kebab_case,0
glossary/key,0
glossary/keyword,0
glossary/khronos,0
glossary/largest_contentful_paint,0
glossary/latency,0
glossary/layout_mode,0
glossary/layout_viewport,0
glossary/lazy_load,0
glossary/leading,0
glossary/lgpl,0
glossary/ligature,0
glossary/literal,0
glossary/local_scope,0
glossary/local_variable,0
glossary/locale,0
glossary/localization,0
glossary/logical_properties,0
glossary/long_task,0
glossary/loop,0
glossary/lossless_compression,0
glossary/lossy_compression,0
glossary/ltr,0
glossary/main_axis,0
glossary/main_thread,0
glossary/markup,0
glossary/mathml,0
glossary/media,0
glossary/media/audio-visual_presentation,0
glossary/media/css,0
glossary/media_query,0
glossary/metadata,0
glossary/method,0
glossary/microsoft_edge,0
glossary/microsoft_internet_explorer,0
glossary/middleware,0
glossary/mime,0
glossary/mime_type,0
glossary/minification,0
glossary/mitm,0
glossary/mixin,0
glossary/mobile_first,0
glossary/modem,0
glossary/modularity,0
glossary/mozilla_firefox,0
glossary/multi-factor_authentication,0
glossary/mutable,0
glossary/mvc,0
glossary/namespace,0
glossary/nan,0
glossary/nat,0
glossary/native,0
glossary/navigation_directive,0
glossary/netscape_navigator,0
glossary/network_throttling,0
glossary/nntp,0
glossary/node,0
glossary/node.js,0
glossary/node/dom,0
glossary/node/networking,0
glossary/non-normative,0
glossary/nonce,0
glossary/normative,0
glossary/null,0
glossary/nullish,0
glossary/number,0
glossary/object,0
glossary/object_reference,0
glossary/oop,0
glossary/opengl,0
glossary/openssl,0
glossary/opera_browser,0
glossary/operand,0
glossary/operator,0
glossary/origin,0
glossary/ota,0
glossary/owasp,0
glossary/p2p,0
glossary/pac,0
glossary/packet,0
glossary/page_load_time,0
glossary/page_prediction,0
glossary/parameter,0
glossary/parent_object,0
glossary/parse,0
glossary/parser,0
glossary/payload_body,0
glossary/payload_header,0
glossary/pdf,0
glossary/perceived_performance,0
glossary/percent-encoding,0
glossary/php,0
glossary/physical_properties,0
glossary/pixel,0
glossary/placeholder_names,0
glossary/plaintext,0
glossary/plugin,0
glossary/png,0
glossary/polyfill,0
glossary/polymorphism,0
glossary/pop,0
glossary/port,0
glossary/prefetch,0
glossary/preflight_request,0
glossary/prerender,0
glossary/presto,0
glossary/primitive,0
glossary/principle_of_least_privilege,0
glossary/privileged,0
glossary/privileged_code,0
glossary/progressive_enhancement,0
glossary/progressive_web_apps,0
glossary/promise,0
glossary/property,0
glossary/property/css,0
glossary/property/javascript,0
glossary/protocol,0
glossary/prototype,0
glossary/prototype-based_programming,0
glossary/proxy_server,0
glossary/pseudo-class,0
glossary/pseudo-element,0
glossary/pseudocode,0
glossary/public-key_cryptography,0
glossary/python,0
glossary/quality_values,0
glossary/quaternion,0
glossary/quic,0
glossary/rail,0
glossary/raster_image,0
glossary/rate_limit,0
glossary/rdf,0
glossary/reading_order,0
glossary/real_user_monitoring,0
glossary/recursion,0
glossary/reflow,0
glossary/registrable_domain,0
glossary/regular_expression,0
glossary/relying_party,0
glossary/render_blocking,0
glossary/repaint,0
glossary/replaced_elements,0
glossary/replay_attack,0
glossary/repo,0
glossary/reporting_directive,0
glossary/representation_header,0
glossary/request_header,0
glossary/resource_timing,0
glossary/response_header,0
glossary/responsive_web_design,0
glossary/rest,0
glossary/rgb,0
glossary/ril,0
glossary/rng,0
glossary/robots.txt,0
glossary/round_trip_time,0
glossary/router,0
glossary/rss,0
glossary/rsync,0
glossary/rtcp,0
glossary/rtf,0
glossary/rtl,0
glossary/rtp,0
glossary/rtsp,0
glossary/ruby,0
glossary/safe,0
glossary/safe/http,0
glossary/salt,0
glossary/same-origin_policy,0
glossary/scm,0
glossary/scope,0
glossary/screen_reader,0
glossary/script-supporting_element,0
glossary/scroll_boundary,0
glossary/scroll_chaining,0
glossary/scroll_container,0
glossary/scroll_snap,0
glossary/sctp,0
glossary/sdk,0
glossary/sdp,0
glossary/search_engine,0
glossary/secure_context,0
glossary/semantics,0
glossary/seo,0
glossary/serializable_object,0
glossary/serialization,0
glossary/server,0
glossary/server_timing,0
glossary/session_hijacking,0
glossary/sgml,0
glossary/shadow_tree,0
glossary/shallow_copy,0
glossary/shim,0
glossary/signature,0
glossary/signature/function,0
glossary/signature/security,0
glossary/simd,0
glossary/sisd,0
glossary/site,0
glossary/site_map,0
glossary/sld,0
glossary/sloppy_mode,0
glossary/slug,0
glossary/smoke_test,0
glossary/smpte,0
glossary/smtp,0
glossary/snake_case,0
glossary/snap_positions,0
glossary/soap,0
glossary/social_engineering,0
glossary/source_map,0
glossary/spa,0
glossary/specification,0
glossary/speculative_parsing,0
glossary/speed_index,0
glossary/sql,0
glossary/sql_injection,0
glossary/sri,0
glossary/ssg,0
glossary/ssl,0
glossary/ssr,0
glossary/stacking_context,0
glossary/state_machine,0
glossary/statement,0
glossary/static_method,0
glossary/static_typing,0
glossary/sticky_activation,0
glossary/strict_mode,0
glossary/string,0
glossary/stringifier,0
glossary/stun,0
glossary/style_origin,0
glossary/style_sheet,0
glossary/submit_button,0
glossary/svg,0
glossary/svn,0
glossary/symbol,0
glossary/symmetric-key_cryptography,0
glossary/synchronous,0
glossary/syntax,0
glossary/syntax_error,0
glossary/synthetic_monitoring,0
glossary/table_grid_box,0
glossary/table_wrapper_box,0
glossary/tag,0
glossary/tcp,0
glossary/tcp_handshake,0
glossary/tcp_slow_start,0
glossary/telnet,0
glossary/texel,0
glossary/thread,0
glossary/three_js,0
glossary/throttle,0
glossary/time_to_first_byte,0
glossary/time_to_interactive,0
glossary/tld,0
glossary/tls,0
glossary/tofu,0
glossary/top_layer,0
glossary/transient_activation,0
glossary/tree_shaking,0
glossary/trident,0
glossary/truthy,0
glossary/ttl,0
glossary/turn,0
glossary/type,0
glossary/type_coercion,0
glossary/type_conversion,0
glossary/typescript,0
glossary/uaag,0
glossary/udp,0
glossary/ui,0
glossary/undefined,0
glossary/unicode,0
glossary/unix_time,0
glossary/uri,0
glossary/url,0
glossary/urn,0
glossary/usenet,0
glossary/user_agent,0
glossary/utf-16,0
glossary/utf-8,0
glossary/uuid,0
glossary/ux,0
glossary/validator,0
glossary/value,0
glossary/variable,0
glossary/vendor_prefix,0
glossary/viewport,0
glossary/visual_viewport,0
glossary/void_element,0
glossary/voip,0
glossary/w3c,0
glossary/wai,0
glossary/wcag,0
glossary/web_performance,0
glossary/web_server,0
glossary/web_standards,0
glossary/webassembly,0
glossary/webdav,0
glossary/webextensions,0
glossary/webgl,0
glossary/webidl,0
glossary/webkit,0
glossary/webm,0
glossary/webp,0
glossary/webrtc,0
glossary/websockets,0
glossary/webvtt,0
glossary/whatwg,0
glossary/whitespace,0
glossary/windowproxy,0
glossary/world_wide_web,0
glossary/wrapper,0
glossary/xforms,0
glossary/xhtml,0
glossary/xinclude,0
glossary/xlink,0
glossary/xml,0
glossary/xmlhttprequest,0
glossary/xpath,0
glossary/xquery,0
glossary/xslt,0
glossary/zstandard_compression,0
learn_web_development,0
learn_web_development/about,0
learn_web_development/changelog,0
learn_web_development/core,0
learn_web_development/core/accessibility,0
learn_web_development/core/accessibility/accessibility_troubleshooting,0
learn_web_development/core/accessibility/css_and_javascript,0
learn_web_development/core/accessibility/html,0
learn_web_development/core/accessibility/mobile,0
learn_web_development/core/accessibility/multimedia,0
learn_web_development/core/accessibility/test_your_skills,0
learn_web_development/core/accessibility/test_your_skills/css_and_javascript,0
learn_web_development/core/accessibility/test_your_skills/html,0
learn_web_development/core/accessibility/test_your_skills/wai-aria,0
learn_web_development/core/accessibility/tooling,0
learn_web_development/core/accessibility/wai-aria_basics,0
learn_web_development/core/accessibility/what_is_accessibility,0
learn_web_development/core/css_layout,0
learn_web_development/core/css_layout/flexbox,0
learn_web_development/core/css_layout/floats,0
learn_web_development/core/css_layout/fundamental_layout_comprehension,0
learn_web_development/core/css_layout/grids,0
learn_web_development/core/css_layout/introduction,0
learn_web_development/core/css_layout/legacy_layout_methods,0
learn_web_development/core/css_layout/media_queries,0
learn_web_development/core/css_layout/mobile-first_challenge,0
learn_web_development/core/css_layout/multiple-column_layout,0
learn_web_development/core/css_layout/positioning,0
learn_web_development/core/css_layout/practical_positioning_examples,0
learn_web_development/core/css_layout/responsive_design,0
learn_web_development/core/css_layout/supporting_older_browsers,0
learn_web_development/core/css_layout/test_your_skills,0
learn_web_development/core/css_layout/test_your_skills/flexbox,0
learn_web_development/core/css_layout/test_your_skills/floats,0
learn_web_development/core/css_layout/test_your_skills/grid,0
learn_web_development/core/css_layout/test_your_skills/position,0
learn_web_development/core/css_layout/test_your_skills/responsive_design,0
learn_web_development/core/design_for_developers,0
learn_web_development/core/frameworks_libraries,0
learn_web_development/core/frameworks_libraries/angular_building,0
learn_web_development/core/frameworks_libraries/angular_filtering,0
learn_web_development/core/frameworks_libraries/angular_getting_started,0
learn_web_development/core/frameworks_libraries/angular_item_component,0
learn_web_development/core/frameworks_libraries/angular_styling,0
learn_web_development/core/frameworks_libraries/angular_todo_list_beginning,0
learn_web_development/core/frameworks_libraries/ember_conditional_footer,0
learn_web_development/core/frameworks_libraries/ember_getting_started,0
learn_web_development/core/frameworks_libraries/ember_interactivity_events_state,0
learn_web_development/core/frameworks_libraries/ember_resources,0
learn_web_development/core/frameworks_libraries/ember_routing,0
learn_web_development/core/frameworks_libraries/ember_structure_componentization,0
learn_web_development/core/frameworks_libraries/introduction,0
learn_web_development/core/frameworks_libraries/main_features,0
learn_web_development/core/frameworks_libraries/react_accessibility,0
learn_web_development/core/frameworks_libraries/react_components,0
learn_web_development/core/frameworks_libraries/react_getting_started,0
learn_web_development/core/frameworks_libraries/react_interactivity_events_state,0
learn_web_development/core/frameworks_libraries/react_interactivity_filtering_conditional_rendering,0
learn_web_development/core/frameworks_libraries/react_resources,0
learn_web_development/core/frameworks_libraries/react_todo_list_beginning,0
learn_web_development/core/frameworks_libraries/svelte_components,0
learn_web_development/core/frameworks_libraries/svelte_deployment_next,0
learn_web_development/core/frameworks_libraries/svelte_getting_started,0
learn_web_development/core/frameworks_libraries/svelte_reactivity_lifecycle_accessibility,0
learn_web_development/core/frameworks_libraries/svelte_stores,0
learn_web_development/core/frameworks_libraries/svelte_todo_list_beginning,0
learn_web_development/core/frameworks_libraries/svelte_typescript,0
learn_web_development/core/frameworks_libraries/svelte_variables_props,0
learn_web_development/core/frameworks_libraries/vue_computed_properties,0
learn_web_development/core/frameworks_libraries/vue_conditional_rendering,0
learn_web_development/core/frameworks_libraries/vue_first_component,0
learn_web_development/core/frameworks_libraries/vue_getting_started,0
learn_web_development/core/frameworks_libraries/vue_methods_events_models,0
learn_web_development/core/frameworks_libraries/vue_refs_focus_management,0
learn_web_development/core/frameworks_libraries/vue_rendering_lists,0
learn_web_development/core/frameworks_libraries/vue_resources,0
learn_web_development/core/frameworks_libraries/vue_styling,0
learn_web_development/core/scripting,0
learn_web_development/core/scripting/a_first_splash,0
learn_web_development/core/scripting/arrays,0
learn_web_development/core/scripting/build_your_own_function,0
learn_web_development/core/scripting/conditionals,0
learn_web_development/core/scripting/debugging_javascript,0
learn_web_development/core/scripting/dom_scripting,0
learn_web_development/core/scripting/event_bubbling,0
learn_web_development/core/scripting/events,0
learn_web_development/core/scripting/functions,0
learn_web_development/core/scripting/house_data_ui,0
learn_web_development/core/scripting/image_gallery,0
learn_web_development/core/scripting/json,0
learn_web_development/core/scripting/loops,0
learn_web_development/core/scripting/math,0
learn_web_development/core/scripting/network_requests,0
learn_web_development/core/scripting/object_basics,0
learn_web_development/core/scripting/return_values,0
learn_web_development/core/scripting/silly_story_generator,0
learn_web_development/core/scripting/strings,0
learn_web_development/core/scripting/test_your_skills,0
learn_web_development/core/scripting/test_your_skills/arrays,0
learn_web_development/core/scripting/test_your_skills/conditionals,0
learn_web_development/core/scripting/test_your_skills/events,0
learn_web_development/core/scripting/test_your_skills/functions,0
learn_web_development/core/scripting/test_your_skills/json,0
learn_web_development/core/scripting/test_your_skills/loops,0
learn_web_development/core/scripting/test_your_skills/math,0
learn_web_development/core/scripting/test_your_skills/object_basics,0
learn_web_development/core/scripting/test_your_skills/strings,0
learn_web_development/core/scripting/test_your_skills/variables,0
learn_web_development/core/scripting/useful_string_methods,0
learn_web_development/core/scripting/variables,0
learn_web_development/core/scripting/what_is_javascript,0
learn_web_development/core/scripting/what_went_wrong,0
learn_web_development/core/structuring_content,0
learn_web_development/core/structuring_content/advanced_text_features,0
learn_web_development/core/structuring_content/basic_html_syntax,0
learn_web_development/core/structuring_content/creating_links,0
learn_web_development/core/structuring_content/debugging_html,0
learn_web_development/core/structuring_content/emphasis_and_importance,0
learn_web_development/core/structuring_content/forms_challenge,0
learn_web_development/core/structuring_content/general_embedding_technologies,0
learn_web_development/core/structuring_content/headings_and_paragraphs,0
learn_web_development/core/structuring_content/html_forms,0
learn_web_development/core/structuring_content/html_images,0
learn_web_development/core/structuring_content/html_table_basics,0
learn_web_development/core/structuring_content/html_video_and_audio,0
learn_web_development/core/structuring_content/including_vector_graphics_in_html,0
learn_web_development/core/structuring_content/lists,0
learn_web_development/core/structuring_content/marking_up_a_letter,0
learn_web_development/core/structuring_content/planet_data_table,0
learn_web_development/core/structuring_content/splash_page,0
learn_web_development/core/structuring_content/structuring_a_page_of_content,0
learn_web_development/core/structuring_content/structuring_documents,0
learn_web_development/core/structuring_content/table_accessibility,0
learn_web_development/core/structuring_content/test_your_skills,0
learn_web_development/core/structuring_content/test_your_skills/advanced_html_text,0
learn_web_development/core/structuring_content/test_your_skills/audio_and_video,0
learn_web_development/core/structuring_content/test_your_skills/forms_and_buttons,0
learn_web_development/core/structuring_content/test_your_skills/html_text_basics,0
learn_web_development/core/structuring_content/test_your_skills/images,0
learn_web_development/core/structuring_content/test_your_skills/links,0
learn_web_development/core/structuring_content/webpage_metadata,0
learn_web_development/core/styling_basics,0
learn_web_development/core/styling_basics/advanced_styling_effects,0
learn_web_development/core/styling_basics/attribute_selectors,0
learn_web_development/core/styling_basics/backgrounds_and_borders,0
learn_web_development/core/styling_basics/basic_selectors,0
learn_web_development/core/styling_basics/box_model,0
learn_web_development/core/styling_basics/cascade_layers,0
learn_web_development/core/styling_basics/combinators,0
learn_web_development/core/styling_basics/debugging_css,0
learn_web_development/core/styling_basics/fixing_blog_styles,0
learn_web_development/core/styling_basics/getting_started,0
learn_web_development/core/styling_basics/handling_conflicts,0
learn_web_development/core/styling_basics/handling_different_text_directions,0
learn_web_development/core/styling_basics/home_color_scheme_search,0
learn_web_development/core/styling_basics/images_media_forms,0
learn_web_development/core/styling_basics/organizing,0
learn_web_development/core/styling_basics/overflow,0
learn_web_development/core/styling_basics/pseudo_classes_and_elements,0
learn_web_development/core/styling_basics/size_decorate_content_panel,0
learn_web_development/core/styling_basics/sizing,0
learn_web_development/core/styling_basics/styling_a_bio_page,0
learn_web_development/core/styling_basics/tables,0
learn_web_development/core/styling_basics/test_your_skills,0
learn_web_development/core/styling_basics/test_your_skills/backgrounds_and_borders,0
learn_web_development/core/styling_basics/test_your_skills/box_model,0
learn_web_development/core/styling_basics/test_your_skills/cascade,0
learn_web_development/core/styling_basics/test_your_skills/images,0
learn_web_development/core/styling_basics/test_your_skills/overflow,0
learn_web_development/core/styling_basics/test_your_skills/selectors,0
learn_web_development/core/styling_basics/test_your_skills/sizing,0
learn_web_development/core/styling_basics/test_your_skills/values,0
learn_web_development/core/styling_basics/values_and_units,0
learn_web_development/core/styling_basics/what_is_css,0
learn_web_development/core/text_styling,0
learn_web_development/core/text_styling/fundamentals,0
learn_web_development/core/text_styling/styling_links,0
learn_web_development/core/text_styling/styling_lists,0
learn_web_development/core/text_styling/typesetting_a_homepage,0
learn_web_development/core/text_styling/web_fonts,0
learn_web_development/core/version_control,0
learn_web_development/educators,0
learn_web_development/extensions,0
learn_web_development/extensions/advanced_javascript_objects,0
learn_web_development/extensions/advanced_javascript_objects/adding_bouncing_balls_features,0
learn_web_development/extensions/advanced_javascript_objects/classes_in_javascript,0
learn_web_development/extensions/advanced_javascript_objects/object-oriented_programming,0
learn_web_development/extensions/advanced_javascript_objects/object_building_practice,0
learn_web_development/extensions/advanced_javascript_objects/object_prototypes,0
learn_web_development/extensions/advanced_javascript_objects/test_your_skills,0
learn_web_development/extensions/advanced_javascript_objects/test_your_skills/object-oriented_javascript,0
learn_web_development/extensions/async_js,0
learn_web_development/extensions/async_js/implementing_a_promise-based_api,0
learn_web_development/extensions/async_js/introducing,0
learn_web_development/extensions/async_js/introducing_workers,0
learn_web_development/extensions/async_js/promises,0
learn_web_development/extensions/async_js/sequencing_animations,0
learn_web_development/extensions/client-side_apis,0
learn_web_development/extensions/client-side_apis/client-side_storage,0
learn_web_development/extensions/client-side_apis/drawing_graphics,0
learn_web_development/extensions/client-side_apis/introduction,0
learn_web_development/extensions/client-side_apis/third_party_apis,0
learn_web_development/extensions/client-side_apis/video_and_audio_apis,0
learn_web_development/extensions/client-side_tools,0
learn_web_development/extensions/client-side_tools/deployment,0
learn_web_development/extensions/client-side_tools/introducing_complete_toolchain,0
learn_web_development/extensions/client-side_tools/overview,0
learn_web_development/extensions/client-side_tools/package_management,0
learn_web_development/extensions/forms,0
learn_web_development/extensions/forms/advanced_form_styling,0
learn_web_development/extensions/forms/basic_native_form_controls,0
learn_web_development/extensions/forms/customizable_select,0
learn_web_development/extensions/forms/customizable_select_listboxes,0
learn_web_development/extensions/forms/form_validation,0
learn_web_development/extensions/forms/how_to_build_custom_form_controls,0
learn_web_development/extensions/forms/how_to_build_custom_form_controls/example_1,0
learn_web_development/extensions/forms/how_to_build_custom_form_controls/example_2,0
learn_web_development/extensions/forms/how_to_build_custom_form_controls/example_3,0
learn_web_development/extensions/forms/how_to_build_custom_form_controls/example_4,0
learn_web_development/extensions/forms/how_to_build_custom_form_controls/example_5,0
learn_web_development/extensions/forms/how_to_structure_a_web_form,0
learn_web_development/extensions/forms/how_to_structure_a_web_form/example,0
learn_web_development/extensions/forms/html5_input_types,0
learn_web_development/extensions/forms/html_forms_in_legacy_browsers,0
learn_web_development/extensions/forms/other_form_controls,0
learn_web_development/extensions/forms/sending_and_retrieving_form_data,0
learn_web_development/extensions/forms/sending_forms_through_javascript,0
learn_web_development/extensions/forms/styling_web_forms,0
learn_web_development/extensions/forms/ui_pseudo-classes,0
learn_web_development/extensions/forms/user_input_methods,0
learn_web_development/extensions/forms/your_first_form,0
learn_web_development/extensions/performance,0
learn_web_development/extensions/performance/best_practices,0
learn_web_development/extensions/performance/business_case_for_performance,0
learn_web_development/extensions/performance/css,0
learn_web_development/extensions/performance/html,0
learn_web_development/extensions/performance/javascript,0
learn_web_development/extensions/performance/measuring_performance,0
learn_web_development/extensions/performance/multimedia,0
learn_web_development/extensions/performance/perceived_performance,0
learn_web_development/extensions/performance/video,0
learn_web_development/extensions/performance/what_is_web_performance,0
learn_web_development/extensions/performance/why_web_performance,0
learn_web_development/extensions/server-side,0
learn_web_development/extensions/server-side/apache_configuration_htaccess,0
learn_web_development/extensions/server-side/configuring_server_mime_types,0
learn_web_development/extensions/server-side/django,0
learn_web_development/extensions/server-side/django/admin_site,0
learn_web_development/extensions/server-side/django/authentication,0
learn_web_development/extensions/server-side/django/deployment,0
learn_web_development/extensions/server-side/django/development_environment,0
learn_web_development/extensions/server-side/django/django_assessment_blog,0
learn_web_development/extensions/server-side/django/forms,0
learn_web_development/extensions/server-side/django/generic_views,0
learn_web_development/extensions/server-side/django/home_page,0
learn_web_development/extensions/server-side/django/introduction,0
learn_web_development/extensions/server-side/django/models,0
learn_web_development/extensions/server-side/django/sessions,0
learn_web_development/extensions/server-side/django/skeleton_website,0
learn_web_development/extensions/server-side/django/testing,0
learn_web_development/extensions/server-side/django/tutorial_local_library_website,0
learn_web_development/extensions/server-side/django/web_application_security,0
learn_web_development/extensions/server-side/express_nodejs,0
learn_web_development/extensions/server-side/express_nodejs/deployment,0
learn_web_development/extensions/server-side/express_nodejs/development_environment,0
learn_web_development/extensions/server-side/express_nodejs/displaying_data,0
learn_web_development/extensions/server-side/express_nodejs/displaying_data/author_detail_page,0
learn_web_development/extensions/server-side/express_nodejs/displaying_data/author_list_page,0
learn_web_development/extensions/server-side/express_nodejs/displaying_data/book_detail_page,0
learn_web_development/extensions/server-side/express_nodejs/displaying_data/book_list_page,0
learn_web_development/extensions/server-side/express_nodejs/displaying_data/bookinstance_detail_page_and_challenge,0
learn_web_development/extensions/server-side/express_nodejs/displaying_data/bookinstance_list_page,0
learn_web_development/extensions/server-side/express_nodejs/displaying_data/date_formatting_using_moment,0
learn_web_development/extensions/server-side/express_nodejs/displaying_data/genre_detail_page,0
learn_web_development/extensions/server-side/express_nodejs/displaying_data/home_page,0
learn_web_development/extensions/server-side/express_nodejs/displaying_data/locallibrary_base_template,0
learn_web_development/extensions/server-side/express_nodejs/displaying_data/template_primer,0
learn_web_development/extensions/server-side/express_nodejs/forms,0
learn_web_development/extensions/server-side/express_nodejs/forms/create_author_form,0
learn_web_development/extensions/server-side/express_nodejs/forms/create_book_form,0
learn_web_development/extensions/server-side/express_nodejs/forms/create_bookinstance_form,0
learn_web_development/extensions/server-side/express_nodejs/forms/create_genre_form,0
learn_web_development/extensions/server-side/express_nodejs/forms/delete_author_form,0
learn_web_development/extensions/server-side/express_nodejs/forms/update_book_form,0
learn_web_development/extensions/server-side/express_nodejs/introduction,0
learn_web_development/extensions/server-side/express_nodejs/mongoose,0
learn_web_development/extensions/server-side/express_nodejs/routes,0
learn_web_development/extensions/server-side/express_nodejs/skeleton_website,0
learn_web_development/extensions/server-side/express_nodejs/tutorial_local_library_website,0
learn_web_development/extensions/server-side/first_steps,0
learn_web_development/extensions/server-side/first_steps/client-server_overview,0
learn_web_development/extensions/server-side/first_steps/introduction,0
learn_web_development/extensions/server-side/first_steps/web_frameworks,0
learn_web_development/extensions/server-side/first_steps/website_security,0
learn_web_development/extensions/server-side/node_server_without_framework,0
learn_web_development/extensions/testing,0
learn_web_development/extensions/testing/automated_testing,0
learn_web_development/extensions/testing/feature_detection,0
learn_web_development/extensions/testing/html_and_css,0
learn_web_development/extensions/testing/introduction,0
learn_web_development/extensions/testing/testing_strategies,0
learn_web_development/extensions/testing/your_own_automation_environment,0
learn_web_development/getting_started,0
learn_web_development/getting_started/environment_setup,0
learn_web_development/getting_started/environment_setup/browsing_the_web,0
learn_web_development/getting_started/environment_setup/code_editors,0
learn_web_development/getting_started/environment_setup/command_line,0
learn_web_development/getting_started/environment_setup/dealing_with_files,0
learn_web_development/getting_started/environment_setup/installing_software,0
learn_web_development/getting_started/soft_skills,0
learn_web_development/getting_started/soft_skills/collaboration_and_teamwork,0
learn_web_development/getting_started/soft_skills/finding_a_job,0
learn_web_development/getting_started/soft_skills/research_and_learning,0
learn_web_development/getting_started/soft_skills/workflows_and_processes,0
learn_web_development/getting_started/web_standards,0
learn_web_development/getting_started/web_standards/how_browsers_load_websites,0
learn_web_development/getting_started/web_standards/how_the_web_works,0
learn_web_development/getting_started/web_standards/the_web_standards_model,0
learn_web_development/getting_started/your_first_website,0
learn_web_development/getting_started/your_first_website/adding_interactivity,0
learn_web_development/getting_started/your_first_website/creating_the_content,0
learn_web_development/getting_started/your_first_website/publishing_your_website,0
learn_web_development/getting_started/your_first_website/styling_the_content,0
learn_web_development/getting_started/your_first_website/what_will_your_website_look_like,0
learn_web_development/howto,0
learn_web_development/howto/design_and_accessibility,0
learn_web_development/howto/design_and_accessibility/common_web_layouts,0
learn_web_development/howto/design_and_accessibility/design_for_all_types_of_users,0
learn_web_development/howto/design_and_accessibility/html_features_for_accessibility,0
learn_web_development/howto/design_and_accessibility/thinking_before_coding,0
learn_web_development/howto/design_and_accessibility/what_is_accessibility,0
learn_web_development/howto/solve_css_problems,0
learn_web_development/howto/solve_css_problems/add_a_shadow,0
learn_web_development/howto/solve_css_problems/add_a_text_shadow,0
learn_web_development/howto/solve_css_problems/center_an_item,0
learn_web_development/howto/solve_css_problems/create_fancy_boxes,0
learn_web_development/howto/solve_css_problems/css_faq,0
learn_web_development/howto/solve_css_problems/fill_a_box_with_an_image,0
learn_web_development/howto/solve_css_problems/generated_content,0
learn_web_development/howto/solve_css_problems/highlight_first_line,0
learn_web_development/howto/solve_css_problems/highlight_first_para,0
learn_web_development/howto/solve_css_problems/highlight_para_after_h1,0
learn_web_development/howto/solve_css_problems/make_box_transparent,0
learn_web_development/howto/solve_css_problems/transition_button,0
learn_web_development/howto/solve_html_problems,0
learn_web_development/howto/solve_javascript_problems,0
learn_web_development/howto/tools_and_setup,0
learn_web_development/howto/tools_and_setup/available_text_editors,0
learn_web_development/howto/tools_and_setup/checking_that_your_web_site_is_working_properly,0
learn_web_development/howto/tools_and_setup/how_much_does_it_cost,0
learn_web_development/howto/tools_and_setup/set_up_a_local_testing_server,0
learn_web_development/howto/tools_and_setup/upload_files_to_a_web_server,0
learn_web_development/howto/tools_and_setup/using_github_pages,0
learn_web_development/howto/tools_and_setup/what_are_browser_developer_tools,0
learn_web_development/howto/tools_and_setup/what_software_do_i_need,0
learn_web_development/howto/web_mechanics,0
learn_web_development/howto/web_mechanics/file_browser_bugs,0
learn_web_development/howto/web_mechanics/how_does_the_internet_work,0
learn_web_development/howto/web_mechanics/what_are_hyperlinks,0
learn_web_development/howto/web_mechanics/what_is_a_domain_name,0
learn_web_development/howto/web_mechanics/what_is_a_url,0
learn_web_development/howto/web_mechanics/what_is_a_web_server,0
mdn,0
mdn/community,0
mdn/community/communication_channels,0
mdn/community/community_participation_guidelines,0
mdn/community/discussions,0
mdn/community/discussions/managing_and_resolving_discussions,0
mdn/community/getting_started,0
mdn/community/issues,0
mdn/community/issues/content_suggestions_feature_proposals,0
mdn/community/learn_forum,0
mdn/community/open_source_etiquette,0
mdn/community/our_repositories,0
mdn/community/pull_requests,0
mdn/community/roles_teams,0
mdn/community/translated_content,0
mdn/guides,0
mdn/kitchensink,0
mdn/tutorials,0
mdn/writing_guidelines,0
mdn/writing_guidelines/attrib_copyright_license,0
mdn/writing_guidelines/changelog,0
mdn/writing_guidelines/code_style_guide,0
mdn/writing_guidelines/code_style_guide/css,0
mdn/writing_guidelines/code_style_guide/html,0
mdn/writing_guidelines/code_style_guide/javascript,0
mdn/writing_guidelines/code_style_guide/shell,0
mdn/writing_guidelines/criteria_for_inclusion,0
mdn/writing_guidelines/experimental_deprecated_obsolete,0
mdn/writing_guidelines/howto,0
mdn/writing_guidelines/howto/creating_moving_deleting,0
mdn/writing_guidelines/howto/document_a_css_property,0
mdn/writing_guidelines/howto/document_an_http_header,0
mdn/writing_guidelines/howto/document_web_errors,0
mdn/writing_guidelines/howto/images_media,0
mdn/writing_guidelines/howto/json_structured_data,0
mdn/writing_guidelines/howto/markdown_in_mdn,0
mdn/writing_guidelines/howto/research_technology,0
mdn/writing_guidelines/howto/retiring_content,0
mdn/writing_guidelines/howto/retiring_content/retired_content,0
mdn/writing_guidelines/howto/write_a_new_entry_in_the_glossary,0
mdn/writing_guidelines/howto/write_an_api_reference,0
mdn/writing_guidelines/howto/write_an_api_reference/information_contained_in_a_webidl_file,0
mdn/writing_guidelines/howto/write_an_api_reference/sidebars,0
mdn/writing_guidelines/learning_content,0
mdn/writing_guidelines/page_structures,0
mdn/writing_guidelines/page_structures/banners_and_notices,0
mdn/writing_guidelines/page_structures/code_examples,0
mdn/writing_guidelines/page_structures/compatibility_tables,0
mdn/writing_guidelines/page_structures/feature_status,0
mdn/writing_guidelines/page_structures/links,0
mdn/writing_guidelines/page_structures/live_samples,0
mdn/writing_guidelines/page_structures/macros,0
mdn/writing_guidelines/page_structures/macros/commonly_used_macros,0
mdn/writing_guidelines/page_structures/macros/other,0
mdn/writing_guidelines/page_structures/page_types,0
mdn/writing_guidelines/page_structures/page_types/api_constructor_subpage_template,0
mdn/writing_guidelines/page_structures/page_types/api_event_subpage_template,0
mdn/writing_guidelines/page_structures/page_types/api_landing_page_template,0
mdn/writing_guidelines/page_structures/page_types/api_method_subpage_template,0
mdn/writing_guidelines/page_structures/page_types/api_property_subpage_template,0
mdn/writing_guidelines/page_structures/page_types/api_reference_page_template,0
mdn/writing_guidelines/page_structures/page_types/aria_page_template,0
mdn/writing_guidelines/page_structures/page_types/css_function_page_template,0
mdn/writing_guidelines/page_structures/page_types/css_module_page_template,0
mdn/writing_guidelines/page_structures/page_types/css_property_page_template,0
mdn/writing_guidelines/page_structures/page_types/css_selector_page_template,0
mdn/writing_guidelines/page_structures/page_types/glossary_page_template,0
mdn/writing_guidelines/page_structures/page_types/html_attribute_page_template,0
mdn/writing_guidelines/page_structures/page_types/html_element_page_template,0
mdn/writing_guidelines/page_structures/page_types/http_header_page_template,0
mdn/writing_guidelines/page_structures/page_types/page_type_key,0
mdn/writing_guidelines/page_structures/page_types/svg_element_page_template,0
mdn/writing_guidelines/page_structures/polyfills,0
mdn/writing_guidelines/page_structures/sidebars,0
mdn/writing_guidelines/page_structures/specification_tables,0
mdn/writing_guidelines/page_structures/syntax_sections,0
mdn/writing_guidelines/what_we_write,0
mdn/writing_guidelines/writing_style_guide,0
mozilla,0
mozilla/add-ons,0
mozilla/add-ons/contact_us,0
mozilla/add-ons/webextensions,0
mozilla/add-ons/webextensions/add_a_button_to_the_toolbar,0
mozilla/add-ons/webextensions/anatomy_of_a_webextension,0
mozilla/add-ons/webextensions/api,0
mozilla/add-ons/webextensions/api/action,0
mozilla/add-ons/webextensions/api/action/colorarray,0
mozilla/add-ons/webextensions/api/action/disable,0
mozilla/add-ons/webextensions/api/action/enable,0
mozilla/add-ons/webextensions/api/action/getbadgebackgroundcolor,0
mozilla/add-ons/webextensions/api/action/getbadgetext,0
mozilla/add-ons/webextensions/api/action/getbadgetextcolor,0
mozilla/add-ons/webextensions/api/action/getpopup,0
mozilla/add-ons/webextensions/api/action/gettitle,0
mozilla/add-ons/webextensions/api/action/getusersettings,0
mozilla/add-ons/webextensions/api/action/imagedatatype,0
mozilla/add-ons/webextensions/api/action/isenabled,0
mozilla/add-ons/webextensions/api/action/onclicked,0
mozilla/add-ons/webextensions/api/action/onusersettingschanged,0
mozilla/add-ons/webextensions/api/action/openpopup,0
mozilla/add-ons/webextensions/api/action/setbadgebackgroundcolor,0
mozilla/add-ons/webextensions/api/action/setbadgetext,0
mozilla/add-ons/webextensions/api/action/setbadgetextcolor,0
mozilla/add-ons/webextensions/api/action/seticon,0
mozilla/add-ons/webextensions/api/action/setpopup,0
mozilla/add-ons/webextensions/api/action/settitle,0
mozilla/add-ons/webextensions/api/alarms,0
mozilla/add-ons/webextensions/api/alarms/alarm,0
mozilla/add-ons/webextensions/api/alarms/clear,0
mozilla/add-ons/webextensions/api/alarms/clearall,0
mozilla/add-ons/webextensions/api/alarms/create,0
mozilla/add-ons/webextensions/api/alarms/get,0
mozilla/add-ons/webextensions/api/alarms/getall,0
mozilla/add-ons/webextensions/api/alarms/onalarm,0
mozilla/add-ons/webextensions/api/bookmarks,0
mozilla/add-ons/webextensions/api/bookmarks/bookmarktreenode,0
mozilla/add-ons/webextensions/api/bookmarks/bookmarktreenodetype,0
mozilla/add-ons/webextensions/api/bookmarks/bookmarktreenodeunmodifiable,0
mozilla/add-ons/webextensions/api/bookmarks/create,0
mozilla/add-ons/webextensions/api/bookmarks/createdetails,0
mozilla/add-ons/webextensions/api/bookmarks/get,0
mozilla/add-ons/webextensions/api/bookmarks/getchildren,0
mozilla/add-ons/webextensions/api/bookmarks/getrecent,0
mozilla/add-ons/webextensions/api/bookmarks/getsubtree,0
mozilla/add-ons/webextensions/api/bookmarks/gettree,0
mozilla/add-ons/webextensions/api/bookmarks/move,0
mozilla/add-ons/webextensions/api/bookmarks/onchanged,0
mozilla/add-ons/webextensions/api/bookmarks/onchildrenreordered,0
mozilla/add-ons/webextensions/api/bookmarks/oncreated,0
mozilla/add-ons/webextensions/api/bookmarks/onimportbegan,0
mozilla/add-ons/webextensions/api/bookmarks/onimportended,0
mozilla/add-ons/webextensions/api/bookmarks/onmoved,0
mozilla/add-ons/webextensions/api/bookmarks/onremoved,0
mozilla/add-ons/webextensions/api/bookmarks/remove,0
mozilla/add-ons/webextensions/api/bookmarks/removetree,0
mozilla/add-ons/webextensions/api/bookmarks/search,0
mozilla/add-ons/webextensions/api/bookmarks/update,0
mozilla/add-ons/webextensions/api/browseraction,0
mozilla/add-ons/webextensions/api/browseraction/colorarray,0
mozilla/add-ons/webextensions/api/browseraction/disable,0
mozilla/add-ons/webextensions/api/browseraction/enable,0
mozilla/add-ons/webextensions/api/browseraction/getbadgebackgroundcolor,0
mozilla/add-ons/webextensions/api/browseraction/getbadgetext,0
mozilla/add-ons/webextensions/api/browseraction/getbadgetextcolor,0
mozilla/add-ons/webextensions/api/browseraction/getpopup,0
mozilla/add-ons/webextensions/api/browseraction/gettitle,0
mozilla/add-ons/webextensions/api/browseraction/getusersettings,0
mozilla/add-ons/webextensions/api/browseraction/imagedatatype,0
mozilla/add-ons/webextensions/api/browseraction/isenabled,0
mozilla/add-ons/webextensions/api/browseraction/onclicked,0
mozilla/add-ons/webextensions/api/browseraction/onusersettingschanged,0
mozilla/add-ons/webextensions/api/browseraction/openpopup,0
mozilla/add-ons/webextensions/api/browseraction/setbadgebackgroundcolor,0
mozilla/add-ons/webextensions/api/browseraction/setbadgetext,0
mozilla/add-ons/webextensions/api/browseraction/setbadgetextcolor,0
mozilla/add-ons/webextensions/api/browseraction/seticon,0
mozilla/add-ons/webextensions/api/browseraction/setpopup,0
mozilla/add-ons/webextensions/api/browseraction/settitle,0
mozilla/add-ons/webextensions/api/browsersettings,0
mozilla/add-ons/webextensions/api/browsersettings/allowpopupsforuserevents,0
mozilla/add-ons/webextensions/api/browsersettings/cacheenabled,0
mozilla/add-ons/webextensions/api/browsersettings/closetabsbydoubleclick,0
mozilla/add-ons/webextensions/api/browsersettings/colormanagement,0
mozilla/add-ons/webextensions/api/browsersettings/contextmenushowevent,0
mozilla/add-ons/webextensions/api/browsersettings/ftpprotocolenabled,0
mozilla/add-ons/webextensions/api/browsersettings/homepageoverride,0
mozilla/add-ons/webextensions/api/browsersettings/imageanimationbehavior,0
mozilla/add-ons/webextensions/api/browsersettings/newtabpageoverride,0
mozilla/add-ons/webextensions/api/browsersettings/newtabposition,0
mozilla/add-ons/webextensions/api/browsersettings/openbookmarksinnewtabs,0
mozilla/add-ons/webextensions/api/browsersettings/opensearchresultsinnewtabs,0
mozilla/add-ons/webextensions/api/browsersettings/openurlbarresultsinnewtabs,0
mozilla/add-ons/webextensions/api/browsersettings/overridecontentcolorscheme,0
mozilla/add-ons/webextensions/api/browsersettings/overridedocumentcolors,0
mozilla/add-ons/webextensions/api/browsersettings/tlsversionrestrictionconfig,0
mozilla/add-ons/webextensions/api/browsersettings/usedocumentfonts,0
mozilla/add-ons/webextensions/api/browsersettings/verticaltabs,0
mozilla/add-ons/webextensions/api/browsersettings/webnotificationsdisabled,0
mozilla/add-ons/webextensions/api/browsersettings/zoomfullpage,0
mozilla/add-ons/webextensions/api/browsersettings/zoomsitespecific,0
mozilla/add-ons/webextensions/api/browsingdata,0
mozilla/add-ons/webextensions/api/browsingdata/datatypeset,0
mozilla/add-ons/webextensions/api/browsingdata/removaloptions,0
mozilla/add-ons/webextensions/api/browsingdata/remove,0
mozilla/add-ons/webextensions/api/browsingdata/removecache,0
mozilla/add-ons/webextensions/api/browsingdata/removecookies,0
mozilla/add-ons/webextensions/api/browsingdata/removedownloads,0
mozilla/add-ons/webextensions/api/browsingdata/removeformdata,0
mozilla/add-ons/webextensions/api/browsingdata/removehistory,0
mozilla/add-ons/webextensions/api/browsingdata/removelocalstorage,0
mozilla/add-ons/webextensions/api/browsingdata/removepasswords,0
mozilla/add-ons/webextensions/api/browsingdata/removeplugindata,0
mozilla/add-ons/webextensions/api/browsingdata/settings,0
mozilla/add-ons/webextensions/api/captiveportal,0
mozilla/add-ons/webextensions/api/captiveportal/canonicalurl,0
mozilla/add-ons/webextensions/api/captiveportal/getlastchecked,0
mozilla/add-ons/webextensions/api/captiveportal/getstate,0
mozilla/add-ons/webextensions/api/captiveportal/onconnectivityavailable,0
mozilla/add-ons/webextensions/api/captiveportal/onstatechanged,0
mozilla/add-ons/webextensions/api/clipboard,0
mozilla/add-ons/webextensions/api/clipboard/setimagedata,0
mozilla/add-ons/webextensions/api/commands,0
mozilla/add-ons/webextensions/api/commands/command,0
mozilla/add-ons/webextensions/api/commands/getall,0
mozilla/add-ons/webextensions/api/commands/onchanged,0
mozilla/add-ons/webextensions/api/commands/oncommand,0
mozilla/add-ons/webextensions/api/commands/openshortcutsettings,0
mozilla/add-ons/webextensions/api/commands/reset,0
mozilla/add-ons/webextensions/api/commands/update,0
mozilla/add-ons/webextensions/api/contentscripts,0
mozilla/add-ons/webextensions/api/contentscripts/register,0
mozilla/add-ons/webextensions/api/contentscripts/registeredcontentscript,0
mozilla/add-ons/webextensions/api/contentscripts/registeredcontentscript/unregister,0
mozilla/add-ons/webextensions/api/contextualidentities,0
mozilla/add-ons/webextensions/api/contextualidentities/contextualidentity,0
mozilla/add-ons/webextensions/api/contextualidentities/create,0
mozilla/add-ons/webextensions/api/contextualidentities/get,0
mozilla/add-ons/webextensions/api/contextualidentities/getsupportedcolors,0
mozilla/add-ons/webextensions/api/contextualidentities/getsupportedicons,0
mozilla/add-ons/webextensions/api/contextualidentities/move,0
mozilla/add-ons/webextensions/api/contextualidentities/oncreated,0
mozilla/add-ons/webextensions/api/contextualidentities/onremoved,0
mozilla/add-ons/webextensions/api/contextualidentities/onupdated,0
mozilla/add-ons/webextensions/api/contextualidentities/query,0
mozilla/add-ons/webextensions/api/contextualidentities/remove,0
mozilla/add-ons/webextensions/api/contextualidentities/update,0
mozilla/add-ons/webextensions/api/cookies,0
mozilla/add-ons/webextensions/api/cookies/cookie,0
mozilla/add-ons/webextensions/api/cookies/cookiestore,0
mozilla/add-ons/webextensions/api/cookies/get,0
mozilla/add-ons/webextensions/api/cookies/getall,0
mozilla/add-ons/webextensions/api/cookies/getallcookiestores,0
mozilla/add-ons/webextensions/api/cookies/onchanged,0
mozilla/add-ons/webextensions/api/cookies/onchangedcause,0
mozilla/add-ons/webextensions/api/cookies/remove,0
mozilla/add-ons/webextensions/api/cookies/samesitestatus,0
mozilla/add-ons/webextensions/api/cookies/set,0
mozilla/add-ons/webextensions/api/declarativenetrequest,0
mozilla/add-ons/webextensions/api/declarativenetrequest/dynamic_ruleset_id,0
mozilla/add-ons/webextensions/api/declarativenetrequest/getavailablestaticrulecount,0
mozilla/add-ons/webextensions/api/declarativenetrequest/getdisabledruleids,0
mozilla/add-ons/webextensions/api/declarativenetrequest/getdynamicrules,0
mozilla/add-ons/webextensions/api/declarativenetrequest/getenabledrulesets,0
mozilla/add-ons/webextensions/api/declarativenetrequest/getmatchedrules,0
mozilla/add-ons/webextensions/api/declarativenetrequest/getmatchedrules_quota_interval,0
mozilla/add-ons/webextensions/api/declarativenetrequest/getsessionrules,0
mozilla/add-ons/webextensions/api/declarativenetrequest/guaranteed_minimum_static_rules,0
mozilla/add-ons/webextensions/api/declarativenetrequest/headerinfo,0
mozilla/add-ons/webextensions/api/declarativenetrequest/isregexsupported,0
mozilla/add-ons/webextensions/api/declarativenetrequest/matchedrule,0
mozilla/add-ons/webextensions/api/declarativenetrequest/max_getmatchedrules_calls_per_interval,0
mozilla/add-ons/webextensions/api/declarativenetrequest/max_number_of_disabled_static_rules,0
mozilla/add-ons/webextensions/api/declarativenetrequest/max_number_of_dynamic_and_session_rules,0
mozilla/add-ons/webextensions/api/declarativenetrequest/max_number_of_dynamic_rules,0
mozilla/add-ons/webextensions/api/declarativenetrequest/max_number_of_enabled_static_rulesets,0
mozilla/add-ons/webextensions/api/declarativenetrequest/max_number_of_regex_rules,0
mozilla/add-ons/webextensions/api/declarativenetrequest/max_number_of_session_rules,0
mozilla/add-ons/webextensions/api/declarativenetrequest/max_number_of_static_rulesets,0
mozilla/add-ons/webextensions/api/declarativenetrequest/modifyheaderinfo,0
mozilla/add-ons/webextensions/api/declarativenetrequest/onrulematcheddebug,0
mozilla/add-ons/webextensions/api/declarativenetrequest/redirect,0
mozilla/add-ons/webextensions/api/declarativenetrequest/resourcetype,0
mozilla/add-ons/webextensions/api/declarativenetrequest/rule,0
mozilla/add-ons/webextensions/api/declarativenetrequest/ruleaction,0
mozilla/add-ons/webextensions/api/declarativenetrequest/rulecondition,0
mozilla/add-ons/webextensions/api/declarativenetrequest/session_ruleset_id,0
mozilla/add-ons/webextensions/api/declarativenetrequest/setextensionactionoptions,0
mozilla/add-ons/webextensions/api/declarativenetrequest/testmatchoutcome,0
mozilla/add-ons/webextensions/api/declarativenetrequest/updatedynamicrules,0
mozilla/add-ons/webextensions/api/declarativenetrequest/updateenabledrulesets,0
mozilla/add-ons/webextensions/api/declarativenetrequest/updatesessionrules,0
mozilla/add-ons/webextensions/api/declarativenetrequest/updatestaticrules,0
mozilla/add-ons/webextensions/api/declarativenetrequest/urltransform,0
mozilla/add-ons/webextensions/api/devtools,0
mozilla/add-ons/webextensions/api/devtools/inspectedwindow,0
mozilla/add-ons/webextensions/api/devtools/inspectedwindow/eval,0
mozilla/add-ons/webextensions/api/devtools/inspectedwindow/reload,0
mozilla/add-ons/webextensions/api/devtools/inspectedwindow/tabid,0
mozilla/add-ons/webextensions/api/devtools/network,0
mozilla/add-ons/webextensions/api/devtools/network/gethar,0
mozilla/add-ons/webextensions/api/devtools/network/onnavigated,0
mozilla/add-ons/webextensions/api/devtools/network/onrequestfinished,0
mozilla/add-ons/webextensions/api/devtools/panels,0
mozilla/add-ons/webextensions/api/devtools/panels/create,0
mozilla/add-ons/webextensions/api/devtools/panels/elements,0
mozilla/add-ons/webextensions/api/devtools/panels/elementspanel,0
mozilla/add-ons/webextensions/api/devtools/panels/elementspanel/createsidebarpane,0
mozilla/add-ons/webextensions/api/devtools/panels/elementspanel/onselectionchanged,0
mozilla/add-ons/webextensions/api/devtools/panels/extensionpanel,0
mozilla/add-ons/webextensions/api/devtools/panels/extensionsidebarpane,0
mozilla/add-ons/webextensions/api/devtools/panels/extensionsidebarpane/onhidden,0
mozilla/add-ons/webextensions/api/devtools/panels/extensionsidebarpane/onshown,0
mozilla/add-ons/webextensions/api/devtools/panels/extensionsidebarpane/setexpression,0
mozilla/add-ons/webextensions/api/devtools/panels/extensionsidebarpane/setobject,0
mozilla/add-ons/webextensions/api/devtools/panels/extensionsidebarpane/setpage,0
mozilla/add-ons/webextensions/api/devtools/panels/onthemechanged,0
mozilla/add-ons/webextensions/api/devtools/panels/themename,0
mozilla/add-ons/webextensions/api/dns,0
mozilla/add-ons/webextensions/api/dns/resolve,0
mozilla/add-ons/webextensions/api/dom,0
mozilla/add-ons/webextensions/api/dom/openorclosedshadowroot,0
mozilla/add-ons/webextensions/api/downloads,0
mozilla/add-ons/webextensions/api/downloads/acceptdanger,0
mozilla/add-ons/webextensions/api/downloads/booleandelta,0
mozilla/add-ons/webextensions/api/downloads/cancel,0
mozilla/add-ons/webextensions/api/downloads/dangertype,0
mozilla/add-ons/webextensions/api/downloads/doubledelta,0
mozilla/add-ons/webextensions/api/downloads/download,0
mozilla/add-ons/webextensions/api/downloads/downloaditem,0
mozilla/add-ons/webextensions/api/downloads/downloadquery,0
mozilla/add-ons/webextensions/api/downloads/downloadtime,0
mozilla/add-ons/webextensions/api/downloads/erase,0
mozilla/add-ons/webextensions/api/downloads/filenameconflictaction,0
mozilla/add-ons/webextensions/api/downloads/getfileicon,0
mozilla/add-ons/webextensions/api/downloads/interruptreason,0
mozilla/add-ons/webextensions/api/downloads/onchanged,0
mozilla/add-ons/webextensions/api/downloads/oncreated,0
mozilla/add-ons/webextensions/api/downloads/onerased,0
mozilla/add-ons/webextensions/api/downloads/open,0
mozilla/add-ons/webextensions/api/downloads/pause,0
mozilla/add-ons/webextensions/api/downloads/removefile,0
mozilla/add-ons/webextensions/api/downloads/resume,0
mozilla/add-ons/webextensions/api/downloads/search,0
mozilla/add-ons/webextensions/api/downloads/setshelfenabled,0
mozilla/add-ons/webextensions/api/downloads/show,0
mozilla/add-ons/webextensions/api/downloads/showdefaultfolder,0
mozilla/add-ons/webextensions/api/downloads/state,0
mozilla/add-ons/webextensions/api/downloads/stringdelta,0
mozilla/add-ons/webextensions/api/events,0
mozilla/add-ons/webextensions/api/events/event,0
mozilla/add-ons/webextensions/api/events/event/addlistener,0
mozilla/add-ons/webextensions/api/events/event/addrules,0
mozilla/add-ons/webextensions/api/events/event/getrules,0
mozilla/add-ons/webextensions/api/events/event/haslistener,0
mozilla/add-ons/webextensions/api/events/event/haslisteners,0
mozilla/add-ons/webextensions/api/events/event/removelistener,0
mozilla/add-ons/webextensions/api/events/event/removerules,0
mozilla/add-ons/webextensions/api/events/rule,0
mozilla/add-ons/webextensions/api/events/urlfilter,0
mozilla/add-ons/webextensions/api/extension,0
mozilla/add-ons/webextensions/api/extension/getbackgroundpage,0
mozilla/add-ons/webextensions/api/extension/getextensiontabs,0
mozilla/add-ons/webextensions/api/extension/geturl,0
mozilla/add-ons/webextensions/api/extension/getviews,0
mozilla/add-ons/webextensions/api/extension/inincognitocontext,0
mozilla/add-ons/webextensions/api/extension/isallowedfileschemeaccess,0
mozilla/add-ons/webextensions/api/extension/isallowedincognitoaccess,0
mozilla/add-ons/webextensions/api/extension/lasterror,0
mozilla/add-ons/webextensions/api/extension/onrequest,0
mozilla/add-ons/webextensions/api/extension/onrequestexternal,0
mozilla/add-ons/webextensions/api/extension/sendrequest,0
mozilla/add-ons/webextensions/api/extension/setupdateurldata,0
mozilla/add-ons/webextensions/api/extension/viewtype,0
mozilla/add-ons/webextensions/api/extensiontypes,0
mozilla/add-ons/webextensions/api/extensiontypes/imagedetails,0
mozilla/add-ons/webextensions/api/extensiontypes/imageformat,0
mozilla/add-ons/webextensions/api/extensiontypes/injectdetails,0
mozilla/add-ons/webextensions/api/extensiontypes/runat,0
mozilla/add-ons/webextensions/api/find,0
mozilla/add-ons/webextensions/api/find/find,0
mozilla/add-ons/webextensions/api/find/highlightresults,0
mozilla/add-ons/webextensions/api/find/removehighlighting,0
mozilla/add-ons/webextensions/api/history,0
mozilla/add-ons/webextensions/api/history/addurl,0
mozilla/add-ons/webextensions/api/history/deleteall,0
mozilla/add-ons/webextensions/api/history/deleterange,0
mozilla/add-ons/webextensions/api/history/deleteurl,0
mozilla/add-ons/webextensions/api/history/getvisits,0
mozilla/add-ons/webextensions/api/history/historyitem,0
mozilla/add-ons/webextensions/api/history/ontitlechanged,0
mozilla/add-ons/webextensions/api/history/onvisited,0
mozilla/add-ons/webextensions/api/history/onvisitremoved,0
mozilla/add-ons/webextensions/api/history/search,0
mozilla/add-ons/webextensions/api/history/transitiontype,0
mozilla/add-ons/webextensions/api/history/visititem,0
mozilla/add-ons/webextensions/api/i18n,0
mozilla/add-ons/webextensions/api/i18n/detectlanguage,0
mozilla/add-ons/webextensions/api/i18n/getacceptlanguages,0
mozilla/add-ons/webextensions/api/i18n/getmessage,0
mozilla/add-ons/webextensions/api/i18n/getpreferredsystemlanguages,0
mozilla/add-ons/webextensions/api/i18n/getsystemuilanguage,0
mozilla/add-ons/webextensions/api/i18n/getuilanguage,0
mozilla/add-ons/webextensions/api/i18n/languagecode,0
mozilla/add-ons/webextensions/api/i18n/locale-specific_message_reference,0
mozilla/add-ons/webextensions/api/identity,0
mozilla/add-ons/webextensions/api/identity/getredirecturl,0
mozilla/add-ons/webextensions/api/identity/launchwebauthflow,0
mozilla/add-ons/webextensions/api/idle,0
mozilla/add-ons/webextensions/api/idle/idlestate,0
mozilla/add-ons/webextensions/api/idle/onstatechanged,0
mozilla/add-ons/webextensions/api/idle/querystate,0
mozilla/add-ons/webextensions/api/idle/setdetectioninterval,0
mozilla/add-ons/webextensions/api/management,0
mozilla/add-ons/webextensions/api/management/extensioninfo,0
mozilla/add-ons/webextensions/api/management/get,0
mozilla/add-ons/webextensions/api/management/getall,0
mozilla/add-ons/webextensions/api/management/getpermissionwarningsbyid,0
mozilla/add-ons/webextensions/api/management/getpermissionwarningsbymanifest,0
mozilla/add-ons/webextensions/api/management/getself,0
mozilla/add-ons/webextensions/api/management/install,0
mozilla/add-ons/webextensions/api/management/ondisabled,0
mozilla/add-ons/webextensions/api/management/onenabled,0
mozilla/add-ons/webextensions/api/management/oninstalled,0
mozilla/add-ons/webextensions/api/management/onuninstalled,0
mozilla/add-ons/webextensions/api/management/setenabled,0
mozilla/add-ons/webextensions/api/management/uninstall,0
mozilla/add-ons/webextensions/api/management/uninstallself,0
mozilla/add-ons/webextensions/api/menus,0
mozilla/add-ons/webextensions/api/menus/action_menu_top_level_limit,0
mozilla/add-ons/webextensions/api/menus/contexttype,0
mozilla/add-ons/webextensions/api/menus/create,0
mozilla/add-ons/webextensions/api/menus/gettargetelement,0
mozilla/add-ons/webextensions/api/menus/itemtype,0
mozilla/add-ons/webextensions/api/menus/onclickdata,0
mozilla/add-ons/webextensions/api/menus/onclicked,0
mozilla/add-ons/webextensions/api/menus/onhidden,0
mozilla/add-ons/webextensions/api/menus/onshown,0
mozilla/add-ons/webextensions/api/menus/overridecontext,0
mozilla/add-ons/webextensions/api/menus/refresh,0
mozilla/add-ons/webextensions/api/menus/remove,0
mozilla/add-ons/webextensions/api/menus/removeall,0
mozilla/add-ons/webextensions/api/menus/update,0
mozilla/add-ons/webextensions/api/notifications,0
mozilla/add-ons/webextensions/api/notifications/clear,0
mozilla/add-ons/webextensions/api/notifications/create,0
mozilla/add-ons/webextensions/api/notifications/getall,0
mozilla/add-ons/webextensions/api/notifications/notificationoptions,0
mozilla/add-ons/webextensions/api/notifications/onbuttonclicked,0
mozilla/add-ons/webextensions/api/notifications/onclicked,0
mozilla/add-ons/webextensions/api/notifications/onclosed,0
mozilla/add-ons/webextensions/api/notifications/onshown,0
mozilla/add-ons/webextensions/api/notifications/templatetype,0
mozilla/add-ons/webextensions/api/notifications/update,0
mozilla/add-ons/webextensions/api/omnibox,0
mozilla/add-ons/webextensions/api/omnibox/ondeletesuggestion,0
mozilla/add-ons/webextensions/api/omnibox/oninputcancelled,0
mozilla/add-ons/webextensions/api/omnibox/oninputchanged,0
mozilla/add-ons/webextensions/api/omnibox/oninputentered,0
mozilla/add-ons/webextensions/api/omnibox/oninputentereddisposition,0
mozilla/add-ons/webextensions/api/omnibox/oninputstarted,0
mozilla/add-ons/webextensions/api/omnibox/setdefaultsuggestion,0
mozilla/add-ons/webextensions/api/omnibox/suggestresult,0
mozilla/add-ons/webextensions/api/pageaction,0
mozilla/add-ons/webextensions/api/pageaction/getpopup,0
mozilla/add-ons/webextensions/api/pageaction/gettitle,0
mozilla/add-ons/webextensions/api/pageaction/hide,0
mozilla/add-ons/webextensions/api/pageaction/imagedatatype,0
mozilla/add-ons/webextensions/api/pageaction/isshown,0
mozilla/add-ons/webextensions/api/pageaction/onclicked,0
mozilla/add-ons/webextensions/api/pageaction/openpopup,0
mozilla/add-ons/webextensions/api/pageaction/seticon,0
mozilla/add-ons/webextensions/api/pageaction/setpopup,0
mozilla/add-ons/webextensions/api/pageaction/settitle,0
mozilla/add-ons/webextensions/api/pageaction/show,0
mozilla/add-ons/webextensions/api/permissions,0
mozilla/add-ons/webextensions/api/permissions/contains,0
mozilla/add-ons/webextensions/api/permissions/getall,0
mozilla/add-ons/webextensions/api/permissions/onadded,0
mozilla/add-ons/webextensions/api/permissions/onremoved,0
mozilla/add-ons/webextensions/api/permissions/permissions,0
mozilla/add-ons/webextensions/api/permissions/remove,0
mozilla/add-ons/webextensions/api/permissions/request,0
mozilla/add-ons/webextensions/api/pkcs11,0
mozilla/add-ons/webextensions/api/pkcs11/getmoduleslots,0
mozilla/add-ons/webextensions/api/pkcs11/installmodule,0
mozilla/add-ons/webextensions/api/pkcs11/ismoduleinstalled,0
mozilla/add-ons/webextensions/api/pkcs11/uninstallmodule,0
mozilla/add-ons/webextensions/api/privacy,0
mozilla/add-ons/webextensions/api/privacy/network,0
mozilla/add-ons/webextensions/api/privacy/services,0
mozilla/add-ons/webextensions/api/privacy/websites,0
mozilla/add-ons/webextensions/api/proxy,0
mozilla/add-ons/webextensions/api/proxy/onerror,0
mozilla/add-ons/webextensions/api/proxy/onrequest,0
mozilla/add-ons/webextensions/api/proxy/proxyinfo,0
mozilla/add-ons/webextensions/api/proxy/requestdetails,0
mozilla/add-ons/webextensions/api/proxy/settings,0
mozilla/add-ons/webextensions/api/publicsuffix,0
mozilla/add-ons/webextensions/api/publicsuffix/domainencoding,0
mozilla/add-ons/webextensions/api/publicsuffix/getdomain,0
mozilla/add-ons/webextensions/api/publicsuffix/getknownsuffix,0
mozilla/add-ons/webextensions/api/publicsuffix/isknownsuffix,0
mozilla/add-ons/webextensions/api/runtime,0
mozilla/add-ons/webextensions/api/runtime/connect,0
mozilla/add-ons/webextensions/api/runtime/connectnative,0
mozilla/add-ons/webextensions/api/runtime/getbackgroundpage,0
mozilla/add-ons/webextensions/api/runtime/getbrowserinfo,0
mozilla/add-ons/webextensions/api/runtime/getcontexts,0
mozilla/add-ons/webextensions/api/runtime/getdocumentid,0
mozilla/add-ons/webextensions/api/runtime/getframeid,0
mozilla/add-ons/webextensions/api/runtime/getmanifest,0
mozilla/add-ons/webextensions/api/runtime/getpackagedirectoryentry,0
mozilla/add-ons/webextensions/api/runtime/getplatforminfo,0
mozilla/add-ons/webextensions/api/runtime/geturl,0
mozilla/add-ons/webextensions/api/runtime/getversion,0
mozilla/add-ons/webextensions/api/runtime/id,0
mozilla/add-ons/webextensions/api/runtime/lasterror,0
mozilla/add-ons/webextensions/api/runtime/messagesender,0
mozilla/add-ons/webextensions/api/runtime/onbrowserupdateavailable,0
mozilla/add-ons/webextensions/api/runtime/onconnect,0
mozilla/add-ons/webextensions/api/runtime/onconnectexternal,0
mozilla/add-ons/webextensions/api/runtime/oninstalled,0
mozilla/add-ons/webextensions/api/runtime/oninstalledreason,0
mozilla/add-ons/webextensions/api/runtime/onmessage,0
mozilla/add-ons/webextensions/api/runtime/onmessageexternal,0
mozilla/add-ons/webextensions/api/runtime/onperformancewarning,0
mozilla/add-ons/webextensions/api/runtime/onperformancewarningcategory,0
mozilla/add-ons/webextensions/api/runtime/onperformancewarningseverity,0
mozilla/add-ons/webextensions/api/runtime/onrestartrequired,0
mozilla/add-ons/webextensions/api/runtime/onrestartrequiredreason,0
mozilla/add-ons/webextensions/api/runtime/onstartup,0
mozilla/add-ons/webextensions/api/runtime/onsuspend,0
mozilla/add-ons/webextensions/api/runtime/onsuspendcanceled,0
mozilla/add-ons/webextensions/api/runtime/onupdateavailable,0
mozilla/add-ons/webextensions/api/runtime/onuserscriptconnect,0
mozilla/add-ons/webextensions/api/runtime/onuserscriptmessage,0
mozilla/add-ons/webextensions/api/runtime/openoptionspage,0
mozilla/add-ons/webextensions/api/runtime/platformarch,0
mozilla/add-ons/webextensions/api/runtime/platforminfo,0
mozilla/add-ons/webextensions/api/runtime/platformnaclarch,0
mozilla/add-ons/webextensions/api/runtime/platformos,0
mozilla/add-ons/webextensions/api/runtime/port,0
mozilla/add-ons/webextensions/api/runtime/reload,0
mozilla/add-ons/webextensions/api/runtime/requestupdatecheck,0
mozilla/add-ons/webextensions/api/runtime/requestupdatecheckstatus,0
mozilla/add-ons/webextensions/api/runtime/sendmessage,0
mozilla/add-ons/webextensions/api/runtime/sendnativemessage,0
mozilla/add-ons/webextensions/api/runtime/setuninstallurl,0
mozilla/add-ons/webextensions/api/scripting,0
mozilla/add-ons/webextensions/api/scripting/contentscriptfilter,0
mozilla/add-ons/webextensions/api/scripting/executescript,0
mozilla/add-ons/webextensions/api/scripting/executionworld,0
mozilla/add-ons/webextensions/api/scripting/getregisteredcontentscripts,0
mozilla/add-ons/webextensions/api/scripting/injectiontarget,0
mozilla/add-ons/webextensions/api/scripting/insertcss,0
mozilla/add-ons/webextensions/api/scripting/registercontentscripts,0
mozilla/add-ons/webextensions/api/scripting/registeredcontentscript,0
mozilla/add-ons/webextensions/api/scripting/removecss,0
mozilla/add-ons/webextensions/api/scripting/unregistercontentscripts,0
mozilla/add-ons/webextensions/api/scripting/updatecontentscripts,0
mozilla/add-ons/webextensions/api/search,0
mozilla/add-ons/webextensions/api/search/get,0
mozilla/add-ons/webextensions/api/search/query,0
mozilla/add-ons/webextensions/api/search/search,0
mozilla/add-ons/webextensions/api/sessions,0
mozilla/add-ons/webextensions/api/sessions/filter,0
mozilla/add-ons/webextensions/api/sessions/forgetclosedtab,0
mozilla/add-ons/webextensions/api/sessions/forgetclosedwindow,0
mozilla/add-ons/webextensions/api/sessions/getrecentlyclosed,0
mozilla/add-ons/webextensions/api/sessions/gettabvalue,0
mozilla/add-ons/webextensions/api/sessions/getwindowvalue,0
mozilla/add-ons/webextensions/api/sessions/max_session_results,0
mozilla/add-ons/webextensions/api/sessions/onchanged,0
mozilla/add-ons/webextensions/api/sessions/removetabvalue,0
mozilla/add-ons/webextensions/api/sessions/removewindowvalue,0
mozilla/add-ons/webextensions/api/sessions/restore,0
mozilla/add-ons/webextensions/api/sessions/session,0
mozilla/add-ons/webextensions/api/sessions/settabvalue,0
mozilla/add-ons/webextensions/api/sessions/setwindowvalue,0
mozilla/add-ons/webextensions/api/sidebaraction,0
mozilla/add-ons/webextensions/api/sidebaraction/close,0
mozilla/add-ons/webextensions/api/sidebaraction/getpanel,0
mozilla/add-ons/webextensions/api/sidebaraction/gettitle,0
mozilla/add-ons/webextensions/api/sidebaraction/imagedatatype,0
mozilla/add-ons/webextensions/api/sidebaraction/isopen,0
mozilla/add-ons/webextensions/api/sidebaraction/open,0
mozilla/add-ons/webextensions/api/sidebaraction/seticon,0
mozilla/add-ons/webextensions/api/sidebaraction/setpanel,0
mozilla/add-ons/webextensions/api/sidebaraction/settitle,0
mozilla/add-ons/webextensions/api/sidebaraction/toggle,0
mozilla/add-ons/webextensions/api/storage,0
mozilla/add-ons/webextensions/api/storage/local,0
mozilla/add-ons/webextensions/api/storage/managed,0
mozilla/add-ons/webextensions/api/storage/onchanged,0
mozilla/add-ons/webextensions/api/storage/session,0
mozilla/add-ons/webextensions/api/storage/session/quota_bytes,0
mozilla/add-ons/webextensions/api/storage/storagearea,0
mozilla/add-ons/webextensions/api/storage/storagearea/clear,0
mozilla/add-ons/webextensions/api/storage/storagearea/get,0
mozilla/add-ons/webextensions/api/storage/storagearea/getbytesinuse,0
mozilla/add-ons/webextensions/api/storage/storagearea/getkeys,0
mozilla/add-ons/webextensions/api/storage/storagearea/onchanged,0
mozilla/add-ons/webextensions/api/storage/storagearea/remove,0
mozilla/add-ons/webextensions/api/storage/storagearea/set,0
mozilla/add-ons/webextensions/api/storage/storagearea/setaccesslevel,0
mozilla/add-ons/webextensions/api/storage/storagechange,0
mozilla/add-ons/webextensions/api/storage/sync,0
mozilla/add-ons/webextensions/api/tabgroups,0
mozilla/add-ons/webextensions/api/tabgroups/color,0
mozilla/add-ons/webextensions/api/tabgroups/get,0
mozilla/add-ons/webextensions/api/tabgroups/move,0
mozilla/add-ons/webextensions/api/tabgroups/oncreated,0
mozilla/add-ons/webextensions/api/tabgroups/onmoved,0
mozilla/add-ons/webextensions/api/tabgroups/onremoved,0
mozilla/add-ons/webextensions/api/tabgroups/onupdated,0
mozilla/add-ons/webextensions/api/tabgroups/query,0
mozilla/add-ons/webextensions/api/tabgroups/tab_group_id_none,0
mozilla/add-ons/webextensions/api/tabgroups/tabgroup,0
mozilla/add-ons/webextensions/api/tabgroups/update,0
mozilla/add-ons/webextensions/api/tabs,0
mozilla/add-ons/webextensions/api/tabs/capturetab,0
mozilla/add-ons/webextensions/api/tabs/capturevisibletab,0
mozilla/add-ons/webextensions/api/tabs/connect,0
mozilla/add-ons/webextensions/api/tabs/create,0
mozilla/add-ons/webextensions/api/tabs/detectlanguage,0
mozilla/add-ons/webextensions/api/tabs/discard,0
mozilla/add-ons/webextensions/api/tabs/duplicate,0
mozilla/add-ons/webextensions/api/tabs/executescript,0
mozilla/add-ons/webextensions/api/tabs/get,0
mozilla/add-ons/webextensions/api/tabs/getallinwindow,0
mozilla/add-ons/webextensions/api/tabs/getcurrent,0
mozilla/add-ons/webextensions/api/tabs/getselected,0
mozilla/add-ons/webextensions/api/tabs/getzoom,0
mozilla/add-ons/webextensions/api/tabs/getzoomsettings,0
mozilla/add-ons/webextensions/api/tabs/goback,0
mozilla/add-ons/webextensions/api/tabs/goforward,0
mozilla/add-ons/webextensions/api/tabs/group,0
mozilla/add-ons/webextensions/api/tabs/hide,0
mozilla/add-ons/webextensions/api/tabs/highlight,0
mozilla/add-ons/webextensions/api/tabs/insertcss,0
mozilla/add-ons/webextensions/api/tabs/move,0
mozilla/add-ons/webextensions/api/tabs/moveinsuccession,0
mozilla/add-ons/webextensions/api/tabs/mutedinfo,0
mozilla/add-ons/webextensions/api/tabs/mutedinforeason,0
mozilla/add-ons/webextensions/api/tabs/onactivated,0
mozilla/add-ons/webextensions/api/tabs/onactivechanged,0
mozilla/add-ons/webextensions/api/tabs/onattached,0
mozilla/add-ons/webextensions/api/tabs/oncreated,0
mozilla/add-ons/webextensions/api/tabs/ondetached,0
mozilla/add-ons/webextensions/api/tabs/onhighlightchanged,0
mozilla/add-ons/webextensions/api/tabs/onhighlighted,0
mozilla/add-ons/webextensions/api/tabs/onmoved,0
mozilla/add-ons/webextensions/api/tabs/onremoved,0
mozilla/add-ons/webextensions/api/tabs/onreplaced,0
mozilla/add-ons/webextensions/api/tabs/onselectionchanged,0
mozilla/add-ons/webextensions/api/tabs/onupdated,0
mozilla/add-ons/webextensions/api/tabs/onzoomchange,0
mozilla/add-ons/webextensions/api/tabs/pagesettings,0
mozilla/add-ons/webextensions/api/tabs/print,0
mozilla/add-ons/webextensions/api/tabs/printpreview,0
mozilla/add-ons/webextensions/api/tabs/query,0
mozilla/add-ons/webextensions/api/tabs/reload,0
mozilla/add-ons/webextensions/api/tabs/remove,0
mozilla/add-ons/webextensions/api/tabs/removecss,0
mozilla/add-ons/webextensions/api/tabs/saveaspdf,0
mozilla/add-ons/webextensions/api/tabs/sendmessage,0
mozilla/add-ons/webextensions/api/tabs/sendrequest,0
mozilla/add-ons/webextensions/api/tabs/setzoom,0
mozilla/add-ons/webextensions/api/tabs/setzoomsettings,0
mozilla/add-ons/webextensions/api/tabs/show,0
mozilla/add-ons/webextensions/api/tabs/split_view_id_none,0
mozilla/add-ons/webextensions/api/tabs/tab,0
mozilla/add-ons/webextensions/api/tabs/tab_id_none,0
mozilla/add-ons/webextensions/api/tabs/tabstatus,0
mozilla/add-ons/webextensions/api/tabs/togglereadermode,0
mozilla/add-ons/webextensions/api/tabs/ungroup,0
mozilla/add-ons/webextensions/api/tabs/update,0
mozilla/add-ons/webextensions/api/tabs/warmup,0
mozilla/add-ons/webextensions/api/tabs/windowtype,0
mozilla/add-ons/webextensions/api/tabs/zoomsettings,0
mozilla/add-ons/webextensions/api/tabs/zoomsettingsmode,0
mozilla/add-ons/webextensions/api/tabs/zoomsettingsscope,0
mozilla/add-ons/webextensions/api/theme,0
mozilla/add-ons/webextensions/api/theme/getcurrent,0
mozilla/add-ons/webextensions/api/theme/onupdated,0
mozilla/add-ons/webextensions/api/theme/reset,0
mozilla/add-ons/webextensions/api/theme/theme,0
mozilla/add-ons/webextensions/api/theme/update,0
mozilla/add-ons/webextensions/api/topsites,0
mozilla/add-ons/webextensions/api/topsites/get,0
mozilla/add-ons/webextensions/api/topsites/mostvisitedurl,0
mozilla/add-ons/webextensions/api/types,0
mozilla/add-ons/webextensions/api/types/browsersetting,0
mozilla/add-ons/webextensions/api/types/browsersetting/clear,0
mozilla/add-ons/webextensions/api/types/browsersetting/get,0
mozilla/add-ons/webextensions/api/types/browsersetting/onchange,0
mozilla/add-ons/webextensions/api/types/browsersetting/set,0
mozilla/add-ons/webextensions/api/userscripts,0
mozilla/add-ons/webextensions/api/userscripts/configureworld,0
mozilla/add-ons/webextensions/api/userscripts/execute,0
mozilla/add-ons/webextensions/api/userscripts/executionworld,0
mozilla/add-ons/webextensions/api/userscripts/getscripts,0
mozilla/add-ons/webextensions/api/userscripts/getworldconfigurations,0
mozilla/add-ons/webextensions/api/userscripts/register,0
mozilla/add-ons/webextensions/api/userscripts/registereduserscript,0
mozilla/add-ons/webextensions/api/userscripts/resetworldconfiguration,0
mozilla/add-ons/webextensions/api/userscripts/scriptsource,0
mozilla/add-ons/webextensions/api/userscripts/unregister,0
mozilla/add-ons/webextensions/api/userscripts/update,0
mozilla/add-ons/webextensions/api/userscripts/userscriptfilter,0
mozilla/add-ons/webextensions/api/userscripts/worldproperties,0
mozilla/add-ons/webextensions/api/userscripts_legacy,0
mozilla/add-ons/webextensions/api/userscripts_legacy/onbeforescript,0
mozilla/add-ons/webextensions/api/userscripts_legacy/register,0
mozilla/add-ons/webextensions/api/userscripts_legacy/registereduserscript,0
mozilla/add-ons/webextensions/api/userscripts_legacy/registereduserscript/unregister,0
mozilla/add-ons/webextensions/api/userscripts_legacy/userscriptoptions,0
mozilla/add-ons/webextensions/api/userscripts_legacy/working_with_userscripts,0
mozilla/add-ons/webextensions/api/webnavigation,0
mozilla/add-ons/webextensions/api/webnavigation/getallframes,0
mozilla/add-ons/webextensions/api/webnavigation/getframe,0
mozilla/add-ons/webextensions/api/webnavigation/onbeforenavigate,0
mozilla/add-ons/webextensions/api/webnavigation/oncommitted,0
mozilla/add-ons/webextensions/api/webnavigation/oncompleted,0
mozilla/add-ons/webextensions/api/webnavigation/oncreatednavigationtarget,0
mozilla/add-ons/webextensions/api/webnavigation/ondomcontentloaded,0
mozilla/add-ons/webextensions/api/webnavigation/onerroroccurred,0
mozilla/add-ons/webextensions/api/webnavigation/onhistorystateupdated,0
mozilla/add-ons/webextensions/api/webnavigation/onreferencefragmentupdated,0
mozilla/add-ons/webextensions/api/webnavigation/ontabreplaced,0
mozilla/add-ons/webextensions/api/webnavigation/transitionqualifier,0
mozilla/add-ons/webextensions/api/webnavigation/transitiontype,0
mozilla/add-ons/webextensions/api/webrequest,0
mozilla/add-ons/webextensions/api/webrequest/blockingresponse,0
mozilla/add-ons/webextensions/api/webrequest/certificateinfo,0
mozilla/add-ons/webextensions/api/webrequest/filterresponsedata,0
mozilla/add-ons/webextensions/api/webrequest/getsecurityinfo,0
mozilla/add-ons/webextensions/api/webrequest/handlerbehaviorchanged,0
mozilla/add-ons/webextensions/api/webrequest/httpheaders,0
mozilla/add-ons/webextensions/api/webrequest/max_handler_behavior_changed_calls_per_10_minutes,0
mozilla/add-ons/webextensions/api/webrequest/onauthrequired,0
mozilla/add-ons/webextensions/api/webrequest/onbeforeredirect,0
mozilla/add-ons/webextensions/api/webrequest/onbeforerequest,0
mozilla/add-ons/webextensions/api/webrequest/onbeforesendheaders,0
mozilla/add-ons/webextensions/api/webrequest/oncompleted,0
mozilla/add-ons/webextensions/api/webrequest/onerroroccurred,0
mozilla/add-ons/webextensions/api/webrequest/onheadersreceived,0
mozilla/add-ons/webextensions/api/webrequest/onresponsestarted,0
mozilla/add-ons/webextensions/api/webrequest/onsendheaders,0
mozilla/add-ons/webextensions/api/webrequest/requestfilter,0
mozilla/add-ons/webextensions/api/webrequest/resourcetype,0
mozilla/add-ons/webextensions/api/webrequest/securityinfo,0
mozilla/add-ons/webextensions/api/webrequest/streamfilter,0
mozilla/add-ons/webextensions/api/webrequest/streamfilter/close,0
mozilla/add-ons/webextensions/api/webrequest/streamfilter/disconnect,0
mozilla/add-ons/webextensions/api/webrequest/streamfilter/error,0
mozilla/add-ons/webextensions/api/webrequest/streamfilter/ondata,0
mozilla/add-ons/webextensions/api/webrequest/streamfilter/onerror,0
mozilla/add-ons/webextensions/api/webrequest/streamfilter/onstart,0
mozilla/add-ons/webextensions/api/webrequest/streamfilter/onstop,0
mozilla/add-ons/webextensions/api/webrequest/streamfilter/resume,0
mozilla/add-ons/webextensions/api/webrequest/streamfilter/status,0
mozilla/add-ons/webextensions/api/webrequest/streamfilter/suspend,0
mozilla/add-ons/webextensions/api/webrequest/streamfilter/write,0
mozilla/add-ons/webextensions/api/webrequest/uploaddata,0
mozilla/add-ons/webextensions/api/windows,0
mozilla/add-ons/webextensions/api/windows/create,0
mozilla/add-ons/webextensions/api/windows/createtype,0
mozilla/add-ons/webextensions/api/windows/get,0
mozilla/add-ons/webextensions/api/windows/getall,0
mozilla/add-ons/webextensions/api/windows/getcurrent,0
mozilla/add-ons/webextensions/api/windows/getlastfocused,0
mozilla/add-ons/webextensions/api/windows/onboundschanged,0
mozilla/add-ons/webextensions/api/windows/oncreated,0
mozilla/add-ons/webextensions/api/windows/onfocuschanged,0
mozilla/add-ons/webextensions/api/windows/onremoved,0
mozilla/add-ons/webextensions/api/windows/remove,0
mozilla/add-ons/webextensions/api/windows/update,0
mozilla/add-ons/webextensions/api/windows/window,0
mozilla/add-ons/webextensions/api/windows/window_id_current,0
mozilla/add-ons/webextensions/api/windows/window_id_none,0
mozilla/add-ons/webextensions/api/windows/windowstate,0
mozilla/add-ons/webextensions/api/windows/windowtype,0
mozilla/add-ons/webextensions/background_scripts,0
mozilla/add-ons/webextensions/browser_support_for_javascript_apis,0
mozilla/add-ons/webextensions/build_a_cross_browser_extension,0
mozilla/add-ons/webextensions/chrome_incompatibilities,0
mozilla/add-ons/webextensions/content_scripts,0
mozilla/add-ons/webextensions/content_scripts/cloneinto,0
mozilla/add-ons/webextensions/content_scripts/exportfunction,0
mozilla/add-ons/webextensions/content_security_policy,0
mozilla/add-ons/webextensions/developing_webextensions_for_thunderbird,0
mozilla/add-ons/webextensions/differences_between_api_implementations,0
mozilla/add-ons/webextensions/examples,0
mozilla/add-ons/webextensions/extending_the_developer_tools,0
mozilla/add-ons/webextensions/implement_a_settings_page,0
mozilla/add-ons/webextensions/interact_with_the_clipboard,0
mozilla/add-ons/webextensions/intercept_http_requests,0
mozilla/add-ons/webextensions/internationalization,0
mozilla/add-ons/webextensions/manifest.json,0
mozilla/add-ons/webextensions/manifest.json/action,0
mozilla/add-ons/webextensions/manifest.json/author,0
mozilla/add-ons/webextensions/manifest.json/background,0
mozilla/add-ons/webextensions/manifest.json/browser_action,0
mozilla/add-ons/webextensions/manifest.json/browser_specific_settings,0
mozilla/add-ons/webextensions/manifest.json/chrome_settings_overrides,0
mozilla/add-ons/webextensions/manifest.json/chrome_url_overrides,0
mozilla/add-ons/webextensions/manifest.json/commands,0
mozilla/add-ons/webextensions/manifest.json/content_scripts,0
mozilla/add-ons/webextensions/manifest.json/content_security_policy,0
mozilla/add-ons/webextensions/manifest.json/dark_theme,0
mozilla/add-ons/webextensions/manifest.json/declarative_net_request,0
mozilla/add-ons/webextensions/manifest.json/default_locale,0
mozilla/add-ons/webextensions/manifest.json/description,0
mozilla/add-ons/webextensions/manifest.json/developer,0
mozilla/add-ons/webextensions/manifest.json/devtools_page,0
mozilla/add-ons/webextensions/manifest.json/dictionaries,0
mozilla/add-ons/webextensions/manifest.json/externally_connectable,0
mozilla/add-ons/webextensions/manifest.json/homepage_url,0
mozilla/add-ons/webextensions/manifest.json/host_permissions,0
mozilla/add-ons/webextensions/manifest.json/icons,0
mozilla/add-ons/webextensions/manifest.json/incognito,0
mozilla/add-ons/webextensions/manifest.json/manifest_version,0
mozilla/add-ons/webextensions/manifest.json/name,0
mozilla/add-ons/webextensions/manifest.json/offline_enabled,0
mozilla/add-ons/webextensions/manifest.json/omnibox,0
mozilla/add-ons/webextensions/manifest.json/optional_host_permissions,0
mozilla/add-ons/webextensions/manifest.json/optional_permissions,0
mozilla/add-ons/webextensions/manifest.json/options_page,0
mozilla/add-ons/webextensions/manifest.json/options_ui,0
mozilla/add-ons/webextensions/manifest.json/page_action,0
mozilla/add-ons/webextensions/manifest.json/permissions,0
mozilla/add-ons/webextensions/manifest.json/protocol_handlers,0
mozilla/add-ons/webextensions/manifest.json/short_name,0
mozilla/add-ons/webextensions/manifest.json/sidebar_action,0
mozilla/add-ons/webextensions/manifest.json/storage,0
mozilla/add-ons/webextensions/manifest.json/theme,0
mozilla/add-ons/webextensions/manifest.json/theme_experiment,0
mozilla/add-ons/webextensions/manifest.json/user_scripts,0
mozilla/add-ons/webextensions/manifest.json/version,0
mozilla/add-ons/webextensions/manifest.json/version/format,0
mozilla/add-ons/webextensions/manifest.json/version_name,0
mozilla/add-ons/webextensions/manifest.json/web_accessible_resources,0
mozilla/add-ons/webextensions/match_patterns,0
mozilla/add-ons/webextensions/modify_a_web_page,0
mozilla/add-ons/webextensions/native_manifests,0
mozilla/add-ons/webextensions/native_messaging,0
mozilla/add-ons/webextensions/safely_inserting_external_content_into_a_page,0
mozilla/add-ons/webextensions/sharing_objects_with_page_scripts,0
mozilla/add-ons/webextensions/use_the_web_authn_api,0
mozilla/add-ons/webextensions/user_actions,0
mozilla/add-ons/webextensions/user_interface,0
mozilla/add-ons/webextensions/user_interface/browser_styles,0
mozilla/add-ons/webextensions/user_interface/context_menu_items,0
mozilla/add-ons/webextensions/user_interface/devtools_panels,0
mozilla/add-ons/webextensions/user_interface/extension_pages,0
mozilla/add-ons/webextensions/user_interface/notifications,0
mozilla/add-ons/webextensions/user_interface/omnibox,0
mozilla/add-ons/webextensions/user_interface/options_pages,0
mozilla/add-ons/webextensions/user_interface/page_actions,0
mozilla/add-ons/webextensions/user_interface/popups,0
mozilla/add-ons/webextensions/user_interface/sidebars,0
mozilla/add-ons/webextensions/user_interface/toolbar_button,0
mozilla/add-ons/webextensions/what_are_webextensions,0
mozilla/add-ons/webextensions/what_next,0
mozilla/add-ons/webextensions/work_with_contextual_identities,0
mozilla/add-ons/webextensions/work_with_documentid,0
mozilla/add-ons/webextensions/work_with_the_bookmarks_api,0
mozilla/add-ons/webextensions/work_with_the_cookies_api,0
mozilla/add-ons/webextensions/working_with_files,0
mozilla/add-ons/webextensions/working_with_the_tabs_api,0
mozilla/add-ons/webextensions/your_first_webextension,0
mozilla/add-ons/webextensions/your_second_webextension,0
mozilla/firefox,0
mozilla/firefox/experimental_features,0
mozilla/firefox/releases,0
mozilla/firefox/releases/1.5,0
mozilla/firefox/releases/1.5/changing_the_priority_of_http_requests,0
mozilla/firefox/releases/1.5/using_firefox_1.5_caching,0
mozilla/firefox/releases/1.5/what_s_new_in_1.5_alpha,0
mozilla/firefox/releases/10,0
mozilla/firefox/releases/10/updating_add-ons,0
mozilla/firefox/releases/100,0
mozilla/firefox/releases/101,0
mozilla/firefox/releases/102,0
mozilla/firefox/releases/103,0
mozilla/firefox/releases/104,0
mozilla/firefox/releases/105,0
mozilla/firefox/releases/106,0
mozilla/firefox/releases/107,0
mozilla/firefox/releases/108,0
mozilla/firefox/releases/109,0
mozilla/firefox/releases/11,0
mozilla/firefox/releases/110,0
mozilla/firefox/releases/111,0
mozilla/firefox/releases/112,0
mozilla/firefox/releases/113,0
mozilla/firefox/releases/114,0
mozilla/firefox/releases/115,0
mozilla/firefox/releases/116,0
mozilla/firefox/releases/117,0
mozilla/firefox/releases/118,0
mozilla/firefox/releases/119,0
mozilla/firefox/releases/12,0
mozilla/firefox/releases/120,0
mozilla/firefox/releases/121,0
mozilla/firefox/releases/122,0
mozilla/firefox/releases/123,0
mozilla/firefox/releases/124,0
mozilla/firefox/releases/125,0
mozilla/firefox/releases/126,0
mozilla/firefox/releases/127,0
mozilla/firefox/releases/128,0
mozilla/firefox/releases/129,0
mozilla/firefox/releases/13,0
mozilla/firefox/releases/130,0
mozilla/firefox/releases/131,0
mozilla/firefox/releases/132,0
mozilla/firefox/releases/133,0
mozilla/firefox/releases/134,0
mozilla/firefox/releases/135,0
mozilla/firefox/releases/136,0
mozilla/firefox/releases/137,0
mozilla/firefox/releases/138,0
mozilla/firefox/releases/139,0
mozilla/firefox/releases/14,0
mozilla/firefox/releases/140,0
mozilla/firefox/releases/141,0
mozilla/firefox/releases/142,0
mozilla/firefox/releases/143,0
mozilla/firefox/releases/144,0
mozilla/firefox/releases/145,0
mozilla/firefox/releases/146,0
mozilla/firefox/releases/147,0
mozilla/firefox/releases/148,0
mozilla/firefox/releases/149,0
mozilla/firefox/releases/15,0
mozilla/firefox/releases/150,0
mozilla/firefox/releases/151,0
mozilla/firefox/releases/152,0
mozilla/firefox/releases/153,0
mozilla/firefox/releases/154,0
mozilla/firefox/releases/155,0
mozilla/firefox/releases/16,0
mozilla/firefox/releases/17,0
mozilla/firefox/releases/18,0
mozilla/firefox/releases/19,0
mozilla/firefox/releases/2,0
mozilla/firefox/releases/2/adding_feed_readers_to_firefox,0
mozilla/firefox/releases/2/security_changes,0
mozilla/firefox/releases/2/updating_extensions,0
mozilla/firefox/releases/20,0
mozilla/firefox/releases/21,0
mozilla/firefox/releases/22,0
mozilla/firefox/releases/23,0
mozilla/firefox/releases/24,0
mozilla/firefox/releases/25,0
mozilla/firefox/releases/26,0
mozilla/firefox/releases/27,0
mozilla/firefox/releases/28,0
mozilla/firefox/releases/29,0
mozilla/firefox/releases/3,0
mozilla/firefox/releases/3.5,0
mozilla/firefox/releases/3.5/icc_color_correction_in_firefox,0
mozilla/firefox/releases/3.5/security_changes,0
mozilla/firefox/releases/3.5/updating_extensions,0
mozilla/firefox/releases/3.6,0
mozilla/firefox/releases/3.6/interfaces_moved,0
mozilla/firefox/releases/3.6/updating_extensions,0
mozilla/firefox/releases/3.6/updating_plug-ins,0
mozilla/firefox/releases/3.6/updating_themes,0
mozilla/firefox/releases/3/dom_improvements,0
mozilla/firefox/releases/3/full_page_zoom,0
mozilla/firefox/releases/3/notable_bugs_fixed,0
mozilla/firefox/releases/3/site_compatibility,0
mozilla/firefox/releases/3/svg_improvements,0
mozilla/firefox/releases/3/templates,0
mozilla/firefox/releases/3/updating_extensions,0
mozilla/firefox/releases/3/updating_web_applications,0
mozilla/firefox/releases/3/using_an_external_spell_checker,0
mozilla/firefox/releases/3/wai_aria_live_regions_api_support,0
mozilla/firefox/releases/3/xul_improvements_in_firefox_3,0
mozilla/firefox/releases/30,0
mozilla/firefox/releases/31,0
mozilla/firefox/releases/32,0
mozilla/firefox/releases/33,0
mozilla/firefox/releases/34,0
mozilla/firefox/releases/35,0
mozilla/firefox/releases/36,0
mozilla/firefox/releases/37,0
mozilla/firefox/releases/38,0
mozilla/firefox/releases/39,0
mozilla/firefox/releases/4,0
mozilla/firefox/releases/4/the_add-on_bar,0
mozilla/firefox/releases/4/updating_extensions_for_firefox_4,0
mozilla/firefox/releases/40,0
mozilla/firefox/releases/41,0
mozilla/firefox/releases/42,0
mozilla/firefox/releases/43,0
mozilla/firefox/releases/44,0
mozilla/firefox/releases/45,0
mozilla/firefox/releases/46,0
mozilla/firefox/releases/47,0
mozilla/firefox/releases/48,0
mozilla/firefox/releases/49,0
mozilla/firefox/releases/5,0
mozilla/firefox/releases/5/updating_add-ons,0
mozilla/firefox/releases/50,0
mozilla/firefox/releases/51,0
mozilla/firefox/releases/52,0
mozilla/firefox/releases/53,0
mozilla/firefox/releases/54,0
mozilla/firefox/releases/55,0
mozilla/firefox/releases/56,0
mozilla/firefox/releases/57,0
mozilla/firefox/releases/58,0
mozilla/firefox/releases/59,0
mozilla/firefox/releases/6,0
mozilla/firefox/releases/6/updating_add-ons,0
mozilla/firefox/releases/60,0
mozilla/firefox/releases/61,0
mozilla/firefox/releases/62,0
mozilla/firefox/releases/63,0
mozilla/firefox/releases/64,0
mozilla/firefox/releases/65,0
mozilla/firefox/releases/66,0
mozilla/firefox/releases/67,0
mozilla/firefox/releases/68,0
mozilla/firefox/releases/69,0
mozilla/firefox/releases/7,0
mozilla/firefox/releases/7/updating_extensions,0
mozilla/firefox/releases/70,0
mozilla/firefox/releases/71,0
mozilla/firefox/releases/72,0
mozilla/firefox/releases/73,0
mozilla/firefox/releases/74,0
mozilla/firefox/releases/75,0
mozilla/firefox/releases/76,0
mozilla/firefox/releases/77,0
mozilla/firefox/releases/78,0
mozilla/firefox/releases/79,0
mozilla/firefox/releases/8,0
mozilla/firefox/releases/8/updating_add-ons,0
mozilla/firefox/releases/80,0
mozilla/firefox/releases/81,0
mozilla/firefox/releases/82,0
mozilla/firefox/releases/83,0
mozilla/firefox/releases/84,0
mozilla/firefox/releases/85,0
mozilla/firefox/releases/86,0
mozilla/firefox/releases/87,0
mozilla/firefox/releases/88,0
mozilla/firefox/releases/89,0
mozilla/firefox/releases/9,0
mozilla/firefox/releases/9/updating_add-ons,0
mozilla/firefox/releases/90,0
mozilla/firefox/releases/91,0
mozilla/firefox/releases/92,0
mozilla/firefox/releases/93,0
mozilla/firefox/releases/94,0
mozilla/firefox/releases/95,0
mozilla/firefox/releases/96,0
mozilla/firefox/releases/97,0
mozilla/firefox/releases/98,0
mozilla/firefox/releases/99,0
related,0
related/imsc,0
related/imsc/basics,0
related/imsc/imsc_and_other_standards,0
related/imsc/mapping_video_time_codes_to_imsc,0
related/imsc/namespaces,0
related/imsc/styling,0
related/imsc/subtitle_placement,0
related/imsc/timing_in_imsc,0
related/imsc/using_the_imscjs_polyfill,0
web,0
web/accessibility,0
web/accessibility/aria,0
web/accessibility/aria/guides,0
web/accessibility/aria/guides/live_regions,0
web/accessibility/aria/guides/multipart_labels,0
web/accessibility/aria/guides/screen_reader_implementors,0
web/accessibility/aria/guides/techniques,0
web/accessibility/aria/reference,0
web/accessibility/aria/reference/attributes,0
web/accessibility/aria/reference/attributes/aria-activedescendant,0
web/accessibility/aria/reference/attributes/aria-atomic,0
web/accessibility/aria/reference/attributes/aria-autocomplete,0
web/accessibility/aria/reference/attributes/aria-braillelabel,0
web/accessibility/aria/reference/attributes/aria-brailleroledescription,0
web/accessibility/aria/reference/attributes/aria-busy,0
web/accessibility/aria/reference/attributes/aria-checked,0
web/accessibility/aria/reference/attributes/aria-colcount,0
web/accessibility/aria/reference/attributes/aria-colindex,0
web/accessibility/aria/reference/attributes/aria-colindextext,0
web/accessibility/aria/reference/attributes/aria-colspan,0
web/accessibility/aria/reference/attributes/aria-controls,0
web/accessibility/aria/reference/attributes/aria-current,0
web/accessibility/aria/reference/attributes/aria-describedby,0
web/accessibility/aria/reference/attributes/aria-description,0
web/accessibility/aria/reference/attributes/aria-details,0
web/accessibility/aria/reference/attributes/aria-disabled,0
web/accessibility/aria/reference/attributes/aria-dropeffect,0
web/accessibility/aria/reference/attributes/aria-errormessage,0
web/accessibility/aria/reference/attributes/aria-expanded,0
web/accessibility/aria/reference/attributes/aria-flowto,0
web/accessibility/aria/reference/attributes/aria-grabbed,0
web/accessibility/aria/reference/attributes/aria-haspopup,0
web/accessibility/aria/reference/attributes/aria-hidden,0
web/accessibility/aria/reference/attributes/aria-invalid,0
web/accessibility/aria/reference/attributes/aria-keyshortcuts,0
web/accessibility/aria/reference/attributes/aria-label,0
web/accessibility/aria/reference/attributes/aria-labelledby,0
web/accessibility/aria/reference/attributes/aria-level,0
web/accessibility/aria/reference/attributes/aria-live,0
web/accessibility/aria/reference/attributes/aria-modal,0
web/accessibility/aria/reference/attributes/aria-multiline,0
web/accessibility/aria/reference/attributes/aria-multiselectable,0
web/accessibility/aria/reference/attributes/aria-orientation,0
web/accessibility/aria/reference/attributes/aria-owns,0
web/accessibility/aria/reference/attributes/aria-placeholder,0
web/accessibility/aria/reference/attributes/aria-posinset,0
web/accessibility/aria/reference/attributes/aria-pressed,0
web/accessibility/aria/reference/attributes/aria-readonly,0
web/accessibility/aria/reference/attributes/aria-relevant,0
web/accessibility/aria/reference/attributes/aria-required,0
web/accessibility/aria/reference/attributes/aria-roledescription,0
web/accessibility/aria/reference/attributes/aria-rowcount,0
web/accessibility/aria/reference/attributes/aria-rowindex,0
web/accessibility/aria/reference/attributes/aria-rowindextext,0
web/accessibility/aria/reference/attributes/aria-rowspan,0
web/accessibility/aria/reference/attributes/aria-selected,0
web/accessibility/aria/reference/attributes/aria-setsize,0
web/accessibility/aria/reference/attributes/aria-sort,0
web/accessibility/aria/reference/attributes/aria-valuemax,0
web/accessibility/aria/reference/attributes/aria-valuemin,0
web/accessibility/aria/reference/attributes/aria-valuenow,0
web/accessibility/aria/reference/attributes/aria-valuetext,0
web/accessibility/aria/reference/roles,0
web/accessibility/aria/reference/roles/alert_role,0
web/accessibility/aria/reference/roles/alertdialog_role,0
web/accessibility/aria/reference/roles/application_role,0
web/accessibility/aria/reference/roles/article_role,0
web/accessibility/aria/reference/roles/banner_role,0
web/accessibility/aria/reference/roles/button_role,0
web/accessibility/aria/reference/roles/cell_role,0
web/accessibility/aria/reference/roles/checkbox_role,0
web/accessibility/aria/reference/roles/columnheader_role,0
web/accessibility/aria/reference/roles/combobox_role,0
web/accessibility/aria/reference/roles/command_role,0
web/accessibility/aria/reference/roles/comment_role,0
web/accessibility/aria/reference/roles/complementary_role,0
web/accessibility/aria/reference/roles/composite_role,0
web/accessibility/aria/reference/roles/contentinfo_role,0
web/accessibility/aria/reference/roles/definition_role,0
web/accessibility/aria/reference/roles/dialog_role,0
web/accessibility/aria/reference/roles/directory_role,0
web/accessibility/aria/reference/roles/document_role,0
web/accessibility/aria/reference/roles/feed_role,0
web/accessibility/aria/reference/roles/figure_role,0
web/accessibility/aria/reference/roles/form_role,0
web/accessibility/aria/reference/roles/generic_role,0
web/accessibility/aria/reference/roles/grid_role,0
web/accessibility/aria/reference/roles/gridcell_role,0
web/accessibility/aria/reference/roles/group_role,0
web/accessibility/aria/reference/roles/heading_role,0
web/accessibility/aria/reference/roles/img_role,0
web/accessibility/aria/reference/roles/input_role,0
web/accessibility/aria/reference/roles/landmark_role,0
web/accessibility/aria/reference/roles/link_role,0
web/accessibility/aria/reference/roles/list_role,0
web/accessibility/aria/reference/roles/listbox_role,0
web/accessibility/aria/reference/roles/listitem_role,0
web/accessibility/aria/reference/roles/log_role,0
web/accessibility/aria/reference/roles/main_role,0
web/accessibility/aria/reference/roles/mark_role,0
web/accessibility/aria/reference/roles/marquee_role,0
web/accessibility/aria/reference/roles/math_role,0
web/accessibility/aria/reference/roles/menu_role,0
web/accessibility/aria/reference/roles/menubar_role,0
web/accessibility/aria/reference/roles/menuitem_role,0
web/accessibility/aria/reference/roles/menuitemcheckbox_role,0
web/accessibility/aria/reference/roles/menuitemradio_role,0
web/accessibility/aria/reference/roles/meter_role,0
web/accessibility/aria/reference/roles/navigation_role,0
web/accessibility/aria/reference/roles/none_role,0
web/accessibility/aria/reference/roles/note_role,0
web/accessibility/aria/reference/roles/option_role,0
web/accessibility/aria/reference/roles/presentation_role,0
web/accessibility/aria/reference/roles/progressbar_role,0
web/accessibility/aria/reference/roles/radio_role,0
web/accessibility/aria/reference/roles/radiogroup_role,0
web/accessibility/aria/reference/roles/range_role,0
web/accessibility/aria/reference/roles/region_role,0
web/accessibility/aria/reference/roles/roletype_role,0
web/accessibility/aria/reference/roles/row_role,0
web/accessibility/aria/reference/roles/rowgroup_role,0
web/accessibility/aria/reference/roles/rowheader_role,0
web/accessibility/aria/reference/roles/scrollbar_role,0
web/accessibility/aria/reference/roles/search_role,0
web/accessibility/aria/reference/roles/searchbox_role,0
web/accessibility/aria/reference/roles/section_role,0
web/accessibility/aria/reference/roles/sectionhead_role,0
web/accessibility/aria/reference/roles/select_role,0
web/accessibility/aria/reference/roles/separator_role,0
web/accessibility/aria/reference/roles/slider_role,0
web/accessibility/aria/reference/roles/spinbutton_role,0
web/accessibility/aria/reference/roles/status_role,0
web/accessibility/aria/reference/roles/structural_roles,0
web/accessibility/aria/reference/roles/structure_role,0
web/accessibility/aria/reference/roles/suggestion_role,0
web/accessibility/aria/reference/roles/switch_role,0
web/accessibility/aria/reference/roles/tab_role,0
web/accessibility/aria/reference/roles/table_role,0
web/accessibility/aria/reference/roles/tablist_role,0
web/accessibility/aria/reference/roles/tabpanel_role,0
web/accessibility/aria/reference/roles/term_role,0
web/accessibility/aria/reference/roles/textbox_role,0
web/accessibility/aria/reference/roles/timer_role,0
web/accessibility/aria/reference/roles/toolbar_role,0
web/accessibility/aria/reference/roles/tooltip_role,0
web/accessibility/aria/reference/roles/tree_role,0
web/accessibility/aria/reference/roles/treegrid_role,0
web/accessibility/aria/reference/roles/treeitem_role,0
web/accessibility/aria/reference/roles/widget_role,0
web/accessibility/aria/reference/roles/window_role,0
web/accessibility/guides,0
web/accessibility/guides/accessibility_and_spatial_patterns,0
web/accessibility/guides/accessible_web_applications_and_widgets,0
web/accessibility/guides/browsing_safely,0
web/accessibility/guides/cognitive_accessibility,0
web/accessibility/guides/colors_and_luminance,0
web/accessibility/guides/information_for_web_authors,0
web/accessibility/guides/keyboard-navigable_javascript_widgets,0
web/accessibility/guides/mobile_accessibility_checklist,0
web/accessibility/guides/seizure_disorders,0
web/accessibility/guides/understanding_wcag,0
web/accessibility/guides/understanding_wcag/keyboard,0
web/accessibility/guides/understanding_wcag/operable,0
web/accessibility/guides/understanding_wcag/perceivable,0
web/accessibility/guides/understanding_wcag/perceivable/color_contrast,0
web/accessibility/guides/understanding_wcag/perceivable/use_of_color,0
web/accessibility/guides/understanding_wcag/robust,0
web/accessibility/guides/understanding_wcag/text_labels_and_names,0
web/accessibility/guides/understanding_wcag/understandable,0
web/api,0
web/api/abortcontroller,0
web/api/abortcontroller/abort,0
web/api/abortcontroller/abortcontroller,0
web/api/abortcontroller/signal,0
web/api/abortsignal,0
web/api/abortsignal/abort_event,0
web/api/abortsignal/abort_static,0
web/api/abortsignal/aborted,0
web/api/abortsignal/any_static,0
web/api/abortsignal/reason,0
web/api/abortsignal/throwifaborted,0
web/api/abortsignal/timeout_static,0
web/api/absoluteorientationsensor,0
web/api/absoluteorientationsensor/absoluteorientationsensor,0
web/api/abstractrange,0
web/api/abstractrange/collapsed,0
web/api/abstractrange/endcontainer,0
web/api/abstractrange/endoffset,0
web/api/abstractrange/startcontainer,0
web/api/abstractrange/startoffset,0
web/api/accelerometer,0
web/api/accelerometer/accelerometer,0
web/api/accelerometer/x,0
web/api/accelerometer/y,0
web/api/accelerometer/z,0
web/api/aescbcparams,0
web/api/aesctrparams,0
web/api/aesderivedkeyparams,0
web/api/aesgcmparams,0
web/api/aeskeygenparams,0
web/api/ambientlightsensor,0
web/api/ambientlightsensor/ambientlightsensor,0
web/api/ambientlightsensor/illuminance,0
web/api/analysernode,0
web/api/analysernode/analysernode,0
web/api/analysernode/fftsize,0
web/api/analysernode/frequencybincount,0
web/api/analysernode/getbytefrequencydata,0
web/api/analysernode/getbytetimedomaindata,0
web/api/analysernode/getfloatfrequencydata,0
web/api/analysernode/getfloattimedomaindata,0
web/api/analysernode/maxdecibels,0
web/api/analysernode/mindecibels,0
web/api/analysernode/smoothingtimeconstant,0
web/api/angle_instanced_arrays,0
web/api/angle_instanced_arrays/drawarraysinstancedangle,0
web/api/angle_instanced_arrays/drawelementsinstancedangle,0
web/api/angle_instanced_arrays/vertexattribdivisorangle,0
web/api/animation,0
web/api/animation/animation,0
web/api/animation/cancel,0
web/api/animation/cancel_event,0
web/api/animation/commitstyles,0
web/api/animation/currenttime,0
web/api/animation/effect,0
web/api/animation/finish,0
web/api/animation/finish_event,0
web/api/animation/finished,0
web/api/animation/id,0
web/api/animation/overallprogress,0
web/api/animation/pause,0
web/api/animation/pending,0
web/api/animation/persist,0
web/api/animation/play,0
web/api/animation/playbackrate,0
web/api/animation/playstate,0
web/api/animation/ready,0
web/api/animation/remove_event,0
web/api/animation/replacestate,0
web/api/animation/reverse,0
web/api/animation/starttime,0
web/api/animation/timeline,0
web/api/animation/updateplaybackrate,0
web/api/animationeffect,0
web/api/animationeffect/getcomputedtiming,0
web/api/animationeffect/gettiming,0
web/api/animationeffect/updatetiming,0
web/api/animationevent,0
web/api/animationevent/animation,0
web/api/animationevent/animationevent,0
web/api/animationevent/animationname,0
web/api/animationevent/elapsedtime,0
web/api/animationevent/pseudoelement,0
web/api/animationplaybackevent,0
web/api/animationplaybackevent/animationplaybackevent,0
web/api/animationplaybackevent/currenttime,0
web/api/animationplaybackevent/timelinetime,0
web/api/animationtimeline,0
web/api/animationtimeline/currenttime,0
web/api/animationtimeline/duration,0
web/api/attr,0
web/api/attr/localname,0
web/api/attr/name,0
web/api/attr/namespaceuri,0
web/api/attr/ownerelement,0
web/api/attr/prefix,0
web/api/attr/specified,0
web/api/attr/value,0
web/api/attribution_reporting_api,0
web/api/attribution_reporting_api/generating_reports,0
web/api/attribution_reporting_api/registering_sources,0
web/api/attribution_reporting_api/registering_triggers,0
web/api/audio_output_devices_api,0
web/api/audio_session_api,0
web/api/audiobuffer,0
web/api/audiobuffer/audiobuffer,0
web/api/audiobuffer/copyfromchannel,0
web/api/audiobuffer/copytochannel,0
web/api/audiobuffer/duration,0
web/api/audiobuffer/getchanneldata,0
web/api/audiobuffer/length,0
web/api/audiobuffer/numberofchannels,0
web/api/audiobuffer/samplerate,0
web/api/audiobuffersourcenode,0
web/api/audiobuffersourcenode/audiobuffersourcenode,0
web/api/audiobuffersourcenode/buffer,0
web/api/audiobuffersourcenode/detune,0
web/api/audiobuffersourcenode/loop,0
web/api/audiobuffersourcenode/loopend,0
web/api/audiobuffersourcenode/loopstart,0
web/api/audiobuffersourcenode/playbackrate,0
web/api/audiobuffersourcenode/start,0
web/api/audiocontext,0
web/api/audiocontext/audiocontext,0
web/api/audiocontext/baselatency,0
web/api/audiocontext/close,0
web/api/audiocontext/createmediaelementsource,0
web/api/audiocontext/createmediastreamdestination,0
web/api/audiocontext/createmediastreamsource,0
web/api/audiocontext/createmediastreamtracksource,0
web/api/audiocontext/getoutputtimestamp,0
web/api/audiocontext/outputlatency,0
web/api/audiocontext/playbackstats,0
web/api/audiocontext/resume,0
web/api/audiocontext/setsinkid,0
web/api/audiocontext/sinkchange_event,0
web/api/audiocontext/sinkid,0
web/api/audiocontext/suspend,0
web/api/audiodata,0
web/api/audiodata/allocationsize,0
web/api/audiodata/audiodata,0
web/api/audiodata/clone,0
web/api/audiodata/close,0
web/api/audiodata/copyto,0
web/api/audiodata/duration,0
web/api/audiodata/format,0
web/api/audiodata/numberofchannels,0
web/api/audiodata/numberofframes,0
web/api/audiodata/samplerate,0
web/api/audiodata/timestamp,0
web/api/audiodecoder,0
web/api/audiodecoder/audiodecoder,0
web/api/audiodecoder/close,0
web/api/audiodecoder/configure,0
web/api/audiodecoder/decode,0
web/api/audiodecoder/decodequeuesize,0
web/api/audiodecoder/dequeue_event,0
web/api/audiodecoder/flush,0
web/api/audiodecoder/isconfigsupported_static,0
web/api/audiodecoder/reset,0
web/api/audiodecoder/state,0
web/api/audiodestinationnode,0
web/api/audiodestinationnode/maxchannelcount,0
web/api/audioencoder,0
web/api/audioencoder/audioencoder,0
web/api/audioencoder/close,0
web/api/audioencoder/configure,0
web/api/audioencoder/dequeue_event,0
web/api/audioencoder/encode,0
web/api/audioencoder/encodequeuesize,0
web/api/audioencoder/flush,0
web/api/audioencoder/isconfigsupported_static,0
web/api/audioencoder/reset,0
web/api/audioencoder/state,0
web/api/audiolistener,0
web/api/audiolistener/forwardx,0
web/api/audiolistener/forwardy,0
web/api/audiolistener/forwardz,0
web/api/audiolistener/positionx,0
web/api/audiolistener/positiony,0
web/api/audiolistener/positionz,0
web/api/audiolistener/setorientation,0
web/api/audiolistener/setposition,0
web/api/audiolistener/upx,0
web/api/audiolistener/upy,0
web/api/audiolistener/upz,0
web/api/audionode,0
web/api/audionode/channelcount,0
web/api/audionode/channelcountmode,0
web/api/audionode/channelinterpretation,0
web/api/audionode/connect,0
web/api/audionode/context,0
web/api/audionode/disconnect,0
web/api/audionode/numberofinputs,0
web/api/audionode/numberofoutputs,0
web/api/audioparam,0
web/api/audioparam/cancelandholdattime,0
web/api/audioparam/cancelscheduledvalues,0
web/api/audioparam/defaultvalue,0
web/api/audioparam/exponentialramptovalueattime,0
web/api/audioparam/linearramptovalueattime,0
web/api/audioparam/maxvalue,0
web/api/audioparam/minvalue,0
web/api/audioparam/settargetattime,0
web/api/audioparam/setvalueattime,0
web/api/audioparam/setvaluecurveattime,0
web/api/audioparam/value,0
web/api/audioparamdescriptor,0
web/api/audioparammap,0
web/api/audioplaybackstats,0
web/api/audioplaybackstats/averagelatency,0
web/api/audioplaybackstats/maximumlatency,0
web/api/audioplaybackstats/minimumlatency,0
web/api/audioplaybackstats/resetlatency,0
web/api/audioplaybackstats/tojson,0
web/api/audioplaybackstats/totalduration,0
web/api/audioplaybackstats/underrunduration,0
web/api/audioplaybackstats/underrunevents,0
web/api/audioprocessingevent,0
web/api/audioprocessingevent/audioprocessingevent,0
web/api/audioprocessingevent/inputbuffer,0
web/api/audioprocessingevent/outputbuffer,0
web/api/audioprocessingevent/playbacktime,0
web/api/audioscheduledsourcenode,0
web/api/audioscheduledsourcenode/ended_event,0
web/api/audioscheduledsourcenode/start,0
web/api/audioscheduledsourcenode/stop,0
web/api/audiosession,0
web/api/audiosession/type,0
web/api/audiosinkinfo,0
web/api/audiosinkinfo/type,0
web/api/audiotrack,0
web/api/audiotrack/enabled,0
web/api/audiotrack/id,0
web/api/audiotrack/kind,0
web/api/audiotrack/label,0
web/api/audiotrack/language,0
web/api/audiotrack/sourcebuffer,0
web/api/audiotracklist,0
web/api/audiotracklist/addtrack_event,0
web/api/audiotracklist/change_event,0
web/api/audiotracklist/gettrackbyid,0
web/api/audiotracklist/length,0
web/api/audiotracklist/removetrack_event,0
web/api/audioworklet,0
web/api/audioworklet/port,0
web/api/audioworkletglobalscope,0
web/api/audioworkletglobalscope/currentframe,0
web/api/audioworkletglobalscope/currenttime,0
web/api/audioworkletglobalscope/port,0
web/api/audioworkletglobalscope/registerprocessor,0
web/api/audioworkletglobalscope/samplerate,0
web/api/audioworkletnode,0
web/api/audioworkletnode/audioworkletnode,0
web/api/audioworkletnode/parameters,0
web/api/audioworkletnode/port,0
web/api/audioworkletnode/processorerror_event,0
web/api/audioworkletprocessor,0
web/api/audioworkletprocessor/audioworkletprocessor,0
web/api/audioworkletprocessor/parameterdescriptors_static,0
web/api/audioworkletprocessor/port,0
web/api/audioworkletprocessor/process,0
web/api/authenticatorassertionresponse,0
web/api/authenticatorassertionresponse/authenticatordata,0
web/api/authenticatorassertionresponse/signature,0
web/api/authenticatorassertionresponse/userhandle,0
web/api/authenticatorattestationresponse,0
web/api/authenticatorattestationresponse/attestationobject,0
web/api/authenticatorattestationresponse/getauthenticatordata,0
web/api/authenticatorattestationresponse/getpublickey,0
web/api/authenticatorattestationresponse/getpublickeyalgorithm,0
web/api/authenticatorattestationresponse/gettransports,0
web/api/authenticatorresponse,0
web/api/authenticatorresponse/clientdatajson,0
web/api/background_fetch_api,0
web/api/background_synchronization_api,0
web/api/background_tasks_api,0
web/api/backgroundfetchevent,0
web/api/backgroundfetchevent/backgroundfetchevent,0
web/api/backgroundfetchevent/registration,0
web/api/backgroundfetchmanager,0
web/api/backgroundfetchmanager/fetch,0
web/api/backgroundfetchmanager/get,0
web/api/backgroundfetchmanager/getids,0
web/api/backgroundfetchrecord,0
web/api/backgroundfetchrecord/request,0
web/api/backgroundfetchrecord/responseready,0
web/api/backgroundfetchregistration,0
web/api/backgroundfetchregistration/abort,0
web/api/backgroundfetchregistration/downloaded,0
web/api/backgroundfetchregistration/downloadtotal,0
web/api/backgroundfetchregistration/failurereason,0
web/api/backgroundfetchregistration/id,0
web/api/backgroundfetchregistration/match,0
web/api/backgroundfetchregistration/matchall,0
web/api/backgroundfetchregistration/progress_event,0
web/api/backgroundfetchregistration/recordsavailable,0
web/api/backgroundfetchregistration/result,0
web/api/backgroundfetchregistration/uploaded,0
web/api/backgroundfetchregistration/uploadtotal,0
web/api/backgroundfetchupdateuievent,0
web/api/backgroundfetchupdateuievent/backgroundfetchupdateuievent,0
web/api/backgroundfetchupdateuievent/updateui,0
web/api/badging_api,0
web/api/barcode_detection_api,0
web/api/barcodedetector,0
web/api/barcodedetector/barcodedetector,0
web/api/barcodedetector/detect,0
web/api/barcodedetector/getsupportedformats_static,0
web/api/barprop,0
web/api/barprop/visible,0
web/api/baseaudiocontext,0
web/api/baseaudiocontext/audioworklet,0
web/api/baseaudiocontext/createanalyser,0
web/api/baseaudiocontext/createbiquadfilter,0
web/api/baseaudiocontext/createbuffer,0
web/api/baseaudiocontext/createbuffersource,0
web/api/baseaudiocontext/createchannelmerger,0
web/api/baseaudiocontext/createchannelsplitter,0
web/api/baseaudiocontext/createconstantsource,0
web/api/baseaudiocontext/createconvolver,0
web/api/baseaudiocontext/createdelay,0
web/api/baseaudiocontext/createdynamicscompressor,0
web/api/baseaudiocontext/creategain,0
web/api/baseaudiocontext/createiirfilter,0
web/api/baseaudiocontext/createoscillator,0
web/api/baseaudiocontext/createpanner,0
web/api/baseaudiocontext/createperiodicwave,0
web/api/baseaudiocontext/createscriptprocessor,0
web/api/baseaudiocontext/createstereopanner,0
web/api/baseaudiocontext/createwaveshaper,0
web/api/baseaudiocontext/currenttime,0
web/api/baseaudiocontext/decodeaudiodata,0
web/api/baseaudiocontext/destination,0
web/api/baseaudiocontext/listener,0
web/api/baseaudiocontext/samplerate,0
web/api/baseaudiocontext/state,0
web/api/baseaudiocontext/statechange_event,0
web/api/battery_status_api,0
web/api/batterymanager,0
web/api/batterymanager/charging,0
web/api/batterymanager/chargingchange_event,0
web/api/batterymanager/chargingtime,0
web/api/batterymanager/chargingtimechange_event,0
web/api/batterymanager/dischargingtime,0
web/api/batterymanager/dischargingtimechange_event,0
web/api/batterymanager/level,0
web/api/batterymanager/levelchange_event,0
web/api/beacon_api,0
web/api/beforeinstallpromptevent,0
web/api/beforeinstallpromptevent/beforeinstallpromptevent,0
web/api/beforeinstallpromptevent/platforms,0
web/api/beforeinstallpromptevent/prompt,0
web/api/beforeinstallpromptevent/userchoice,0
web/api/beforeunloadevent,0
web/api/beforeunloadevent/returnvalue,0
web/api/biquadfilternode,0
web/api/biquadfilternode/biquadfilternode,0
web/api/biquadfilternode/detune,0
web/api/biquadfilternode/frequency,0
web/api/biquadfilternode/gain,0
web/api/biquadfilternode/getfrequencyresponse,0
web/api/biquadfilternode/q,0
web/api/biquadfilternode/type,0
web/api/blob,0
web/api/blob/arraybuffer,0
web/api/blob/blob,0
web/api/blob/bytes,0
web/api/blob/size,0
web/api/blob/slice,0
web/api/blob/stream,0
web/api/blob/text,0
web/api/blob/type,0
web/api/blobevent,0
web/api/blobevent/blobevent,0
web/api/blobevent/data,0
web/api/blobevent/timecode,0
web/api/bluetooth,0
web/api/bluetooth/getavailability,0
web/api/bluetooth/getdevices,0
web/api/bluetooth/requestdevice,0
web/api/bluetoothcharacteristicproperties,0
web/api/bluetoothcharacteristicproperties/authenticatedsignedwrites,0
web/api/bluetoothcharacteristicproperties/broadcast,0
web/api/bluetoothcharacteristicproperties/indicate,0
web/api/bluetoothcharacteristicproperties/notify,0
web/api/bluetoothcharacteristicproperties/read,0
web/api/bluetoothcharacteristicproperties/reliablewrite,0
web/api/bluetoothcharacteristicproperties/writableauxiliaries,0
web/api/bluetoothcharacteristicproperties/write,0
web/api/bluetoothcharacteristicproperties/writewithoutresponse,0
web/api/bluetoothdevice,0
web/api/bluetoothdevice/gatt,0
web/api/bluetoothdevice/id,0
web/api/bluetoothdevice/name,0
web/api/bluetoothremotegattcharacteristic,0
web/api/bluetoothremotegattcharacteristic/getdescriptor,0
web/api/bluetoothremotegattcharacteristic/getdescriptors,0
web/api/bluetoothremotegattcharacteristic/properties,0
web/api/bluetoothremotegattcharacteristic/readvalue,0
web/api/bluetoothremotegattcharacteristic/service,0
web/api/bluetoothremotegattcharacteristic/startnotifications,0
web/api/bluetoothremotegattcharacteristic/stopnotifications,0
web/api/bluetoothremotegattcharacteristic/uuid,0
web/api/bluetoothremotegattcharacteristic/value,0
web/api/bluetoothremotegattcharacteristic/writevalue,0
web/api/bluetoothremotegattcharacteristic/writevaluewithoutresponse,0
web/api/bluetoothremotegattcharacteristic/writevaluewithresponse,0
web/api/bluetoothremotegattdescriptor,0
web/api/bluetoothremotegattdescriptor/characteristic,0
web/api/bluetoothremotegattdescriptor/readvalue,0
web/api/bluetoothremotegattdescriptor/uuid,0
web/api/bluetoothremotegattdescriptor/value,0
web/api/bluetoothremotegattdescriptor/writevalue,0
web/api/bluetoothremotegattserver,0
web/api/bluetoothremotegattserver/connect,0
web/api/bluetoothremotegattserver/connected,0
web/api/bluetoothremotegattserver/device,0
web/api/bluetoothremotegattserver/disconnect,0
web/api/bluetoothremotegattserver/getprimaryservice,0
web/api/bluetoothremotegattserver/getprimaryservices,0
web/api/bluetoothremotegattservice,0
web/api/bluetoothremotegattservice/device,0
web/api/bluetoothremotegattservice/getcharacteristic,0
web/api/bluetoothremotegattservice/getcharacteristics,0
web/api/bluetoothremotegattservice/isprimary,0
web/api/bluetoothremotegattservice/uuid,0
web/api/bluetoothuuid,0
web/api/bluetoothuuid/canonicaluuid_static,0
web/api/bluetoothuuid/getcharacteristic_static,0
web/api/bluetoothuuid/getdescriptor_static,0
web/api/bluetoothuuid/getservice_static,0
web/api/broadcast_channel_api,0
web/api/broadcastchannel,0
web/api/broadcastchannel/broadcastchannel,0
web/api/broadcastchannel/close,0
web/api/broadcastchannel/message_event,0
web/api/broadcastchannel/messageerror_event,0
web/api/broadcastchannel/name,0
web/api/broadcastchannel/postmessage,0
web/api/browsercapturemediastreamtrack,0
web/api/browsercapturemediastreamtrack/clone,0
web/api/browsercapturemediastreamtrack/cropto,0
web/api/browsercapturemediastreamtrack/restrictto,0
web/api/bufferedchangeevent,0
web/api/bufferedchangeevent/addedranges,0
web/api/bufferedchangeevent/bufferedchangeevent,0
web/api/bufferedchangeevent/removedranges,0
web/api/bytelengthqueuingstrategy,0
web/api/bytelengthqueuingstrategy/bytelengthqueuingstrategy,0
web/api/bytelengthqueuingstrategy/highwatermark,0
web/api/bytelengthqueuingstrategy/size,0
web/api/cache,0
web/api/cache/add,0
web/api/cache/addall,0
web/api/cache/delete,0
web/api/cache/keys,0
web/api/cache/match,0
web/api/cache/matchall,0
web/api/cache/put,0
web/api/cachestorage,0
web/api/cachestorage/delete,0
web/api/cachestorage/has,0
web/api/cachestorage/keys,0
web/api/cachestorage/match,0
web/api/cachestorage/open,0
web/api/canmakepaymentevent,0
web/api/canmakepaymentevent/canmakepaymentevent,0
web/api/canmakepaymentevent/respondwith,0
web/api/canvas_api,0
web/api/canvas_api/manipulating_video_using_canvas,0
web/api/canvas_api/tutorial,0
web/api/canvas_api/tutorial/advanced_animations,0
web/api/canvas_api/tutorial/applying_styles_and_colors,0
web/api/canvas_api/tutorial/basic_animations,0
web/api/canvas_api/tutorial/basic_usage,0
web/api/canvas_api/tutorial/compositing,0
web/api/canvas_api/tutorial/drawing_shapes,0
web/api/canvas_api/tutorial/drawing_text,0
web/api/canvas_api/tutorial/finale,0
web/api/canvas_api/tutorial/optimizing_canvas,0
web/api/canvas_api/tutorial/pixel_manipulation_with_canvas,0
web/api/canvas_api/tutorial/transformations,0
web/api/canvas_api/tutorial/using_images,0
web/api/canvascapturemediastreamtrack,0
web/api/canvascapturemediastreamtrack/canvas,0
web/api/canvascapturemediastreamtrack/requestframe,0
web/api/canvasgradient,0
web/api/canvasgradient/addcolorstop,0
web/api/canvaspattern,0
web/api/canvaspattern/settransform,0
web/api/canvasrenderingcontext2d,0
web/api/canvasrenderingcontext2d/arc,0
web/api/canvasrenderingcontext2d/arcto,0
web/api/canvasrenderingcontext2d/beginpath,0
web/api/canvasrenderingcontext2d/beziercurveto,0
web/api/canvasrenderingcontext2d/canvas,0
web/api/canvasrenderingcontext2d/clearrect,0
web/api/canvasrenderingcontext2d/clip,0
web/api/canvasrenderingcontext2d/closepath,0
web/api/canvasrenderingcontext2d/createconicgradient,0
web/api/canvasrenderingcontext2d/createimagedata,0
web/api/canvasrenderingcontext2d/createlineargradient,0
web/api/canvasrenderingcontext2d/createpattern,0
web/api/canvasrenderingcontext2d/createradialgradient,0
web/api/canvasrenderingcontext2d/direction,0
web/api/canvasrenderingcontext2d/drawfocusifneeded,0
web/api/canvasrenderingcontext2d/drawimage,0
web/api/canvasrenderingcontext2d/ellipse,0
web/api/canvasrenderingcontext2d/fill,0
web/api/canvasrenderingcontext2d/fillrect,0
web/api/canvasrenderingcontext2d/fillstyle,0
web/api/canvasrenderingcontext2d/filltext,0
web/api/canvasrenderingcontext2d/filter,0
web/api/canvasrenderingcontext2d/font,0
web/api/canvasrenderingcontext2d/fontkerning,0
web/api/canvasrenderingcontext2d/fontstretch,0
web/api/canvasrenderingcontext2d/fontvariantcaps,0
web/api/canvasrenderingcontext2d/getcontextattributes,0
web/api/canvasrenderingcontext2d/getimagedata,0
web/api/canvasrenderingcontext2d/getlinedash,0
web/api/canvasrenderingcontext2d/gettransform,0
web/api/canvasrenderingcontext2d/globalalpha,0
web/api/canvasrenderingcontext2d/globalcompositeoperation,0
web/api/canvasrenderingcontext2d/imagesmoothingenabled,0
web/api/canvasrenderingcontext2d/imagesmoothingquality,0
web/api/canvasrenderingcontext2d/iscontextlost,0
web/api/canvasrenderingcontext2d/ispointinpath,0
web/api/canvasrenderingcontext2d/ispointinstroke,0
web/api/canvasrenderingcontext2d/lang,0
web/api/canvasrenderingcontext2d/letterspacing,0
web/api/canvasrenderingcontext2d/linecap,0
web/api/canvasrenderingcontext2d/linedashoffset,0
web/api/canvasrenderingcontext2d/linejoin,0
web/api/canvasrenderingcontext2d/lineto,0
web/api/canvasrenderingcontext2d/linewidth,0
web/api/canvasrenderingcontext2d/measuretext,0
web/api/canvasrenderingcontext2d/miterlimit,0
web/api/canvasrenderingcontext2d/moveto,0
web/api/canvasrenderingcontext2d/putimagedata,0
web/api/canvasrenderingcontext2d/quadraticcurveto,0
web/api/canvasrenderingcontext2d/rect,0
web/api/canvasrenderingcontext2d/reset,0
web/api/canvasrenderingcontext2d/resettransform,0
web/api/canvasrenderingcontext2d/restore,0
web/api/canvasrenderingcontext2d/rotate,0
web/api/canvasrenderingcontext2d/roundrect,0
web/api/canvasrenderingcontext2d/save,0
web/api/canvasrenderingcontext2d/scale,0
web/api/canvasrenderingcontext2d/setlinedash,0
web/api/canvasrenderingcontext2d/settransform,0
web/api/canvasrenderingcontext2d/shadowblur,0
web/api/canvasrenderingcontext2d/shadowcolor,0
web/api/canvasrenderingcontext2d/shadowoffsetx,0
web/api/canvasrenderingcontext2d/shadowoffsety,0
web/api/canvasrenderingcontext2d/stroke,0
web/api/canvasrenderingcontext2d/strokerect,0
web/api/canvasrenderingcontext2d/strokestyle,0
web/api/canvasrenderingcontext2d/stroketext,0
web/api/canvasrenderingcontext2d/textalign,0
web/api/canvasrenderingcontext2d/textbaseline,0
web/api/canvasrenderingcontext2d/textrendering,0
web/api/canvasrenderingcontext2d/transform,0
web/api/canvasrenderingcontext2d/translate,0
web/api/canvasrenderingcontext2d/wordspacing,0
web/api/capturecontroller,0
web/api/capturecontroller/capturecontroller,0
web/api/capturecontroller/decreasezoomlevel,0
web/api/capturecontroller/forwardwheel,0
web/api/capturecontroller/getsupportedzoomlevels,0
web/api/capturecontroller/increasezoomlevel,0
web/api/capturecontroller/resetzoomlevel,0
web/api/capturecontroller/setfocusbehavior,0
web/api/capturecontroller/zoomlevel,0
web/api/capturecontroller/zoomlevelchange_event,0
web/api/caretposition,0
web/api/caretposition/getclientrect,0
web/api/caretposition/offset,0
web/api/caretposition/offsetnode,0
web/api/cdatasection,0
web/api/channel_messaging_api,0
web/api/channel_messaging_api/using_channel_messaging,0
web/api/channelmergernode,0
web/api/channelmergernode/channelmergernode,0
web/api/channelsplitternode,0
web/api/channelsplitternode/channelsplitternode,0
web/api/chapterinformation,0
web/api/chapterinformation/artwork,0
web/api/chapterinformation/starttime,0
web/api/chapterinformation/title,0
web/api/characterboundsupdateevent,0
web/api/characterboundsupdateevent/characterboundsupdateevent,0
web/api/characterboundsupdateevent/rangeend,0
web/api/characterboundsupdateevent/rangestart,0
web/api/characterdata,0
web/api/characterdata/after,0
web/api/characterdata/appenddata,0
web/api/characterdata/before,0
web/api/characterdata/data,0
web/api/characterdata/deletedata,0
web/api/characterdata/insertdata,0
web/api/characterdata/length,0
web/api/characterdata/nextelementsibling,0
web/api/characterdata/previouselementsibling,0
web/api/characterdata/remove,0
web/api/characterdata/replacedata,0
web/api/characterdata/replacewith,0
web/api/characterdata/substringdata,0
web/api/client,0
web/api/client/frametype,0
web/api/client/id,0
web/api/client/postmessage,0
web/api/client/type,0
web/api/client/url,0
web/api/clients,0
web/api/clients/claim,0
web/api/clients/get,0
web/api/clients/matchall,0
web/api/clients/openwindow,0
web/api/clipboard,0
web/api/clipboard/clipboardchange_event,0
web/api/clipboard/read,0
web/api/clipboard/readtext,0
web/api/clipboard/write,0
web/api/clipboard/writetext,0
web/api/clipboard_api,0
web/api/clipboardchangeevent,0
web/api/clipboardchangeevent/changeid,0
web/api/clipboardchangeevent/clipboardchangeevent,0
web/api/clipboardchangeevent/types,0
web/api/clipboardevent,0
web/api/clipboardevent/clipboarddata,0
web/api/clipboardevent/clipboardevent,0
web/api/clipboarditem,0
web/api/clipboarditem/clipboarditem,0
web/api/clipboarditem/gettype,0
web/api/clipboarditem/presentationstyle,0
web/api/clipboarditem/supports_static,0
web/api/clipboarditem/types,0
web/api/closeevent,0
web/api/closeevent/closeevent,0
web/api/closeevent/code,0
web/api/closeevent/reason,0
web/api/closeevent/wasclean,0
web/api/closewatcher,0
web/api/closewatcher/cancel_event,0
web/api/closewatcher/close,0
web/api/closewatcher/close_event,0
web/api/closewatcher/closewatcher,0
web/api/closewatcher/destroy,0
web/api/closewatcher/requestclose,0
web/api/coepviolationreport,0
web/api/commandevent,0
web/api/commandevent/command,0
web/api/commandevent/commandevent,0
web/api/commandevent/source,0
web/api/comment,0
web/api/comment/comment,0
web/api/compositionevent,0
web/api/compositionevent/compositionevent,0
web/api/compositionevent/data,0
web/api/compositionevent/initcompositionevent,0
web/api/compositionevent/locale,0
web/api/compression_streams_api,0
web/api/compressionstream,0
web/api/compressionstream/compressionstream,0
web/api/compressionstream/readable,0
web/api/compressionstream/writable,0
web/api/compute_pressure_api,0
web/api/console,0
web/api/console/assert_static,0
web/api/console/clear_static,0
web/api/console/count_static,0
web/api/console/countreset_static,0
web/api/console/debug_static,0
web/api/console/dir_static,0
web/api/console/dirxml_static,0
web/api/console/error_static,0
web/api/console/group_static,0
web/api/console/groupcollapsed_static,0
web/api/console/groupend_static,0
web/api/console/info_static,0
web/api/console/log_static,0
web/api/console/profile_static,0
web/api/console/profileend_static,0
web/api/console/table_static,0
web/api/console/time_static,0
web/api/console/timeend_static,0
web/api/console/timelog_static,0
web/api/console/timestamp_static,0
web/api/console/trace_static,0
web/api/console/warn_static,0
web/api/console_api,0
web/api/constantsourcenode,0
web/api/constantsourcenode/constantsourcenode,0
web/api/constantsourcenode/offset,0
web/api/contact_picker_api,0
web/api/contactaddress,0
web/api/contactaddress/addressline,0
web/api/contactaddress/city,0
web/api/contactaddress/country,0
web/api/contactaddress/dependentlocality,0
web/api/contactaddress/organization,0
web/api/contactaddress/phone,0
web/api/contactaddress/postalcode,0
web/api/contactaddress/recipient,0
web/api/contactaddress/region,0
web/api/contactaddress/sortingcode,0
web/api/contactaddress/tojson,0
web/api/contactsmanager,0
web/api/contactsmanager/getproperties,0
web/api/contactsmanager/select,0
web/api/content_index_api,0
web/api/contentindex,0
web/api/contentindex/add,0
web/api/contentindex/delete,0
web/api/contentindex/getall,0
web/api/contentindexevent,0
web/api/contentindexevent/contentindexevent,0
web/api/contentindexevent/id,0
web/api/contentvisibilityautostatechangeevent,0
web/api/contentvisibilityautostatechangeevent/contentvisibilityautostatechangeevent,0
web/api/contentvisibilityautostatechangeevent/skipped,0
web/api/convolvernode,0
web/api/convolvernode/buffer,0
web/api/convolvernode/convolvernode,0
web/api/convolvernode/normalize,0
web/api/cookie_store_api,0
web/api/cookiechangeevent,0
web/api/cookiechangeevent/changed,0
web/api/cookiechangeevent/cookiechangeevent,0
web/api/cookiechangeevent/deleted,0
web/api/cookiestore,0
web/api/cookiestore/change_event,0
web/api/cookiestore/delete,0
web/api/cookiestore/get,0
web/api/cookiestore/getall,0
web/api/cookiestore/set,0
web/api/cookiestoremanager,0
web/api/cookiestoremanager/getsubscriptions,0
web/api/cookiestoremanager/subscribe,0
web/api/cookiestoremanager/unsubscribe,0
web/api/countqueuingstrategy,0
web/api/countqueuingstrategy/countqueuingstrategy,0
web/api/countqueuingstrategy/highwatermark,0
web/api/countqueuingstrategy/size,0
web/api/crashreport,0
web/api/crashreportcontext,0
web/api/crashreportcontext/delete,0
web/api/crashreportcontext/initialize,0
web/api/crashreportcontext/set,0
web/api/createmonitor,0
web/api/createmonitor/downloadprogress_event,0
web/api/credential,0
web/api/credential/id,0
web/api/credential/isconditionalmediationavailable_static,0
web/api/credential/type,0
web/api/credential_management_api,0
web/api/credential_management_api/credential_types,0
web/api/credentialscontainer,0
web/api/credentialscontainer/create,0
web/api/credentialscontainer/get,0
web/api/credentialscontainer/preventsilentaccess,0
web/api/credentialscontainer/store,0
web/api/croptarget,0
web/api/croptarget/fromelement_static,0
web/api/crypto,0
web/api/crypto/getrandomvalues,0
web/api/crypto/randomuuid,0
web/api/crypto/subtle,0
web/api/cryptokey,0
web/api/cryptokey/algorithm,0
web/api/cryptokey/extractable,0
web/api/cryptokey/type,0
web/api/cryptokey/usages,0
web/api/cryptokeypair,0
web/api/cspviolationreport,0
web/api/cspviolationreport/blockedurl,0
web/api/cspviolationreport/columnnumber,0
web/api/cspviolationreport/disposition,0
web/api/cspviolationreport/documenturl,0
web/api/cspviolationreport/effectivedirective,0
web/api/cspviolationreport/linenumber,0
web/api/cspviolationreport/originalpolicy,0
web/api/cspviolationreport/referrer,0
web/api/cspviolationreport/sample,0
web/api/cspviolationreport/sourcefile,0
web/api/cspviolationreport/statuscode,0
web/api/css,0
web/api/css/escape_static,0
web/api/css/factory_functions_static,0
web/api/css/highlights_static,0
web/api/css/paintworklet_static,0
web/api/css/registerproperty_static,0
web/api/css/supports_static,0
web/api/css_custom_highlight_api,0
web/api/css_font_loading_api,0
web/api/css_object_model,0
web/api/css_object_model/css_declaration,0
web/api/css_object_model/css_declaration_block,0
web/api/css_object_model/css_value_serialization,0
web/api/css_object_model/determining_the_dimensions_of_elements,0
web/api/css_object_model/managing_screen_orientation,0
web/api/css_object_model/using_dynamic_styling_information,0
web/api/css_painting_api,0
web/api/css_painting_api/guide,0
web/api/css_properties_and_values_api,0
web/api/css_properties_and_values_api/guide,0
web/api/css_typed_om_api,0
web/api/css_typed_om_api/guide,0
web/api/cssanimation,0
web/api/cssanimation/animationname,0
web/api/cssconditionrule,0
web/api/cssconditionrule/conditiontext,0
web/api/csscontainerrule,0
web/api/csscontainerrule/conditions,0
web/api/csscontainerrule/containername,0
web/api/csscontainerrule/containerquery,0
web/api/csscounterstylerule,0
web/api/csscounterstylerule/additivesymbols,0
web/api/csscounterstylerule/fallback,0
web/api/csscounterstylerule/name,0
web/api/csscounterstylerule/negative,0
web/api/csscounterstylerule/pad,0
web/api/csscounterstylerule/prefix,0
web/api/csscounterstylerule/range,0
web/api/csscounterstylerule/speakas,0
web/api/csscounterstylerule/suffix,0
web/api/csscounterstylerule/symbols,0
web/api/csscounterstylerule/system,0
web/api/cssfontfacedescriptors,0
web/api/cssfontfacerule,0
web/api/cssfontfacerule/style,0
web/api/cssfontfeaturevaluesmap,0
web/api/cssfontfeaturevaluesmap/clear,0
web/api/cssfontfeaturevaluesmap/delete,0
web/api/cssfontfeaturevaluesmap/entries,0
web/api/cssfontfeaturevaluesmap/foreach,0
web/api/cssfontfeaturevaluesmap/get,0
web/api/cssfontfeaturevaluesmap/has,0
web/api/cssfontfeaturevaluesmap/keys,0
web/api/cssfontfeaturevaluesmap/set,0
web/api/cssfontfeaturevaluesmap/size,0
web/api/cssfontfeaturevaluesmap/symbol.iterator,0
web/api/cssfontfeaturevaluesmap/values,0
web/api/cssfontfeaturevaluesrule,0
web/api/cssfontfeaturevaluesrule/annotation,0
web/api/cssfontfeaturevaluesrule/charactervariant,0
web/api/cssfontfeaturevaluesrule/fontfamily,0
web/api/cssfontfeaturevaluesrule/ornaments,0
web/api/cssfontfeaturevaluesrule/styleset,0
web/api/cssfontfeaturevaluesrule/stylistic,0
web/api/cssfontfeaturevaluesrule/swash,0
web/api/cssfontpalettevaluesrule,0
web/api/cssfontpalettevaluesrule/basepalette,0
web/api/cssfontpalettevaluesrule/fontfamily,0
web/api/cssfontpalettevaluesrule/name,0
web/api/cssfontpalettevaluesrule/overridecolors,0
web/api/cssfunctiondeclarations,0
web/api/cssfunctiondeclarations/style,0
web/api/cssfunctiondescriptors,0
web/api/cssfunctiondescriptors/result,0
web/api/cssfunctionrule,0
web/api/cssfunctionrule/getparameters,0
web/api/cssfunctionrule/name,0
web/api/cssfunctionrule/returntype,0
web/api/cssgroupingrule,0
web/api/cssgroupingrule/cssrules,0
web/api/cssgroupingrule/deleterule,0
web/api/cssgroupingrule/insertrule,0
web/api/cssimagevalue,0
web/api/cssimportrule,0
web/api/cssimportrule/href,0
web/api/cssimportrule/layername,0
web/api/cssimportrule/media,0
web/api/cssimportrule/stylesheet,0
web/api/cssimportrule/supportstext,0
web/api/csskeyframerule,0
web/api/csskeyframerule/keytext,0
web/api/csskeyframerule/style,0
web/api/csskeyframesrule,0
web/api/csskeyframesrule/appendrule,0
web/api/csskeyframesrule/cssrules,0
web/api/csskeyframesrule/deleterule,0
web/api/csskeyframesrule/findrule,0
web/api/csskeyframesrule/length,0
web/api/csskeyframesrule/name,0
web/api/csskeywordvalue,0
web/api/csskeywordvalue/csskeywordvalue,0
web/api/csskeywordvalue/value,0
web/api/csslayerblockrule,0
web/api/csslayerblockrule/name,0
web/api/csslayerstatementrule,0
web/api/csslayerstatementrule/namelist,0
web/api/cssmathclamp,0
web/api/cssmathclamp/cssmathclamp,0
web/api/cssmathclamp/lower,0
web/api/cssmathclamp/upper,0
web/api/cssmathclamp/value,0
web/api/cssmathinvert,0
web/api/cssmathinvert/cssmathinvert,0
web/api/cssmathinvert/value,0
web/api/cssmathmax,0
web/api/cssmathmax/cssmathmax,0
web/api/cssmathmax/values,0
web/api/cssmathmin,0
web/api/cssmathmin/cssmathmin,0
web/api/cssmathmin/values,0
web/api/cssmathnegate,0
web/api/cssmathnegate/cssmathnegate,0
web/api/cssmathnegate/value,0
web/api/cssmathproduct,0
web/api/cssmathproduct/cssmathproduct,0
web/api/cssmathproduct/values,0
web/api/cssmathsum,0
web/api/cssmathsum/cssmathsum,0
web/api/cssmathsum/values,0
web/api/cssmathvalue,0
web/api/cssmathvalue/operator,0
web/api/cssmatrixcomponent,0
web/api/cssmatrixcomponent/cssmatrixcomponent,0
web/api/cssmatrixcomponent/matrix,0
web/api/cssmediarule,0
web/api/cssmediarule/media,0
web/api/cssnamespacerule,0
web/api/cssnamespacerule/namespaceuri,0
web/api/cssnamespacerule/prefix,0
web/api/cssnesteddeclarations,0
web/api/cssnesteddeclarations/style,0
web/api/cssnumericarray,0
web/api/cssnumericarray/length,0
web/api/cssnumericvalue,0
web/api/cssnumericvalue/add,0
web/api/cssnumericvalue/div,0
web/api/cssnumericvalue/equals,0
web/api/cssnumericvalue/max,0
web/api/cssnumericvalue/min,0
web/api/cssnumericvalue/mul,0
web/api/cssnumericvalue/parse_static,0
web/api/cssnumericvalue/sub,0
web/api/cssnumericvalue/to,0
web/api/cssnumericvalue/tosum,0
web/api/cssnumericvalue/type,0
web/api/cssom_view_api,0
web/api/cssom_view_api/coordinate_systems,0
web/api/csspagedescriptors,0
web/api/csspagerule,0
web/api/csspagerule/selectortext,0
web/api/csspagerule/style,0
web/api/cssperspective,0
web/api/cssperspective/cssperspective,0
web/api/cssperspective/length,0
web/api/csspositiontrydescriptors,0
web/api/csspositiontryrule,0
web/api/csspositiontryrule/name,0
web/api/csspositiontryrule/style,0
web/api/csspositionvalue,0
web/api/csspositionvalue/csspositionvalue,0
web/api/csspositionvalue/x,0
web/api/csspositionvalue/y,0
web/api/cssprimitivevalue,0
web/api/cssprimitivevalue/getcountervalue,0
web/api/cssprimitivevalue/getfloatvalue,0
web/api/cssprimitivevalue/getrectvalue,0
web/api/cssprimitivevalue/getrgbcolorvalue,0
web/api/cssprimitivevalue/getstringvalue,0
web/api/cssprimitivevalue/primitivetype,0
web/api/cssprimitivevalue/setfloatvalue,0
web/api/cssprimitivevalue/setstringvalue,0
web/api/csspropertyrule,0
web/api/csspropertyrule/inherits,0
web/api/csspropertyrule/initialvalue,0
web/api/csspropertyrule/name,0
web/api/csspropertyrule/syntax,0
web/api/csspseudoelement,0
web/api/csspseudoelement/element,0
web/api/csspseudoelement/parent,0
web/api/csspseudoelement/pseudo,0
web/api/csspseudoelement/type,0
web/api/cssrotate,0
web/api/cssrotate/angle,0
web/api/cssrotate/cssrotate,0
web/api/cssrotate/x,0
web/api/cssrotate/y,0
web/api/cssrotate/z,0
web/api/cssrule,0
web/api/cssrule/csstext,0
web/api/cssrule/parentrule,0
web/api/cssrule/parentstylesheet,0
web/api/cssrule/type,0
web/api/cssrulelist,0
web/api/cssrulelist/item,0
web/api/cssrulelist/length,0
web/api/cssscale,0
web/api/cssscale/cssscale,0
web/api/cssscale/x,0
web/api/cssscale/y,0
web/api/cssscale/z,0
web/api/cssscoperule,0
web/api/cssscoperule/end,0
web/api/cssscoperule/start,0
web/api/cssskew,0
web/api/cssskew/ax,0
web/api/cssskew/ay,0
web/api/cssskew/cssskew,0
web/api/cssskewx,0
web/api/cssskewx/ax,0
web/api/cssskewx/cssskewx,0
web/api/cssskewy,0
web/api/cssskewy/ay,0
web/api/cssskewy/cssskewy,0
web/api/cssstartingstylerule,0
web/api/cssstyledeclaration,0
web/api/cssstyledeclaration/cssfloat,0
web/api/cssstyledeclaration/csstext,0
web/api/cssstyledeclaration/getpropertycssvalue,0
web/api/cssstyledeclaration/getpropertypriority,0
web/api/cssstyledeclaration/getpropertyvalue,0
web/api/cssstyledeclaration/item,0
web/api/cssstyledeclaration/length,0
web/api/cssstyledeclaration/parentrule,0
web/api/cssstyledeclaration/removeproperty,0
web/api/cssstyledeclaration/setproperty,0
web/api/cssstyleproperties,0
web/api/cssstyleproperties/cssfloat,0
web/api/cssstylerule,0
web/api/cssstylerule/selectortext,0
web/api/cssstylerule/style,0
web/api/cssstylerule/stylemap,0
web/api/cssstylesheet,0
web/api/cssstylesheet/addrule,0
web/api/cssstylesheet/cssrules,0
web/api/cssstylesheet/cssstylesheet,0
web/api/cssstylesheet/deleterule,0
web/api/cssstylesheet/insertrule,0
web/api/cssstylesheet/ownerrule,0
web/api/cssstylesheet/removerule,0
web/api/cssstylesheet/replace,0
web/api/cssstylesheet/replacesync,0
web/api/cssstylesheet/rules,0
web/api/cssstylevalue,0
web/api/cssstylevalue/parse_static,0
web/api/cssstylevalue/parseall_static,0
web/api/csssupportsrule,0
web/api/csstransformcomponent,0
web/api/csstransformcomponent/is2d,0
web/api/csstransformcomponent/tomatrix,0
web/api/csstransformcomponent/tostring,0
web/api/csstransformvalue,0
web/api/csstransformvalue/csstransformvalue,0
web/api/csstransformvalue/entries,0
web/api/csstransformvalue/foreach,0
web/api/csstransformvalue/is2d,0
web/api/csstransformvalue/keys,0
web/api/csstransformvalue/length,0
web/api/csstransformvalue/tomatrix,0
web/api/csstransformvalue/values,0
web/api/csstransition,0
web/api/csstransition/transitionproperty,0
web/api/csstranslate,0
web/api/csstranslate/csstranslate,0
web/api/csstranslate/x,0
web/api/csstranslate/y,0
web/api/csstranslate/z,0
web/api/cssunitvalue,0
web/api/cssunitvalue/cssunitvalue,0
web/api/cssunitvalue/unit,0
web/api/cssunitvalue/value,0
web/api/cssunparsedvalue,0
web/api/cssunparsedvalue/cssunparsedvalue,0
web/api/cssunparsedvalue/entries,0
web/api/cssunparsedvalue/foreach,0
web/api/cssunparsedvalue/keys,0
web/api/cssunparsedvalue/length,0
web/api/cssunparsedvalue/values,0
web/api/cssvalue,0
web/api/cssvalue/csstext,0
web/api/cssvalue/cssvaluetype,0
web/api/cssvaluelist,0
web/api/cssvaluelist/item,0
web/api/cssvaluelist/length,0
web/api/cssvariablereferencevalue,0
web/api/cssvariablereferencevalue/cssvariablereferencevalue,0
web/api/cssvariablereferencevalue/fallback,0
web/api/cssvariablereferencevalue/variable,0
web/api/cssviewtransitionrule,0
web/api/cssviewtransitionrule/navigation,0
web/api/cssviewtransitionrule/types,0
web/api/customelementregistry,0
web/api/customelementregistry/customelementregistry,0
web/api/customelementregistry/define,0
web/api/customelementregistry/get,0
web/api/customelementregistry/getname,0
web/api/customelementregistry/initialize,0
web/api/customelementregistry/upgrade,0
web/api/customelementregistry/whendefined,0
web/api/customevent,0
web/api/customevent/customevent,0
web/api/customevent/detail,0
web/api/customevent/initcustomevent,0
web/api/customstateset,0
web/api/customstateset/add,0
web/api/customstateset/clear,0
web/api/customstateset/delete,0
web/api/customstateset/entries,0
web/api/customstateset/foreach,0
web/api/customstateset/has,0
web/api/customstateset/keys,0
web/api/customstateset/size,0
web/api/customstateset/values,0
web/api/datacue,0
web/api/datacue/datacue,0
web/api/datacue/type,0
web/api/datacue/value,0
web/api/datatransfer,0
web/api/datatransfer/addelement,0
web/api/datatransfer/cleardata,0
web/api/datatransfer/datatransfer,0
web/api/datatransfer/dropeffect,0
web/api/datatransfer/effectallowed,0
web/api/datatransfer/files,0
web/api/datatransfer/getdata,0
web/api/datatransfer/items,0
web/api/datatransfer/setdata,0
web/api/datatransfer/setdragimage,0
web/api/datatransfer/types,0
web/api/datatransferitem,0
web/api/datatransferitem/getasfile,0
web/api/datatransferitem/getasfilesystemhandle,0
web/api/datatransferitem/getasstring,0
web/api/datatransferitem/kind,0
web/api/datatransferitem/type,0
web/api/datatransferitem/webkitgetasentry,0
web/api/datatransferitemlist,0
web/api/datatransferitemlist/add,0
web/api/datatransferitemlist/clear,0
web/api/datatransferitemlist/length,0
web/api/datatransferitemlist/remove,0
web/api/decompressionstream,0
web/api/decompressionstream/decompressionstream,0
web/api/decompressionstream/readable,0
web/api/decompressionstream/writable,0
web/api/dedicatedworkerglobalscope,0
web/api/dedicatedworkerglobalscope/cancelanimationframe,0
web/api/dedicatedworkerglobalscope/close,0
web/api/dedicatedworkerglobalscope/message_event,0
web/api/dedicatedworkerglobalscope/messageerror_event,0
web/api/dedicatedworkerglobalscope/name,0
web/api/dedicatedworkerglobalscope/postmessage,0
web/api/dedicatedworkerglobalscope/requestanimationframe,0
web/api/dedicatedworkerglobalscope/rtctransform_event,0
web/api/deferredrequestinit,0
web/api/delaynode,0
web/api/delaynode/delaynode,0
web/api/delaynode/delaytime,0
web/api/delegatedinktrailpresenter,0
web/api/delegatedinktrailpresenter/expectedimprovement,0
web/api/delegatedinktrailpresenter/presentationarea,0
web/api/delegatedinktrailpresenter/updateinktrailstartpoint,0
web/api/deprecationreport,0
web/api/device_memory_api,0
web/api/device_orientation_events,0
web/api/device_orientation_events/detecting_device_orientation,0
web/api/device_orientation_events/orientation_and_motion_data_explained,0
web/api/device_orientation_events/using_device_orientation_with_3d_transforms,0
web/api/device_posture_api,0
web/api/devicemotionevent,0
web/api/devicemotionevent/acceleration,0
web/api/devicemotionevent/accelerationincludinggravity,0
web/api/devicemotionevent/devicemotionevent,0
web/api/devicemotionevent/interval,0
web/api/devicemotionevent/requestpermission_static,0
web/api/devicemotionevent/rotationrate,0
web/api/devicemotioneventacceleration,0
web/api/devicemotioneventacceleration/x,0
web/api/devicemotioneventacceleration/y,0
web/api/devicemotioneventacceleration/z,0
web/api/devicemotioneventrotationrate,0
web/api/devicemotioneventrotationrate/alpha,0
web/api/devicemotioneventrotationrate/beta,0
web/api/devicemotioneventrotationrate/gamma,0
web/api/deviceorientationevent,0
web/api/deviceorientationevent/absolute,0
web/api/deviceorientationevent/alpha,0
web/api/deviceorientationevent/beta,0
web/api/deviceorientationevent/deviceorientationevent,0
web/api/deviceorientationevent/gamma,0
web/api/deviceorientationevent/requestpermission_static,0
web/api/deviceposture,0
web/api/deviceposture/change_event,0
web/api/deviceposture/type,0
web/api/directoryentrysync,0
web/api/directoryreadersync,0
web/api/document,0
web/api/document/activeelement,0
web/api/document/activeviewtransition,0
web/api/document/adoptedstylesheets,0
web/api/document/adoptnode,0
web/api/document/afterscriptexecute_event,0
web/api/document/alinkcolor,0
web/api/document/all,0
web/api/document/anchors,0
web/api/document/append,0
web/api/document/applets,0
web/api/document/arianotify,0
web/api/document/beforescriptexecute_event,0
web/api/document/bgcolor,0
web/api/document/body,0
web/api/document/browsingtopics,0
web/api/document/caretpositionfrompoint,0
web/api/document/caretrangefrompoint,0
web/api/document/characterset,0
web/api/document/childelementcount,0
web/api/document/children,0
web/api/document/clear,0
web/api/document/close,0
web/api/document/compatmode,0
web/api/document/contenttype,0
web/api/document/cookie,0
web/api/document/createattribute,0
web/api/document/createattributens,0
web/api/document/createcdatasection,0
web/api/document/createcomment,0
web/api/document/createdocumentfragment,0
web/api/document/createelement,0
web/api/document/createelementns,0
web/api/document/createevent,0
web/api/document/createexpression,0
web/api/document/createnodeiterator,0
web/api/document/creatensresolver,0
web/api/document/createprocessinginstruction,0
web/api/document/createrange,0
web/api/document/createtextnode,0
web/api/document/createtouch,0
web/api/document/createtouchlist,0
web/api/document/createtreewalker,0
web/api/document/currentscript,0
web/api/document/customelementregistry,0
web/api/document/defaultview,0
web/api/document/designmode,0
web/api/document/dir,0
web/api/document/doctype,0
web/api/document/document,0
web/api/document/documentelement,0
web/api/document/documenturi,0
web/api/document/domain,0
web/api/document/domcontentloaded_event,0
web/api/document/elementfrompoint,0
web/api/document/elementsfrompoint,0
web/api/document/embeds,0
web/api/document/enablestylesheetsforset,0
web/api/document/evaluate,0
web/api/document/execcommand,0
web/api/document/exitfullscreen,0
web/api/document/exitpictureinpicture,0
web/api/document/exitpointerlock,0
web/api/document/featurepolicy,0
web/api/document/fgcolor,0
web/api/document/firstelementchild,0
web/api/document/fonts,0
web/api/document/forms,0
web/api/document/fragmentdirective,0
web/api/document/fullscreen,0
web/api/document/fullscreenchange_event,0
web/api/document/fullscreenelement,0
web/api/document/fullscreenenabled,0
web/api/document/fullscreenerror_event,0
web/api/document/getanimations,0
web/api/document/getelementbyid,0
web/api/document/getelementsbyclassname,0
web/api/document/getelementsbyname,0
web/api/document/getelementsbytagname,0
web/api/document/getelementsbytagnamens,0
web/api/document/getselection,0
web/api/document/hasfocus,0
web/api/document/hasprivatetoken,0
web/api/document/hasredemptionrecord,0
web/api/document/hasstorageaccess,0
web/api/document/hasunpartitionedcookieaccess,0
web/api/document/head,0
web/api/document/hidden,0
web/api/document/images,0
web/api/document/implementation,0
web/api/document/importnode,0
web/api/document/lastelementchild,0
web/api/document/lastmodified,0
web/api/document/laststylesheetset,0
web/api/document/linkcolor,0
web/api/document/links,0
web/api/document/location,0
web/api/document/movebefore,0
web/api/document/mozsetimageelement,0
web/api/document/open,0
web/api/document/parsehtml_static,0
web/api/document/parsehtmlunsafe_static,0
web/api/document/pictureinpictureelement,0
web/api/document/pictureinpictureenabled,0
web/api/document/plugins,0
web/api/document/pointerlockchange_event,0
web/api/document/pointerlockelement,0
web/api/document/pointerlockerror_event,0
web/api/document/preferredstylesheetset,0
web/api/document/prepend,0
web/api/document/prerendering,0
web/api/document/prerenderingchange_event,0
web/api/document/querycommandenabled,0
web/api/document/querycommandstate,0
web/api/document/querycommandsupported,0
web/api/document/queryselector,0
web/api/document/queryselectorall,0
web/api/document/readystate,0
web/api/document/readystatechange_event,0
web/api/document/referrer,0
web/api/document/releasecapture,0
web/api/document/replacechildren,0
web/api/document/requeststorageaccess,0
web/api/document/requeststorageaccessfor,0
web/api/document/rootelement,0
web/api/document/scripts,0
web/api/document/scroll_event,0
web/api/document/scrollend_event,0
web/api/document/scrollingelement,0
web/api/document/scrollsnapchange_event,0
web/api/document/scrollsnapchanging_event,0
web/api/document/securitypolicyviolation_event,0
web/api/document/selectedstylesheetset,0
web/api/document/selectionchange_event,0
web/api/document/startviewtransition,0
web/api/document/stylesheets,0
web/api/document/stylesheetsets,0
web/api/document/timeline,0
web/api/document/title,0
web/api/document/url,0
web/api/document/visibilitychange_event,0
web/api/document/visibilitystate,0
web/api/document/vlinkcolor,0
web/api/document/write,0
web/api/document/writeln,0
web/api/document/xmlencoding,0
web/api/document/xmlversion,0
web/api/document_object_model,0
web/api/document_object_model/anatomy_of_the_dom,0
web/api/document_object_model/building_and_updating_the_dom_tree,0
web/api/document_object_model/events,0
web/api/document_object_model/reflected_attributes,0
web/api/document_object_model/selection_and_traversal_on_the_dom_tree,0
web/api/document_picture-in-picture_api,0
web/api/document_picture-in-picture_api/using,0
web/api/documentfragment,0
web/api/documentfragment/append,0
web/api/documentfragment/childelementcount,0
web/api/documentfragment/children,0
web/api/documentfragment/documentfragment,0
web/api/documentfragment/firstelementchild,0
web/api/documentfragment/getelementbyid,0
web/api/documentfragment/lastelementchild,0
web/api/documentfragment/movebefore,0
web/api/documentfragment/prepend,0
web/api/documentfragment/queryselector,0
web/api/documentfragment/queryselectorall,0
web/api/documentfragment/replacechildren,0
web/api/documentpictureinpicture,0
web/api/documentpictureinpicture/enter_event,0
web/api/documentpictureinpicture/requestwindow,0
web/api/documentpictureinpicture/window,0
web/api/documentpictureinpictureevent,0
web/api/documentpictureinpictureevent/documentpictureinpictureevent,0
web/api/documentpictureinpictureevent/window,0
web/api/documenttimeline,0
web/api/documenttimeline/documenttimeline,0
web/api/documenttype,0
web/api/documenttype/after,0
web/api/documenttype/before,0
web/api/documenttype/name,0
web/api/documenttype/publicid,0
web/api/documenttype/remove,0
web/api/documenttype/replacewith,0
web/api/documenttype/systemid,0
web/api/domerror,0
web/api/domexception,0
web/api/domexception/code,0
web/api/domexception/domexception,0
web/api/domexception/message,0
web/api/domexception/name,0
web/api/domhighrestimestamp,0
web/api/domimplementation,0
web/api/domimplementation/createdocument,0
web/api/domimplementation/createdocumenttype,0
web/api/domimplementation/createhtmldocument,0
web/api/domimplementation/hasfeature,0
web/api/dommatrix,0
web/api/dommatrix/dommatrix,0
web/api/dommatrix/fromfloat32array_static,0
web/api/dommatrix/fromfloat64array_static,0
web/api/dommatrix/frommatrix_static,0
web/api/dommatrix/invertself,0
web/api/dommatrix/multiplyself,0
web/api/dommatrix/premultiplyself,0
web/api/dommatrix/rotateaxisangleself,0
web/api/dommatrix/rotatefromvectorself,0
web/api/dommatrix/rotateself,0
web/api/dommatrix/scale3dself,0
web/api/dommatrix/scaleself,0
web/api/dommatrix/setmatrixvalue,0
web/api/dommatrix/skewxself,0
web/api/dommatrix/skewyself,0
web/api/dommatrix/translateself,0
web/api/dommatrixreadonly,0
web/api/dommatrixreadonly/dommatrixreadonly,0
web/api/dommatrixreadonly/flipx,0
web/api/dommatrixreadonly/flipy,0
web/api/dommatrixreadonly/fromfloat32array_static,0
web/api/dommatrixreadonly/fromfloat64array_static,0
web/api/dommatrixreadonly/frommatrix_static,0
web/api/dommatrixreadonly/inverse,0
web/api/dommatrixreadonly/is2d,0
web/api/dommatrixreadonly/isidentity,0
web/api/dommatrixreadonly/multiply,0
web/api/dommatrixreadonly/rotate,0
web/api/dommatrixreadonly/rotateaxisangle,0
web/api/dommatrixreadonly/rotatefromvector,0
web/api/dommatrixreadonly/scale,0
web/api/dommatrixreadonly/scale3d,0
web/api/dommatrixreadonly/skewx,0
web/api/dommatrixreadonly/skewy,0
web/api/dommatrixreadonly/tofloat32array,0
web/api/dommatrixreadonly/tofloat64array,0
web/api/dommatrixreadonly/tojson,0
web/api/dommatrixreadonly/tostring,0
web/api/dommatrixreadonly/transformpoint,0
web/api/dommatrixreadonly/translate,0
web/api/domparser,0
web/api/domparser/domparser,0
web/api/domparser/parsefromstring,0
web/api/dompoint,0
web/api/dompoint/dompoint,0
web/api/dompoint/frompoint_static,0
web/api/dompoint/w,0
web/api/dompoint/x,0
web/api/dompoint/y,0
web/api/dompoint/z,0
web/api/dompointreadonly,0
web/api/dompointreadonly/dompointreadonly,0
web/api/dompointreadonly/frompoint_static,0
web/api/dompointreadonly/matrixtransform,0
web/api/dompointreadonly/tojson,0
web/api/dompointreadonly/w,0
web/api/dompointreadonly/x,0
web/api/dompointreadonly/y,0
web/api/dompointreadonly/z,0
web/api/domquad,0
web/api/domquad/domquad,0
web/api/domquad/fromquad_static,0
web/api/domquad/fromrect_static,0
web/api/domquad/getbounds,0
web/api/domquad/p1,0
web/api/domquad/p2,0
web/api/domquad/p3,0
web/api/domquad/p4,0
web/api/domquad/tojson,0
web/api/domrect,0
web/api/domrect/domrect,0
web/api/domrect/fromrect_static,0
web/api/domrect/height,0
web/api/domrect/width,0
web/api/domrect/x,0
web/api/domrect/y,0
web/api/domrectlist,0
web/api/domrectlist/item,0
web/api/domrectlist/length,0
web/api/domrectreadonly,0
web/api/domrectreadonly/bottom,0
web/api/domrectreadonly/domrectreadonly,0
web/api/domrectreadonly/fromrect_static,0
web/api/domrectreadonly/height,0
web/api/domrectreadonly/left,0
web/api/domrectreadonly/right,0
web/api/domrectreadonly/tojson,0
web/api/domrectreadonly/top,0
web/api/domrectreadonly/width,0
web/api/domrectreadonly/x,0
web/api/domrectreadonly/y,0
web/api/domstringlist,0
web/api/domstringlist/contains,0
web/api/domstringlist/item,0
web/api/domstringlist/length,0
web/api/domstringmap,0
web/api/domtokenlist,0
web/api/domtokenlist/add,0
web/api/domtokenlist/contains,0
web/api/domtokenlist/entries,0
web/api/domtokenlist/foreach,0
web/api/domtokenlist/item,0
web/api/domtokenlist/keys,0
web/api/domtokenlist/length,0
web/api/domtokenlist/remove,0
web/api/domtokenlist/replace,0
web/api/domtokenlist/supports,0
web/api/domtokenlist/toggle,0
web/api/domtokenlist/tostring,0
web/api/domtokenlist/value,0
web/api/domtokenlist/values,0
web/api/dragevent,0
web/api/dragevent/datatransfer,0
web/api/dragevent/dragevent,0
web/api/dynamicscompressornode,0
web/api/dynamicscompressornode/attack,0
web/api/dynamicscompressornode/dynamicscompressornode,0
web/api/dynamicscompressornode/knee,0
web/api/dynamicscompressornode/ratio,0
web/api/dynamicscompressornode/reduction,0
web/api/dynamicscompressornode/release,0
web/api/dynamicscompressornode/threshold,0
web/api/ecdhkeyderiveparams,0
web/api/ecdsaparams,0
web/api/eckeygenparams,0
web/api/eckeyimportparams,0
web/api/editcontext,0
web/api/editcontext/attachedelements,0
web/api/editcontext/characterbounds,0
web/api/editcontext/characterboundsrangestart,0
web/api/editcontext/characterboundsupdate_event,0
web/api/editcontext/compositionend_event,0
web/api/editcontext/compositionstart_event,0
web/api/editcontext/editcontext,0
web/api/editcontext/selectionend,0
web/api/editcontext/selectionstart,0
web/api/editcontext/text,0
web/api/editcontext/textformatupdate_event,0
web/api/editcontext/textupdate_event,0
web/api/editcontext/updatecharacterbounds,0
web/api/editcontext/updatecontrolbounds,0
web/api/editcontext/updateselection,0
web/api/editcontext/updateselectionbounds,0
web/api/editcontext/updatetext,0
web/api/editcontext_api,0
web/api/editcontext_api/guide,0
web/api/element,0
web/api/element/activeviewtransition,0
web/api/element/after,0
web/api/element/afterscriptexecute_event,0
web/api/element/animate,0
web/api/element/animationcancel_event,0
web/api/element/animationend_event,0
web/api/element/animationiteration_event,0
web/api/element/animationstart_event,0
web/api/element/append,0
web/api/element/ariaactivedescendantelement,0
web/api/element/ariaatomic,0
web/api/element/ariaautocomplete,0
web/api/element/ariabraillelabel,0
web/api/element/ariabrailleroledescription,0
web/api/element/ariabusy,0
web/api/element/ariachecked,0
web/api/element/ariacolcount,0
web/api/element/ariacolindex,0
web/api/element/ariacolindextext,0
web/api/element/ariacolspan,0
web/api/element/ariacontrolselements,0
web/api/element/ariacurrent,0
web/api/element/ariadescribedbyelements,0
web/api/element/ariadescription,0
web/api/element/ariadetailselements,0
web/api/element/ariadisabled,0
web/api/element/ariaerrormessageelements,0
web/api/element/ariaexpanded,0
web/api/element/ariaflowtoelements,0
web/api/element/ariahaspopup,0
web/api/element/ariahidden,0
web/api/element/ariainvalid,0
web/api/element/ariakeyshortcuts,0
web/api/element/arialabel,0
web/api/element/arialabelledbyelements,0
web/api/element/arialevel,0
web/api/element/arialive,0
web/api/element/ariamodal,0
web/api/element/ariamultiline,0
web/api/element/ariamultiselectable,0
web/api/element/arianotify,0
web/api/element/ariaorientation,0
web/api/element/ariaownselements,0
web/api/element/ariaplaceholder,0
web/api/element/ariaposinset,0
web/api/element/ariapressed,0
web/api/element/ariareadonly,0
web/api/element/ariarelevant,0
web/api/element/ariarequired,0
web/api/element/ariaroledescription,0
web/api/element/ariarowcount,0
web/api/element/ariarowindex,0
web/api/element/ariarowindextext,0
web/api/element/ariarowspan,0
web/api/element/ariaselected,0
web/api/element/ariasetsize,0
web/api/element/ariasort,0
web/api/element/ariavaluemax,0
web/api/element/ariavaluemin,0
web/api/element/ariavaluenow,0
web/api/element/ariavaluetext,0
web/api/element/assignedslot,0
web/api/element/attachshadow,0
web/api/element/attributes,0
web/api/element/auxclick_event,0
web/api/element/before,0
web/api/element/beforeinput_event,0
web/api/element/beforematch_event,0
web/api/element/beforescriptexecute_event,0
web/api/element/beforexrselect_event,0
web/api/element/blur_event,0
web/api/element/checkvisibility,0
web/api/element/childelementcount,0
web/api/element/children,0
web/api/element/classlist,0
web/api/element/classname,0
web/api/element/click_event,0
web/api/element/clientheight,0
web/api/element/clientleft,0
web/api/element/clienttop,0
web/api/element/clientwidth,0
web/api/element/closest,0
web/api/element/compositionend_event,0
web/api/element/compositionstart_event,0
web/api/element/compositionupdate_event,0
web/api/element/computedstylemap,0
web/api/element/contentvisibilityautostatechange_event,0
web/api/element/contextmenu_event,0
web/api/element/copy_event,0
web/api/element/currentcsszoom,0
web/api/element/customelementregistry,0
web/api/element/cut_event,0
web/api/element/dblclick_event,0
web/api/element/domactivate_event,0
web/api/element/dommousescroll_event,0
web/api/element/elementtiming,0
web/api/element/firstelementchild,0
web/api/element/focus_event,0
web/api/element/focusin_event,0
web/api/element/focusout_event,0
web/api/element/fullscreenchange_event,0
web/api/element/fullscreenerror_event,0
web/api/element/gesturechange_event,0
web/api/element/gestureend_event,0
web/api/element/gesturestart_event,0
web/api/element/getanimations,0
web/api/element/getattribute,0
web/api/element/getattributenames,0
web/api/element/getattributenode,0
web/api/element/getattributenodens,0
web/api/element/getattributens,0
web/api/element/getboundingclientrect,0
web/api/element/getclientrects,0
web/api/element/getelementsbyclassname,0
web/api/element/getelementsbytagname,0
web/api/element/getelementsbytagnamens,0
web/api/element/gethtml,0
web/api/element/gotpointercapture_event,0
web/api/element/hasattribute,0
web/api/element/hasattributens,0
web/api/element/hasattributes,0
web/api/element/haspointercapture,0
web/api/element/id,0
web/api/element/innerhtml,0
web/api/element/input_event,0
web/api/element/insertadjacentelement,0
web/api/element/insertadjacenthtml,0
web/api/element/insertadjacenttext,0
web/api/element/keydown_event,0
web/api/element/keypress_event,0
web/api/element/keyup_event,0
web/api/element/lastelementchild,0
web/api/element/localname,0
web/api/element/lostpointercapture_event,0
web/api/element/matches,0
web/api/element/mousedown_event,0
web/api/element/mouseenter_event,0
web/api/element/mouseleave_event,0
web/api/element/mousemove_event,0
web/api/element/mouseout_event,0
web/api/element/mouseover_event,0
web/api/element/mouseup_event,0
web/api/element/mousewheel_event,0
web/api/element/movebefore,0
web/api/element/mozmousepixelscroll_event,0
web/api/element/namespaceuri,0
web/api/element/nextelementsibling,0
web/api/element/outerhtml,0
web/api/element/part,0
web/api/element/paste_event,0
web/api/element/pointercancel_event,0
web/api/element/pointerdown_event,0
web/api/element/pointerenter_event,0
web/api/element/pointerleave_event,0
web/api/element/pointermove_event,0
web/api/element/pointerout_event,0
web/api/element/pointerover_event,0
web/api/element/pointerrawupdate_event,0
web/api/element/pointerup_event,0
web/api/element/prefix,0
web/api/element/prepend,0
web/api/element/previouselementsibling,0
web/api/element/pseudo,0
web/api/element/queryselector,0
web/api/element/queryselectorall,0
web/api/element/releasepointercapture,0
web/api/element/remove,0
web/api/element/removeattribute,0
web/api/element/removeattributenode,0
web/api/element/removeattributens,0
web/api/element/replacechildren,0
web/api/element/replacewith,0
web/api/element/requestfullscreen,0
web/api/element/requestpointerlock,0
web/api/element/role,0
web/api/element/scroll,0
web/api/element/scroll_event,0
web/api/element/scrollby,0
web/api/element/scrollend_event,0
web/api/element/scrollheight,0
web/api/element/scrollintoview,0
web/api/element/scrollintoviewifneeded,0
web/api/element/scrollleft,0
web/api/element/scrollleftmax,0
web/api/element/scrollsnapchange_event,0
web/api/element/scrollsnapchanging_event,0
web/api/element/scrollto,0
web/api/element/scrolltop,0
web/api/element/scrolltopmax,0
web/api/element/scrollwidth,0
web/api/element/securitypolicyviolation_event,0
web/api/element/setattribute,0
web/api/element/setattributenode,0
web/api/element/setattributenodens,0
web/api/element/setattributens,0
web/api/element/setcapture,0
web/api/element/sethtml,0
web/api/element/sethtmlunsafe,0
web/api/element/setpointercapture,0
web/api/element/shadowroot,0
web/api/element/slot,0
web/api/element/startviewtransition,0
web/api/element/tagname,0
web/api/element/toggleattribute,0
web/api/element/touchcancel_event,0
web/api/element/touchend_event,0
web/api/element/touchmove_event,0
web/api/element/touchstart_event,0
web/api/element/transitioncancel_event,0
web/api/element/transitionend_event,0
web/api/element/transitionrun_event,0
web/api/element/transitionstart_event,0
web/api/element/webkitmouseforcechanged_event,0
web/api/element/webkitmouseforcedown_event,0
web/api/element/webkitmouseforceup_event,0
web/api/element/webkitmouseforcewillbegin_event,0
web/api/element/wheel_event,0
web/api/elementinternals,0
web/api/elementinternals/ariaactivedescendantelement,0
web/api/elementinternals/ariaatomic,0
web/api/elementinternals/ariaautocomplete,0
web/api/elementinternals/ariabraillelabel,0
web/api/elementinternals/ariabrailleroledescription,0
web/api/elementinternals/ariabusy,0
web/api/elementinternals/ariachecked,0
web/api/elementinternals/ariacolcount,0
web/api/elementinternals/ariacolindex,0
web/api/elementinternals/ariacolindextext,0
web/api/elementinternals/ariacolspan,0
web/api/elementinternals/ariacontrolselements,0
web/api/elementinternals/ariacurrent,0
web/api/elementinternals/ariadescribedbyelements,0
web/api/elementinternals/ariadescription,0
web/api/elementinternals/ariadetailselements,0
web/api/elementinternals/ariadisabled,0
web/api/elementinternals/ariaerrormessageelements,0
web/api/elementinternals/ariaexpanded,0
web/api/elementinternals/ariaflowtoelements,0
web/api/elementinternals/ariahaspopup,0
web/api/elementinternals/ariahidden,0
web/api/elementinternals/ariainvalid,0
web/api/elementinternals/ariakeyshortcuts,0
web/api/elementinternals/arialabel,0
web/api/elementinternals/arialabelledbyelements,0
web/api/elementinternals/arialevel,0
web/api/elementinternals/arialive,0
web/api/elementinternals/ariamodal,0
web/api/elementinternals/ariamultiline,0
web/api/elementinternals/ariamultiselectable,0
web/api/elementinternals/ariaorientation,0
web/api/elementinternals/ariaownselements,0
web/api/elementinternals/ariaplaceholder,0
web/api/elementinternals/ariaposinset,0
web/api/elementinternals/ariapressed,0
web/api/elementinternals/ariareadonly,0
web/api/elementinternals/ariarelevant,0
web/api/elementinternals/ariarequired,0
web/api/elementinternals/ariaroledescription,0
web/api/elementinternals/ariarowcount,0
web/api/elementinternals/ariarowindex,0
web/api/elementinternals/ariarowindextext,0
web/api/elementinternals/ariarowspan,0
web/api/elementinternals/ariaselected,0
web/api/elementinternals/ariasetsize,0
web/api/elementinternals/ariasort,0
web/api/elementinternals/ariavaluemax,0
web/api/elementinternals/ariavaluemin,0
web/api/elementinternals/ariavaluenow,0
web/api/elementinternals/ariavaluetext,0
web/api/elementinternals/checkvalidity,0
web/api/elementinternals/form,0
web/api/elementinternals/labels,0
web/api/elementinternals/reportvalidity,0
web/api/elementinternals/role,0
web/api/elementinternals/setformvalue,0
web/api/elementinternals/setvalidity,0
web/api/elementinternals/shadowroot,0
web/api/elementinternals/states,0
web/api/elementinternals/validationmessage,0
web/api/elementinternals/validity,0
web/api/elementinternals/willvalidate,0
web/api/encodedaudiochunk,0
web/api/encodedaudiochunk/bytelength,0
web/api/encodedaudiochunk/copyto,0
web/api/encodedaudiochunk/duration,0
web/api/encodedaudiochunk/encodedaudiochunk,0
web/api/encodedaudiochunk/timestamp,0
web/api/encodedaudiochunk/type,0
web/api/encodedvideochunk,0
web/api/encodedvideochunk/bytelength,0
web/api/encodedvideochunk/copyto,0
web/api/encodedvideochunk/duration,0
web/api/encodedvideochunk/encodedvideochunk,0
web/api/encodedvideochunk/timestamp,0
web/api/encodedvideochunk/type,0
web/api/encoding_api,0
web/api/encoding_api/encodings,0
web/api/encrypted_media_extensions_api,0
web/api/errorevent,0
web/api/errorevent/colno,0
web/api/errorevent/error,0
web/api/errorevent/errorevent,0
web/api/errorevent/filename,0
web/api/errorevent/lineno,0
web/api/errorevent/message,0
web/api/event,0
web/api/event/bubbles,0
web/api/event/cancelable,0
web/api/event/cancelbubble,0
web/api/event/composed,0
web/api/event/composedpath,0
web/api/event/currenttarget,0
web/api/event/defaultprevented,0
web/api/event/event,0
web/api/event/eventphase,0
web/api/event/explicitoriginaltarget,0
web/api/event/initevent,0
web/api/event/istrusted,0
web/api/event/originaltarget,0
web/api/event/preventdefault,0
web/api/event/returnvalue,0
web/api/event/srcelement,0
web/api/event/stopimmediatepropagation,0
web/api/event/stoppropagation,0
web/api/event/target,0
web/api/event/timestamp,0
web/api/event/type,0
web/api/eventcounts,0
web/api/eventsource,0
web/api/eventsource/close,0
web/api/eventsource/error_event,0
web/api/eventsource/eventsource,0
web/api/eventsource/message_event,0
web/api/eventsource/open_event,0
web/api/eventsource/readystate,0
web/api/eventsource/url,0
web/api/eventsource/withcredentials,0
web/api/eventtarget,0
web/api/eventtarget/addeventlistener,0
web/api/eventtarget/dispatchevent,0
web/api/eventtarget/eventtarget,0
web/api/eventtarget/removeeventlistener,0
web/api/ext_blend_minmax,0
web/api/ext_color_buffer_float,0
web/api/ext_color_buffer_half_float,0
web/api/ext_disjoint_timer_query,0
web/api/ext_disjoint_timer_query/beginqueryext,0
web/api/ext_disjoint_timer_query/createqueryext,0
web/api/ext_disjoint_timer_query/deletequeryext,0
web/api/ext_disjoint_timer_query/endqueryext,0
web/api/ext_disjoint_timer_query/getqueryext,0
web/api/ext_disjoint_timer_query/getqueryobjectext,0
web/api/ext_disjoint_timer_query/isqueryext,0
web/api/ext_disjoint_timer_query/querycounterext,0
web/api/ext_float_blend,0
web/api/ext_frag_depth,0
web/api/ext_shader_texture_lod,0
web/api/ext_srgb,0
web/api/ext_texture_compression_bptc,0
web/api/ext_texture_compression_rgtc,0
web/api/ext_texture_filter_anisotropic,0
web/api/ext_texture_norm16,0
web/api/extendablecookiechangeevent,0
web/api/extendablecookiechangeevent/changed,0
web/api/extendablecookiechangeevent/deleted,0
web/api/extendablecookiechangeevent/extendablecookiechangeevent,0
web/api/extendableevent,0
web/api/extendableevent/extendableevent,0
web/api/extendableevent/waituntil,0
web/api/extendablemessageevent,0
web/api/extendablemessageevent/data,0
web/api/extendablemessageevent/extendablemessageevent,0
web/api/extendablemessageevent/lasteventid,0
web/api/extendablemessageevent/origin,0
web/api/extendablemessageevent/ports,0
web/api/extendablemessageevent/source,0
web/api/eyedropper,0
web/api/eyedropper/eyedropper,0
web/api/eyedropper/open,0
web/api/eyedropper_api,0
web/api/featurepolicy,0
web/api/featurepolicy/allowedfeatures,0
web/api/featurepolicy/allowsfeature,0
web/api/featurepolicy/features,0
web/api/featurepolicy/getallowlistforfeature,0
web/api/fedcm_api,0
web/api/fedcm_api/idp_integration,0
web/api/fedcm_api/rp_sign-in,0
web/api/federatedcredential,0
web/api/federatedcredential/federatedcredential,0
web/api/federatedcredential/protocol,0
web/api/federatedcredential/provider,0
web/api/federatedcredentialinit,0
web/api/fence,0
web/api/fence/getnestedconfigs,0
web/api/fence/reportevent,0
web/api/fence/setreporteventdataforautomaticbeacons,0
web/api/fenced_frame_api,0
web/api/fenced_frame_api/communication_with_embedded_frames,0
web/api/fencedframeconfig,0
web/api/fencedframeconfig/setsharedstoragecontext,0
web/api/fetch_api,0
web/api/fetch_api/using_deferred_fetch,0
web/api/fetch_api/using_fetch,0
web/api/fetchevent,0
web/api/fetchevent/clientid,0
web/api/fetchevent/fetchevent,0
web/api/fetchevent/handled,0
web/api/fetchevent/isreload,0
web/api/fetchevent/preloadresponse,0
web/api/fetchevent/replacesclientid,0
web/api/fetchevent/request,0
web/api/fetchevent/respondwith,0
web/api/fetchevent/resultingclientid,0
web/api/fetchlaterresult,0
web/api/fetchlaterresult/activated,0
web/api/file,0
web/api/file/file,0
web/api/file/lastmodified,0
web/api/file/lastmodifieddate,0
web/api/file/name,0
web/api/file/webkitrelativepath,0
web/api/file_and_directory_entries_api,0
web/api/file_api,0
web/api/file_api/using_files_from_web_applications,0
web/api/file_system_api,0
web/api/file_system_api/origin_private_file_system,0
web/api/fileentrysync,0
web/api/filelist,0
web/api/filelist/item,0
web/api/filelist/length,0
web/api/filereader,0
web/api/filereader/abort,0
web/api/filereader/abort_event,0
web/api/filereader/error,0
web/api/filereader/error_event,0
web/api/filereader/filereader,0
web/api/filereader/load_event,0
web/api/filereader/loadend_event,0
web/api/filereader/loadstart_event,0
web/api/filereader/progress_event,0
web/api/filereader/readasarraybuffer,0
web/api/filereader/readasbinarystring,0
web/api/filereader/readasdataurl,0
web/api/filereader/readastext,0
web/api/filereader/readystate,0
web/api/filereader/result,0
web/api/filereadersync,0
web/api/filereadersync/filereadersync,0
web/api/filereadersync/readasarraybuffer,0
web/api/filereadersync/readasbinarystring,0
web/api/filereadersync/readasdataurl,0
web/api/filereadersync/readastext,0
web/api/filesystem,0
web/api/filesystem/name,0
web/api/filesystem/root,0
web/api/filesystemchangerecord,0
web/api/filesystemdirectoryentry,0
web/api/filesystemdirectoryentry/createreader,0
web/api/filesystemdirectoryentry/getdirectory,0
web/api/filesystemdirectoryentry/getfile,0
web/api/filesystemdirectoryentry/removerecursively,0
web/api/filesystemdirectoryhandle,0
web/api/filesystemdirectoryhandle/entries,0
web/api/filesystemdirectoryhandle/getdirectoryhandle,0
web/api/filesystemdirectoryhandle/getfilehandle,0
web/api/filesystemdirectoryhandle/keys,0
web/api/filesystemdirectoryhandle/removeentry,0
web/api/filesystemdirectoryhandle/resolve,0
web/api/filesystemdirectoryhandle/values,0
web/api/filesystemdirectoryreader,0
web/api/filesystemdirectoryreader/readentries,0
web/api/filesystementry,0
web/api/filesystementry/copyto,0
web/api/filesystementry/filesystem,0
web/api/filesystementry/fullpath,0
web/api/filesystementry/getmetadata,0
web/api/filesystementry/getparent,0
web/api/filesystementry/isdirectory,0
web/api/filesystementry/isfile,0
web/api/filesystementry/moveto,0
web/api/filesystementry/name,0
web/api/filesystementry/remove,0
web/api/filesystementry/tourl,0
web/api/filesystemfileentry,0
web/api/filesystemfileentry/createwriter,0
web/api/filesystemfileentry/file,0
web/api/filesystemfilehandle,0
web/api/filesystemfilehandle/createsyncaccesshandle,0
web/api/filesystemfilehandle/createwritable,0
web/api/filesystemfilehandle/getfile,0
web/api/filesystemhandle,0
web/api/filesystemhandle/issameentry,0
web/api/filesystemhandle/kind,0
web/api/filesystemhandle/name,0
web/api/filesystemhandle/querypermission,0
web/api/filesystemhandle/remove,0
web/api/filesystemhandle/requestpermission,0
web/api/filesystemobserver,0
web/api/filesystemobserver/disconnect,0
web/api/filesystemobserver/filesystemobserver,0
web/api/filesystemobserver/observe,0
web/api/filesystemsync,0
web/api/filesystemsyncaccesshandle,0
web/api/filesystemsyncaccesshandle/close,0
web/api/filesystemsyncaccesshandle/flush,0
web/api/filesystemsyncaccesshandle/getsize,0
web/api/filesystemsyncaccesshandle/read,0
web/api/filesystemsyncaccesshandle/truncate,0
web/api/filesystemsyncaccesshandle/write,0
web/api/filesystemwritablefilestream,0
web/api/filesystemwritablefilestream/seek,0
web/api/filesystemwritablefilestream/truncate,0
web/api/filesystemwritablefilestream/write,0
web/api/focusevent,0
web/api/focusevent/focusevent,0
web/api/focusevent/relatedtarget,0
web/api/fontdata,0
web/api/fontdata/blob,0
web/api/fontdata/family,0
web/api/fontdata/fullname,0
web/api/fontdata/postscriptname,0
web/api/fontdata/style,0
web/api/fontface,0
web/api/fontface/ascentoverride,0
web/api/fontface/descentoverride,0
web/api/fontface/display,0
web/api/fontface/family,0
web/api/fontface/featuresettings,0
web/api/fontface/fontface,0
web/api/fontface/linegapoverride,0
web/api/fontface/load,0
web/api/fontface/loaded,0
web/api/fontface/status,0
web/api/fontface/stretch,0
web/api/fontface/style,0
web/api/fontface/unicoderange,0
web/api/fontface/variant,0
web/api/fontface/variationsettings,0
web/api/fontface/weight,0
web/api/fontfaceset,0
web/api/fontfaceset/add,0
web/api/fontfaceset/check,0
web/api/fontfaceset/clear,0
web/api/fontfaceset/delete,0
web/api/fontfaceset/entries,0
web/api/fontfaceset/foreach,0
web/api/fontfaceset/has,0
web/api/fontfaceset/keys,0
web/api/fontfaceset/load,0
web/api/fontfaceset/loading_event,0
web/api/fontfaceset/loadingdone_event,0
web/api/fontfaceset/loadingerror_event,0
web/api/fontfaceset/ready,0
web/api/fontfaceset/size,0
web/api/fontfaceset/status,0
web/api/fontfaceset/values,0
web/api/fontfacesetloadevent,0
web/api/fontfacesetloadevent/fontfaces,0
web/api/fontfacesetloadevent/fontfacesetloadevent,0
web/api/force_touch_events,0
web/api/formdata,0
web/api/formdata/append,0
web/api/formdata/delete,0
web/api/formdata/entries,0
web/api/formdata/formdata,0
web/api/formdata/get,0
web/api/formdata/getall,0
web/api/formdata/has,0
web/api/formdata/keys,0
web/api/formdata/set,0
web/api/formdata/values,0
web/api/formdataevent,0
web/api/formdataevent/formdata,0
web/api/formdataevent/formdataevent,0
web/api/fragmentdirective,0
web/api/fullscreen_api,0
web/api/fullscreen_api/guide,0
web/api/gainnode,0
web/api/gainnode/gain,0
web/api/gainnode/gainnode,0
web/api/gamepad,0
web/api/gamepad/axes,0
web/api/gamepad/buttons,0
web/api/gamepad/connected,0
web/api/gamepad/displayid,0
web/api/gamepad/hand,0
web/api/gamepad/hapticactuators,0
web/api/gamepad/id,0
web/api/gamepad/index,0
web/api/gamepad/mapping,0
web/api/gamepad/pose,0
web/api/gamepad/timestamp,0
web/api/gamepad/vibrationactuator,0
web/api/gamepad_api,0
web/api/gamepad_api/using_the_gamepad_api,0
web/api/gamepadbutton,0
web/api/gamepadbutton/pressed,0
web/api/gamepadbutton/touched,0
web/api/gamepadbutton/value,0
web/api/gamepadevent,0
web/api/gamepadevent/gamepad,0
web/api/gamepadevent/gamepadevent,0
web/api/gamepadhapticactuator,0
web/api/gamepadhapticactuator/effects,0
web/api/gamepadhapticactuator/playeffect,0
web/api/gamepadhapticactuator/pulse,0
web/api/gamepadhapticactuator/reset,0
web/api/gamepadhapticactuator/type,0
web/api/gamepadpose,0
web/api/gamepadpose/angularacceleration,0
web/api/gamepadpose/angularvelocity,0
web/api/gamepadpose/hasorientation,0
web/api/gamepadpose/hasposition,0
web/api/gamepadpose/linearacceleration,0
web/api/gamepadpose/linearvelocity,0
web/api/gamepadpose/orientation,0
web/api/gamepadpose/position,0
web/api/geolocation,0
web/api/geolocation/clearwatch,0
web/api/geolocation/getcurrentposition,0
web/api/geolocation/watchposition,0
web/api/geolocation_api,0
web/api/geolocation_api/using_the_geolocation_api,0
web/api/geolocationcoordinates,0
web/api/geolocationcoordinates/accuracy,0
web/api/geolocationcoordinates/altitude,0
web/api/geolocationcoordinates/altitudeaccuracy,0
web/api/geolocationcoordinates/heading,0
web/api/geolocationcoordinates/latitude,0
web/api/geolocationcoordinates/longitude,0
web/api/geolocationcoordinates/speed,0
web/api/geolocationcoordinates/tojson,0
web/api/geolocationposition,0
web/api/geolocationposition/coords,0
web/api/geolocationposition/timestamp,0
web/api/geolocationposition/tojson,0
web/api/geolocationpositionerror,0
web/api/geolocationpositionerror/code,0
web/api/geolocationpositionerror/message,0
web/api/geometry_interfaces,0
web/api/gestureevent,0
web/api/gpu,0
web/api/gpu/getpreferredcanvasformat,0
web/api/gpu/requestadapter,0
web/api/gpu/wgsllanguagefeatures,0
web/api/gpuadapter,0
web/api/gpuadapter/features,0
web/api/gpuadapter/info,0
web/api/gpuadapter/isfallbackadapter,0
web/api/gpuadapter/limits,0
web/api/gpuadapter/requestadapterinfo,0
web/api/gpuadapter/requestdevice,0
web/api/gpuadapterinfo,0
web/api/gpuadapterinfo/architecture,0
web/api/gpuadapterinfo/description,0
web/api/gpuadapterinfo/device,0
web/api/gpuadapterinfo/isfallbackadapter,0
web/api/gpuadapterinfo/subgroupmaxsize,0
web/api/gpuadapterinfo/subgroupminsize,0
web/api/gpuadapterinfo/vendor,0
web/api/gpubindgroup,0
web/api/gpubindgroup/label,0
web/api/gpubindgrouplayout,0
web/api/gpubindgrouplayout/label,0
web/api/gpubuffer,0
web/api/gpubuffer/destroy,0
web/api/gpubuffer/getmappedrange,0
web/api/gpubuffer/label,0
web/api/gpubuffer/mapasync,0
web/api/gpubuffer/mapstate,0
web/api/gpubuffer/size,0
web/api/gpubuffer/unmap,0
web/api/gpubuffer/usage,0
web/api/gpucanvascontext,0
web/api/gpucanvascontext/canvas,0
web/api/gpucanvascontext/configure,0
web/api/gpucanvascontext/getconfiguration,0
web/api/gpucanvascontext/getcurrenttexture,0
web/api/gpucanvascontext/unconfigure,0
web/api/gpucommandbuffer,0
web/api/gpucommandbuffer/label,0
web/api/gpucommandencoder,0
web/api/gpucommandencoder/begincomputepass,0
web/api/gpucommandencoder/beginrenderpass,0
web/api/gpucommandencoder/clearbuffer,0
web/api/gpucommandencoder/copybuffertobuffer,0
web/api/gpucommandencoder/copybuffertotexture,0
web/api/gpucommandencoder/copytexturetobuffer,0
web/api/gpucommandencoder/copytexturetotexture,0
web/api/gpucommandencoder/finish,0
web/api/gpucommandencoder/insertdebugmarker,0
web/api/gpucommandencoder/label,0
web/api/gpucommandencoder/popdebuggroup,0
web/api/gpucommandencoder/pushdebuggroup,0
web/api/gpucommandencoder/resolvequeryset,0
web/api/gpucommandencoder/writetimestamp,0
web/api/gpucompilationinfo,0
web/api/gpucompilationinfo/messages,0
web/api/gpucompilationmessage,0
web/api/gpucompilationmessage/length,0
web/api/gpucompilationmessage/linenum,0
web/api/gpucompilationmessage/linepos,0
web/api/gpucompilationmessage/message,0
web/api/gpucompilationmessage/offset,0
web/api/gpucompilationmessage/type,0
web/api/gpucomputepassencoder,0
web/api/gpucomputepassencoder/dispatchworkgroups,0
web/api/gpucomputepassencoder/dispatchworkgroupsindirect,0
web/api/gpucomputepassencoder/end,0
web/api/gpucomputepassencoder/insertdebugmarker,0
web/api/gpucomputepassencoder/label,0
web/api/gpucomputepassencoder/popdebuggroup,0
web/api/gpucomputepassencoder/pushdebuggroup,0
web/api/gpucomputepassencoder/setbindgroup,0
web/api/gpucomputepassencoder/setpipeline,0
web/api/gpucomputepipeline,0
web/api/gpucomputepipeline/getbindgrouplayout,0
web/api/gpucomputepipeline/label,0
web/api/gpudevice,0
web/api/gpudevice/adapterinfo,0
web/api/gpudevice/createbindgroup,0
web/api/gpudevice/createbindgrouplayout,0
web/api/gpudevice/createbuffer,0
web/api/gpudevice/createcommandencoder,0
web/api/gpudevice/createcomputepipeline,0
web/api/gpudevice/createcomputepipelineasync,0
web/api/gpudevice/createpipelinelayout,0
web/api/gpudevice/createqueryset,0
web/api/gpudevice/createrenderbundleencoder,0
web/api/gpudevice/createrenderpipeline,0
web/api/gpudevice/createrenderpipelineasync,0
web/api/gpudevice/createsampler,0
web/api/gpudevice/createshadermodule,0
web/api/gpudevice/createtexture,0
web/api/gpudevice/destroy,0
web/api/gpudevice/features,0
web/api/gpudevice/importexternaltexture,0
web/api/gpudevice/label,0
web/api/gpudevice/limits,0
web/api/gpudevice/lost,0
web/api/gpudevice/poperrorscope,0
web/api/gpudevice/pusherrorscope,0
web/api/gpudevice/queue,0
web/api/gpudevice/uncapturederror_event,0
web/api/gpudevicelostinfo,0
web/api/gpudevicelostinfo/message,0
web/api/gpudevicelostinfo/reason,0
web/api/gpuerror,0
web/api/gpuerror/message,0
web/api/gpuexternaltexture,0
web/api/gpuexternaltexture/label,0
web/api/gpuinternalerror,0
web/api/gpuinternalerror/gpuinternalerror,0
web/api/gpuoutofmemoryerror,0
web/api/gpuoutofmemoryerror/gpuoutofmemoryerror,0
web/api/gpupipelineerror,0
web/api/gpupipelineerror/gpupipelineerror,0
web/api/gpupipelineerror/reason,0
web/api/gpupipelinelayout,0
web/api/gpupipelinelayout/label,0
web/api/gpuqueryset,0
web/api/gpuqueryset/count,0
web/api/gpuqueryset/destroy,0
web/api/gpuqueryset/label,0
web/api/gpuqueryset/type,0
web/api/gpuqueue,0
web/api/gpuqueue/copyexternalimagetotexture,0
web/api/gpuqueue/label,0
web/api/gpuqueue/onsubmittedworkdone,0
web/api/gpuqueue/submit,0
web/api/gpuqueue/writebuffer,0
web/api/gpuqueue/writetexture,0
web/api/gpurenderbundle,0
web/api/gpurenderbundle/label,0
web/api/gpurenderbundleencoder,0
web/api/gpurenderbundleencoder/draw,0
web/api/gpurenderbundleencoder/drawindexed,0
web/api/gpurenderbundleencoder/drawindexedindirect,0
web/api/gpurenderbundleencoder/drawindirect,0
web/api/gpurenderbundleencoder/finish,0
web/api/gpurenderbundleencoder/insertdebugmarker,0
web/api/gpurenderbundleencoder/label,0
web/api/gpurenderbundleencoder/popdebuggroup,0
web/api/gpurenderbundleencoder/pushdebuggroup,0
web/api/gpurenderbundleencoder/setbindgroup,0
web/api/gpurenderbundleencoder/setindexbuffer,0
web/api/gpurenderbundleencoder/setpipeline,0
web/api/gpurenderbundleencoder/setvertexbuffer,0
web/api/gpurenderpassencoder,0
web/api/gpurenderpassencoder/beginocclusionquery,0
web/api/gpurenderpassencoder/draw,0
web/api/gpurenderpassencoder/drawindexed,0
web/api/gpurenderpassencoder/drawindexedindirect,0
web/api/gpurenderpassencoder/drawindirect,0
web/api/gpurenderpassencoder/end,0
web/api/gpurenderpassencoder/endocclusionquery,0
web/api/gpurenderpassencoder/executebundles,0
web/api/gpurenderpassencoder/insertdebugmarker,0
web/api/gpurenderpassencoder/label,0
web/api/gpurenderpassencoder/popdebuggroup,0
web/api/gpurenderpassencoder/pushdebuggroup,0
web/api/gpurenderpassencoder/setbindgroup,0
web/api/gpurenderpassencoder/setblendconstant,0
web/api/gpurenderpassencoder/setindexbuffer,0
web/api/gpurenderpassencoder/setpipeline,0
web/api/gpurenderpassencoder/setscissorrect,0
web/api/gpurenderpassencoder/setstencilreference,0
web/api/gpurenderpassencoder/setvertexbuffer,0
web/api/gpurenderpassencoder/setviewport,0
web/api/gpurenderpipeline,0
web/api/gpurenderpipeline/getbindgrouplayout,0
web/api/gpurenderpipeline/label,0
web/api/gpusampler,0
web/api/gpusampler/label,0
web/api/gpushadermodule,0
web/api/gpushadermodule/getcompilationinfo,0
web/api/gpushadermodule/label,0
web/api/gpusupportedfeatures,0
web/api/gpusupportedlimits,0
web/api/gputexture,0
web/api/gputexture/createview,0
web/api/gputexture/depthorarraylayers,0
web/api/gputexture/destroy,0
web/api/gputexture/dimension,0
web/api/gputexture/format,0
web/api/gputexture/height,0
web/api/gputexture/label,0
web/api/gputexture/miplevelcount,0
web/api/gputexture/samplecount,0
web/api/gputexture/usage,0
web/api/gputexture/width,0
web/api/gputextureview,0
web/api/gputextureview/label,0
web/api/gpuuncapturederrorevent,0
web/api/gpuuncapturederrorevent/error,0
web/api/gpuuncapturederrorevent/gpuuncapturederrorevent,0
web/api/gpuvalidationerror,0
web/api/gpuvalidationerror/gpuvalidationerror,0
web/api/gravitysensor,0
web/api/gravitysensor/gravitysensor,0
web/api/gyroscope,0
web/api/gyroscope/gyroscope,0
web/api/gyroscope/x,0
web/api/gyroscope/y,0
web/api/gyroscope/z,0
web/api/hashchangeevent,0
web/api/hashchangeevent/hashchangeevent,0
web/api/hashchangeevent/newurl,0
web/api/hashchangeevent/oldurl,0
web/api/headers,0
web/api/headers/append,0
web/api/headers/delete,0
web/api/headers/entries,0
web/api/headers/foreach,0
web/api/headers/get,0
web/api/headers/getsetcookie,0
web/api/headers/has,0
web/api/headers/headers,0
web/api/headers/keys,0
web/api/headers/set,0
web/api/headers/values,0
web/api/hid,0
web/api/hid/connect_event,0
web/api/hid/disconnect_event,0
web/api/hid/getdevices,0
web/api/hid/requestdevice,0
web/api/hidconnectionevent,0
web/api/hidconnectionevent/device,0
web/api/hidconnectionevent/hidconnectionevent,0
web/api/hiddevice,0
web/api/hiddevice/close,0
web/api/hiddevice/collections,0
web/api/hiddevice/forget,0
web/api/hiddevice/inputreport_event,0
web/api/hiddevice/open,0
web/api/hiddevice/opened,0
web/api/hiddevice/productid,0
web/api/hiddevice/productname,0
web/api/hiddevice/receivefeaturereport,0
web/api/hiddevice/sendfeaturereport,0
web/api/hiddevice/sendreport,0
web/api/hiddevice/vendorid,0
web/api/hidinputreportevent,0
web/api/hidinputreportevent/data,0
web/api/hidinputreportevent/device,0
web/api/hidinputreportevent/reportid,0
web/api/highlight,0
web/api/highlight/add,0
web/api/highlight/clear,0
web/api/highlight/delete,0
web/api/highlight/entries,0
web/api/highlight/foreach,0
web/api/highlight/has,0
web/api/highlight/highlight,0
web/api/highlight/keys,0
web/api/highlight/priority,0
web/api/highlight/size,0
web/api/highlight/type,0
web/api/highlight/values,0
web/api/highlightregistry,0
web/api/highlightregistry/clear,0
web/api/highlightregistry/delete,0
web/api/highlightregistry/entries,0
web/api/highlightregistry/foreach,0
web/api/highlightregistry/get,0
web/api/highlightregistry/has,0
web/api/highlightregistry/highlightsfrompoint,0
web/api/highlightregistry/keys,0
web/api/highlightregistry/set,0
web/api/highlightregistry/size,0
web/api/highlightregistry/values,0
web/api/history,0
web/api/history/back,0
web/api/history/forward,0
web/api/history/go,0
web/api/history/length,0
web/api/history/pushstate,0
web/api/history/replacestate,0
web/api/history/scrollrestoration,0
web/api/history/state,0
web/api/history_api,0
web/api/history_api/working_with_the_history_api,0
web/api/hkdfparams,0
web/api/hmacimportparams,0
web/api/hmackeygenparams,0
web/api/hmdvrdevice,0
web/api/hmdvrdevice/geteyeparameters,0
web/api/hmdvrdevice/setfieldofview,0
web/api/houdini_apis,0
web/api/html_dom_api,0
web/api/html_dom_api/microtask_guide,0
web/api/html_dom_api/microtask_guide/in_depth,0
web/api/html_drag_and_drop_api,0
web/api/html_drag_and_drop_api/drag_data_store,0
web/api/html_drag_and_drop_api/drag_operations,0
web/api/html_drag_and_drop_api/file_drag_and_drop,0
web/api/html_drag_and_drop_api/kanban_board,0
web/api/html_sanitizer_api,0
web/api/html_sanitizer_api/default_sanitizer_configuration,0
web/api/html_sanitizer_api/using_the_html_sanitizer_api,0
web/api/htmlallcollection,0
web/api/htmlallcollection/item,0
web/api/htmlallcollection/length,0
web/api/htmlallcollection/nameditem,0
web/api/htmlanchorelement,0
web/api/htmlanchorelement/attributionsourceid,0
web/api/htmlanchorelement/attributionsrc,0
web/api/htmlanchorelement/download,0
web/api/htmlanchorelement/hash,0
web/api/htmlanchorelement/host,0
web/api/htmlanchorelement/hostname,0
web/api/htmlanchorelement/href,0
web/api/htmlanchorelement/hreflang,0
web/api/htmlanchorelement/interestforelement,0
web/api/htmlanchorelement/origin,0
web/api/htmlanchorelement/password,0
web/api/htmlanchorelement/pathname,0
web/api/htmlanchorelement/ping,0
web/api/htmlanchorelement/port,0
web/api/htmlanchorelement/protocol,0
web/api/htmlanchorelement/referrerpolicy,0
web/api/htmlanchorelement/rel,0
web/api/htmlanchorelement/rellist,0
web/api/htmlanchorelement/search,0
web/api/htmlanchorelement/target,0
web/api/htmlanchorelement/text,0
web/api/htmlanchorelement/tostring,0
web/api/htmlanchorelement/type,0
web/api/htmlanchorelement/username,0
web/api/htmlareaelement,0
web/api/htmlareaelement/alt,0
web/api/htmlareaelement/coords,0
web/api/htmlareaelement/download,0
web/api/htmlareaelement/hash,0
web/api/htmlareaelement/host,0
web/api/htmlareaelement/hostname,0
web/api/htmlareaelement/href,0
web/api/htmlareaelement/interestforelement,0
web/api/htmlareaelement/origin,0
web/api/htmlareaelement/password,0
web/api/htmlareaelement/pathname,0
web/api/htmlareaelement/ping,0
web/api/htmlareaelement/port,0
web/api/htmlareaelement/protocol,0
web/api/htmlareaelement/referrerpolicy,0
web/api/htmlareaelement/rel,0
web/api/htmlareaelement/rellist,0
web/api/htmlareaelement/search,0
web/api/htmlareaelement/shape,0
web/api/htmlareaelement/target,0
web/api/htmlareaelement/tostring,0
web/api/htmlareaelement/username,0
web/api/htmlaudioelement,0
web/api/htmlaudioelement/audio,0
web/api/htmlbaseelement,0
web/api/htmlbaseelement/href,0
web/api/htmlbaseelement/target,0
web/api/htmlbodyelement,0
web/api/htmlbrelement,0
web/api/htmlbuttonelement,0
web/api/htmlbuttonelement/checkvalidity,0
web/api/htmlbuttonelement/command,0
web/api/htmlbuttonelement/commandforelement,0
web/api/htmlbuttonelement/disabled,0
web/api/htmlbuttonelement/form,0
web/api/htmlbuttonelement/formaction,0
web/api/htmlbuttonelement/formenctype,0
web/api/htmlbuttonelement/formmethod,0
web/api/htmlbuttonelement/formnovalidate,0
web/api/htmlbuttonelement/formtarget,0
web/api/htmlbuttonelement/interestforelement,0
web/api/htmlbuttonelement/labels,0
web/api/htmlbuttonelement/name,0
web/api/htmlbuttonelement/popovertargetaction,0
web/api/htmlbuttonelement/popovertargetelement,0
web/api/htmlbuttonelement/reportvalidity,0
web/api/htmlbuttonelement/setcustomvalidity,0
web/api/htmlbuttonelement/type,0
web/api/htmlbuttonelement/validationmessage,0
web/api/htmlbuttonelement/validity,0
web/api/htmlbuttonelement/value,0
web/api/htmlbuttonelement/willvalidate,0
web/api/htmlcanvaselement,0
web/api/htmlcanvaselement/capturestream,0
web/api/htmlcanvaselement/contextlost_event,0
web/api/htmlcanvaselement/contextrestored_event,0
web/api/htmlcanvaselement/getcontext,0
web/api/htmlcanvaselement/height,0
web/api/htmlcanvaselement/mozopaque,0
web/api/htmlcanvaselement/toblob,0
web/api/htmlcanvaselement/todataurl,0
web/api/htmlcanvaselement/transfercontroltooffscreen,0
web/api/htmlcanvaselement/webglcontextcreationerror_event,0
web/api/htmlcanvaselement/webglcontextlost_event,0
web/api/htmlcanvaselement/webglcontextrestored_event,0
web/api/htmlcanvaselement/width,0
web/api/htmlcollection,0
web/api/htmlcollection/item,0
web/api/htmlcollection/length,0
web/api/htmlcollection/nameditem,0
web/api/htmldataelement,0
web/api/htmldataelement/value,0
web/api/htmldatalistelement,0
web/api/htmldatalistelement/options,0
web/api/htmldetailselement,0
web/api/htmldetailselement/name,0
web/api/htmldetailselement/open,0
web/api/htmldialogelement,0
web/api/htmldialogelement/cancel_event,0
web/api/htmldialogelement/close,0
web/api/htmldialogelement/close_event,0
web/api/htmldialogelement/closedby,0
web/api/htmldialogelement/open,0
web/api/htmldialogelement/requestclose,0
web/api/htmldialogelement/returnvalue,0
web/api/htmldialogelement/show,0
web/api/htmldialogelement/showmodal,0
web/api/htmldivelement,0
web/api/htmldlistelement,0
web/api/htmldlistelement/compact,0
web/api/htmldocument,0
web/api/htmlelement,0
web/api/htmlelement/accesskey,0
web/api/htmlelement/accesskeylabel,0
web/api/htmlelement/anchorelement,0
web/api/htmlelement/attachinternals,0
web/api/htmlelement/attributestylemap,0
web/api/htmlelement/autocapitalize,0
web/api/htmlelement/autocorrect,0
web/api/htmlelement/autofocus,0
web/api/htmlelement/beforetoggle_event,0
web/api/htmlelement/blur,0
web/api/htmlelement/change_event,0
web/api/htmlelement/click,0
web/api/htmlelement/command_event,0
web/api/htmlelement/contenteditable,0
web/api/htmlelement/dataset,0
web/api/htmlelement/dir,0
web/api/htmlelement/drag_event,0
web/api/htmlelement/dragend_event,0
web/api/htmlelement/dragenter_event,0
web/api/htmlelement/draggable,0
web/api/htmlelement/dragleave_event,0
web/api/htmlelement/dragover_event,0
web/api/htmlelement/dragstart_event,0
web/api/htmlelement/drop_event,0
web/api/htmlelement/editcontext,0
web/api/htmlelement/enterkeyhint,0
web/api/htmlelement/error_event,0
web/api/htmlelement/focus,0
web/api/htmlelement/hidden,0
web/api/htmlelement/hidepopover,0
web/api/htmlelement/inert,0
web/api/htmlelement/innertext,0
web/api/htmlelement/inputmode,0
web/api/htmlelement/interest_event,0
web/api/htmlelement/iscontenteditable,0
web/api/htmlelement/lang,0
web/api/htmlelement/load_event,0
web/api/htmlelement/loseinterest_event,0
web/api/htmlelement/nonce,0
web/api/htmlelement/offsetheight,0
web/api/htmlelement/offsetleft,0
web/api/htmlelement/offsetparent,0
web/api/htmlelement/offsettop,0
web/api/htmlelement/offsetwidth,0
web/api/htmlelement/outertext,0
web/api/htmlelement/popover,0
web/api/htmlelement/showpopover,0
web/api/htmlelement/spellcheck,0
web/api/htmlelement/style,0
web/api/htmlelement/tabindex,0
web/api/htmlelement/title,0
web/api/htmlelement/toggle_event,0
web/api/htmlelement/togglepopover,0
web/api/htmlelement/translate,0
web/api/htmlelement/virtualkeyboardpolicy,0
web/api/htmlelement/writingsuggestions,0
web/api/htmlembedelement,0
web/api/htmlembedelement/getsvgdocument,0
web/api/htmlembedelement/height,0
web/api/htmlembedelement/src,0
web/api/htmlembedelement/type,0
web/api/htmlembedelement/width,0
web/api/htmlfencedframeelement,0
web/api/htmlfencedframeelement/allow,0
web/api/htmlfencedframeelement/config,0
web/api/htmlfencedframeelement/height,0
web/api/htmlfencedframeelement/width,0
web/api/htmlfieldsetelement,0
web/api/htmlfieldsetelement/checkvalidity,0
web/api/htmlfieldsetelement/disabled,0
web/api/htmlfieldsetelement/elements,0
web/api/htmlfieldsetelement/form,0
web/api/htmlfieldsetelement/name,0
web/api/htmlfieldsetelement/reportvalidity,0
web/api/htmlfieldsetelement/setcustomvalidity,0
web/api/htmlfieldsetelement/type,0
web/api/htmlfieldsetelement/validationmessage,0
web/api/htmlfieldsetelement/validity,0
web/api/htmlfieldsetelement/willvalidate,0
web/api/htmlfontelement,0
web/api/htmlfontelement/color,0
web/api/htmlfontelement/face,0
web/api/htmlfontelement/size,0
web/api/htmlformcontrolscollection,0
web/api/htmlformcontrolscollection/nameditem,0
web/api/htmlformelement,0
web/api/htmlformelement/acceptcharset,0
web/api/htmlformelement/action,0
web/api/htmlformelement/autocomplete,0
web/api/htmlformelement/checkvalidity,0
web/api/htmlformelement/elements,0
web/api/htmlformelement/encoding,0
web/api/htmlformelement/enctype,0
web/api/htmlformelement/formdata_event,0
web/api/htmlformelement/length,0
web/api/htmlformelement/method,0
web/api/htmlformelement/name,0
web/api/htmlformelement/novalidate,0
web/api/htmlformelement/rel,0
web/api/htmlformelement/rellist,0
web/api/htmlformelement/reportvalidity,0
web/api/htmlformelement/requestsubmit,0
web/api/htmlformelement/reset,0
web/api/htmlformelement/reset_event,0
web/api/htmlformelement/submit,0
web/api/htmlformelement/submit_event,0
web/api/htmlformelement/target,0
web/api/htmlframesetelement,0
web/api/htmlgeolocationelement,0
web/api/htmlgeolocationelement/autolocate,0
web/api/htmlgeolocationelement/error,0
web/api/htmlgeolocationelement/htmlgeolocationelement,0
web/api/htmlgeolocationelement/initialpermissionstatus,0
web/api/htmlgeolocationelement/invalidreason,0
web/api/htmlgeolocationelement/isvalid,0
web/api/htmlgeolocationelement/location_event,0
web/api/htmlgeolocationelement/permissionstatus,0
web/api/htmlgeolocationelement/position,0
web/api/htmlgeolocationelement/promptaction_event,0
web/api/htmlgeolocationelement/promptdismiss_event,0
web/api/htmlgeolocationelement/validationstatuschange_event,0
web/api/htmlgeolocationelement/watch,0
web/api/htmlheadelement,0
web/api/htmlheadingelement,0
web/api/htmlhrelement,0
web/api/htmlhtmlelement,0
web/api/htmlhtmlelement/version,0
web/api/htmliframeelement,0
web/api/htmliframeelement/allow,0
web/api/htmliframeelement/allowfullscreen,0
web/api/htmliframeelement/allowpaymentrequest,0
web/api/htmliframeelement/browsingtopics,0
web/api/htmliframeelement/contentdocument,0
web/api/htmliframeelement/contentwindow,0
web/api/htmliframeelement/credentialless,0
web/api/htmliframeelement/csp,0
web/api/htmliframeelement/featurepolicy,0
web/api/htmliframeelement/getsvgdocument,0
web/api/htmliframeelement/height,0
web/api/htmliframeelement/loading,0
web/api/htmliframeelement/name,0
web/api/htmliframeelement/privatetoken,0
web/api/htmliframeelement/referrerpolicy,0
web/api/htmliframeelement/sandbox,0
web/api/htmliframeelement/src,0
web/api/htmliframeelement/srcdoc,0
web/api/htmliframeelement/width,0
web/api/htmlimageelement,0
web/api/htmlimageelement/align,0
web/api/htmlimageelement/alt,0
web/api/htmlimageelement/attributionsrc,0
web/api/htmlimageelement/border,0
web/api/htmlimageelement/complete,0
web/api/htmlimageelement/crossorigin,0
web/api/htmlimageelement/currentsrc,0
web/api/htmlimageelement/decode,0
web/api/htmlimageelement/decoding,0
web/api/htmlimageelement/fetchpriority,0
web/api/htmlimageelement/height,0
web/api/htmlimageelement/hspace,0
web/api/htmlimageelement/image,0
web/api/htmlimageelement/ismap,0
web/api/htmlimageelement/loading,0
web/api/htmlimageelement/longdesc,0
web/api/htmlimageelement/name,0
web/api/htmlimageelement/naturalheight,0
web/api/htmlimageelement/naturalwidth,0
web/api/htmlimageelement/referrerpolicy,0
web/api/htmlimageelement/sizes,0
web/api/htmlimageelement/src,0
web/api/htmlimageelement/srcset,0
web/api/htmlimageelement/usemap,0
web/api/htmlimageelement/vspace,0
web/api/htmlimageelement/width,0
web/api/htmlimageelement/x,0
web/api/htmlimageelement/y,0
web/api/htmlinputelement,0
web/api/htmlinputelement/accept,0
web/api/htmlinputelement/alpha,0
web/api/htmlinputelement/alt,0
web/api/htmlinputelement/autocomplete,0
web/api/htmlinputelement/cancel_event,0
web/api/htmlinputelement/capture,0
web/api/htmlinputelement/checked,0
web/api/htmlinputelement/checkvalidity,0
web/api/htmlinputelement/colorspace,0
web/api/htmlinputelement/defaultchecked,0
web/api/htmlinputelement/defaultvalue,0
web/api/htmlinputelement/dirname,0
web/api/htmlinputelement/disabled,0
web/api/htmlinputelement/files,0
web/api/htmlinputelement/form,0
web/api/htmlinputelement/formaction,0
web/api/htmlinputelement/formenctype,0
web/api/htmlinputelement/formmethod,0
web/api/htmlinputelement/formnovalidate,0
web/api/htmlinputelement/formtarget,0
web/api/htmlinputelement/height,0
web/api/htmlinputelement/indeterminate,0
web/api/htmlinputelement/invalid_event,0
web/api/htmlinputelement/labels,0
web/api/htmlinputelement/list,0
web/api/htmlinputelement/max,0
web/api/htmlinputelement/maxlength,0
web/api/htmlinputelement/min,0
web/api/htmlinputelement/minlength,0
web/api/htmlinputelement/multiple,0
web/api/htmlinputelement/name,0
web/api/htmlinputelement/pattern,0
web/api/htmlinputelement/placeholder,0
web/api/htmlinputelement/popovertargetaction,0
web/api/htmlinputelement/popovertargetelement,0
web/api/htmlinputelement/readonly,0
web/api/htmlinputelement/reportvalidity,0
web/api/htmlinputelement/required,0
web/api/htmlinputelement/search_event,0
web/api/htmlinputelement/select,0
web/api/htmlinputelement/select_event,0
web/api/htmlinputelement/selectionchange_event,0
web/api/htmlinputelement/selectiondirection,0
web/api/htmlinputelement/selectionend,0
web/api/htmlinputelement/selectionstart,0
web/api/htmlinputelement/setcustomvalidity,0
web/api/htmlinputelement/setrangetext,0
web/api/htmlinputelement/setselectionrange,0
web/api/htmlinputelement/showpicker,0
web/api/htmlinputelement/size,0
web/api/htmlinputelement/src,0
web/api/htmlinputelement/step,0
web/api/htmlinputelement/stepdown,0
web/api/htmlinputelement/stepup,0
web/api/htmlinputelement/type,0
web/api/htmlinputelement/validationmessage,0
web/api/htmlinputelement/validity,0
web/api/htmlinputelement/value,0
web/api/htmlinputelement/valueasdate,0
web/api/htmlinputelement/valueasnumber,0
web/api/htmlinputelement/webkitdirectory,0
web/api/htmlinputelement/webkitentries,0
web/api/htmlinputelement/width,0
web/api/htmlinputelement/willvalidate,0
web/api/htmllabelelement,0
web/api/htmllabelelement/control,0
web/api/htmllabelelement/form,0
web/api/htmllabelelement/htmlfor,0
web/api/htmllegendelement,0
web/api/htmllegendelement/form,0
web/api/htmllielement,0
web/api/htmllielement/value,0
web/api/htmllinkelement,0
web/api/htmllinkelement/as,0
web/api/htmllinkelement/blocking,0
web/api/htmllinkelement/crossorigin,0
web/api/htmllinkelement/disabled,0
web/api/htmllinkelement/fetchpriority,0
web/api/htmllinkelement/href,0
web/api/htmllinkelement/hreflang,0
web/api/htmllinkelement/imagesizes,0
web/api/htmllinkelement/imagesrcset,0
web/api/htmllinkelement/integrity,0
web/api/htmllinkelement/media,0
web/api/htmllinkelement/referrerpolicy,0
web/api/htmllinkelement/rel,0
web/api/htmllinkelement/rellist,0
web/api/htmllinkelement/sheet,0
web/api/htmllinkelement/sizes,0
web/api/htmllinkelement/type,0
web/api/htmlmapelement,0
web/api/htmlmapelement/areas,0
web/api/htmlmapelement/name,0
web/api/htmlmarqueeelement,0
web/api/htmlmediaelement,0
web/api/htmlmediaelement/abort_event,0
web/api/htmlmediaelement/addtexttrack,0
web/api/htmlmediaelement/audiotracks,0
web/api/htmlmediaelement/autoplay,0
web/api/htmlmediaelement/buffered,0
web/api/htmlmediaelement/canplay_event,0
web/api/htmlmediaelement/canplaythrough_event,0
web/api/htmlmediaelement/canplaytype,0
web/api/htmlmediaelement/capturestream,0
web/api/htmlmediaelement/controller,0
web/api/htmlmediaelement/controls,0
web/api/htmlmediaelement/controlslist,0
web/api/htmlmediaelement/crossorigin,0
web/api/htmlmediaelement/currentsrc,0
web/api/htmlmediaelement/currenttime,0
web/api/htmlmediaelement/defaultmuted,0
web/api/htmlmediaelement/defaultplaybackrate,0
web/api/htmlmediaelement/disableremoteplayback,0
web/api/htmlmediaelement/duration,0
web/api/htmlmediaelement/durationchange_event,0
web/api/htmlmediaelement/emptied_event,0
web/api/htmlmediaelement/encrypted_event,0
web/api/htmlmediaelement/ended,0
web/api/htmlmediaelement/ended_event,0
web/api/htmlmediaelement/error,0
web/api/htmlmediaelement/error_event,0
web/api/htmlmediaelement/fastseek,0
web/api/htmlmediaelement/getstartdate,0
web/api/htmlmediaelement/load,0
web/api/htmlmediaelement/loadeddata_event,0
web/api/htmlmediaelement/loadedmetadata_event,0
web/api/htmlmediaelement/loading,0
web/api/htmlmediaelement/loadstart_event,0
web/api/htmlmediaelement/loop,0
web/api/htmlmediaelement/mediagroup,0
web/api/htmlmediaelement/mediakeys,0
web/api/htmlmediaelement/muted,0
web/api/htmlmediaelement/networkstate,0
web/api/htmlmediaelement/pause,0
web/api/htmlmediaelement/pause_event,0
web/api/htmlmediaelement/paused,0
web/api/htmlmediaelement/play,0
web/api/htmlmediaelement/play_event,0
web/api/htmlmediaelement/playbackrate,0
web/api/htmlmediaelement/played,0
web/api/htmlmediaelement/playing_event,0
web/api/htmlmediaelement/preload,0
web/api/htmlmediaelement/preservespitch,0
web/api/htmlmediaelement/progress_event,0
web/api/htmlmediaelement/ratechange_event,0
web/api/htmlmediaelement/readystate,0
web/api/htmlmediaelement/remote,0
web/api/htmlmediaelement/seekable,0
web/api/htmlmediaelement/seeked_event,0
web/api/htmlmediaelement/seeking,0
web/api/htmlmediaelement/seeking_event,0
web/api/htmlmediaelement/seektonextframe,0
web/api/htmlmediaelement/setmediakeys,0
web/api/htmlmediaelement/setsinkid,0
web/api/htmlmediaelement/sinkid,0
web/api/htmlmediaelement/src,0
web/api/htmlmediaelement/srcobject,0
web/api/htmlmediaelement/stalled_event,0
web/api/htmlmediaelement/suspend_event,0
web/api/htmlmediaelement/texttracks,0
web/api/htmlmediaelement/timeupdate_event,0
web/api/htmlmediaelement/videotracks,0
web/api/htmlmediaelement/volume,0
web/api/htmlmediaelement/volumechange_event,0
web/api/htmlmediaelement/waiting_event,0
web/api/htmlmediaelement/waitingforkey_event,0
web/api/htmlmenuelement,0
web/api/htmlmenuelement/compact,0
web/api/htmlmetaelement,0
web/api/htmlmetaelement/content,0
web/api/htmlmetaelement/httpequiv,0
web/api/htmlmetaelement/media,0
web/api/htmlmetaelement/name,0
web/api/htmlmetaelement/scheme,0
web/api/htmlmeterelement,0
web/api/htmlmeterelement/high,0
web/api/htmlmeterelement/labels,0
web/api/htmlmeterelement/low,0
web/api/htmlmeterelement/max,0
web/api/htmlmeterelement/min,0
web/api/htmlmeterelement/optimum,0
web/api/htmlmeterelement/value,0
web/api/htmlmodelement,0
web/api/htmlmodelement/cite,0
web/api/htmlmodelement/datetime,0
web/api/htmlobjectelement,0
web/api/htmlobjectelement/checkvalidity,0
web/api/htmlobjectelement/contentdocument,0
web/api/htmlobjectelement/contentwindow,0
web/api/htmlobjectelement/data,0
web/api/htmlobjectelement/form,0
web/api/htmlobjectelement/getsvgdocument,0
web/api/htmlobjectelement/height,0
web/api/htmlobjectelement/name,0
web/api/htmlobjectelement/reportvalidity,0
web/api/htmlobjectelement/setcustomvalidity,0
web/api/htmlobjectelement/type,0
web/api/htmlobjectelement/usemap,0
web/api/htmlobjectelement/validationmessage,0
web/api/htmlobjectelement/validity,0
web/api/htmlobjectelement/width,0
web/api/htmlobjectelement/willvalidate,0
web/api/htmlolistelement,0
web/api/htmlolistelement/compact,0
web/api/htmlolistelement/reversed,0
web/api/htmlolistelement/start,0
web/api/htmlolistelement/type,0
web/api/htmloptgroupelement,0
web/api/htmloptgroupelement/disabled,0
web/api/htmloptgroupelement/label,0
web/api/htmloptionelement,0
web/api/htmloptionelement/defaultselected,0
web/api/htmloptionelement/disabled,0
web/api/htmloptionelement/form,0
web/api/htmloptionelement/index,0
web/api/htmloptionelement/label,0
web/api/htmloptionelement/option,0
web/api/htmloptionelement/selected,0
web/api/htmloptionelement/text,0
web/api/htmloptionelement/value,0
web/api/htmloptionscollection,0
web/api/htmloptionscollection/add,0
web/api/htmloptionscollection/length,0
web/api/htmloptionscollection/remove,0
web/api/htmloptionscollection/selectedindex,0
web/api/htmloutputelement,0
web/api/htmloutputelement/checkvalidity,0
web/api/htmloutputelement/defaultvalue,0
web/api/htmloutputelement/form,0
web/api/htmloutputelement/htmlfor,0
web/api/htmloutputelement/htmloutputelement,0
web/api/htmloutputelement/labels,0
web/api/htmloutputelement/name,0
web/api/htmloutputelement/reportvalidity,0
web/api/htmloutputelement/setcustomvalidity,0
web/api/htmloutputelement/type,0
web/api/htmloutputelement/validationmessage,0
web/api/htmloutputelement/validity,0
web/api/htmloutputelement/value,0
web/api/htmloutputelement/willvalidate,0
web/api/htmlparagraphelement,0
web/api/htmlparamelement,0
web/api/htmlpictureelement,0
web/api/htmlpreelement,0
web/api/htmlprogresselement,0
web/api/htmlprogresselement/labels,0
web/api/htmlprogresselement/max,0
web/api/htmlprogresselement/position,0
web/api/htmlprogresselement/value,0
web/api/htmlquoteelement,0
web/api/htmlquoteelement/cite,0
web/api/htmlscriptelement,0
web/api/htmlscriptelement/async,0
web/api/htmlscriptelement/attributionsrc,0
web/api/htmlscriptelement/blocking,0
web/api/htmlscriptelement/crossorigin,0
web/api/htmlscriptelement/defer,0
web/api/htmlscriptelement/fetchpriority,0
web/api/htmlscriptelement/innertext,0
web/api/htmlscriptelement/integrity,0
web/api/htmlscriptelement/nomodule,0
web/api/htmlscriptelement/referrerpolicy,0
web/api/htmlscriptelement/src,0
web/api/htmlscriptelement/supports_static,0
web/api/htmlscriptelement/text,0
web/api/htmlscriptelement/textcontent,0
web/api/htmlscriptelement/type,0
web/api/htmlselectedcontentelement,0
web/api/htmlselectelement,0
web/api/htmlselectelement/add,0
web/api/htmlselectelement/autocomplete,0
web/api/htmlselectelement/checkvalidity,0
web/api/htmlselectelement/disabled,0
web/api/htmlselectelement/form,0
web/api/htmlselectelement/item,0
web/api/htmlselectelement/labels,0
web/api/htmlselectelement/length,0
web/api/htmlselectelement/multiple,0
web/api/htmlselectelement/name,0
web/api/htmlselectelement/nameditem,0
web/api/htmlselectelement/options,0
web/api/htmlselectelement/remove,0
web/api/htmlselectelement/reportvalidity,0
web/api/htmlselectelement/required,0
web/api/htmlselectelement/selectedindex,0
web/api/htmlselectelement/selectedoptions,0
web/api/htmlselectelement/setcustomvalidity,0
web/api/htmlselectelement/showpicker,0
web/api/htmlselectelement/size,0
web/api/htmlselectelement/type,0
web/api/htmlselectelement/validationmessage,0
web/api/htmlselectelement/validity,0
web/api/htmlselectelement/value,0
web/api/htmlselectelement/willvalidate,0
web/api/htmlslotelement,0
web/api/htmlslotelement/assign,0
web/api/htmlslotelement/assignedelements,0
web/api/htmlslotelement/assignednodes,0
web/api/htmlslotelement/name,0
web/api/htmlslotelement/slotchange_event,0
web/api/htmlsourceelement,0
web/api/htmlsourceelement/height,0
web/api/htmlsourceelement/media,0
web/api/htmlsourceelement/sizes,0
web/api/htmlsourceelement/src,0
web/api/htmlsourceelement/srcset,0
web/api/htmlsourceelement/type,0
web/api/htmlsourceelement/width,0
web/api/htmlspanelement,0
web/api/htmlstyleelement,0
web/api/htmlstyleelement/blocking,0
web/api/htmlstyleelement/disabled,0
web/api/htmlstyleelement/media,0
web/api/htmlstyleelement/sheet,0
web/api/htmlstyleelement/type,0
web/api/htmltablecaptionelement,0
web/api/htmltablecaptionelement/align,0
web/api/htmltablecellelement,0
web/api/htmltablecellelement/abbr,0
web/api/htmltablecellelement/align,0
web/api/htmltablecellelement/bgcolor,0
web/api/htmltablecellelement/cellindex,0
web/api/htmltablecellelement/ch,0
web/api/htmltablecellelement/choff,0
web/api/htmltablecellelement/colspan,0
web/api/htmltablecellelement/headers,0
web/api/htmltablecellelement/nowrap,0
web/api/htmltablecellelement/rowspan,0
web/api/htmltablecellelement/scope,0
web/api/htmltablecellelement/valign,0
web/api/htmltablecolelement,0
web/api/htmltablecolelement/align,0
web/api/htmltablecolelement/ch,0
web/api/htmltablecolelement/choff,0
web/api/htmltablecolelement/span,0
web/api/htmltablecolelement/valign,0
web/api/htmltableelement,0
web/api/htmltableelement/align,0
web/api/htmltableelement/bgcolor,0
web/api/htmltableelement/border,0
web/api/htmltableelement/caption,0
web/api/htmltableelement/cellpadding,0
web/api/htmltableelement/cellspacing,0
web/api/htmltableelement/createcaption,0
web/api/htmltableelement/createtbody,0
web/api/htmltableelement/createtfoot,0
web/api/htmltableelement/createthead,0
web/api/htmltableelement/deletecaption,0
web/api/htmltableelement/deleterow,0
web/api/htmltableelement/deletetfoot,0
web/api/htmltableelement/deletethead,0
web/api/htmltableelement/frame,0
web/api/htmltableelement/insertrow,0
web/api/htmltableelement/rows,0
web/api/htmltableelement/rules,0
web/api/htmltableelement/summary,0
web/api/htmltableelement/tbodies,0
web/api/htmltableelement/tfoot,0
web/api/htmltableelement/thead,0
web/api/htmltableelement/width,0
web/api/htmltablerowelement,0
web/api/htmltablerowelement/align,0
web/api/htmltablerowelement/bgcolor,0
web/api/htmltablerowelement/cells,0
web/api/htmltablerowelement/ch,0
web/api/htmltablerowelement/choff,0
web/api/htmltablerowelement/deletecell,0
web/api/htmltablerowelement/insertcell,0
web/api/htmltablerowelement/rowindex,0
web/api/htmltablerowelement/sectionrowindex,0
web/api/htmltablerowelement/valign,0
web/api/htmltablesectionelement,0
web/api/htmltablesectionelement/align,0
web/api/htmltablesectionelement/ch,0
web/api/htmltablesectionelement/choff,0
web/api/htmltablesectionelement/deleterow,0
web/api/htmltablesectionelement/insertrow,0
web/api/htmltablesectionelement/rows,0
web/api/htmltablesectionelement/valign,0
web/api/htmltemplateelement,0
web/api/htmltemplateelement/content,0
web/api/htmltemplateelement/shadowrootclonable,0
web/api/htmltemplateelement/shadowrootcustomelementregistry,0
web/api/htmltemplateelement/shadowrootdelegatesfocus,0
web/api/htmltemplateelement/shadowrootmode,0
web/api/htmltemplateelement/shadowrootserializable,0
web/api/htmltemplateelement/shadowrootslotassignment,0
web/api/htmltextareaelement,0
web/api/htmltextareaelement/autocomplete,0
web/api/htmltextareaelement/checkvalidity,0
web/api/htmltextareaelement/cols,0
web/api/htmltextareaelement/defaultvalue,0
web/api/htmltextareaelement/dirname,0
web/api/htmltextareaelement/disabled,0
web/api/htmltextareaelement/form,0
web/api/htmltextareaelement/labels,0
web/api/htmltextareaelement/maxlength,0
web/api/htmltextareaelement/minlength,0
web/api/htmltextareaelement/name,0
web/api/htmltextareaelement/placeholder,0
web/api/htmltextareaelement/readonly,0
web/api/htmltextareaelement/reportvalidity,0
web/api/htmltextareaelement/required,0
web/api/htmltextareaelement/rows,0
web/api/htmltextareaelement/select,0
web/api/htmltextareaelement/select_event,0
web/api/htmltextareaelement/selectionchange_event,0
web/api/htmltextareaelement/selectiondirection,0
web/api/htmltextareaelement/selectionend,0
web/api/htmltextareaelement/selectionstart,0
web/api/htmltextareaelement/setcustomvalidity,0
web/api/htmltextareaelement/setrangetext,0
web/api/htmltextareaelement/setselectionrange,0
web/api/htmltextareaelement/textlength,0
web/api/htmltextareaelement/type,0
web/api/htmltextareaelement/validationmessage,0
web/api/htmltextareaelement/validity,0
web/api/htmltextareaelement/value,0
web/api/htmltextareaelement/willvalidate,0
web/api/htmltextareaelement/wrap,0
web/api/htmltimeelement,0
web/api/htmltimeelement/datetime,0
web/api/htmltitleelement,0
web/api/htmltitleelement/text,0
web/api/htmltrackelement,0
web/api/htmltrackelement/cuechange_event,0
web/api/htmltrackelement/default,0
web/api/htmltrackelement/kind,0
web/api/htmltrackelement/label,0
web/api/htmltrackelement/readystate,0
web/api/htmltrackelement/src,0
web/api/htmltrackelement/srclang,0
web/api/htmltrackelement/track,0
web/api/htmlulistelement,0
web/api/htmlulistelement/compact,0
web/api/htmlunknownelement,0
web/api/htmlvideoelement,0
web/api/htmlvideoelement/cancelvideoframecallback,0
web/api/htmlvideoelement/disablepictureinpicture,0
web/api/htmlvideoelement/enterpictureinpicture_event,0
web/api/htmlvideoelement/getvideoplaybackquality,0
web/api/htmlvideoelement/height,0
web/api/htmlvideoelement/leavepictureinpicture_event,0
web/api/htmlvideoelement/poster,0
web/api/htmlvideoelement/requestpictureinpicture,0
web/api/htmlvideoelement/requestvideoframecallback,0
web/api/htmlvideoelement/resize_event,0
web/api/htmlvideoelement/videoheight,0
web/api/htmlvideoelement/videowidth,0
web/api/htmlvideoelement/width,0
web/api/idbcursor,0
web/api/idbcursor/advance,0
web/api/idbcursor/continue,0
web/api/idbcursor/continueprimarykey,0
web/api/idbcursor/delete,0
web/api/idbcursor/direction,0
web/api/idbcursor/key,0
web/api/idbcursor/primarykey,0
web/api/idbcursor/request,0
web/api/idbcursor/source,0
web/api/idbcursor/update,0
web/api/idbcursorwithvalue,0
web/api/idbcursorwithvalue/value,0
web/api/idbdatabase,0
web/api/idbdatabase/close,0
web/api/idbdatabase/close_event,0
web/api/idbdatabase/createobjectstore,0
web/api/idbdatabase/deleteobjectstore,0
web/api/idbdatabase/name,0
web/api/idbdatabase/objectstorenames,0
web/api/idbdatabase/transaction,0
web/api/idbdatabase/version,0
web/api/idbdatabase/versionchange_event,0
web/api/idbfactory,0
web/api/idbfactory/cmp,0
web/api/idbfactory/databases,0
web/api/idbfactory/deletedatabase,0
web/api/idbfactory/open,0
web/api/idbindex,0
web/api/idbindex/count,0
web/api/idbindex/get,0
web/api/idbindex/getall,0
web/api/idbindex/getallkeys,0
web/api/idbindex/getallrecords,0
web/api/idbindex/getkey,0
web/api/idbindex/isautolocale,0
web/api/idbindex/keypath,0
web/api/idbindex/locale,0
web/api/idbindex/multientry,0
web/api/idbindex/name,0
web/api/idbindex/objectstore,0
web/api/idbindex/opencursor,0
web/api/idbindex/openkeycursor,0
web/api/idbindex/unique,0
web/api/idbkeyrange,0
web/api/idbkeyrange/bound_static,0
web/api/idbkeyrange/includes,0
web/api/idbkeyrange/lower,0
web/api/idbkeyrange/lowerbound_static,0
web/api/idbkeyrange/loweropen,0
web/api/idbkeyrange/only_static,0
web/api/idbkeyrange/upper,0
web/api/idbkeyrange/upperbound_static,0
web/api/idbkeyrange/upperopen,0
web/api/idbobjectstore,0
web/api/idbobjectstore/add,0
web/api/idbobjectstore/autoincrement,0
web/api/idbobjectstore/clear,0
web/api/idbobjectstore/count,0
web/api/idbobjectstore/createindex,0
web/api/idbobjectstore/delete,0
web/api/idbobjectstore/deleteindex,0
web/api/idbobjectstore/get,0
web/api/idbobjectstore/getall,0
web/api/idbobjectstore/getallkeys,0
web/api/idbobjectstore/getallrecords,0
web/api/idbobjectstore/getkey,0
web/api/idbobjectstore/index,0
web/api/idbobjectstore/indexnames,0
web/api/idbobjectstore/keypath,0
web/api/idbobjectstore/name,0
web/api/idbobjectstore/opencursor,0
web/api/idbobjectstore/openkeycursor,0
web/api/idbobjectstore/put,0
web/api/idbobjectstore/transaction,0
web/api/idbopendbrequest,0
web/api/idbopendbrequest/blocked_event,0
web/api/idbopendbrequest/upgradeneeded_event,0
web/api/idbrecord,0
web/api/idbrequest,0
web/api/idbrequest/error,0
web/api/idbrequest/error_event,0
web/api/idbrequest/readystate,0
web/api/idbrequest/result,0
web/api/idbrequest/source,0
web/api/idbrequest/success_event,0
web/api/idbrequest/transaction,0
web/api/idbtransaction,0
web/api/idbtransaction/abort,0
web/api/idbtransaction/abort_event,0
web/api/idbtransaction/commit,0
web/api/idbtransaction/complete_event,0
web/api/idbtransaction/db,0
web/api/idbtransaction/durability,0
web/api/idbtransaction/error,0
web/api/idbtransaction/error_event,0
web/api/idbtransaction/mode,0
web/api/idbtransaction/objectstore,0
web/api/idbtransaction/objectstorenames,0
web/api/idbversionchangeevent,0
web/api/idbversionchangeevent/idbversionchangeevent,0
web/api/idbversionchangeevent/newversion,0
web/api/idbversionchangeevent/oldversion,0
web/api/identitycredential,0
web/api/identitycredential/configurl,0
web/api/identitycredential/disconnect_static,0
web/api/identitycredential/isautoselected,0
web/api/identitycredential/token,0
web/api/identitycredentialerror,0
web/api/identitycredentialerror/error,0
web/api/identitycredentialerror/identitycredentialerror,0
web/api/identitycredentialerror/url,0
web/api/identitycredentialrequestoptions,0
web/api/identityprovider,0
web/api/identityprovider/close_static,0
web/api/identityprovider/getuserinfo_static,0
web/api/idle_detection_api,0
web/api/idledeadline,0
web/api/idledeadline/didtimeout,0
web/api/idledeadline/timeremaining,0
web/api/idledetector,0
web/api/idledetector/change_event,0
web/api/idledetector/idledetector,0
web/api/idledetector/requestpermission_static,0
web/api/idledetector/screenstate,0
web/api/idledetector/start,0
web/api/idledetector/userstate,0
web/api/iirfilternode,0
web/api/iirfilternode/getfrequencyresponse,0
web/api/iirfilternode/iirfilternode,0
web/api/imagebitmap,0
web/api/imagebitmap/close,0
web/api/imagebitmap/height,0
web/api/imagebitmap/width,0
web/api/imagebitmaprenderingcontext,0
web/api/imagebitmaprenderingcontext/canvas,0
web/api/imagebitmaprenderingcontext/transferfromimagebitmap,0
web/api/imagecapture,0
web/api/imagecapture/getphotocapabilities,0
web/api/imagecapture/getphotosettings,0
web/api/imagecapture/grabframe,0
web/api/imagecapture/imagecapture,0
web/api/imagecapture/takephoto,0
web/api/imagecapture/track,0
web/api/imagedata,0
web/api/imagedata/colorspace,0
web/api/imagedata/data,0
web/api/imagedata/height,0
web/api/imagedata/imagedata,0
web/api/imagedata/pixelformat,0
web/api/imagedata/width,0
web/api/imagedecoder,0
web/api/imagedecoder/close,0
web/api/imagedecoder/complete,0
web/api/imagedecoder/completed,0
web/api/imagedecoder/decode,0
web/api/imagedecoder/imagedecoder,0
web/api/imagedecoder/istypesupported_static,0
web/api/imagedecoder/reset,0
web/api/imagedecoder/tracks,0
web/api/imagedecoder/type,0
web/api/imagetrack,0
web/api/imagetrack/animated,0
web/api/imagetrack/framecount,0
web/api/imagetrack/repetitioncount,0
web/api/imagetrack/selected,0
web/api/imagetracklist,0
web/api/imagetracklist/length,0
web/api/imagetracklist/ready,0
web/api/imagetracklist/selectedindex,0
web/api/imagetracklist/selectedtrack,0
web/api/indexeddb_api,0
web/api/indexeddb_api/basic_terminology,0
web/api/indexeddb_api/checking_when_a_deadline_is_due,0
web/api/indexeddb_api/using_indexeddb,0
web/api/ink,0
web/api/ink/requestpresenter,0
web/api/ink_api,0
web/api/inputdevicecapabilities,0
web/api/inputdevicecapabilities/firestouchevents,0
web/api/inputdevicecapabilities/inputdevicecapabilities,0
web/api/inputdevicecapabilities_api,0
web/api/inputdeviceinfo,0
web/api/inputdeviceinfo/getcapabilities,0
web/api/inputevent,0
web/api/inputevent/data,0
web/api/inputevent/datatransfer,0
web/api/inputevent/gettargetranges,0
web/api/inputevent/inputevent,0
web/api/inputevent/inputtype,0
web/api/inputevent/iscomposing,0
web/api/insertable_streams_for_mediastreamtrack_api,0
web/api/installevent,0
web/api/installevent/addroutes,0
web/api/installevent/installevent,0
web/api/integrityviolationreport,0
web/api/interestevent,0
web/api/interestevent/interestevent,0
web/api/interestevent/source,0
web/api/intersection_observer_api,0
web/api/intersection_observer_api/timing_element_visibility,0
web/api/intersectionobserver,0
web/api/intersectionobserver/delay,0
web/api/intersectionobserver/disconnect,0
web/api/intersectionobserver/intersectionobserver,0
web/api/intersectionobserver/observe,0
web/api/intersectionobserver/root,0
web/api/intersectionobserver/rootmargin,0
web/api/intersectionobserver/scrollmargin,0
web/api/intersectionobserver/takerecords,0
web/api/intersectionobserver/thresholds,0
web/api/intersectionobserver/trackvisibility,0
web/api/intersectionobserver/unobserve,0
web/api/intersectionobserverentry,0
web/api/intersectionobserverentry/boundingclientrect,0
web/api/intersectionobserverentry/intersectionobserverentry,0
web/api/intersectionobserverentry/intersectionratio,0
web/api/intersectionobserverentry/intersectionrect,0
web/api/intersectionobserverentry/isintersecting,0
web/api/intersectionobserverentry/rootbounds,0
web/api/intersectionobserverentry/target,0
web/api/intersectionobserverentry/time,0
web/api/interventionreport,0
web/api/invoker_commands_api,0
web/api/js_self-profiling_api,0
web/api/js_self-profiling_api/profile_content_and_format,0
web/api/keyboard,0
web/api/keyboard/getlayoutmap,0
web/api/keyboard/lock,0
web/api/keyboard/unlock,0
web/api/keyboard_api,0
web/api/keyboardevent,0
web/api/keyboardevent/altkey,0
web/api/keyboardevent/charcode,0
web/api/keyboardevent/code,0
web/api/keyboardevent/ctrlkey,0
web/api/keyboardevent/getmodifierstate,0
web/api/keyboardevent/initkeyboardevent,0
web/api/keyboardevent/iscomposing,0
web/api/keyboardevent/key,0
web/api/keyboardevent/keyboardevent,0
web/api/keyboardevent/keycode,0
web/api/keyboardevent/keyidentifier,0
web/api/keyboardevent/location,0
web/api/keyboardevent/metakey,0
web/api/keyboardevent/repeat,0
web/api/keyboardevent/shiftkey,0
web/api/keyboardlayoutmap,0
web/api/keyboardlayoutmap/entries,0
web/api/keyboardlayoutmap/foreach,0
web/api/keyboardlayoutmap/get,0
web/api/keyboardlayoutmap/has,0
web/api/keyboardlayoutmap/keys,0
web/api/keyboardlayoutmap/size,0
web/api/keyboardlayoutmap/values,0
web/api/keyframeeffect,0
web/api/keyframeeffect/composite,0
web/api/keyframeeffect/getkeyframes,0
web/api/keyframeeffect/iterationcomposite,0
web/api/keyframeeffect/keyframeeffect,0
web/api/keyframeeffect/pseudoelement,0
web/api/keyframeeffect/setkeyframes,0
web/api/keyframeeffect/target,0
web/api/khr_parallel_shader_compile,0
web/api/languagedetector,0
web/api/languagedetector/availability_static,0
web/api/languagedetector/create_static,0
web/api/languagedetector/destroy,0
web/api/languagedetector/detect,0
web/api/languagedetector/expectedinputlanguages,0
web/api/languagedetector/inputquota,0
web/api/languagedetector/measureinputusage,0
web/api/largestcontentfulpaint,0
web/api/largestcontentfulpaint/element,0
web/api/largestcontentfulpaint/id,0
web/api/largestcontentfulpaint/loadtime,0
web/api/largestcontentfulpaint/painttime,0
web/api/largestcontentfulpaint/presentationtime,0
web/api/largestcontentfulpaint/rendertime,0
web/api/largestcontentfulpaint/size,0
web/api/largestcontentfulpaint/tojson,0
web/api/largestcontentfulpaint/url,0
web/api/launch_handler_api,0
web/api/launchparams,0
web/api/launchparams/files,0
web/api/launchparams/targeturl,0
web/api/launchqueue,0
web/api/launchqueue/setconsumer,0
web/api/layoutshift,0
web/api/layoutshift/hadrecentinput,0
web/api/layoutshift/lastinputtime,0
web/api/layoutshift/sources,0
web/api/layoutshift/tojson,0
web/api/layoutshift/value,0
web/api/layoutshiftattribution,0
web/api/layoutshiftattribution/currentrect,0
web/api/layoutshiftattribution/node,0
web/api/layoutshiftattribution/previousrect,0
web/api/layoutshiftattribution/tojson,0
web/api/linearaccelerationsensor,0
web/api/linearaccelerationsensor/linearaccelerationsensor,0
web/api/local_font_access_api,0
web/api/location,0
web/api/location/ancestororigins,0
web/api/location/assign,0
web/api/location/hash,0
web/api/location/host,0
web/api/location/hostname,0
web/api/location/href,0
web/api/location/origin,0
web/api/location/pathname,0
web/api/location/port,0
web/api/location/protocol,0
web/api/location/reload,0
web/api/location/replace,0
web/api/location/search,0
web/api/location/tostring,0
web/api/lock,0
web/api/lock/mode,0
web/api/lock/name,0
web/api/lockmanager,0
web/api/lockmanager/query,0
web/api/lockmanager/request,0
web/api/magnetometer,0
web/api/magnetometer/magnetometer,0
web/api/magnetometer/x,0
web/api/magnetometer/y,0
web/api/magnetometer/z,0
web/api/managedmediasource,0
web/api/managedmediasource/endstreaming_event,0
web/api/managedmediasource/managedmediasource,0
web/api/managedmediasource/startstreaming_event,0
web/api/managedmediasource/streaming,0
web/api/managedsourcebuffer,0
web/api/managedsourcebuffer/bufferedchange_event,0
web/api/mathmlelement,0
web/api/mathmlelement/attributestylemap,0
web/api/mathmlelement/autofocus,0
web/api/mathmlelement/blur,0
web/api/mathmlelement/dataset,0
web/api/mathmlelement/focus,0
web/api/mathmlelement/nonce,0
web/api/mathmlelement/style,0
web/api/mathmlelement/tabindex,0
web/api/media_capabilities_api,0
web/api/media_capabilities_api/using_the_media_capabilities_api,0
web/api/media_capture_and_streams_api,0
web/api/media_capture_and_streams_api/constraints,0
web/api/media_capture_and_streams_api/taking_still_photos,0
web/api/media_session_api,0
web/api/media_source_extensions_api,0
web/api/media_source_extensions_api/dash_adaptive_streaming,0
web/api/media_source_extensions_api/transcoding_assets_for_mse,0
web/api/mediacapabilities,0
web/api/mediacapabilities/decodinginfo,0
web/api/mediacapabilities/encodinginfo,0
web/api/mediadeviceinfo,0
web/api/mediadeviceinfo/deviceid,0
web/api/mediadeviceinfo/groupid,0
web/api/mediadeviceinfo/kind,0
web/api/mediadeviceinfo/label,0
web/api/mediadeviceinfo/tojson,0
web/api/mediadevices,0
web/api/mediadevices/devicechange_event,0
web/api/mediadevices/enumeratedevices,0
web/api/mediadevices/getdisplaymedia,0
web/api/mediadevices/getsupportedconstraints,0
web/api/mediadevices/getusermedia,0
web/api/mediadevices/selectaudiooutput,0
web/api/mediaelementaudiosourcenode,0
web/api/mediaelementaudiosourcenode/mediaelement,0
web/api/mediaelementaudiosourcenode/mediaelementaudiosourcenode,0
web/api/mediaencryptedevent,0
web/api/mediaencryptedevent/initdata,0
web/api/mediaencryptedevent/initdatatype,0
web/api/mediaencryptedevent/mediaencryptedevent,0
web/api/mediaerror,0
web/api/mediaerror/code,0
web/api/mediaerror/message,0
web/api/mediakeymessageevent,0
web/api/mediakeymessageevent/mediakeymessageevent,0
web/api/mediakeymessageevent/message,0
web/api/mediakeymessageevent/messagetype,0
web/api/mediakeys,0
web/api/mediakeys/createsession,0
web/api/mediakeys/getstatusforpolicy,0
web/api/mediakeys/setservercertificate,0
web/api/mediakeysession,0
web/api/mediakeysession/close,0
web/api/mediakeysession/closed,0
web/api/mediakeysession/expiration,0
web/api/mediakeysession/generaterequest,0
web/api/mediakeysession/keystatuses,0
web/api/mediakeysession/keystatuseschange_event,0
web/api/mediakeysession/load,0
web/api/mediakeysession/message_event,0
web/api/mediakeysession/remove,0
web/api/mediakeysession/sessionid,0
web/api/mediakeysession/update,0
web/api/mediakeystatusmap,0
web/api/mediakeystatusmap/entries,0
web/api/mediakeystatusmap/foreach,0
web/api/mediakeystatusmap/get,0
web/api/mediakeystatusmap/has,0
web/api/mediakeystatusmap/keys,0
web/api/mediakeystatusmap/size,0
web/api/mediakeystatusmap/values,0
web/api/mediakeysystemaccess,0
web/api/mediakeysystemaccess/createmediakeys,0
web/api/mediakeysystemaccess/getconfiguration,0
web/api/mediakeysystemaccess/keysystem,0
web/api/medialist,0
web/api/medialist/appendmedium,0
web/api/medialist/deletemedium,0
web/api/medialist/item,0
web/api/medialist/length,0
web/api/medialist/mediatext,0
web/api/medialist/tostring,0
web/api/mediametadata,0
web/api/mediametadata/album,0
web/api/mediametadata/artist,0
web/api/mediametadata/artwork,0
web/api/mediametadata/chapterinfo,0
web/api/mediametadata/mediametadata,0
web/api/mediametadata/title,0
web/api/mediaquerylist,0
web/api/mediaquerylist/addlistener,0
web/api/mediaquerylist/change_event,0
web/api/mediaquerylist/matches,0
web/api/mediaquerylist/media,0
web/api/mediaquerylist/removelistener,0
web/api/mediaquerylistevent,0
web/api/mediaquerylistevent/matches,0
web/api/mediaquerylistevent/media,0
web/api/mediaquerylistevent/mediaquerylistevent,0
web/api/mediarecorder,0
web/api/mediarecorder/audiobitratemode,0
web/api/mediarecorder/audiobitspersecond,0
web/api/mediarecorder/dataavailable_event,0
web/api/mediarecorder/error_event,0
web/api/mediarecorder/istypesupported_static,0
web/api/mediarecorder/mediarecorder,0
web/api/mediarecorder/mimetype,0
web/api/mediarecorder/pause,0
web/api/mediarecorder/pause_event,0
web/api/mediarecorder/requestdata,0
web/api/mediarecorder/resume,0
web/api/mediarecorder/resume_event,0
web/api/mediarecorder/start,0
web/api/mediarecorder/start_event,0
web/api/mediarecorder/state,0
web/api/mediarecorder/stop,0
web/api/mediarecorder/stop_event,0
web/api/mediarecorder/stream,0
web/api/mediarecorder/videobitspersecond,0
web/api/mediarecordererrorevent,0
web/api/mediarecordererrorevent/error,0
web/api/mediarecordererrorevent/mediarecordererrorevent,0
web/api/mediasession,0
web/api/mediasession/metadata,0
web/api/mediasession/playbackstate,0
web/api/mediasession/setactionhandler,0
web/api/mediasession/setcameraactive,0
web/api/mediasession/setmicrophoneactive,0
web/api/mediasession/setpositionstate,0
web/api/mediasession/setscreenshareactive,0
web/api/mediasource,0
web/api/mediasource/activesourcebuffers,0
web/api/mediasource/addsourcebuffer,0
web/api/mediasource/canconstructindedicatedworker_static,0
web/api/mediasource/clearliveseekablerange,0
web/api/mediasource/duration,0
web/api/mediasource/endofstream,0
web/api/mediasource/handle,0
web/api/mediasource/istypesupported_static,0
web/api/mediasource/mediasource,0
web/api/mediasource/readystate,0
web/api/mediasource/removesourcebuffer,0
web/api/mediasource/setliveseekablerange,0
web/api/mediasource/sourcebuffers,0
web/api/mediasource/sourceclose_event,0
web/api/mediasource/sourceended_event,0
web/api/mediasource/sourceopen_event,0
web/api/mediasourcehandle,0
web/api/mediastream,0
web/api/mediastream/active,0
web/api/mediastream/addtrack,0
web/api/mediastream/addtrack_event,0
web/api/mediastream/clone,0
web/api/mediastream/getaudiotracks,0
web/api/mediastream/gettrackbyid,0
web/api/mediastream/gettracks,0
web/api/mediastream/getvideotracks,0
web/api/mediastream/id,0
web/api/mediastream/mediastream,0
web/api/mediastream/removetrack,0
web/api/mediastream/removetrack_event,0
web/api/mediastream_image_capture_api,0
web/api/mediastream_recording_api,0
web/api/mediastream_recording_api/recording_a_media_element,0
web/api/mediastream_recording_api/using_the_mediastream_recording_api,0
web/api/mediastreamaudiodestinationnode,0
web/api/mediastreamaudiodestinationnode/mediastreamaudiodestinationnode,0
web/api/mediastreamaudiodestinationnode/stream,0
web/api/mediastreamaudiosourcenode,0
web/api/mediastreamaudiosourcenode/mediastream,0
web/api/mediastreamaudiosourcenode/mediastreamaudiosourcenode,0
web/api/mediastreamevent,0
web/api/mediastreamevent/mediastreamevent,0
web/api/mediastreamevent/stream,0
web/api/mediastreamtrack,0
web/api/mediastreamtrack/applyconstraints,0
web/api/mediastreamtrack/clone,0
web/api/mediastreamtrack/contenthint,0
web/api/mediastreamtrack/enabled,0
web/api/mediastreamtrack/ended_event,0
web/api/mediastreamtrack/getcapabilities,0
web/api/mediastreamtrack/getconstraints,0
web/api/mediastreamtrack/getsettings,0
web/api/mediastreamtrack/id,0
web/api/mediastreamtrack/kind,0
web/api/mediastreamtrack/label,0
web/api/mediastreamtrack/mute_event,0
web/api/mediastreamtrack/muted,0
web/api/mediastreamtrack/readystate,0
web/api/mediastreamtrack/stop,0
web/api/mediastreamtrack/unmute_event,0
web/api/mediastreamtrackaudiosourcenode,0
web/api/mediastreamtrackaudiosourcenode/mediastreamtrackaudiosourcenode,0
web/api/mediastreamtrackevent,0
web/api/mediastreamtrackevent/mediastreamtrackevent,0
web/api/mediastreamtrackevent/track,0
web/api/mediastreamtrackgenerator,0
web/api/mediastreamtrackgenerator/mediastreamtrackgenerator,0
web/api/mediastreamtrackgenerator/writable,0
web/api/mediastreamtrackprocessor,0
web/api/mediastreamtrackprocessor/mediastreamtrackprocessor,0
web/api/mediastreamtrackprocessor/readable,0
web/api/mediatrackconstraints,0
web/api/mediatrackconstraints/aspectratio,0
web/api/mediatrackconstraints/autogaincontrol,0
web/api/mediatrackconstraints/channelcount,0
web/api/mediatrackconstraints/deviceid,0
web/api/mediatrackconstraints/displaysurface,0
web/api/mediatrackconstraints/echocancellation,0
web/api/mediatrackconstraints/facingmode,0
web/api/mediatrackconstraints/framerate,0
web/api/mediatrackconstraints/groupid,0
web/api/mediatrackconstraints/height,0
web/api/mediatrackconstraints/latency,0
web/api/mediatrackconstraints/logicalsurface,0
web/api/mediatrackconstraints/noisesuppression,0
web/api/mediatrackconstraints/restrictownaudio,0
web/api/mediatrackconstraints/samplerate,0
web/api/mediatrackconstraints/samplesize,0
web/api/mediatrackconstraints/suppresslocalaudioplayback,0
web/api/mediatrackconstraints/volume,0
web/api/mediatrackconstraints/width,0
web/api/mediatracksettings,0
web/api/mediatracksettings/aspectratio,0
web/api/mediatracksettings/autogaincontrol,0
web/api/mediatracksettings/channelcount,0
web/api/mediatracksettings/cursor,0
web/api/mediatracksettings/deviceid,0
web/api/mediatracksettings/displaysurface,0
web/api/mediatracksettings/echocancellation,0
web/api/mediatracksettings/facingmode,0
web/api/mediatracksettings/framerate,0
web/api/mediatracksettings/groupid,0
web/api/mediatracksettings/height,0
web/api/mediatracksettings/latency,0
web/api/mediatracksettings/logicalsurface,0
web/api/mediatracksettings/noisesuppression,0
web/api/mediatracksettings/restrictownaudio,0
web/api/mediatracksettings/samplerate,0
web/api/mediatracksettings/samplesize,0
web/api/mediatracksettings/screenpixelratio,0
web/api/mediatracksettings/suppresslocalaudioplayback,0
web/api/mediatracksettings/volume,0
web/api/mediatracksettings/width,0
web/api/mediatracksupportedconstraints,0
web/api/mediatracksupportedconstraints/aspectratio,0
web/api/mediatracksupportedconstraints/autogaincontrol,0
web/api/mediatracksupportedconstraints/channelcount,0
web/api/mediatracksupportedconstraints/deviceid,0
web/api/mediatracksupportedconstraints/displaysurface,0
web/api/mediatracksupportedconstraints/echocancellation,0
web/api/mediatracksupportedconstraints/facingmode,0
web/api/mediatracksupportedconstraints/framerate,0
web/api/mediatracksupportedconstraints/groupid,0
web/api/mediatracksupportedconstraints/height,0
web/api/mediatracksupportedconstraints/latency,0
web/api/mediatracksupportedconstraints/logicalsurface,0
web/api/mediatracksupportedconstraints/noisesuppression,0
web/api/mediatracksupportedconstraints/restrictownaudio,0
web/api/mediatracksupportedconstraints/samplerate,0
web/api/mediatracksupportedconstraints/samplesize,0
web/api/mediatracksupportedconstraints/suppresslocalaudioplayback,0
web/api/mediatracksupportedconstraints/volume,0
web/api/mediatracksupportedconstraints/width,0
web/api/merchantvalidationevent,0
web/api/merchantvalidationevent/complete,0
web/api/merchantvalidationevent/merchantvalidationevent,0
web/api/merchantvalidationevent/methodname,0
web/api/merchantvalidationevent/validationurl,0
web/api/messagechannel,0
web/api/messagechannel/messagechannel,0
web/api/messagechannel/port1,0
web/api/messagechannel/port2,0
web/api/messageevent,0
web/api/messageevent/data,0
web/api/messageevent/lasteventid,0
web/api/messageevent/messageevent,0
web/api/messageevent/origin,0
web/api/messageevent/ports,0
web/api/messageevent/source,0
web/api/messageport,0
web/api/messageport/close,0
web/api/messageport/message_event,0
web/api/messageport/messageerror_event,0
web/api/messageport/postmessage,0
web/api/messageport/start,0
web/api/metadata,0
web/api/metadata/modificationtime,0
web/api/metadata/size,0
web/api/midiaccess,0
web/api/midiaccess/inputs,0
web/api/midiaccess/outputs,0
web/api/midiaccess/statechange_event,0
web/api/midiaccess/sysexenabled,0
web/api/midiconnectionevent,0
web/api/midiconnectionevent/midiconnectionevent,0
web/api/midiconnectionevent/port,0
web/api/midiinput,0
web/api/midiinput/midimessage_event,0
web/api/midiinputmap,0
web/api/midimessageevent,0
web/api/midimessageevent/data,0
web/api/midimessageevent/midimessageevent,0
web/api/midioutput,0
web/api/midioutput/clear,0
web/api/midioutput/send,0
web/api/midioutputmap,0
web/api/midiport,0
web/api/midiport/close,0
web/api/midiport/connection,0
web/api/midiport/id,0
web/api/midiport/manufacturer,0
web/api/midiport/name,0
web/api/midiport/open,0
web/api/midiport/state,0
web/api/midiport/statechange_event,0
web/api/midiport/type,0
web/api/midiport/version,0
web/api/mimetype,0
web/api/mimetypearray,0
web/api/mouseevent,0
web/api/mouseevent/altkey,0
web/api/mouseevent/button,0
web/api/mouseevent/buttons,0
web/api/mouseevent/clientx,0
web/api/mouseevent/clienty,0
web/api/mouseevent/ctrlkey,0
web/api/mouseevent/getmodifierstate,0
web/api/mouseevent/initmouseevent,0
web/api/mouseevent/layerx,0
web/api/mouseevent/layery,0
web/api/mouseevent/metakey,0
web/api/mouseevent/mouseevent,0
web/api/mouseevent/movementx,0
web/api/mouseevent/movementy,0
web/api/mouseevent/mozinputsource,0
web/api/mouseevent/offsetx,0
web/api/mouseevent/offsety,0
web/api/mouseevent/pagex,0
web/api/mouseevent/pagey,0
web/api/mouseevent/relatedtarget,0
web/api/mouseevent/screenx,0
web/api/mouseevent/screeny,0
web/api/mouseevent/shiftkey,0
web/api/mouseevent/webkit_force_at_force_mouse_down_static,0
web/api/mouseevent/webkit_force_at_mouse_down_static,0
web/api/mouseevent/webkitforce,0
web/api/mouseevent/x,0
web/api/mouseevent/y,0
web/api/mousescrollevent,0
web/api/mutationevent,0
web/api/mutationevent/attrchange,0
web/api/mutationevent/attrname,0
web/api/mutationevent/initmutationevent,0
web/api/mutationevent/newvalue,0
web/api/mutationevent/prevvalue,0
web/api/mutationevent/relatednode,0
web/api/mutationobserver,0
web/api/mutationobserver/disconnect,0
web/api/mutationobserver/mutationobserver,0
web/api/mutationobserver/observe,0
web/api/mutationobserver/takerecords,0
web/api/mutationrecord,0
web/api/mutationrecord/addednodes,0
web/api/mutationrecord/attributename,0
web/api/mutationrecord/attributenamespace,0
web/api/mutationrecord/nextsibling,0
web/api/mutationrecord/oldvalue,0
web/api/mutationrecord/previoussibling,0
web/api/mutationrecord/removednodes,0
web/api/mutationrecord/target,0
web/api/mutationrecord/type,0
web/api/namednodemap,0
web/api/namednodemap/getnameditem,0
web/api/namednodemap/getnameditemns,0
web/api/namednodemap/item,0
web/api/namednodemap/length,0
web/api/namednodemap/removenameditem,0
web/api/namednodemap/removenameditemns,0
web/api/namednodemap/setnameditem,0
web/api/namednodemap/setnameditemns,0
web/api/navigateevent,0
web/api/navigateevent/canintercept,0
web/api/navigateevent/destination,0
web/api/navigateevent/downloadrequest,0
web/api/navigateevent/formdata,0
web/api/navigateevent/hashchange,0
web/api/navigateevent/hasuavisualtransition,0
web/api/navigateevent/info,0
web/api/navigateevent/intercept,0
web/api/navigateevent/navigateevent,0
web/api/navigateevent/navigationtype,0
web/api/navigateevent/scroll,0
web/api/navigateevent/signal,0
web/api/navigateevent/sourceelement,0
web/api/navigateevent/userinitiated,0
web/api/navigation,0
web/api/navigation/activation,0
web/api/navigation/back,0
web/api/navigation/cangoback,0
web/api/navigation/cangoforward,0
web/api/navigation/currententry,0
web/api/navigation/currententrychange_event,0
web/api/navigation/entries,0
web/api/navigation/forward,0
web/api/navigation/navigate,0
web/api/navigation/navigate_event,0
web/api/navigation/navigateerror_event,0
web/api/navigation/navigatesuccess_event,0
web/api/navigation/reload,0
web/api/navigation/transition,0
web/api/navigation/traverseto,0
web/api/navigation/updatecurrententry,0
web/api/navigation_api,0
web/api/navigationactivation,0
web/api/navigationactivation/entry,0
web/api/navigationactivation/from,0
web/api/navigationactivation/navigationtype,0
web/api/navigationcurrententrychangeevent,0
web/api/navigationcurrententrychangeevent/from,0
web/api/navigationcurrententrychangeevent/navigationcurrententrychangeevent,0
web/api/navigationcurrententrychangeevent/navigationtype,0
web/api/navigationdestination,0
web/api/navigationdestination/getstate,0
web/api/navigationdestination/id,0
web/api/navigationdestination/index,0
web/api/navigationdestination/key,0
web/api/navigationdestination/samedocument,0
web/api/navigationdestination/url,0
web/api/navigationhistoryentry,0
web/api/navigationhistoryentry/dispose_event,0
web/api/navigationhistoryentry/getstate,0
web/api/navigationhistoryentry/id,0
web/api/navigationhistoryentry/index,0
web/api/navigationhistoryentry/key,0
web/api/navigationhistoryentry/samedocument,0
web/api/navigationhistoryentry/url,0
web/api/navigationprecommitcontroller,0
web/api/navigationprecommitcontroller/addhandler,0
web/api/navigationprecommitcontroller/redirect,0
web/api/navigationpreloadmanager,0
web/api/navigationpreloadmanager/disable,0
web/api/navigationpreloadmanager/enable,0
web/api/navigationpreloadmanager/getstate,0
web/api/navigationpreloadmanager/setheadervalue,0
web/api/navigationtransition,0
web/api/navigationtransition/committed,0
web/api/navigationtransition/finished,0
web/api/navigationtransition/from,0
web/api/navigationtransition/navigationtype,0
web/api/navigationtransition/to,0
web/api/navigator,0
web/api/navigator/activevrdisplays,0
web/api/navigator/appcodename,0
web/api/navigator/appname,0
web/api/navigator/appversion,0
web/api/navigator/audiosession,0
web/api/navigator/bluetooth,0
web/api/navigator/buildid,0
web/api/navigator/canshare,0
web/api/navigator/clearappbadge,0
web/api/navigator/clipboard,0
web/api/navigator/connection,0
web/api/navigator/contacts,0
web/api/navigator/cookieenabled,0
web/api/navigator/credentials,0
web/api/navigator/deprecatedreplaceinurn,0
web/api/navigator/devicememory,0
web/api/navigator/deviceposture,0
web/api/navigator/donottrack,0
web/api/navigator/geolocation,0
web/api/navigator/getautoplaypolicy,0
web/api/navigator/getbattery,0
web/api/navigator/getgamepads,0
web/api/navigator/getinstalledrelatedapps,0
web/api/navigator/getusermedia,0
web/api/navigator/getvrdisplays,0
web/api/navigator/globalprivacycontrol,0
web/api/navigator/gpu,0
web/api/navigator/hardwareconcurrency,0
web/api/navigator/hid,0
web/api/navigator/ink,0
web/api/navigator/javaenabled,0
web/api/navigator/keyboard,0
web/api/navigator/language,0
web/api/navigator/languages,0
web/api/navigator/locks,0
web/api/navigator/login,0
web/api/navigator/maxtouchpoints,0
web/api/navigator/mediacapabilities,0
web/api/navigator/mediadevices,0
web/api/navigator/mediasession,0
web/api/navigator/mimetypes,0
web/api/navigator/online,0
web/api/navigator/oscpu,0
web/api/navigator/pdfviewerenabled,0
web/api/navigator/permissions,0
web/api/navigator/platform,0
web/api/navigator/plugins,0
web/api/navigator/preferences,0
web/api/navigator/presentation,0
web/api/navigator/product,0
web/api/navigator/productsub,0
web/api/navigator/registerprotocolhandler,0
web/api/navigator/requestmediakeysystemaccess,0
web/api/navigator/requestmidiaccess,0
web/api/navigator/scheduling,0
web/api/navigator/sendbeacon,0
web/api/navigator/serial,0
web/api/navigator/serviceworker,0
web/api/navigator/setappbadge,0
web/api/navigator/share,0
web/api/navigator/storage,0
web/api/navigator/taintenabled,0
web/api/navigator/unregisterprotocolhandler,0
web/api/navigator/usb,0
web/api/navigator/useractivation,0
web/api/navigator/useragent,0
web/api/navigator/useragentdata,0
web/api/navigator/vendor,0
web/api/navigator/vendorsub,0
web/api/navigator/vibrate,0
web/api/navigator/virtualkeyboard,0
web/api/navigator/wakelock,0
web/api/navigator/webdriver,0
web/api/navigator/windowcontrolsoverlay,0
web/api/navigator/xr,0
web/api/navigatorlogin,0
web/api/navigatorlogin/setstatus,0
web/api/navigatoruadata,0
web/api/navigatoruadata/brands,0
web/api/navigatoruadata/gethighentropyvalues,0
web/api/navigatoruadata/mobile,0
web/api/navigatoruadata/platform,0
web/api/navigatoruadata/tojson,0
web/api/ndefmessage,0
web/api/ndefmessage/ndefmessage,0
web/api/ndefmessage/records,0
web/api/ndefreader,0
web/api/ndefreader/ndefreader,0
web/api/ndefreader/reading_event,0
web/api/ndefreader/readingerror_event,0
web/api/ndefreader/scan,0
web/api/ndefreader/write,0
web/api/ndefreadingevent,0
web/api/ndefreadingevent/message,0
web/api/ndefreadingevent/ndefreadingevent,0
web/api/ndefreadingevent/serialnumber,0
web/api/ndefrecord,0
web/api/ndefrecord/data,0
web/api/ndefrecord/encoding,0
web/api/ndefrecord/id,0
web/api/ndefrecord/lang,0
web/api/ndefrecord/mediatype,0
web/api/ndefrecord/ndefrecord,0
web/api/ndefrecord/recordtype,0
web/api/ndefrecord/torecords,0
web/api/network_information_api,0
web/api/networkinformation,0
web/api/networkinformation/change_event,0
web/api/networkinformation/downlink,0
web/api/networkinformation/downlinkmax,0
web/api/networkinformation/effectivetype,0
web/api/networkinformation/rtt,0
web/api/networkinformation/savedata,0
web/api/networkinformation/type,0
web/api/node,0
web/api/node/appendchild,0
web/api/node/baseuri,0
web/api/node/childnodes,0
web/api/node/clonenode,0
web/api/node/comparedocumentposition,0
web/api/node/contains,0
web/api/node/firstchild,0
web/api/node/getrootnode,0
web/api/node/haschildnodes,0
web/api/node/insertbefore,0
web/api/node/isconnected,0
web/api/node/isdefaultnamespace,0
web/api/node/isequalnode,0
web/api/node/issamenode,0
web/api/node/lastchild,0
web/api/node/lookupnamespaceuri,0
web/api/node/lookupprefix,0
web/api/node/nextsibling,0
web/api/node/nodename,0
web/api/node/nodetype,0
web/api/node/nodevalue,0
web/api/node/normalize,0
web/api/node/ownerdocument,0
web/api/node/parentelement,0
web/api/node/parentnode,0
web/api/node/previoussibling,0
web/api/node/removechild,0
web/api/node/replacechild,0
web/api/node/selectstart_event,0
web/api/node/textcontent,0
web/api/nodeiterator,0
web/api/nodeiterator/detach,0
web/api/nodeiterator/filter,0
web/api/nodeiterator/nextnode,0
web/api/nodeiterator/pointerbeforereferencenode,0
web/api/nodeiterator/previousnode,0
web/api/nodeiterator/referencenode,0
web/api/nodeiterator/root,0
web/api/nodeiterator/whattoshow,0
web/api/nodelist,0
web/api/nodelist/entries,0
web/api/nodelist/foreach,0
web/api/nodelist/item,0
web/api/nodelist/keys,0
web/api/nodelist/length,0
web/api/nodelist/values,0
web/api/notification,0
web/api/notification/actions,0
web/api/notification/badge,0
web/api/notification/body,0
web/api/notification/click_event,0
web/api/notification/close,0
web/api/notification/close_event,0
web/api/notification/data,0
web/api/notification/dir,0
web/api/notification/error_event,0
web/api/notification/icon,0
web/api/notification/image,0
web/api/notification/lang,0
web/api/notification/maxactions_static,0
web/api/notification/navigate,0
web/api/notification/notification,0
web/api/notification/permission_static,0
web/api/notification/renotify,0
web/api/notification/requestpermission_static,0
web/api/notification/requireinteraction,0
web/api/notification/show_event,0
web/api/notification/silent,0
web/api/notification/tag,0
web/api/notification/timestamp,0
web/api/notification/title,0
web/api/notification/vibrate,0
web/api/notificationevent,0
web/api/notificationevent/action,0
web/api/notificationevent/notification,0
web/api/notificationevent/notificationevent,0
web/api/notifications_api,0
web/api/notifications_api/using_the_notifications_api,0
web/api/notrestoredreasondetails,0
web/api/notrestoredreasondetails/reason,0
web/api/notrestoredreasondetails/tojson,0
web/api/notrestoredreasons,0
web/api/notrestoredreasons/children,0
web/api/notrestoredreasons/id,0
web/api/notrestoredreasons/name,0
web/api/notrestoredreasons/reasons,0
web/api/notrestoredreasons/src,0
web/api/notrestoredreasons/tojson,0
web/api/notrestoredreasons/url,0
web/api/oes_draw_buffers_indexed,0
web/api/oes_draw_buffers_indexed/blendequationioes,0
web/api/oes_draw_buffers_indexed/blendequationseparateioes,0
web/api/oes_draw_buffers_indexed/blendfuncioes,0
web/api/oes_draw_buffers_indexed/blendfuncseparateioes,0
web/api/oes_draw_buffers_indexed/colormaskioes,0
web/api/oes_draw_buffers_indexed/disableioes,0
web/api/oes_draw_buffers_indexed/enableioes,0
web/api/oes_element_index_uint,0
web/api/oes_fbo_render_mipmap,0
web/api/oes_standard_derivatives,0
web/api/oes_texture_float,0
web/api/oes_texture_float_linear,0
web/api/oes_texture_half_float,0
web/api/oes_texture_half_float_linear,0
web/api/oes_vertex_array_object,0
web/api/oes_vertex_array_object/bindvertexarrayoes,0
web/api/oes_vertex_array_object/createvertexarrayoes,0
web/api/oes_vertex_array_object/deletevertexarrayoes,0
web/api/oes_vertex_array_object/isvertexarrayoes,0
web/api/offlineaudiocompletionevent,0
web/api/offlineaudiocompletionevent/offlineaudiocompletionevent,0
web/api/offlineaudiocompletionevent/renderedbuffer,0
web/api/offlineaudiocontext,0
web/api/offlineaudiocontext/complete_event,0
web/api/offlineaudiocontext/length,0
web/api/offlineaudiocontext/offlineaudiocontext,0
web/api/offlineaudiocontext/resume,0
web/api/offlineaudiocontext/startrendering,0
web/api/offlineaudiocontext/suspend,0
web/api/offscreencanvas,0
web/api/offscreencanvas/contextlost_event,0
web/api/offscreencanvas/contextrestored_event,0
web/api/offscreencanvas/converttoblob,0
web/api/offscreencanvas/getcontext,0
web/api/offscreencanvas/height,0
web/api/offscreencanvas/offscreencanvas,0
web/api/offscreencanvas/transfertoimagebitmap,0
web/api/offscreencanvas/width,0
web/api/offscreencanvasrenderingcontext2d,0
web/api/offscreencanvasrenderingcontext2d/commit,0
web/api/orientationsensor,0
web/api/orientationsensor/populatematrix,0
web/api/orientationsensor/quaternion,0
web/api/oscillatornode,0
web/api/oscillatornode/detune,0
web/api/oscillatornode/frequency,0
web/api/oscillatornode/oscillatornode,0
web/api/oscillatornode/setperiodicwave,0
web/api/oscillatornode/type,0
web/api/otpcredential,0
web/api/otpcredential/code,0
web/api/overconstrainederror,0
web/api/overconstrainederror/constraint,0
web/api/overconstrainederror/overconstrainederror,0
web/api/ovr_multiview2,0
web/api/ovr_multiview2/framebuffertexturemultiviewovr,0
web/api/page_visibility_api,0
web/api/pagerevealevent,0
web/api/pagerevealevent/pagerevealevent,0
web/api/pagerevealevent/viewtransition,0
web/api/pageswapevent,0
web/api/pageswapevent/activation,0
web/api/pageswapevent/pageswapevent,0
web/api/pageswapevent/viewtransition,0
web/api/pagetransitionevent,0
web/api/pagetransitionevent/pagetransitionevent,0
web/api/pagetransitionevent/persisted,0
web/api/paintrenderingcontext2d,0
web/api/paintsize,0
web/api/paintsize/height,0
web/api/paintsize/width,0
web/api/paintworkletglobalscope,0
web/api/paintworkletglobalscope/devicepixelratio,0
web/api/paintworkletglobalscope/registerpaint,0
web/api/pannernode,0
web/api/pannernode/coneinnerangle,0
web/api/pannernode/coneouterangle,0
web/api/pannernode/coneoutergain,0
web/api/pannernode/distancemodel,0
web/api/pannernode/maxdistance,0
web/api/pannernode/orientationx,0
web/api/pannernode/orientationy,0
web/api/pannernode/orientationz,0
web/api/pannernode/pannernode,0
web/api/pannernode/panningmodel,0
web/api/pannernode/positionx,0
web/api/pannernode/positiony,0
web/api/pannernode/positionz,0
web/api/pannernode/refdistance,0
web/api/pannernode/rollofffactor,0
web/api/pannernode/setorientation,0
web/api/pannernode/setposition,0
web/api/passwordcredential,0
web/api/passwordcredential/iconurl,0
web/api/passwordcredential/name,0
web/api/passwordcredential/password,0
web/api/passwordcredential/passwordcredential,0
web/api/passwordcredentialinit,0
web/api/path2d,0
web/api/path2d/addpath,0
web/api/path2d/path2d,0
web/api/payment_request_api,0
web/api/payment_request_api/concepts,0
web/api/payment_request_api/using_secure_payment_confirmation,0
web/api/payment_request_api/using_the_payment_request_api,0
web/api/paymentaddress,0
web/api/paymentaddress/addressline,0
web/api/paymentaddress/city,0
web/api/paymentaddress/country,0
web/api/paymentaddress/dependentlocality,0
web/api/paymentaddress/organization,0
web/api/paymentaddress/phone,0
web/api/paymentaddress/postalcode,0
web/api/paymentaddress/recipient,0
web/api/paymentaddress/region,0
web/api/paymentaddress/sortingcode,0
web/api/paymentaddress/tojson,0
web/api/paymentmanager,0
web/api/paymentmanager/enabledelegations,0
web/api/paymentmanager/userhint,0
web/api/paymentmethodchangeevent,0
web/api/paymentmethodchangeevent/methoddetails,0
web/api/paymentmethodchangeevent/methodname,0
web/api/paymentmethodchangeevent/paymentmethodchangeevent,0
web/api/paymentrequest,0
web/api/paymentrequest/abort,0
web/api/paymentrequest/canmakepayment,0
web/api/paymentrequest/id,0
web/api/paymentrequest/merchantvalidation_event,0
web/api/paymentrequest/paymentmethodchange_event,0
web/api/paymentrequest/paymentrequest,0
web/api/paymentrequest/securepaymentconfirmationavailability_static,0
web/api/paymentrequest/shippingaddress,0
web/api/paymentrequest/shippingaddresschange_event,0
web/api/paymentrequest/shippingoption,0
web/api/paymentrequest/shippingoptionchange_event,0
web/api/paymentrequest/shippingtype,0
web/api/paymentrequest/show,0
web/api/paymentrequestevent,0
web/api/paymentrequestevent/changepaymentmethod,0
web/api/paymentrequestevent/methoddata,0
web/api/paymentrequestevent/modifiers,0
web/api/paymentrequestevent/openwindow,0
web/api/paymentrequestevent/paymentrequestevent,0
web/api/paymentrequestevent/paymentrequestid,0
web/api/paymentrequestevent/paymentrequestorigin,0
web/api/paymentrequestevent/respondwith,0
web/api/paymentrequestevent/toporigin,0
web/api/paymentrequestevent/total,0
web/api/paymentrequestupdateevent,0
web/api/paymentrequestupdateevent/paymentrequestupdateevent,0
web/api/paymentrequestupdateevent/updatewith,0
web/api/paymentresponse,0
web/api/paymentresponse/complete,0
web/api/paymentresponse/details,0
web/api/paymentresponse/methodname,0
web/api/paymentresponse/payerdetailchange_event,0
web/api/paymentresponse/payeremail,0
web/api/paymentresponse/payername,0
web/api/paymentresponse/payerphone,0
web/api/paymentresponse/requestid,0
web/api/paymentresponse/retry,0
web/api/paymentresponse/shippingaddress,0
web/api/paymentresponse/shippingoption,0
web/api/paymentresponse/tojson,0
web/api/pbkdf2params,0
web/api/performance,0
web/api/performance/clearmarks,0
web/api/performance/clearmeasures,0
web/api/performance/clearresourcetimings,0
web/api/performance/eventcounts,0
web/api/performance/getentries,0
web/api/performance/getentriesbyname,0
web/api/performance/getentriesbytype,0
web/api/performance/interactioncount,0
web/api/performance/mark,0
web/api/performance/measure,0
web/api/performance/measureuseragentspecificmemory,0
web/api/performance/memory,0
web/api/performance/navigation,0
web/api/performance/now,0
web/api/performance/resourcetimingbufferfull_event,0
web/api/performance/setresourcetimingbuffersize,0
web/api/performance/timeorigin,0
web/api/performance/timing,0
web/api/performance/tojson,0
web/api/performance_api,0
web/api/performance_api/high_precision_timing,0
web/api/performance_api/long_animation_frame_timing,0
web/api/performance_api/monitoring_bfcache_blocking_reasons,0
web/api/performance_api/navigation_timing,0
web/api/performance_api/performance_data,0
web/api/performance_api/resource_timing,0
web/api/performance_api/server_timing,0
web/api/performance_api/user_timing,0
web/api/performanceelementtiming,0
web/api/performanceelementtiming/element,0
web/api/performanceelementtiming/id,0
web/api/performanceelementtiming/identifier,0
web/api/performanceelementtiming/intersectionrect,0
web/api/performanceelementtiming/loadtime,0
web/api/performanceelementtiming/naturalheight,0
web/api/performanceelementtiming/naturalwidth,0
web/api/performanceelementtiming/painttime,0
web/api/performanceelementtiming/presentationtime,0
web/api/performanceelementtiming/rendertime,0
web/api/performanceelementtiming/tojson,0
web/api/performanceelementtiming/url,0
web/api/performanceentry,0
web/api/performanceentry/duration,0
web/api/performanceentry/entrytype,0
web/api/performanceentry/name,0
web/api/performanceentry/starttime,0
web/api/performanceentry/tojson,0
web/api/performanceeventtiming,0
web/api/performanceeventtiming/cancelable,0
web/api/performanceeventtiming/interactionid,0
web/api/performanceeventtiming/processingend,0
web/api/performanceeventtiming/processingstart,0
web/api/performanceeventtiming/target,0
web/api/performanceeventtiming/tojson,0
web/api/performancelonganimationframetiming,0
web/api/performancelonganimationframetiming/blockingduration,0
web/api/performancelonganimationframetiming/firstuieventtimestamp,0
web/api/performancelonganimationframetiming/painttime,0
web/api/performancelonganimationframetiming/presentationtime,0
web/api/performancelonganimationframetiming/renderstart,0
web/api/performancelonganimationframetiming/scripts,0
web/api/performancelonganimationframetiming/styleandlayoutstart,0
web/api/performancelonganimationframetiming/tojson,0
web/api/performancelongtasktiming,0
web/api/performancelongtasktiming/attribution,0
web/api/performancelongtasktiming/tojson,0
web/api/performancemark,0
web/api/performancemark/detail,0
web/api/performancemark/performancemark,0
web/api/performancemeasure,0
web/api/performancemeasure/detail,0
web/api/performancenavigation,0
web/api/performancenavigation/redirectcount,0
web/api/performancenavigation/tojson,0
web/api/performancenavigation/type,0
web/api/performancenavigationtiming,0
web/api/performancenavigationtiming/activationstart,0
web/api/performancenavigationtiming/confidence,0
web/api/performancenavigationtiming/criticalchrestart,0
web/api/performancenavigationtiming/domcomplete,0
web/api/performancenavigationtiming/domcontentloadedeventend,0
web/api/performancenavigationtiming/domcontentloadedeventstart,0
web/api/performancenavigationtiming/dominteractive,0
web/api/performancenavigationtiming/loadeventend,0
web/api/performancenavigationtiming/loadeventstart,0
web/api/performancenavigationtiming/notrestoredreasons,0
web/api/performancenavigationtiming/redirectcount,0
web/api/performancenavigationtiming/tojson,0
web/api/performancenavigationtiming/type,0
web/api/performancenavigationtiming/unloadeventend,0
web/api/performancenavigationtiming/unloadeventstart,0
web/api/performanceobserver,0
web/api/performanceobserver/disconnect,0
web/api/performanceobserver/observe,0
web/api/performanceobserver/performanceobserver,0
web/api/performanceobserver/supportedentrytypes_static,0
web/api/performanceobserver/takerecords,0
web/api/performanceobserverentrylist,0
web/api/performanceobserverentrylist/getentries,0
web/api/performanceobserverentrylist/getentriesbyname,0
web/api/performanceobserverentrylist/getentriesbytype,0
web/api/performancepainttiming,0
web/api/performancepainttiming/painttime,0
web/api/performancepainttiming/presentationtime,0
web/api/performancepainttiming/tojson,0
web/api/performanceresourcetiming,0
web/api/performanceresourcetiming/connectend,0
web/api/performanceresourcetiming/connectstart,0
web/api/performanceresourcetiming/contenttype,0
web/api/performanceresourcetiming/decodedbodysize,0
web/api/performanceresourcetiming/deliverytype,0
web/api/performanceresourcetiming/domainlookupend,0
web/api/performanceresourcetiming/domainlookupstart,0
web/api/performanceresourcetiming/encodedbodysize,0
web/api/performanceresourcetiming/fetchstart,0
web/api/performanceresourcetiming/finalresponseheadersstart,0
web/api/performanceresourcetiming/firstinterimresponsestart,0
web/api/performanceresourcetiming/initiatortype,0
web/api/performanceresourcetiming/nexthopprotocol,0
web/api/performanceresourcetiming/redirectend,0
web/api/performanceresourcetiming/redirectstart,0
web/api/performanceresourcetiming/renderblockingstatus,0
web/api/performanceresourcetiming/requeststart,0
web/api/performanceresourcetiming/responseend,0
web/api/performanceresourcetiming/responsestart,0
web/api/performanceresourcetiming/responsestatus,0
web/api/performanceresourcetiming/secureconnectionstart,0
web/api/performanceresourcetiming/servertiming,0
web/api/performanceresourcetiming/tojson,0
web/api/performanceresourcetiming/transfersize,0
web/api/performanceresourcetiming/workerstart,0
web/api/performancescripttiming,0
web/api/performancescripttiming/executionstart,0
web/api/performancescripttiming/forcedstyleandlayoutduration,0
web/api/performancescripttiming/invoker,0
web/api/performancescripttiming/invokertype,0
web/api/performancescripttiming/pauseduration,0
web/api/performancescripttiming/sourcecharposition,0
web/api/performancescripttiming/sourcefunctionname,0
web/api/performancescripttiming/sourceurl,0
web/api/performancescripttiming/tojson,0
web/api/performancescripttiming/window,0
web/api/performancescripttiming/windowattribution,0
web/api/performanceservertiming,0
web/api/performanceservertiming/description,0
web/api/performanceservertiming/duration,0
web/api/performanceservertiming/name,0
web/api/performanceservertiming/tojson,0
web/api/performancetiming,0
web/api/performancetiming/connectend,0
web/api/performancetiming/connectstart,0
web/api/performancetiming/domainlookupend,0
web/api/performancetiming/domainlookupstart,0
web/api/performancetiming/domcomplete,0
web/api/performancetiming/domcontentloadedeventend,0
web/api/performancetiming/domcontentloadedeventstart,0
web/api/performancetiming/dominteractive,0
web/api/performancetiming/domloading,0
web/api/performancetiming/fetchstart,0
web/api/performancetiming/loadeventend,0
web/api/performancetiming/loadeventstart,0
web/api/performancetiming/navigationstart,0
web/api/performancetiming/redirectend,0
web/api/performancetiming/redirectstart,0
web/api/performancetiming/requeststart,0
web/api/performancetiming/responseend,0
web/api/performancetiming/responsestart,0
web/api/performancetiming/secureconnectionstart,0
web/api/performancetiming/tojson,0
web/api/performancetiming/unloadeventend,0
web/api/performancetiming/unloadeventstart,0
web/api/performancetimingconfidence,0
web/api/performancetimingconfidence/randomizedtriggerrate,0
web/api/performancetimingconfidence/tojson,0
web/api/performancetimingconfidence/value,0
web/api/periodicsyncevent,0
web/api/periodicsyncevent/periodicsyncevent,0
web/api/periodicsyncevent/tag,0
web/api/periodicsyncmanager,0
web/api/periodicsyncmanager/gettags,0
web/api/periodicsyncmanager/register,0
web/api/periodicsyncmanager/unregister,0
web/api/periodicwave,0
web/api/periodicwave/periodicwave,0
web/api/permissions,0
web/api/permissions/query,0
web/api/permissions/revoke,0
web/api/permissions_api,0
web/api/permissions_api/using_the_permissions_api,0
web/api/permissionspolicyviolationreport,0
web/api/permissionstatus,0
web/api/permissionstatus/change_event,0
web/api/permissionstatus/name,0
web/api/permissionstatus/state,0
web/api/picture-in-picture_api,0
web/api/pictureinpictureevent,0
web/api/pictureinpictureevent/pictureinpictureevent,0
web/api/pictureinpictureevent/pictureinpicturewindow,0
web/api/pictureinpicturewindow,0
web/api/pictureinpicturewindow/height,0
web/api/pictureinpicturewindow/resize_event,0
web/api/pictureinpicturewindow/width,0
web/api/plugin,0
web/api/pluginarray,0
web/api/pointer_events,0
web/api/pointer_events/multi-touch_interaction,0
web/api/pointer_events/pinch_zoom_gestures,0
web/api/pointer_events/using_pointer_events,0
web/api/pointer_lock_api,0
web/api/pointerevent,0
web/api/pointerevent/altitudeangle,0
web/api/pointerevent/azimuthangle,0
web/api/pointerevent/getcoalescedevents,0
web/api/pointerevent/getpredictedevents,0
web/api/pointerevent/height,0
web/api/pointerevent/isprimary,0
web/api/pointerevent/persistentdeviceid,0
web/api/pointerevent/pointerevent,0
web/api/pointerevent/pointerid,0
web/api/pointerevent/pointertype,0
web/api/pointerevent/pressure,0
web/api/pointerevent/tangentialpressure,0
web/api/pointerevent/tiltx,0
web/api/pointerevent/tilty,0
web/api/pointerevent/twist,0
web/api/pointerevent/width,0
web/api/popover_api,0
web/api/popover_api/using,0
web/api/popover_api/using_interest_invokers,0
web/api/popstateevent,0
web/api/popstateevent/hasuavisualtransition,0
web/api/popstateevent/popstateevent,0
web/api/popstateevent/state,0
web/api/positionsensorvrdevice,0
web/api/positionsensorvrdevice/getimmediatestate,0
web/api/positionsensorvrdevice/getstate,0
web/api/positionsensorvrdevice/resetsensor,0
web/api/preferencemanager,0
web/api/preferencemanager/colorscheme,0
web/api/preferencemanager/contrast,0
web/api/preferencemanager/reduceddata,0
web/api/preferencemanager/reducedmotion,0
web/api/preferencemanager/reducedtransparency,0
web/api/preferenceobject,0
web/api/preferenceobject/change_event,0
web/api/preferenceobject/clearoverride,0
web/api/preferenceobject/override,0
web/api/preferenceobject/requestoverride,0
web/api/preferenceobject/validvalues,0
web/api/preferenceobject/value,0
web/api/presentation,0
web/api/presentation/defaultrequest,0
web/api/presentation/receiver,0
web/api/presentation_api,0
web/api/presentationavailability,0
web/api/presentationavailability/value,0
web/api/presentationconnection,0
web/api/presentationconnection/binarytype,0
web/api/presentationconnection/close,0
web/api/presentationconnection/id,0
web/api/presentationconnection/send,0
web/api/presentationconnection/state,0
web/api/presentationconnection/terminate,0
web/api/presentationconnection/url,0
web/api/presentationconnectionavailableevent,0
web/api/presentationconnectionavailableevent/connection,0
web/api/presentationconnectionavailableevent/presentationconnectionavailableevent,0
web/api/presentationconnectioncloseevent,0
web/api/presentationconnectionlist,0
web/api/presentationreceiver,0
web/api/presentationrequest,0
web/api/presentationrequest/getavailability,0
web/api/presentationrequest/presentationrequest,0
web/api/presentationrequest/reconnect,0
web/api/presentationrequest/start,0
web/api/pressureobserver,0
web/api/pressureobserver/disconnect,0
web/api/pressureobserver/knownsources_static,0
web/api/pressureobserver/observe,0
web/api/pressureobserver/pressureobserver,0
web/api/pressureobserver/takerecords,0
web/api/pressureobserver/unobserve,0
web/api/pressurerecord,0
web/api/pressurerecord/source,0
web/api/pressurerecord/state,0
web/api/pressurerecord/time,0
web/api/pressurerecord/tojson,0
web/api/prioritized_task_scheduling_api,0
web/api/private_state_token_api,0
web/api/private_state_token_api/using,0
web/api/processinginstruction,0
web/api/processinginstruction/sheet,0
web/api/processinginstruction/target,0
web/api/profiler,0
web/api/profiler/profiler,0
web/api/profiler/samplebufferfull_event,0
web/api/profiler/stop,0
web/api/progressevent,0
web/api/progressevent/lengthcomputable,0
web/api/progressevent/loaded,0
web/api/progressevent/progressevent,0
web/api/progressevent/total,0
web/api/promiserejectionevent,0
web/api/promiserejectionevent/promise,0
web/api/promiserejectionevent/promiserejectionevent,0
web/api/promiserejectionevent/reason,0
web/api/publickeycredential,0
web/api/publickeycredential/authenticatorattachment,0
web/api/publickeycredential/getclientcapabilities_static,0
web/api/publickeycredential/getclientextensionresults,0
web/api/publickeycredential/id,0
web/api/publickeycredential/isconditionalmediationavailable_static,0
web/api/publickeycredential/isuserverifyingplatformauthenticatoravailable_static,0
web/api/publickeycredential/parsecreationoptionsfromjson_static,0
web/api/publickeycredential/parserequestoptionsfromjson_static,0
web/api/publickeycredential/rawid,0
web/api/publickeycredential/response,0
web/api/publickeycredential/signalallacceptedcredentials_static,0
web/api/publickeycredential/signalcurrentuserdetails_static,0
web/api/publickeycredential/signalunknowncredential_static,0
web/api/publickeycredential/tojson,0
web/api/publickeycredentialcreationoptions,0
web/api/publickeycredentialrequestoptions,0
web/api/push_api,0
web/api/push_api/best_practices,0
web/api/pushevent,0
web/api/pushevent/data,0
web/api/pushevent/pushevent,0
web/api/pushmanager,0
web/api/pushmanager/getsubscription,0
web/api/pushmanager/haspermission,0
web/api/pushmanager/permissionstate,0
web/api/pushmanager/register,0
web/api/pushmanager/registrations,0
web/api/pushmanager/subscribe,0
web/api/pushmanager/supportedcontentencodings_static,0
web/api/pushmanager/unregister,0
web/api/pushmessagedata,0
web/api/pushmessagedata/arraybuffer,0
web/api/pushmessagedata/blob,0
web/api/pushmessagedata/bytes,0
web/api/pushmessagedata/json,0
web/api/pushmessagedata/text,0
web/api/pushsubscription,0
web/api/pushsubscription/endpoint,0
web/api/pushsubscription/expirationtime,0
web/api/pushsubscription/getkey,0
web/api/pushsubscription/options,0
web/api/pushsubscription/subscriptionid,0
web/api/pushsubscription/tojson,0
web/api/pushsubscription/unsubscribe,0
web/api/pushsubscriptionoptions,0
web/api/pushsubscriptionoptions/applicationserverkey,0
web/api/pushsubscriptionoptions/uservisibleonly,0
web/api/quotaexceedederror,0
web/api/quotaexceedederror/quota,0
web/api/quotaexceedederror/quotaexceedederror,0
web/api/quotaexceedederror/requested,0
web/api/radionodelist,0
web/api/radionodelist/value,0
web/api/range,0
web/api/range/clonecontents,0
web/api/range/clonerange,0
web/api/range/collapse,0
web/api/range/commonancestorcontainer,0
web/api/range/compareboundarypoints,0
web/api/range/comparenode,0
web/api/range/comparepoint,0
web/api/range/createcontextualfragment,0
web/api/range/deletecontents,0
web/api/range/detach,0
web/api/range/extractcontents,0
web/api/range/getboundingclientrect,0
web/api/range/getclientrects,0
web/api/range/insertnode,0
web/api/range/intersectsnode,0
web/api/range/ispointinrange,0
web/api/range/range,0
web/api/range/selectnode,0
web/api/range/selectnodecontents,0
web/api/range/setend,0
web/api/range/setendafter,0
web/api/range/setendbefore,0
web/api/range/setstart,0
web/api/range/setstartafter,0
web/api/range/setstartbefore,0
web/api/range/surroundcontents,0
web/api/range/tostring,0
web/api/readablebytestreamcontroller,0
web/api/readablebytestreamcontroller/byobrequest,0
web/api/readablebytestreamcontroller/close,0
web/api/readablebytestreamcontroller/desiredsize,0
web/api/readablebytestreamcontroller/enqueue,0
web/api/readablebytestreamcontroller/error,0
web/api/readablestream,0
web/api/readablestream/cancel,0
web/api/readablestream/from_static,0
web/api/readablestream/getreader,0
web/api/readablestream/locked,0
web/api/readablestream/pipethrough,0
web/api/readablestream/pipeto,0
web/api/readablestream/readablestream,0
web/api/readablestream/tee,0
web/api/readablestreambyobreader,0
web/api/readablestreambyobreader/cancel,0
web/api/readablestreambyobreader/closed,0
web/api/readablestreambyobreader/read,0
web/api/readablestreambyobreader/readablestreambyobreader,0
web/api/readablestreambyobreader/releaselock,0
web/api/readablestreambyobrequest,0
web/api/readablestreambyobrequest/respond,0
web/api/readablestreambyobrequest/respondwithnewview,0
web/api/readablestreambyobrequest/view,0
web/api/readablestreamdefaultcontroller,0
web/api/readablestreamdefaultcontroller/close,0
web/api/readablestreamdefaultcontroller/desiredsize,0
web/api/readablestreamdefaultcontroller/enqueue,0
web/api/readablestreamdefaultcontroller/error,0
web/api/readablestreamdefaultreader,0
web/api/readablestreamdefaultreader/cancel,0
web/api/readablestreamdefaultreader/closed,0
web/api/readablestreamdefaultreader/read,0
web/api/readablestreamdefaultreader/readablestreamdefaultreader,0
web/api/readablestreamdefaultreader/releaselock,0
web/api/relativeorientationsensor,0
web/api/relativeorientationsensor/relativeorientationsensor,0
web/api/remote_playback_api,0
web/api/remoteplayback,0
web/api/remoteplayback/cancelwatchavailability,0
web/api/remoteplayback/connect_event,0
web/api/remoteplayback/connecting_event,0
web/api/remoteplayback/disconnect_event,0
web/api/remoteplayback/prompt,0
web/api/remoteplayback/state,0
web/api/remoteplayback/watchavailability,0
web/api/reporting_api,0
web/api/reportingobserver,0
web/api/reportingobserver/disconnect,0
web/api/reportingobserver/observe,0
web/api/reportingobserver/reportingobserver,0
web/api/reportingobserver/takerecords,0
web/api/request,0
web/api/request/arraybuffer,0
web/api/request/blob,0
web/api/request/body,0
web/api/request/bodyused,0
web/api/request/bytes,0
web/api/request/cache,0
web/api/request/clone,0
web/api/request/credentials,0
web/api/request/destination,0
web/api/request/duplex,0
web/api/request/formdata,0
web/api/request/headers,0
web/api/request/integrity,0
web/api/request/ishistorynavigation,0
web/api/request/isreloadnavigation,0
web/api/request/json,0
web/api/request/keepalive,0
web/api/request/method,0
web/api/request/mode,0
web/api/request/redirect,0
web/api/request/referrer,0
web/api/request/referrerpolicy,0
web/api/request/request,0
web/api/request/signal,0
web/api/request/targetaddressspace,0
web/api/request/text,0
web/api/request/url,0
web/api/requestinit,0
web/api/resize_observer_api,0
web/api/resizeobserver,0
web/api/resizeobserver/disconnect,0
web/api/resizeobserver/observe,0
web/api/resizeobserver/resizeobserver,0
web/api/resizeobserver/unobserve,0
web/api/resizeobserverentry,0
web/api/resizeobserverentry/borderboxsize,0
web/api/resizeobserverentry/contentboxsize,0
web/api/resizeobserverentry/contentrect,0
web/api/resizeobserverentry/devicepixelcontentboxsize,0
web/api/resizeobserverentry/target,0
web/api/resizeobserversize,0
web/api/resizeobserversize/blocksize,0
web/api/resizeobserversize/inlinesize,0
web/api/response,0
web/api/response/arraybuffer,0
web/api/response/blob,0
web/api/response/body,0
web/api/response/bodyused,0
web/api/response/bytes,0
web/api/response/clone,0
web/api/response/error_static,0
web/api/response/formdata,0
web/api/response/headers,0
web/api/response/json,0
web/api/response/json_static,0
web/api/response/ok,0
web/api/response/redirect_static,0
web/api/response/redirected,0
web/api/response/response,0
web/api/response/status,0
web/api/response/statustext,0
web/api/response/text,0
web/api/response/type,0
web/api/response/url,0
web/api/restrictiontarget,0
web/api/restrictiontarget/fromelement_static,0
web/api/rsahashedimportparams,0
web/api/rsahashedkeygenparams,0
web/api/rsaoaepparams,0
web/api/rsapssparams,0
web/api/rtcaudiosourcestats,0
web/api/rtcaudiosourcestats/audiolevel,0
web/api/rtcaudiosourcestats/id,0
web/api/rtcaudiosourcestats/kind,0
web/api/rtcaudiosourcestats/timestamp,0
web/api/rtcaudiosourcestats/totalaudioenergy,0
web/api/rtcaudiosourcestats/totalsamplesduration,0
web/api/rtcaudiosourcestats/trackidentifier,0
web/api/rtcaudiosourcestats/type,0
web/api/rtccertificate,0
web/api/rtccertificate/expires,0
web/api/rtccertificate/getfingerprints,0
web/api/rtccertificatestats,0
web/api/rtccertificatestats/base64certificate,0
web/api/rtccertificatestats/fingerprint,0
web/api/rtccertificatestats/fingerprintalgorithm,0
web/api/rtccertificatestats/id,0
web/api/rtccertificatestats/timestamp,0
web/api/rtccertificatestats/type,0
web/api/rtccodecstats,0
web/api/rtccodecstats/channels,0
web/api/rtccodecstats/clockrate,0
web/api/rtccodecstats/id,0
web/api/rtccodecstats/mimetype,0
web/api/rtccodecstats/payloadtype,0
web/api/rtccodecstats/sdpfmtpline,0
web/api/rtccodecstats/timestamp,0
web/api/rtccodecstats/transportid,0
web/api/rtccodecstats/type,0
web/api/rtcdatachannel,0
web/api/rtcdatachannel/binarytype,0
web/api/rtcdatachannel/bufferedamount,0
web/api/rtcdatachannel/bufferedamountlow_event,0
web/api/rtcdatachannel/bufferedamountlowthreshold,0
web/api/rtcdatachannel/close,0
web/api/rtcdatachannel/close_event,0
web/api/rtcdatachannel/closing_event,0
web/api/rtcdatachannel/error_event,0
web/api/rtcdatachannel/id,0
web/api/rtcdatachannel/label,0
web/api/rtcdatachannel/maxpacketlifetime,0
web/api/rtcdatachannel/maxretransmits,0
web/api/rtcdatachannel/message_event,0
web/api/rtcdatachannel/negotiated,0
web/api/rtcdatachannel/open_event,0
web/api/rtcdatachannel/ordered,0
web/api/rtcdatachannel/priority,0
web/api/rtcdatachannel/protocol,0
web/api/rtcdatachannel/readystate,0
web/api/rtcdatachannel/reliable,0
web/api/rtcdatachannel/send,0
web/api/rtcdatachannelevent,0
web/api/rtcdatachannelevent/channel,0
web/api/rtcdatachannelevent/rtcdatachannelevent,0
web/api/rtcdatachannelstats,0
web/api/rtcdatachannelstats/bytesreceived,0
web/api/rtcdatachannelstats/bytessent,0
web/api/rtcdatachannelstats/datachannelidentifier,0
web/api/rtcdatachannelstats/id,0
web/api/rtcdatachannelstats/label,0
web/api/rtcdatachannelstats/messagesreceived,0
web/api/rtcdatachannelstats/messagessent,0
web/api/rtcdatachannelstats/protocol,0
web/api/rtcdatachannelstats/state,0
web/api/rtcdatachannelstats/timestamp,0
web/api/rtcdatachannelstats/type,0
web/api/rtcdtlstransport,0
web/api/rtcdtlstransport/error_event,0
web/api/rtcdtlstransport/getremotecertificates,0
web/api/rtcdtlstransport/icetransport,0
web/api/rtcdtlstransport/state,0
web/api/rtcdtlstransport/statechange_event,0
web/api/rtcdtmfsender,0
web/api/rtcdtmfsender/caninsertdtmf,0
web/api/rtcdtmfsender/insertdtmf,0
web/api/rtcdtmfsender/tonebuffer,0
web/api/rtcdtmfsender/tonechange_event,0
web/api/rtcdtmftonechangeevent,0
web/api/rtcdtmftonechangeevent/rtcdtmftonechangeevent,0
web/api/rtcdtmftonechangeevent/tone,0
web/api/rtcencodedaudioframe,0
web/api/rtcencodedaudioframe/data,0
web/api/rtcencodedaudioframe/getmetadata,0
web/api/rtcencodedaudioframe/rtcencodedaudioframe,0
web/api/rtcencodedaudioframe/timestamp,0
web/api/rtcencodedvideoframe,0
web/api/rtcencodedvideoframe/data,0
web/api/rtcencodedvideoframe/getmetadata,0
web/api/rtcencodedvideoframe/rtcencodedvideoframe,0
web/api/rtcencodedvideoframe/timestamp,0
web/api/rtcencodedvideoframe/type,0
web/api/rtcerror,0
web/api/rtcerror/errordetail,0
web/api/rtcerror/receivedalert,0
web/api/rtcerror/rtcerror,0
web/api/rtcerror/sctpcausecode,0
web/api/rtcerror/sdplinenumber,0
web/api/rtcerror/sentalert,0
web/api/rtcerrorevent,0
web/api/rtcerrorevent/error,0
web/api/rtcerrorevent/rtcerrorevent,0
web/api/rtcicecandidate,0
web/api/rtcicecandidate/address,0
web/api/rtcicecandidate/candidate,0
web/api/rtcicecandidate/component,0
web/api/rtcicecandidate/foundation,0
web/api/rtcicecandidate/port,0
web/api/rtcicecandidate/priority,0
web/api/rtcicecandidate/protocol,0
web/api/rtcicecandidate/relatedaddress,0
web/api/rtcicecandidate/relatedport,0
web/api/rtcicecandidate/rtcicecandidate,0
web/api/rtcicecandidate/sdpmid,0
web/api/rtcicecandidate/sdpmlineindex,0
web/api/rtcicecandidate/tcptype,0
web/api/rtcicecandidate/tojson,0
web/api/rtcicecandidate/type,0
web/api/rtcicecandidate/usernamefragment,0
web/api/rtcicecandidatepair,0
web/api/rtcicecandidatepair/local,0
web/api/rtcicecandidatepair/remote,0
web/api/rtcicecandidatepairstats,0
web/api/rtcicecandidatepairstats/availableincomingbitrate,0
web/api/rtcicecandidatepairstats/availableoutgoingbitrate,0
web/api/rtcicecandidatepairstats/bytesdiscardedonsend,0
web/api/rtcicecandidatepairstats/bytesreceived,0
web/api/rtcicecandidatepairstats/bytessent,0
web/api/rtcicecandidatepairstats/consentrequestssent,0
web/api/rtcicecandidatepairstats/currentroundtriptime,0
web/api/rtcicecandidatepairstats/id,0
web/api/rtcicecandidatepairstats/lastpacketreceivedtimestamp,0
web/api/rtcicecandidatepairstats/lastpacketsenttimestamp,0
web/api/rtcicecandidatepairstats/localcandidateid,0
web/api/rtcicecandidatepairstats/nominated,0
web/api/rtcicecandidatepairstats/packetsdiscardedonsend,0
web/api/rtcicecandidatepairstats/packetsreceived,0
web/api/rtcicecandidatepairstats/packetssent,0
web/api/rtcicecandidatepairstats/priority,0
web/api/rtcicecandidatepairstats/readable,0
web/api/rtcicecandidatepairstats/remotecandidateid,0
web/api/rtcicecandidatepairstats/requestsreceived,0
web/api/rtcicecandidatepairstats/requestssent,0
web/api/rtcicecandidatepairstats/responsesreceived,0
web/api/rtcicecandidatepairstats/responsessent,0
web/api/rtcicecandidatepairstats/selected,0
web/api/rtcicecandidatepairstats/state,0
web/api/rtcicecandidatepairstats/timestamp,0
web/api/rtcicecandidatepairstats/totalroundtriptime,0
web/api/rtcicecandidatepairstats/transportid,0
web/api/rtcicecandidatepairstats/type,0
web/api/rtcicecandidatepairstats/writable,0
web/api/rtcicecandidatestats,0
web/api/rtcicecandidatestats/address,0
web/api/rtcicecandidatestats/candidatetype,0
web/api/rtcicecandidatestats/deleted,0
web/api/rtcicecandidatestats/foundation,0
web/api/rtcicecandidatestats/id,0
web/api/rtcicecandidatestats/port,0
web/api/rtcicecandidatestats/priority,0
web/api/rtcicecandidatestats/protocol,0
web/api/rtcicecandidatestats/relayprotocol,0
web/api/rtcicecandidatestats/timestamp,0
web/api/rtcicecandidatestats/transportid,0
web/api/rtcicecandidatestats/type,0
web/api/rtcicecandidatestats/url,0
web/api/rtcicecandidatestats/usernamefragment,0
web/api/rtciceparameters,0
web/api/rtciceparameters/password,0
web/api/rtciceparameters/usernamefragment,0
web/api/rtcicetransport,0
web/api/rtcicetransport/component,0
web/api/rtcicetransport/gatheringstate,0
web/api/rtcicetransport/gatheringstatechange_event,0
web/api/rtcicetransport/getlocalcandidates,0
web/api/rtcicetransport/getlocalparameters,0
web/api/rtcicetransport/getremotecandidates,0
web/api/rtcicetransport/getremoteparameters,0
web/api/rtcicetransport/getselectedcandidatepair,0
web/api/rtcicetransport/role,0
web/api/rtcicetransport/selectedcandidatepairchange_event,0
web/api/rtcicetransport/state,0
web/api/rtcicetransport/statechange_event,0
web/api/rtcidentityassertion,0
web/api/rtcidentityassertion/idp,0
web/api/rtcidentityassertion/name,0
web/api/rtcinboundrtpstreamstats,0
web/api/rtcinboundrtpstreamstats/audiolevel,0
web/api/rtcinboundrtpstreamstats/bytesreceived,0
web/api/rtcinboundrtpstreamstats/codecid,0
web/api/rtcinboundrtpstreamstats/concealedsamples,0
web/api/rtcinboundrtpstreamstats/concealmentevents,0
web/api/rtcinboundrtpstreamstats/estimatedplayouttimestamp,0
web/api/rtcinboundrtpstreamstats/fecpacketsdiscarded,0
web/api/rtcinboundrtpstreamstats/fecpacketsreceived,0
web/api/rtcinboundrtpstreamstats/frameheight,0
web/api/rtcinboundrtpstreamstats/framesassembledfrommultiplepackets,0
web/api/rtcinboundrtpstreamstats/framesdecoded,0
web/api/rtcinboundrtpstreamstats/framespersecond,0
web/api/rtcinboundrtpstreamstats/framesreceived,0
web/api/rtcinboundrtpstreamstats/framewidth,0
web/api/rtcinboundrtpstreamstats/freezecount,0
web/api/rtcinboundrtpstreamstats/headerbytesreceived,0
web/api/rtcinboundrtpstreamstats/id,0
web/api/rtcinboundrtpstreamstats/insertedsamplesfordeceleration,0
web/api/rtcinboundrtpstreamstats/jitter,0
web/api/rtcinboundrtpstreamstats/jitterbufferdelay,0
web/api/rtcinboundrtpstreamstats/jitterbufferemittedcount,0
web/api/rtcinboundrtpstreamstats/jitterbufferminimumdelay,0
web/api/rtcinboundrtpstreamstats/jitterbuffertargetdelay,0
web/api/rtcinboundrtpstreamstats/keyframesdecoded,0
web/api/rtcinboundrtpstreamstats/kind,0
web/api/rtcinboundrtpstreamstats/lastpacketreceivedtimestamp,0
web/api/rtcinboundrtpstreamstats/mid,0
web/api/rtcinboundrtpstreamstats/nackcount,0
web/api/rtcinboundrtpstreamstats/packetsdiscarded,0
web/api/rtcinboundrtpstreamstats/packetslost,0
web/api/rtcinboundrtpstreamstats/packetsreceived,0
web/api/rtcinboundrtpstreamstats/pausecount,0
web/api/rtcinboundrtpstreamstats/playoutid,0
web/api/rtcinboundrtpstreamstats/qpsum,0
web/api/rtcinboundrtpstreamstats/remoteid,0
web/api/rtcinboundrtpstreamstats/removedsamplesforacceleration,0
web/api/rtcinboundrtpstreamstats/silentconcealedsamples,0
web/api/rtcinboundrtpstreamstats/ssrc,0
web/api/rtcinboundrtpstreamstats/timestamp,0
web/api/rtcinboundrtpstreamstats/totalassemblytime,0
web/api/rtcinboundrtpstreamstats/totalaudioenergy,0
web/api/rtcinboundrtpstreamstats/totaldecodetime,0
web/api/rtcinboundrtpstreamstats/totalfreezesduration,0
web/api/rtcinboundrtpstreamstats/totalinterframedelay,0
web/api/rtcinboundrtpstreamstats/totalpausesduration,0
web/api/rtcinboundrtpstreamstats/totalprocessingdelay,0
web/api/rtcinboundrtpstreamstats/totalsamplesduration,0
web/api/rtcinboundrtpstreamstats/totalsamplesreceived,0
web/api/rtcinboundrtpstreamstats/totalsquaredinterframedelay,0
web/api/rtcinboundrtpstreamstats/trackidentifier,0
web/api/rtcinboundrtpstreamstats/transportid,0
web/api/rtcinboundrtpstreamstats/type,0
web/api/rtcoutboundrtpstreamstats,0
web/api/rtcoutboundrtpstreamstats/active,0
web/api/rtcoutboundrtpstreamstats/bytessent,0
web/api/rtcoutboundrtpstreamstats/codecid,0
web/api/rtcoutboundrtpstreamstats/frameheight,0
web/api/rtcoutboundrtpstreamstats/framesencoded,0
web/api/rtcoutboundrtpstreamstats/framespersecond,0
web/api/rtcoutboundrtpstreamstats/framessent,0
web/api/rtcoutboundrtpstreamstats/framewidth,0
web/api/rtcoutboundrtpstreamstats/headerbytessent,0
web/api/rtcoutboundrtpstreamstats/id,0
web/api/rtcoutboundrtpstreamstats/keyframesencoded,0
web/api/rtcoutboundrtpstreamstats/kind,0
web/api/rtcoutboundrtpstreamstats/mediasourceid,0
web/api/rtcoutboundrtpstreamstats/mid,0
web/api/rtcoutboundrtpstreamstats/nackcount,0
web/api/rtcoutboundrtpstreamstats/packetssent,0
web/api/rtcoutboundrtpstreamstats/qpsum,0
web/api/rtcoutboundrtpstreamstats/qualitylimitationdurations,0
web/api/rtcoutboundrtpstreamstats/qualitylimitationreason,0
web/api/rtcoutboundrtpstreamstats/remoteid,0
web/api/rtcoutboundrtpstreamstats/retransmittedbytessent,0
web/api/rtcoutboundrtpstreamstats/retransmittedpacketssent,0
web/api/rtcoutboundrtpstreamstats/rid,0
web/api/rtcoutboundrtpstreamstats/scalabilitymode,0
web/api/rtcoutboundrtpstreamstats/ssrc,0
web/api/rtcoutboundrtpstreamstats/targetbitrate,0
web/api/rtcoutboundrtpstreamstats/timestamp,0
web/api/rtcoutboundrtpstreamstats/totalencodedbytestarget,0
web/api/rtcoutboundrtpstreamstats/totalencodetime,0
web/api/rtcoutboundrtpstreamstats/totalpacketsenddelay,0
web/api/rtcoutboundrtpstreamstats/transportid,0
web/api/rtcoutboundrtpstreamstats/type,0
web/api/rtcpeerconnection,0
web/api/rtcpeerconnection/addicecandidate,0
web/api/rtcpeerconnection/addstream,0
web/api/rtcpeerconnection/addstream_event,0
web/api/rtcpeerconnection/addtrack,0
web/api/rtcpeerconnection/addtransceiver,0
web/api/rtcpeerconnection/cantrickleicecandidates,0
web/api/rtcpeerconnection/close,0
web/api/rtcpeerconnection/connectionstate,0
web/api/rtcpeerconnection/connectionstatechange_event,0
web/api/rtcpeerconnection/createanswer,0
web/api/rtcpeerconnection/createdatachannel,0
web/api/rtcpeerconnection/createdtmfsender,0
web/api/rtcpeerconnection/createoffer,0
web/api/rtcpeerconnection/currentlocaldescription,0
web/api/rtcpeerconnection/currentremotedescription,0
web/api/rtcpeerconnection/datachannel_event,0
web/api/rtcpeerconnection/generatecertificate_static,0
web/api/rtcpeerconnection/getconfiguration,0
web/api/rtcpeerconnection/getidentityassertion,0
web/api/rtcpeerconnection/getreceivers,0
web/api/rtcpeerconnection/getsenders,0
web/api/rtcpeerconnection/getstats,0
web/api/rtcpeerconnection/gettransceivers,0
web/api/rtcpeerconnection/icecandidate_event,0
web/api/rtcpeerconnection/icecandidateerror_event,0
web/api/rtcpeerconnection/iceconnectionstate,0
web/api/rtcpeerconnection/iceconnectionstatechange_event,0
web/api/rtcpeerconnection/icegatheringstate,0
web/api/rtcpeerconnection/icegatheringstatechange_event,0
web/api/rtcpeerconnection/idploginurl,0
web/api/rtcpeerconnection/localdescription,0
web/api/rtcpeerconnection/negotiationneeded_event,0
web/api/rtcpeerconnection/peeridentity,0
web/api/rtcpeerconnection/pendinglocaldescription,0
web/api/rtcpeerconnection/pendingremotedescription,0
web/api/rtcpeerconnection/remotedescription,0
web/api/rtcpeerconnection/removestream,0
web/api/rtcpeerconnection/removestream_event,0
web/api/rtcpeerconnection/removetrack,0
web/api/rtcpeerconnection/restartice,0
web/api/rtcpeerconnection/rtcpeerconnection,0
web/api/rtcpeerconnection/sctp,0
web/api/rtcpeerconnection/setconfiguration,0
web/api/rtcpeerconnection/setidentityprovider,0
web/api/rtcpeerconnection/setlocaldescription,0
web/api/rtcpeerconnection/setremotedescription,0
web/api/rtcpeerconnection/signalingstate,0
web/api/rtcpeerconnection/signalingstatechange_event,0
web/api/rtcpeerconnection/track_event,0
web/api/rtcpeerconnectioniceerrorevent,0
web/api/rtcpeerconnectioniceerrorevent/address,0
web/api/rtcpeerconnectioniceerrorevent/errorcode,0
web/api/rtcpeerconnectioniceerrorevent/errortext,0
web/api/rtcpeerconnectioniceerrorevent/port,0
web/api/rtcpeerconnectioniceerrorevent/rtcpeerconnectioniceerrorevent,0
web/api/rtcpeerconnectioniceerrorevent/url,0
web/api/rtcpeerconnectioniceevent,0
web/api/rtcpeerconnectioniceevent/candidate,0
web/api/rtcpeerconnectioniceevent/rtcpeerconnectioniceevent,0
web/api/rtcpeerconnectioniceevent/url,0
web/api/rtcpeerconnectionstats,0
web/api/rtcpeerconnectionstats/datachannelsclosed,0
web/api/rtcpeerconnectionstats/datachannelsopened,0
web/api/rtcpeerconnectionstats/id,0
web/api/rtcpeerconnectionstats/timestamp,0
web/api/rtcpeerconnectionstats/type,0
web/api/rtcremoteinboundrtpstreamstats,0
web/api/rtcremoteinboundrtpstreamstats/codecid,0
web/api/rtcremoteinboundrtpstreamstats/fractionlost,0
web/api/rtcremoteinboundrtpstreamstats/id,0
web/api/rtcremoteinboundrtpstreamstats/jitter,0
web/api/rtcremoteinboundrtpstreamstats/kind,0
web/api/rtcremoteinboundrtpstreamstats/localid,0
web/api/rtcremoteinboundrtpstreamstats/packetslost,0
web/api/rtcremoteinboundrtpstreamstats/packetsreceived,0
web/api/rtcremoteinboundrtpstreamstats/roundtriptime,0
web/api/rtcremoteinboundrtpstreamstats/roundtriptimemeasurements,0
web/api/rtcremoteinboundrtpstreamstats/ssrc,0
web/api/rtcremoteinboundrtpstreamstats/timestamp,0
web/api/rtcremoteinboundrtpstreamstats/totalroundtriptime,0
web/api/rtcremoteinboundrtpstreamstats/transportid,0
web/api/rtcremoteinboundrtpstreamstats/type,0
web/api/rtcremoteoutboundrtpstreamstats,0
web/api/rtcremoteoutboundrtpstreamstats/codecid,0
web/api/rtcremoteoutboundrtpstreamstats/id,0
web/api/rtcremoteoutboundrtpstreamstats/kind,0
web/api/rtcremoteoutboundrtpstreamstats/localid,0
web/api/rtcremoteoutboundrtpstreamstats/remotetimestamp,0
web/api/rtcremoteoutboundrtpstreamstats/roundtriptimemeasurements,0
web/api/rtcremoteoutboundrtpstreamstats/ssrc,0
web/api/rtcremoteoutboundrtpstreamstats/timestamp,0
web/api/rtcremoteoutboundrtpstreamstats/totalroundtriptime,0
web/api/rtcremoteoutboundrtpstreamstats/transportid,0
web/api/rtcremoteoutboundrtpstreamstats/type,0
web/api/rtcrtpreceiver,0
web/api/rtcrtpreceiver/getcapabilities_static,0
web/api/rtcrtpreceiver/getcontributingsources,0
web/api/rtcrtpreceiver/getparameters,0
web/api/rtcrtpreceiver/getstats,0
web/api/rtcrtpreceiver/getsynchronizationsources,0
web/api/rtcrtpreceiver/jitterbuffertarget,0
web/api/rtcrtpreceiver/track,0
web/api/rtcrtpreceiver/transform,0
web/api/rtcrtpreceiver/transport,0
web/api/rtcrtpscripttransform,0
web/api/rtcrtpscripttransform/rtcrtpscripttransform,0
web/api/rtcrtpscripttransformer,0
web/api/rtcrtpscripttransformer/generatekeyframe,0
web/api/rtcrtpscripttransformer/options,0
web/api/rtcrtpscripttransformer/readable,0
web/api/rtcrtpscripttransformer/sendkeyframerequest,0
web/api/rtcrtpscripttransformer/writable,0
web/api/rtcrtpsender,0
web/api/rtcrtpsender/dtmf,0
web/api/rtcrtpsender/getcapabilities_static,0
web/api/rtcrtpsender/getparameters,0
web/api/rtcrtpsender/getstats,0
web/api/rtcrtpsender/replacetrack,0
web/api/rtcrtpsender/setparameters,0
web/api/rtcrtpsender/setstreams,0
web/api/rtcrtpsender/track,0
web/api/rtcrtpsender/transform,0
web/api/rtcrtpsender/transport,0
web/api/rtcrtptransceiver,0
web/api/rtcrtptransceiver/currentdirection,0
web/api/rtcrtptransceiver/direction,0
web/api/rtcrtptransceiver/mid,0
web/api/rtcrtptransceiver/receiver,0
web/api/rtcrtptransceiver/sender,0
web/api/rtcrtptransceiver/setcodecpreferences,0
web/api/rtcrtptransceiver/stop,0
web/api/rtcrtptransceiver/stopped,0
web/api/rtcsctptransport,0
web/api/rtcsctptransport/maxchannels,0
web/api/rtcsctptransport/maxmessagesize,0
web/api/rtcsctptransport/state,0
web/api/rtcsctptransport/statechange_event,0
web/api/rtcsctptransport/transport,0
web/api/rtcsessiondescription,0
web/api/rtcsessiondescription/rtcsessiondescription,0
web/api/rtcsessiondescription/sdp,0
web/api/rtcsessiondescription/tojson,0
web/api/rtcsessiondescription/type,0
web/api/rtcstatsreport,0
web/api/rtcstatsreport/entries,0
web/api/rtcstatsreport/foreach,0
web/api/rtcstatsreport/get,0
web/api/rtcstatsreport/has,0
web/api/rtcstatsreport/keys,0
web/api/rtcstatsreport/size,0
web/api/rtcstatsreport/symbol.iterator,0
web/api/rtcstatsreport/values,0
web/api/rtctrackevent,0
web/api/rtctrackevent/receiver,0
web/api/rtctrackevent/rtctrackevent,0
web/api/rtctrackevent/streams,0
web/api/rtctrackevent/track,0
web/api/rtctrackevent/transceiver,0
web/api/rtctransformevent,0
web/api/rtctransformevent/transformer,0
web/api/rtctransportstats,0
web/api/rtctransportstats/bytesreceived,0
web/api/rtctransportstats/bytessent,0
web/api/rtctransportstats/dtlscipher,0
web/api/rtctransportstats/dtlsrole,0
web/api/rtctransportstats/dtlsstate,0
web/api/rtctransportstats/icelocalusernamefragment,0
web/api/rtctransportstats/icerole,0
web/api/rtctransportstats/icestate,0
web/api/rtctransportstats/id,0
web/api/rtctransportstats/localcertificateid,0
web/api/rtctransportstats/packetsreceived,0
web/api/rtctransportstats/packetssent,0
web/api/rtctransportstats/remotecertificateid,0
web/api/rtctransportstats/selectedcandidatepairchanges,0
web/api/rtctransportstats/selectedcandidatepairid,0
web/api/rtctransportstats/srtpcipher,0
web/api/rtctransportstats/timestamp,0
web/api/rtctransportstats/tlsversion,0
web/api/rtctransportstats/type,0
web/api/rtcvideosourcestats,0
web/api/rtcvideosourcestats/frames,0
web/api/rtcvideosourcestats/framespersecond,0
web/api/rtcvideosourcestats/height,0
web/api/rtcvideosourcestats/id,0
web/api/rtcvideosourcestats/kind,0
web/api/rtcvideosourcestats/timestamp,0
web/api/rtcvideosourcestats/trackidentifier,0
web/api/rtcvideosourcestats/type,0
web/api/rtcvideosourcestats/width,0
web/api/sanitizer,0
web/api/sanitizer/allowattribute,0
web/api/sanitizer/allowelement,0
web/api/sanitizer/get,0
web/api/sanitizer/removeattribute,0
web/api/sanitizer/removeelement,0
web/api/sanitizer/removeunsafe,0
web/api/sanitizer/replaceelementwithchildren,0
web/api/sanitizer/sanitizer,0
web/api/sanitizer/setcomments,0
web/api/sanitizer/setdataattributes,0
web/api/sanitizerconfig,0
web/api/scheduler,0
web/api/scheduler/posttask,0
web/api/scheduler/yield,0
web/api/scheduling,0
web/api/scheduling/isinputpending,0
web/api/screen,0
web/api/screen/availheight,0
web/api/screen/availwidth,0
web/api/screen/change_event,0
web/api/screen/colordepth,0
web/api/screen/height,0
web/api/screen/isextended,0
web/api/screen/lockorientation,0
web/api/screen/mozbrightness,0
web/api/screen/mozenabled,0
web/api/screen/orientation,0
web/api/screen/orientationchange_event,0
web/api/screen/pixeldepth,0
web/api/screen/unlockorientation,0
web/api/screen/width,0
web/api/screen_capture_api,0
web/api/screen_capture_api/captured_surface_control,0
web/api/screen_capture_api/element_region_capture,0
web/api/screen_capture_api/using_screen_capture,0
web/api/screen_orientation_api,0
web/api/screen_wake_lock_api,0
web/api/screendetailed,0
web/api/screendetailed/availleft,0
web/api/screendetailed/availtop,0
web/api/screendetailed/devicepixelratio,0
web/api/screendetailed/isinternal,0
web/api/screendetailed/isprimary,0
web/api/screendetailed/label,0
web/api/screendetailed/left,0
web/api/screendetailed/top,0
web/api/screendetails,0
web/api/screendetails/currentscreen,0
web/api/screendetails/currentscreenchange_event,0
web/api/screendetails/screens,0
web/api/screendetails/screenschange_event,0
web/api/screenorientation,0
web/api/screenorientation/angle,0
web/api/screenorientation/change_event,0
web/api/screenorientation/lock,0
web/api/screenorientation/type,0
web/api/screenorientation/unlock,0
web/api/scriptprocessornode,0
web/api/scriptprocessornode/audioprocess_event,0
web/api/scriptprocessornode/buffersize,0
web/api/scrolltimeline,0
web/api/scrolltimeline/axis,0
web/api/scrolltimeline/scrolltimeline,0
web/api/scrolltimeline/source,0
web/api/securepaymentconfirmationrequest,0
web/api/securitypolicyviolationevent,0
web/api/securitypolicyviolationevent/blockeduri,0
web/api/securitypolicyviolationevent/columnnumber,0
web/api/securitypolicyviolationevent/disposition,0
web/api/securitypolicyviolationevent/documenturi,0
web/api/securitypolicyviolationevent/effectivedirective,0
web/api/securitypolicyviolationevent/linenumber,0
web/api/securitypolicyviolationevent/originalpolicy,0
web/api/securitypolicyviolationevent/referrer,0
web/api/securitypolicyviolationevent/sample,0
web/api/securitypolicyviolationevent/securitypolicyviolationevent,0
web/api/securitypolicyviolationevent/sourcefile,0
web/api/securitypolicyviolationevent/statuscode,0
web/api/securitypolicyviolationevent/violateddirective,0
web/api/selection,0
web/api/selection/addrange,0
web/api/selection/anchornode,0
web/api/selection/anchoroffset,0
web/api/selection/collapse,0
web/api/selection/collapsetoend,0
web/api/selection/collapsetostart,0
web/api/selection/containsnode,0
web/api/selection/deletefromdocument,0
web/api/selection/direction,0
web/api/selection/empty,0
web/api/selection/extend,0
web/api/selection/focusnode,0
web/api/selection/focusoffset,0
web/api/selection/getcomposedranges,0
web/api/selection/getrangeat,0
web/api/selection/iscollapsed,0
web/api/selection/modify,0
web/api/selection/rangecount,0
web/api/selection/removeallranges,0
web/api/selection/removerange,0
web/api/selection/selectallchildren,0
web/api/selection/setbaseandextent,0
web/api/selection/setposition,0
web/api/selection/tostring,0
web/api/selection/type,0
web/api/selection_api,0
web/api/sensor,0
web/api/sensor/activate_event,0
web/api/sensor/activated,0
web/api/sensor/error_event,0
web/api/sensor/hasreading,0
web/api/sensor/reading_event,0
web/api/sensor/start,0
web/api/sensor/stop,0
web/api/sensor/timestamp,0
web/api/sensor_apis,0
web/api/sensorerrorevent,0
web/api/sensorerrorevent/error,0
web/api/sensorerrorevent/sensorerrorevent,0
web/api/serial,0
web/api/serial/getports,0
web/api/serial/requestport,0
web/api/serialport,0
web/api/serialport/close,0
web/api/serialport/connect_event,0
web/api/serialport/connected,0
web/api/serialport/disconnect_event,0
web/api/serialport/forget,0
web/api/serialport/getinfo,0
web/api/serialport/getsignals,0
web/api/serialport/open,0
web/api/serialport/readable,0
web/api/serialport/setsignals,0
web/api/serialport/writable,0
web/api/server-sent_events,0
web/api/server-sent_events/using_server-sent_events,0
web/api/service_worker_api,0
web/api/service_worker_api/using_service_workers,0
web/api/serviceworker,0
web/api/serviceworker/error_event,0
web/api/serviceworker/postmessage,0
web/api/serviceworker/scripturl,0
web/api/serviceworker/state,0
web/api/serviceworker/statechange_event,0
web/api/serviceworkercontainer,0
web/api/serviceworkercontainer/controller,0
web/api/serviceworkercontainer/controllerchange_event,0
web/api/serviceworkercontainer/getregistration,0
web/api/serviceworkercontainer/getregistrations,0
web/api/serviceworkercontainer/message_event,0
web/api/serviceworkercontainer/messageerror_event,0
web/api/serviceworkercontainer/ready,0
web/api/serviceworkercontainer/register,0
web/api/serviceworkercontainer/startmessages,0
web/api/serviceworkerglobalscope,0
web/api/serviceworkerglobalscope/activate_event,0
web/api/serviceworkerglobalscope/backgroundfetchabort_event,0
web/api/serviceworkerglobalscope/backgroundfetchclick_event,0
web/api/serviceworkerglobalscope/backgroundfetchfail_event,0
web/api/serviceworkerglobalscope/backgroundfetchsuccess_event,0
web/api/serviceworkerglobalscope/canmakepayment_event,0
web/api/serviceworkerglobalscope/clients,0
web/api/serviceworkerglobalscope/contentdelete_event,0
web/api/serviceworkerglobalscope/cookiechange_event,0
web/api/serviceworkerglobalscope/cookiestore,0
web/api/serviceworkerglobalscope/fetch_event,0
web/api/serviceworkerglobalscope/install_event,0
web/api/serviceworkerglobalscope/message_event,0
web/api/serviceworkerglobalscope/messageerror_event,0
web/api/serviceworkerglobalscope/notificationclick_event,0
web/api/serviceworkerglobalscope/notificationclose_event,0
web/api/serviceworkerglobalscope/paymentrequest_event,0
web/api/serviceworkerglobalscope/periodicsync_event,0
web/api/serviceworkerglobalscope/push_event,0
web/api/serviceworkerglobalscope/pushsubscriptionchange_event,0
web/api/serviceworkerglobalscope/registration,0
web/api/serviceworkerglobalscope/serviceworker,0
web/api/serviceworkerglobalscope/skipwaiting,0
web/api/serviceworkerglobalscope/sync_event,0
web/api/serviceworkerregistration,0
web/api/serviceworkerregistration/active,0
web/api/serviceworkerregistration/backgroundfetch,0
web/api/serviceworkerregistration/cookies,0
web/api/serviceworkerregistration/getnotifications,0
web/api/serviceworkerregistration/index,0
web/api/serviceworkerregistration/installing,0
web/api/serviceworkerregistration/navigationpreload,0
web/api/serviceworkerregistration/paymentmanager,0
web/api/serviceworkerregistration/periodicsync,0
web/api/serviceworkerregistration/pushmanager,0
web/api/serviceworkerregistration/scope,0
web/api/serviceworkerregistration/shownotification,0
web/api/serviceworkerregistration/sync,0
web/api/serviceworkerregistration/unregister,0
web/api/serviceworkerregistration/update,0
web/api/serviceworkerregistration/updatefound_event,0
web/api/serviceworkerregistration/updateviacache,0
web/api/serviceworkerregistration/waiting,0
web/api/shadowroot,0
web/api/shadowroot/activeelement,0
web/api/shadowroot/adoptedstylesheets,0
web/api/shadowroot/clonable,0
web/api/shadowroot/customelementregistry,0
web/api/shadowroot/delegatesfocus,0
web/api/shadowroot/elementfrompoint,0
web/api/shadowroot/elementsfrompoint,0
web/api/shadowroot/fullscreenelement,0
web/api/shadowroot/getanimations,0
web/api/shadowroot/gethtml,0
web/api/shadowroot/host,0
web/api/shadowroot/innerhtml,0
web/api/shadowroot/mode,0
web/api/shadowroot/pictureinpictureelement,0
web/api/shadowroot/pointerlockelement,0
web/api/shadowroot/serializable,0
web/api/shadowroot/sethtml,0
web/api/shadowroot/sethtmlunsafe,0
web/api/shadowroot/slotassignment,0
web/api/shadowroot/stylesheets,0
web/api/shared_storage_api,0
web/api/sharedstorage,0
web/api/sharedstorage/append,0
web/api/sharedstorage/clear,0
web/api/sharedstorage/delete,0
web/api/sharedstorage/set,0
web/api/sharedstorageoperation,0
web/api/sharedstoragerunoperation,0
web/api/sharedstoragerunoperation/run,0
web/api/sharedstorageselecturloperation,0
web/api/sharedstorageselecturloperation/run,0
web/api/sharedstorageworklet,0
web/api/sharedstorageworkletglobalscope,0
web/api/sharedstorageworkletglobalscope/register,0
web/api/sharedstorageworkletglobalscope/sharedstorage,0
web/api/sharedworker,0
web/api/sharedworker/error_event,0
web/api/sharedworker/port,0
web/api/sharedworker/sharedworker,0
web/api/sharedworkerglobalscope,0
web/api/sharedworkerglobalscope/close,0
web/api/sharedworkerglobalscope/connect_event,0
web/api/sharedworkerglobalscope/name,0
web/api/snapevent,0
web/api/snapevent/snapevent,0
web/api/snapevent/snaptargetblock,0
web/api/snapevent/snaptargetinline,0
web/api/sourcebuffer,0
web/api/sourcebuffer/abort,0
web/api/sourcebuffer/abort_event,0
web/api/sourcebuffer/appendbuffer,0
web/api/sourcebuffer/appendbufferasync,0
web/api/sourcebuffer/appendwindowend,0
web/api/sourcebuffer/appendwindowstart,0
web/api/sourcebuffer/audiotracks,0
web/api/sourcebuffer/buffered,0
web/api/sourcebuffer/changetype,0
web/api/sourcebuffer/error_event,0
web/api/sourcebuffer/mode,0
web/api/sourcebuffer/remove,0
web/api/sourcebuffer/removeasync,0
web/api/sourcebuffer/texttracks,0
web/api/sourcebuffer/timestampoffset,0
web/api/sourcebuffer/update_event,0
web/api/sourcebuffer/updateend_event,0
web/api/sourcebuffer/updatestart_event,0
web/api/sourcebuffer/updating,0
web/api/sourcebuffer/videotracks,0
web/api/sourcebufferlist,0
web/api/sourcebufferlist/length,0
web/api/speculation_rules_api,0
web/api/speechgrammar,0
web/api/speechgrammar/speechgrammar,0
web/api/speechgrammar/src,0
web/api/speechgrammar/weight,0
web/api/speechgrammarlist,0
web/api/speechgrammarlist/addfromstring,0
web/api/speechgrammarlist/addfromuri,0
web/api/speechgrammarlist/item,0
web/api/speechgrammarlist/length,0
web/api/speechgrammarlist/speechgrammarlist,0
web/api/speechrecognition,0
web/api/speechrecognition/abort,0
web/api/speechrecognition/audioend_event,0
web/api/speechrecognition/audiostart_event,0
web/api/speechrecognition/available_static,0
web/api/speechrecognition/continuous,0
web/api/speechrecognition/end_event,0
web/api/speechrecognition/error_event,0
web/api/speechrecognition/grammars,0
web/api/speechrecognition/install_static,0
web/api/speechrecognition/interimresults,0
web/api/speechrecognition/lang,0
web/api/speechrecognition/maxalternatives,0
web/api/speechrecognition/nomatch_event,0
web/api/speechrecognition/phrases,0
web/api/speechrecognition/processlocally,0
web/api/speechrecognition/result_event,0
web/api/speechrecognition/soundend_event,0
web/api/speechrecognition/soundstart_event,0
web/api/speechrecognition/speechend_event,0
web/api/speechrecognition/speechrecognition,0
web/api/speechrecognition/speechstart_event,0
web/api/speechrecognition/start,0
web/api/speechrecognition/start_event,0
web/api/speechrecognition/stop,0
web/api/speechrecognitionalternative,0
web/api/speechrecognitionalternative/confidence,0
web/api/speechrecognitionalternative/transcript,0
web/api/speechrecognitionerrorevent,0
web/api/speechrecognitionerrorevent/error,0
web/api/speechrecognitionerrorevent/message,0
web/api/speechrecognitionerrorevent/speechrecognitionerrorevent,0
web/api/speechrecognitionevent,0
web/api/speechrecognitionevent/resultindex,0
web/api/speechrecognitionevent/results,0
web/api/speechrecognitionevent/speechrecognitionevent,0
web/api/speechrecognitionphrase,0
web/api/speechrecognitionphrase/boost,0
web/api/speechrecognitionphrase/phrase,0
web/api/speechrecognitionphrase/speechrecognitionphrase,0
web/api/speechrecognitionresult,0
web/api/speechrecognitionresult/isfinal,0
web/api/speechrecognitionresult/item,0
web/api/speechrecognitionresult/length,0
web/api/speechrecognitionresultlist,0
web/api/speechrecognitionresultlist/item,0
web/api/speechrecognitionresultlist/length,0
web/api/speechsynthesis,0
web/api/speechsynthesis/cancel,0
web/api/speechsynthesis/getvoices,0
web/api/speechsynthesis/pause,0
web/api/speechsynthesis/paused,0
web/api/speechsynthesis/pending,0
web/api/speechsynthesis/resume,0
web/api/speechsynthesis/speak,0
web/api/speechsynthesis/speaking,0
web/api/speechsynthesis/voiceschanged_event,0
web/api/speechsynthesiserrorevent,0
web/api/speechsynthesiserrorevent/error,0
web/api/speechsynthesiserrorevent/speechsynthesiserrorevent,0
web/api/speechsynthesisevent,0
web/api/speechsynthesisevent/charindex,0
web/api/speechsynthesisevent/charlength,0
web/api/speechsynthesisevent/elapsedtime,0
web/api/speechsynthesisevent/name,0
web/api/speechsynthesisevent/speechsynthesisevent,0
web/api/speechsynthesisevent/utterance,0
web/api/speechsynthesisutterance,0
web/api/speechsynthesisutterance/boundary_event,0
web/api/speechsynthesisutterance/end_event,0
web/api/speechsynthesisutterance/error_event,0
web/api/speechsynthesisutterance/lang,0
web/api/speechsynthesisutterance/mark_event,0
web/api/speechsynthesisutterance/pause_event,0
web/api/speechsynthesisutterance/pitch,0
web/api/speechsynthesisutterance/rate,0
web/api/speechsynthesisutterance/resume_event,0
web/api/speechsynthesisutterance/speechsynthesisutterance,0
web/api/speechsynthesisutterance/start_event,0
web/api/speechsynthesisutterance/text,0
web/api/speechsynthesisutterance/voice,0
web/api/speechsynthesisutterance/volume,0
web/api/speechsynthesisvoice,0
web/api/speechsynthesisvoice/default,0
web/api/speechsynthesisvoice/lang,0
web/api/speechsynthesisvoice/localservice,0
web/api/speechsynthesisvoice/name,0
web/api/speechsynthesisvoice/voiceuri,0
web/api/staticrange,0
web/api/staticrange/staticrange,0
web/api/stereopannernode,0
web/api/stereopannernode/pan,0
web/api/stereopannernode/stereopannernode,0
web/api/storage,0
web/api/storage/clear,0
web/api/storage/getitem,0
web/api/storage/key,0
web/api/storage/length,0
web/api/storage/removeitem,0
web/api/storage/setitem,0
web/api/storage_access_api,0
web/api/storage_access_api/using,0
web/api/storage_api,0
web/api/storage_api/storage_quotas_and_eviction_criteria,0
web/api/storageaccesshandle,0
web/api/storageaccesshandle/broadcastchannel,0
web/api/storageaccesshandle/caches,0
web/api/storageaccesshandle/createobjecturl,0
web/api/storageaccesshandle/estimate,0
web/api/storageaccesshandle/getdirectory,0
web/api/storageaccesshandle/indexeddb,0
web/api/storageaccesshandle/localstorage,0
web/api/storageaccesshandle/locks,0
web/api/storageaccesshandle/revokeobjecturl,0
web/api/storageaccesshandle/sessionstorage,0
web/api/storageaccesshandle/sharedworker,0
web/api/storageevent,0
web/api/storageevent/initstorageevent,0
web/api/storageevent/key,0
web/api/storageevent/newvalue,0
web/api/storageevent/oldvalue,0
web/api/storageevent/storagearea,0
web/api/storageevent/storageevent,0
web/api/storageevent/url,0
web/api/storagemanager,0
web/api/storagemanager/estimate,0
web/api/storagemanager/getdirectory,0
web/api/storagemanager/persist,0
web/api/storagemanager/persisted,0
web/api/streams_api,0
web/api/streams_api/concepts,0
web/api/streams_api/using_readable_byte_streams,0
web/api/streams_api/using_readable_streams,0
web/api/streams_api/using_writable_streams,0
web/api/stylepropertymap,0
web/api/stylepropertymap/append,0
web/api/stylepropertymap/clear,0
web/api/stylepropertymap/delete,0
web/api/stylepropertymap/set,0
web/api/stylepropertymapreadonly,0
web/api/stylepropertymapreadonly/entries,0
web/api/stylepropertymapreadonly/foreach,0
web/api/stylepropertymapreadonly/get,0
web/api/stylepropertymapreadonly/getall,0
web/api/stylepropertymapreadonly/has,0
web/api/stylepropertymapreadonly/keys,0
web/api/stylepropertymapreadonly/size,0
web/api/stylepropertymapreadonly/values,0
web/api/stylesheet,0
web/api/stylesheet/disabled,0
web/api/stylesheet/href,0
web/api/stylesheet/media,0
web/api/stylesheet/ownernode,0
web/api/stylesheet/parentstylesheet,0
web/api/stylesheet/title,0
web/api/stylesheet/type,0
web/api/stylesheetlist,0
web/api/stylesheetlist/item,0
web/api/stylesheetlist/length,0
web/api/submitevent,0
web/api/submitevent/submitevent,0
web/api/submitevent/submitter,0
web/api/subtlecrypto,0
web/api/subtlecrypto/decrypt,0
web/api/subtlecrypto/derivebits,0
web/api/subtlecrypto/derivekey,0
web/api/subtlecrypto/digest,0
web/api/subtlecrypto/encrypt,0
web/api/subtlecrypto/exportkey,0
web/api/subtlecrypto/generatekey,0
web/api/subtlecrypto/importkey,0
web/api/subtlecrypto/sign,0
web/api/subtlecrypto/unwrapkey,0
web/api/subtlecrypto/verify,0
web/api/subtlecrypto/wrapkey,0
web/api/summarizer,0
web/api/summarizer/availability_static,0
web/api/summarizer/create_static,0
web/api/summarizer/destroy,0
web/api/summarizer/expectedcontextlanguages,0
web/api/summarizer/expectedinputlanguages,0
web/api/summarizer/format,0
web/api/summarizer/inputquota,0
web/api/summarizer/length,0
web/api/summarizer/measureinputusage,0
web/api/summarizer/outputlanguage,0
web/api/summarizer/sharedcontext,0
web/api/summarizer/summarize,0
web/api/summarizer/summarizestreaming,0
web/api/summarizer/type,0
web/api/summarizer_api,0
web/api/summarizer_api/using,0
web/api/svg_api,0
web/api/svgaelement,0
web/api/svgaelement/download,0
web/api/svgaelement/hash,0
web/api/svgaelement/host,0
web/api/svgaelement/hostname,0
web/api/svgaelement/href,0
web/api/svgaelement/hreflang,0
web/api/svgaelement/interestforelement,0
web/api/svgaelement/origin,0
web/api/svgaelement/password,0
web/api/svgaelement/pathname,0
web/api/svgaelement/ping,0
web/api/svgaelement/port,0
web/api/svgaelement/protocol,0
web/api/svgaelement/referrerpolicy,0
web/api/svgaelement/rel,0
web/api/svgaelement/rellist,0
web/api/svgaelement/search,0
web/api/svgaelement/target,0
web/api/svgaelement/type,0
web/api/svgaelement/username,0
web/api/svgangle,0
web/api/svgangle/converttospecifiedunits,0
web/api/svgangle/newvaluespecifiedunits,0
web/api/svgangle/unittype,0
web/api/svgangle/value,0
web/api/svgangle/valueasstring,0
web/api/svgangle/valueinspecifiedunits,0
web/api/svganimatecolorelement,0
web/api/svganimatedangle,0
web/api/svganimatedangle/animval,0
web/api/svganimatedangle/baseval,0
web/api/svganimatedboolean,0
web/api/svganimatedboolean/animval,0
web/api/svganimatedboolean/baseval,0
web/api/svganimatedenumeration,0
web/api/svganimatedenumeration/animval,0
web/api/svganimatedenumeration/baseval,0
web/api/svganimatedinteger,0
web/api/svganimatedinteger/animval,0
web/api/svganimatedinteger/baseval,0
web/api/svganimatedlength,0
web/api/svganimatedlength/animval,0
web/api/svganimatedlength/baseval,0
web/api/svganimatedlengthlist,0
web/api/svganimatedlengthlist/animval,0
web/api/svganimatedlengthlist/baseval,0
web/api/svganimatednumber,0
web/api/svganimatednumber/animval,0
web/api/svganimatednumber/baseval,0
web/api/svganimatednumberlist,0
web/api/svganimatednumberlist/animval,0
web/api/svganimatednumberlist/baseval,0
web/api/svganimatedpreserveaspectratio,0
web/api/svganimatedpreserveaspectratio/animval,0
web/api/svganimatedpreserveaspectratio/baseval,0
web/api/svganimatedrect,0
web/api/svganimatedrect/animval,0
web/api/svganimatedrect/baseval,0
web/api/svganimatedstring,0
web/api/svganimatedstring/animval,0
web/api/svganimatedstring/baseval,0
web/api/svganimatedtransformlist,0
web/api/svganimatedtransformlist/animval,0
web/api/svganimatedtransformlist/baseval,0
web/api/svganimateelement,0
web/api/svganimatemotionelement,0
web/api/svganimatetransformelement,0
web/api/svganimationelement,0
web/api/svganimationelement/beginelement,0
web/api/svganimationelement/beginelementat,0
web/api/svganimationelement/beginevent_event,0
web/api/svganimationelement/endelement,0
web/api/svganimationelement/endelementat,0
web/api/svganimationelement/endevent_event,0
web/api/svganimationelement/getcurrenttime,0
web/api/svganimationelement/getsimpleduration,0
web/api/svganimationelement/getstarttime,0
web/api/svganimationelement/repeatevent_event,0
web/api/svganimationelement/requiredextensions,0
web/api/svganimationelement/systemlanguage,0
web/api/svganimationelement/targetelement,0
web/api/svgcircleelement,0
web/api/svgcircleelement/cx,0
web/api/svgcircleelement/cy,0
web/api/svgcircleelement/r,0
web/api/svgclippathelement,0
web/api/svgclippathelement/clippathunits,0
web/api/svgclippathelement/transform,0
web/api/svgcomponenttransferfunctionelement,0
web/api/svgcomponenttransferfunctionelement/amplitude,0
web/api/svgcomponenttransferfunctionelement/exponent,0
web/api/svgcomponenttransferfunctionelement/intercept,0
web/api/svgcomponenttransferfunctionelement/offset,0
web/api/svgcomponenttransferfunctionelement/slope,0
web/api/svgcomponenttransferfunctionelement/tablevalues,0
web/api/svgcomponenttransferfunctionelement/type,0
web/api/svgdefselement,0
web/api/svgdescelement,0
web/api/svgdiscardelement,0
web/api/svgelement,0
web/api/svgelement/attributestylemap,0
web/api/svgelement/autofocus,0
web/api/svgelement/blur,0
web/api/svgelement/dataset,0
web/api/svgelement/error_event,0
web/api/svgelement/focus,0
web/api/svgelement/load_event,0
web/api/svgelement/nonce,0
web/api/svgelement/ownersvgelement,0
web/api/svgelement/style,0
web/api/svgelement/tabindex,0
web/api/svgelement/viewportelement,0
web/api/svgellipseelement,0
web/api/svgellipseelement/cx,0
web/api/svgellipseelement/cy,0
web/api/svgellipseelement/rx,0
web/api/svgellipseelement/ry,0
web/api/svgfeblendelement,0
web/api/svgfeblendelement/height,0
web/api/svgfeblendelement/in1,0
web/api/svgfeblendelement/in2,0
web/api/svgfeblendelement/mode,0
web/api/svgfeblendelement/result,0
web/api/svgfeblendelement/width,0
web/api/svgfeblendelement/x,0
web/api/svgfeblendelement/y,0
web/api/svgfecolormatrixelement,0
web/api/svgfecolormatrixelement/height,0
web/api/svgfecolormatrixelement/in1,0
web/api/svgfecolormatrixelement/result,0
web/api/svgfecolormatrixelement/type,0
web/api/svgfecolormatrixelement/values,0
web/api/svgfecolormatrixelement/width,0
web/api/svgfecolormatrixelement/x,0
web/api/svgfecolormatrixelement/y,0
web/api/svgfecomponenttransferelement,0
web/api/svgfecomponenttransferelement/height,0
web/api/svgfecomponenttransferelement/in1,0
web/api/svgfecomponenttransferelement/result,0
web/api/svgfecomponenttransferelement/width,0
web/api/svgfecomponenttransferelement/x,0
web/api/svgfecomponenttransferelement/y,0
web/api/svgfecompositeelement,0
web/api/svgfecompositeelement/height,0
web/api/svgfecompositeelement/in1,0
web/api/svgfecompositeelement/in2,0
web/api/svgfecompositeelement/k1,0
web/api/svgfecompositeelement/k2,0
web/api/svgfecompositeelement/k3,0
web/api/svgfecompositeelement/k4,0
web/api/svgfecompositeelement/operator,0
web/api/svgfecompositeelement/result,0
web/api/svgfecompositeelement/width,0
web/api/svgfecompositeelement/x,0
web/api/svgfecompositeelement/y,0
web/api/svgfeconvolvematrixelement,0
web/api/svgfeconvolvematrixelement/bias,0
web/api/svgfeconvolvematrixelement/divisor,0
web/api/svgfeconvolvematrixelement/edgemode,0
web/api/svgfeconvolvematrixelement/height,0
web/api/svgfeconvolvematrixelement/in1,0
web/api/svgfeconvolvematrixelement/kernelmatrix,0
web/api/svgfeconvolvematrixelement/kernelunitlengthx,0
web/api/svgfeconvolvematrixelement/kernelunitlengthy,0
web/api/svgfeconvolvematrixelement/orderx,0
web/api/svgfeconvolvematrixelement/ordery,0
web/api/svgfeconvolvematrixelement/preservealpha,0
web/api/svgfeconvolvematrixelement/result,0
web/api/svgfeconvolvematrixelement/targetx,0
web/api/svgfeconvolvematrixelement/targety,0
web/api/svgfeconvolvematrixelement/width,0
web/api/svgfeconvolvematrixelement/x,0
web/api/svgfeconvolvematrixelement/y,0
web/api/svgfediffuselightingelement,0
web/api/svgfediffuselightingelement/diffuseconstant,0
web/api/svgfediffuselightingelement/height,0
web/api/svgfediffuselightingelement/in1,0
web/api/svgfediffuselightingelement/kernelunitlengthx,0
web/api/svgfediffuselightingelement/kernelunitlengthy,0
web/api/svgfediffuselightingelement/result,0
web/api/svgfediffuselightingelement/surfacescale,0
web/api/svgfediffuselightingelement/width,0
web/api/svgfediffuselightingelement/x,0
web/api/svgfediffuselightingelement/y,0
web/api/svgfedisplacementmapelement,0
web/api/svgfedisplacementmapelement/height,0
web/api/svgfedisplacementmapelement/in1,0
web/api/svgfedisplacementmapelement/in2,0
web/api/svgfedisplacementmapelement/result,0
web/api/svgfedisplacementmapelement/scale,0
web/api/svgfedisplacementmapelement/width,0
web/api/svgfedisplacementmapelement/x,0
web/api/svgfedisplacementmapelement/xchannelselector,0
web/api/svgfedisplacementmapelement/y,0
web/api/svgfedisplacementmapelement/ychannelselector,0
web/api/svgfedistantlightelement,0
web/api/svgfedistantlightelement/azimuth,0
web/api/svgfedistantlightelement/elevation,0
web/api/svgfedropshadowelement,0
web/api/svgfedropshadowelement/dx,0
web/api/svgfedropshadowelement/dy,0
web/api/svgfedropshadowelement/height,0
web/api/svgfedropshadowelement/in1,0
web/api/svgfedropshadowelement/result,0
web/api/svgfedropshadowelement/setstddeviation,0
web/api/svgfedropshadowelement/stddeviationx,0
web/api/svgfedropshadowelement/stddeviationy,0
web/api/svgfedropshadowelement/width,0
web/api/svgfedropshadowelement/x,0
web/api/svgfedropshadowelement/y,0
web/api/svgfefloodelement,0
web/api/svgfefloodelement/height,0
web/api/svgfefloodelement/result,0
web/api/svgfefloodelement/width,0
web/api/svgfefloodelement/x,0
web/api/svgfefloodelement/y,0
web/api/svgfefuncaelement,0
web/api/svgfefuncbelement,0
web/api/svgfefuncgelement,0
web/api/svgfefuncrelement,0
web/api/svgfegaussianblurelement,0
web/api/svgfegaussianblurelement/edgemode,0
web/api/svgfegaussianblurelement/height,0
web/api/svgfegaussianblurelement/in1,0
web/api/svgfegaussianblurelement/result,0
web/api/svgfegaussianblurelement/setstddeviation,0
web/api/svgfegaussianblurelement/stddeviationx,0
web/api/svgfegaussianblurelement/stddeviationy,0
web/api/svgfegaussianblurelement/width,0
web/api/svgfegaussianblurelement/x,0
web/api/svgfegaussianblurelement/y,0
web/api/svgfeimageelement,0
web/api/svgfeimageelement/height,0
web/api/svgfeimageelement/href,0
web/api/svgfeimageelement/preserveaspectratio,0
web/api/svgfeimageelement/result,0
web/api/svgfeimageelement/width,0
web/api/svgfeimageelement/x,0
web/api/svgfeimageelement/y,0
web/api/svgfemergeelement,0
web/api/svgfemergeelement/height,0
web/api/svgfemergeelement/result,0
web/api/svgfemergeelement/width,0
web/api/svgfemergeelement/x,0
web/api/svgfemergeelement/y,0
web/api/svgfemergenodeelement,0
web/api/svgfemergenodeelement/in1,0
web/api/svgfemorphologyelement,0
web/api/svgfemorphologyelement/height,0
web/api/svgfemorphologyelement/in1,0
web/api/svgfemorphologyelement/operator,0
web/api/svgfemorphologyelement/radiusx,0
web/api/svgfemorphologyelement/radiusy,0
web/api/svgfemorphologyelement/result,0
web/api/svgfemorphologyelement/width,0
web/api/svgfemorphologyelement/x,0
web/api/svgfemorphologyelement/y,0
web/api/svgfeoffsetelement,0
web/api/svgfeoffsetelement/dx,0
web/api/svgfeoffsetelement/dy,0
web/api/svgfeoffsetelement/height,0
web/api/svgfeoffsetelement/in1,0
web/api/svgfeoffsetelement/result,0
web/api/svgfeoffsetelement/width,0
web/api/svgfeoffsetelement/x,0
web/api/svgfeoffsetelement/y,0
web/api/svgfepointlightelement,0
web/api/svgfepointlightelement/x,0
web/api/svgfepointlightelement/y,0
web/api/svgfepointlightelement/z,0
web/api/svgfespecularlightingelement,0
web/api/svgfespecularlightingelement/height,0
web/api/svgfespecularlightingelement/in1,0
web/api/svgfespecularlightingelement/kernelunitlengthx,0
web/api/svgfespecularlightingelement/kernelunitlengthy,0
web/api/svgfespecularlightingelement/result,0
web/api/svgfespecularlightingelement/specularconstant,0
web/api/svgfespecularlightingelement/specularexponent,0
web/api/svgfespecularlightingelement/surfacescale,0
web/api/svgfespecularlightingelement/width,0
web/api/svgfespecularlightingelement/x,0
web/api/svgfespecularlightingelement/y,0
web/api/svgfespotlightelement,0
web/api/svgfespotlightelement/limitingconeangle,0
web/api/svgfespotlightelement/pointsatx,0
web/api/svgfespotlightelement/pointsaty,0
web/api/svgfespotlightelement/pointsatz,0
web/api/svgfespotlightelement/specularexponent,0
web/api/svgfespotlightelement/x,0
web/api/svgfespotlightelement/y,0
web/api/svgfespotlightelement/z,0
web/api/svgfetileelement,0
web/api/svgfetileelement/height,0
web/api/svgfetileelement/in1,0
web/api/svgfetileelement/result,0
web/api/svgfetileelement/width,0
web/api/svgfetileelement/x,0
web/api/svgfetileelement/y,0
web/api/svgfeturbulenceelement,0
web/api/svgfeturbulenceelement/basefrequencyx,0
web/api/svgfeturbulenceelement/basefrequencyy,0
web/api/svgfeturbulenceelement/height,0
web/api/svgfeturbulenceelement/numoctaves,0
web/api/svgfeturbulenceelement/result,0
web/api/svgfeturbulenceelement/seed,0
web/api/svgfeturbulenceelement/stitchtiles,0
web/api/svgfeturbulenceelement/type,0
web/api/svgfeturbulenceelement/width,0
web/api/svgfeturbulenceelement/x,0
web/api/svgfeturbulenceelement/y,0
web/api/svgfilterelement,0
web/api/svgfilterelement/filterunits,0
web/api/svgfilterelement/height,0
web/api/svgfilterelement/href,0
web/api/svgfilterelement/primitiveunits,0
web/api/svgfilterelement/width,0
web/api/svgfilterelement/x,0
web/api/svgfilterelement/y,0
web/api/svgforeignobjectelement,0
web/api/svgforeignobjectelement/height,0
web/api/svgforeignobjectelement/width,0
web/api/svgforeignobjectelement/x,0
web/api/svgforeignobjectelement/y,0
web/api/svggelement,0
web/api/svggeometryelement,0
web/api/svggeometryelement/getpointatlength,0
web/api/svggeometryelement/gettotallength,0
web/api/svggeometryelement/ispointinfill,0
web/api/svggeometryelement/ispointinstroke,0
web/api/svggeometryelement/pathlength,0
web/api/svggradientelement,0
web/api/svggradientelement/gradienttransform,0
web/api/svggradientelement/gradientunits,0
web/api/svggradientelement/href,0
web/api/svggradientelement/spreadmethod,0
web/api/svggraphicselement,0
web/api/svggraphicselement/getbbox,0
web/api/svggraphicselement/getctm,0
web/api/svggraphicselement/getscreenctm,0
web/api/svggraphicselement/requiredextensions,0
web/api/svggraphicselement/systemlanguage,0
web/api/svggraphicselement/transform,0
web/api/svgimageelement,0
web/api/svgimageelement/crossorigin,0
web/api/svgimageelement/decode,0
web/api/svgimageelement/decoding,0
web/api/svgimageelement/height,0
web/api/svgimageelement/href,0
web/api/svgimageelement/preserveaspectratio,0
web/api/svgimageelement/width,0
web/api/svgimageelement/x,0
web/api/svgimageelement/y,0
web/api/svglength,0
web/api/svglength/converttospecifiedunits,0
web/api/svglength/newvaluespecifiedunits,0
web/api/svglength/unittype,0
web/api/svglength/value,0
web/api/svglength/valueasstring,0
web/api/svglength/valueinspecifiedunits,0
web/api/svglengthlist,0
web/api/svglengthlist/appenditem,0
web/api/svglengthlist/clear,0
web/api/svglengthlist/getitem,0
web/api/svglengthlist/initialize,0
web/api/svglengthlist/insertitembefore,0
web/api/svglengthlist/length,0
web/api/svglengthlist/numberofitems,0
web/api/svglengthlist/removeitem,0
web/api/svglengthlist/replaceitem,0
web/api/svglineargradientelement,0
web/api/svglineargradientelement/x1,0
web/api/svglineargradientelement/x2,0
web/api/svglineargradientelement/y1,0
web/api/svglineargradientelement/y2,0
web/api/svglineelement,0
web/api/svglineelement/x1,0
web/api/svglineelement/x2,0
web/api/svglineelement/y1,0
web/api/svglineelement/y2,0
web/api/svgmarkerelement,0
web/api/svgmarkerelement/markerheight,0
web/api/svgmarkerelement/markerunits,0
web/api/svgmarkerelement/markerwidth,0
web/api/svgmarkerelement/orient,0
web/api/svgmarkerelement/orientangle,0
web/api/svgmarkerelement/orienttype,0
web/api/svgmarkerelement/preserveaspectratio,0
web/api/svgmarkerelement/refx,0
web/api/svgmarkerelement/refy,0
web/api/svgmarkerelement/setorienttoangle,0
web/api/svgmarkerelement/setorienttoauto,0
web/api/svgmarkerelement/viewbox,0
web/api/svgmaskelement,0
web/api/svgmaskelement/height,0
web/api/svgmaskelement/maskcontentunits,0
web/api/svgmaskelement/maskunits,0
web/api/svgmaskelement/width,0
web/api/svgmaskelement/x,0
web/api/svgmaskelement/y,0
web/api/svgmetadataelement,0
web/api/svgmpathelement,0
web/api/svgmpathelement/href,0
web/api/svgnumber,0
web/api/svgnumber/value,0
web/api/svgnumberlist,0
web/api/svgnumberlist/appenditem,0
web/api/svgnumberlist/clear,0
web/api/svgnumberlist/getitem,0
web/api/svgnumberlist/initialize,0
web/api/svgnumberlist/insertitembefore,0
web/api/svgnumberlist/length,0
web/api/svgnumberlist/numberofitems,0
web/api/svgnumberlist/removeitem,0
web/api/svgnumberlist/replaceitem,0
web/api/svgpathelement,0
web/api/svgpathelement/getpathdata,0
web/api/svgpathelement/getpathsegmentatlength,0
web/api/svgpathelement/getpointatlength,0
web/api/svgpathelement/gettotallength,0
web/api/svgpathelement/pathlength,0
web/api/svgpathelement/setpathdata,0
web/api/svgpatternelement,0
web/api/svgpatternelement/height,0
web/api/svgpatternelement/href,0
web/api/svgpatternelement/patterncontentunits,0
web/api/svgpatternelement/patterntransform,0
web/api/svgpatternelement/patternunits,0
web/api/svgpatternelement/preserveaspectratio,0
web/api/svgpatternelement/viewbox,0
web/api/svgpatternelement/width,0
web/api/svgpatternelement/x,0
web/api/svgpatternelement/y,0
web/api/svgpoint,0
web/api/svgpointlist,0
web/api/svgpointlist/appenditem,0
web/api/svgpointlist/clear,0
web/api/svgpointlist/getitem,0
web/api/svgpointlist/initialize,0
web/api/svgpointlist/insertitembefore,0
web/api/svgpointlist/length,0
web/api/svgpointlist/numberofitems,0
web/api/svgpointlist/removeitem,0
web/api/svgpointlist/replaceitem,0
web/api/svgpolygonelement,0
web/api/svgpolygonelement/animatedpoints,0
web/api/svgpolygonelement/points,0
web/api/svgpolylineelement,0
web/api/svgpolylineelement/animatedpoints,0
web/api/svgpolylineelement/points,0
web/api/svgpreserveaspectratio,0
web/api/svgpreserveaspectratio/align,0
web/api/svgpreserveaspectratio/meetorslice,0
web/api/svgradialgradientelement,0
web/api/svgradialgradientelement/cx,0
web/api/svgradialgradientelement/cy,0
web/api/svgradialgradientelement/fr,0
web/api/svgradialgradientelement/fx,0
web/api/svgradialgradientelement/fy,0
web/api/svgradialgradientelement/r,0
web/api/svgrect,0
web/api/svgrect/height,0
web/api/svgrect/width,0
web/api/svgrect/x,0
web/api/svgrect/y,0
web/api/svgrectelement,0
web/api/svgrectelement/height,0
web/api/svgrectelement/rx,0
web/api/svgrectelement/ry,0
web/api/svgrectelement/width,0
web/api/svgrectelement/x,0
web/api/svgrectelement/y,0
web/api/svgscriptelement,0
web/api/svgscriptelement/async,0
web/api/svgscriptelement/crossorigin,0
web/api/svgscriptelement/defer,0
web/api/svgscriptelement/href,0
web/api/svgscriptelement/type,0
web/api/svgsetelement,0
web/api/svgstopelement,0
web/api/svgstopelement/offset,0
web/api/svgstringlist,0
web/api/svgstringlist/appenditem,0
web/api/svgstringlist/clear,0
web/api/svgstringlist/getitem,0
web/api/svgstringlist/initialize,0
web/api/svgstringlist/insertitembefore,0
web/api/svgstringlist/length,0
web/api/svgstringlist/numberofitems,0
web/api/svgstringlist/removeitem,0
web/api/svgstringlist/replaceitem,0
web/api/svgstyleelement,0
web/api/svgstyleelement/disabled,0
web/api/svgstyleelement/media,0
web/api/svgstyleelement/sheet,0
web/api/svgstyleelement/title,0
web/api/svgstyleelement/type,0
web/api/svgsvgelement,0
web/api/svgsvgelement/animationspaused,0
web/api/svgsvgelement/checkenclosure,0
web/api/svgsvgelement/checkintersection,0
web/api/svgsvgelement/createsvgangle,0
web/api/svgsvgelement/createsvglength,0
web/api/svgsvgelement/createsvgmatrix,0
web/api/svgsvgelement/createsvgnumber,0
web/api/svgsvgelement/createsvgpoint,0
web/api/svgsvgelement/createsvgrect,0
web/api/svgsvgelement/createsvgtransform,0
web/api/svgsvgelement/createsvgtransformfrommatrix,0
web/api/svgsvgelement/currentscale,0
web/api/svgsvgelement/currenttranslate,0
web/api/svgsvgelement/deselectall,0
web/api/svgsvgelement/getcurrenttime,0
web/api/svgsvgelement/getelementbyid,0
web/api/svgsvgelement/height,0
web/api/svgsvgelement/pauseanimations,0
web/api/svgsvgelement/preserveaspectratio,0
web/api/svgsvgelement/setcurrenttime,0
web/api/svgsvgelement/unpauseanimations,0
web/api/svgsvgelement/viewbox,0
web/api/svgsvgelement/width,0
web/api/svgsvgelement/x,0
web/api/svgsvgelement/y,0
web/api/svgswitchelement,0
web/api/svgsymbolelement,0
web/api/svgsymbolelement/preserveaspectratio,0
web/api/svgsymbolelement/viewbox,0
web/api/svgtextcontentelement,0
web/api/svgtextcontentelement/getcharnumatposition,0
web/api/svgtextcontentelement/getcomputedtextlength,0
web/api/svgtextcontentelement/getendpositionofchar,0
web/api/svgtextcontentelement/getextentofchar,0
web/api/svgtextcontentelement/getnumberofchars,0
web/api/svgtextcontentelement/getrotationofchar,0
web/api/svgtextcontentelement/getstartpositionofchar,0
web/api/svgtextcontentelement/getsubstringlength,0
web/api/svgtextcontentelement/lengthadjust,0
web/api/svgtextcontentelement/textlength,0
web/api/svgtextelement,0
web/api/svgtextpathelement,0
web/api/svgtextpathelement/href,0
web/api/svgtextpathelement/method,0
web/api/svgtextpathelement/side,0
web/api/svgtextpathelement/spacing,0
web/api/svgtextpathelement/startoffset,0
web/api/svgtextpositioningelement,0
web/api/svgtextpositioningelement/dx,0
web/api/svgtextpositioningelement/dy,0
web/api/svgtextpositioningelement/rotate,0
web/api/svgtextpositioningelement/x,0
web/api/svgtextpositioningelement/y,0
web/api/svgtitleelement,0
web/api/svgtransform,0
web/api/svgtransform/angle,0
web/api/svgtransform/matrix,0
web/api/svgtransform/setmatrix,0
web/api/svgtransform/setrotate,0
web/api/svgtransform/setscale,0
web/api/svgtransform/setskewx,0
web/api/svgtransform/setskewy,0
web/api/svgtransform/settranslate,0
web/api/svgtransform/type,0
web/api/svgtransformlist,0
web/api/svgtransformlist/appenditem,0
web/api/svgtransformlist/clear,0
web/api/svgtransformlist/consolidate,0
web/api/svgtransformlist/createsvgtransformfrommatrix,0
web/api/svgtransformlist/getitem,0
web/api/svgtransformlist/initialize,0
web/api/svgtransformlist/insertitembefore,0
web/api/svgtransformlist/length,0
web/api/svgtransformlist/numberofitems,0
web/api/svgtransformlist/removeitem,0
web/api/svgtransformlist/replaceitem,0
web/api/svgtspanelement,0
web/api/svgunittypes,0
web/api/svguseelement,0
web/api/svguseelement/height,0
web/api/svguseelement/href,0
web/api/svguseelement/width,0
web/api/svguseelement/x,0
web/api/svguseelement/y,0
web/api/svgviewelement,0
web/api/svgviewelement/preserveaspectratio,0
web/api/svgviewelement/viewbox,0
web/api/syncevent,0
web/api/syncevent/lastchance,0
web/api/syncevent/syncevent,0
web/api/syncevent/tag,0
web/api/syncmanager,0
web/api/syncmanager/gettags,0
web/api/syncmanager/register,0
web/api/taskattributiontiming,0
web/api/taskattributiontiming/containerid,0
web/api/taskattributiontiming/containername,0
web/api/taskattributiontiming/containersrc,0
web/api/taskattributiontiming/containertype,0
web/api/taskattributiontiming/tojson,0
web/api/taskcontroller,0
web/api/taskcontroller/setpriority,0
web/api/taskcontroller/taskcontroller,0
web/api/taskprioritychangeevent,0
web/api/taskprioritychangeevent/previouspriority,0
web/api/taskprioritychangeevent/taskprioritychangeevent,0
web/api/tasksignal,0
web/api/tasksignal/any_static,0
web/api/tasksignal/priority,0
web/api/tasksignal/prioritychange_event,0
web/api/text,0
web/api/text/assignedslot,0
web/api/text/splittext,0
web/api/text/text,0
web/api/text/wholetext,0
web/api/textdecoder,0
web/api/textdecoder/decode,0
web/api/textdecoder/encoding,0
web/api/textdecoder/fatal,0
web/api/textdecoder/ignorebom,0
web/api/textdecoder/textdecoder,0
web/api/textdecoderstream,0
web/api/textdecoderstream/encoding,0
web/api/textdecoderstream/fatal,0
web/api/textdecoderstream/ignorebom,0
web/api/textdecoderstream/readable,0
web/api/textdecoderstream/textdecoderstream,0
web/api/textdecoderstream/writable,0
web/api/textencoder,0
web/api/textencoder/encode,0
web/api/textencoder/encodeinto,0
web/api/textencoder/encoding,0
web/api/textencoder/textencoder,0
web/api/textencoderstream,0
web/api/textencoderstream/encoding,0
web/api/textencoderstream/readable,0
web/api/textencoderstream/textencoderstream,0
web/api/textencoderstream/writable,0
web/api/textevent,0
web/api/textevent/data,0
web/api/textevent/inittextevent,0
web/api/textformat,0
web/api/textformat/rangeend,0
web/api/textformat/rangestart,0
web/api/textformat/textformat,0
web/api/textformat/underlinestyle,0
web/api/textformat/underlinethickness,0
web/api/textformatupdateevent,0
web/api/textformatupdateevent/gettextformats,0
web/api/textformatupdateevent/textformatupdateevent,0
web/api/textmetrics,0
web/api/textmetrics/actualboundingboxascent,0
web/api/textmetrics/actualboundingboxdescent,0
web/api/textmetrics/actualboundingboxleft,0
web/api/textmetrics/actualboundingboxright,0
web/api/textmetrics/alphabeticbaseline,0
web/api/textmetrics/emheightascent,0
web/api/textmetrics/emheightdescent,0
web/api/textmetrics/fontboundingboxascent,0
web/api/textmetrics/fontboundingboxdescent,0
web/api/textmetrics/hangingbaseline,0
web/api/textmetrics/ideographicbaseline,0
web/api/textmetrics/width,0
web/api/texttrack,0
web/api/texttrack/activecues,0
web/api/texttrack/addcue,0
web/api/texttrack/cuechange_event,0
web/api/texttrack/cues,0
web/api/texttrack/id,0
web/api/texttrack/inbandmetadatatrackdispatchtype,0
web/api/texttrack/kind,0
web/api/texttrack/label,0
web/api/texttrack/language,0
web/api/texttrack/mode,0
web/api/texttrack/removecue,0
web/api/texttrack/sourcebuffer,0
web/api/texttrackcue,0
web/api/texttrackcue/endtime,0
web/api/texttrackcue/enter_event,0
web/api/texttrackcue/exit_event,0
web/api/texttrackcue/id,0
web/api/texttrackcue/pauseonexit,0
web/api/texttrackcue/starttime,0
web/api/texttrackcue/track,0
web/api/texttrackcuelist,0
web/api/texttrackcuelist/getcuebyid,0
web/api/texttrackcuelist/length,0
web/api/texttracklist,0
web/api/texttracklist/addtrack_event,0
web/api/texttracklist/change_event,0
web/api/texttracklist/gettrackbyid,0
web/api/texttracklist/length,0
web/api/texttracklist/removetrack_event,0
web/api/textupdateevent,0
web/api/textupdateevent/selectionend,0
web/api/textupdateevent/selectionstart,0
web/api/textupdateevent/text,0
web/api/textupdateevent/textupdateevent,0
web/api/textupdateevent/updaterangeend,0
web/api/textupdateevent/updaterangestart,0
web/api/timeevent,0
web/api/timeevent/detail,0
web/api/timeevent/inittimeevent,0
web/api/timeevent/view,0
web/api/timeranges,0
web/api/timeranges/end,0
web/api/timeranges/length,0
web/api/timeranges/start,0
web/api/toggleevent,0
web/api/toggleevent/newstate,0
web/api/toggleevent/oldstate,0
web/api/toggleevent/source,0
web/api/toggleevent/toggleevent,0
web/api/topics_api,0
web/api/touch,0
web/api/touch/altitudeangle,0
web/api/touch/azimuthangle,0
web/api/touch/clientx,0
web/api/touch/clienty,0
web/api/touch/force,0
web/api/touch/identifier,0
web/api/touch/pagex,0
web/api/touch/pagey,0
web/api/touch/radiusx,0
web/api/touch/radiusy,0
web/api/touch/rotationangle,0
web/api/touch/screenx,0
web/api/touch/screeny,0
web/api/touch/target,0
web/api/touch/touch,0
web/api/touch/touchtype,0
web/api/touch_events,0
web/api/touch_events/multi-touch_interaction,0
web/api/touch_events/using_touch_events,0
web/api/touchevent,0
web/api/touchevent/altkey,0
web/api/touchevent/changedtouches,0
web/api/touchevent/ctrlkey,0
web/api/touchevent/metakey,0
web/api/touchevent/shiftkey,0
web/api/touchevent/targettouches,0
web/api/touchevent/touches,0
web/api/touchevent/touchevent,0
web/api/touchlist,0
web/api/touchlist/item,0
web/api/touchlist/length,0
web/api/trackevent,0
web/api/trackevent/track,0
web/api/trackevent/trackevent,0
web/api/transformstream,0
web/api/transformstream/readable,0
web/api/transformstream/transformstream,0
web/api/transformstream/writable,0
web/api/transformstreamdefaultcontroller,0
web/api/transformstreamdefaultcontroller/desiredsize,0
web/api/transformstreamdefaultcontroller/enqueue,0
web/api/transformstreamdefaultcontroller/error,0
web/api/transformstreamdefaultcontroller/terminate,0
web/api/transitionevent,0
web/api/transitionevent/animation,0
web/api/transitionevent/elapsedtime,0
web/api/transitionevent/propertyname,0
web/api/transitionevent/pseudoelement,0
web/api/transitionevent/transitionevent,0
web/api/translator,0
web/api/translator/availability_static,0
web/api/translator/create_static,0
web/api/translator/destroy,0
web/api/translator/inputquota,0
web/api/translator/measureinputusage,0
web/api/translator/sourcelanguage,0
web/api/translator/targetlanguage,0
web/api/translator/translate,0
web/api/translator/translatestreaming,0
web/api/translator_and_language_detector_apis,0
web/api/translator_and_language_detector_apis/using,0
web/api/treewalker,0
web/api/treewalker/currentnode,0
web/api/treewalker/filter,0
web/api/treewalker/firstchild,0
web/api/treewalker/lastchild,0
web/api/treewalker/nextnode,0
web/api/treewalker/nextsibling,0
web/api/treewalker/parentnode,0
web/api/treewalker/previousnode,0
web/api/treewalker/previoussibling,0
web/api/treewalker/root,0
web/api/treewalker/whattoshow,0
web/api/trusted_types_api,0
web/api/trustedhtml,0
web/api/trustedhtml/tojson,0
web/api/trustedhtml/tostring,0
web/api/trustedscript,0
web/api/trustedscript/tojson,0
web/api/trustedscript/tostring,0
web/api/trustedscripturl,0
web/api/trustedscripturl/tojson,0
web/api/trustedscripturl/tostring,0
web/api/trustedtypepolicy,0
web/api/trustedtypepolicy/createhtml,0
web/api/trustedtypepolicy/createscript,0
web/api/trustedtypepolicy/createscripturl,0
web/api/trustedtypepolicy/name,0
web/api/trustedtypepolicyfactory,0
web/api/trustedtypepolicyfactory/createpolicy,0
web/api/trustedtypepolicyfactory/defaultpolicy,0
web/api/trustedtypepolicyfactory/emptyhtml,0
web/api/trustedtypepolicyfactory/emptyscript,0
web/api/trustedtypepolicyfactory/getattributetype,0
web/api/trustedtypepolicyfactory/getpropertytype,0
web/api/trustedtypepolicyfactory/ishtml,0
web/api/trustedtypepolicyfactory/isscript,0
web/api/trustedtypepolicyfactory/isscripturl,0
web/api/ui_events,0
web/api/ui_events/keyboard_event_code_values,0
web/api/ui_events/keyboard_event_key_values,0
web/api/uievent,0
web/api/uievent/detail,0
web/api/uievent/inituievent,0
web/api/uievent/sourcecapabilities,0
web/api/uievent/uievent,0
web/api/uievent/view,0
web/api/uievent/which,0
web/api/url,0
web/api/url/canparse_static,0
web/api/url/createobjecturl_static,0
web/api/url/hash,0
web/api/url/host,0
web/api/url/hostname,0
web/api/url/href,0
web/api/url/origin,0
web/api/url/parse_static,0
web/api/url/password,0
web/api/url/pathname,0
web/api/url/port,0
web/api/url/protocol,0
web/api/url/revokeobjecturl_static,0
web/api/url/search,0
web/api/url/searchparams,0
web/api/url/tojson,0
web/api/url/tostring,0
web/api/url/url,0
web/api/url/username,0
web/api/url_api,0
web/api/url_api/resolving_relative_references,0
web/api/url_fragment_text_directives,0
web/api/url_pattern_api,0
web/api/urlpattern,0
web/api/urlpattern/exec,0
web/api/urlpattern/hash,0
web/api/urlpattern/hasregexpgroups,0
web/api/urlpattern/hostname,0
web/api/urlpattern/password,0
web/api/urlpattern/pathname,0
web/api/urlpattern/port,0
web/api/urlpattern/protocol,0
web/api/urlpattern/search,0
web/api/urlpattern/test,0
web/api/urlpattern/urlpattern,0
web/api/urlpattern/username,0
web/api/urlsearchparams,0
web/api/urlsearchparams/append,0
web/api/urlsearchparams/delete,0
web/api/urlsearchparams/entries,0
web/api/urlsearchparams/foreach,0
web/api/urlsearchparams/get,0
web/api/urlsearchparams/getall,0
web/api/urlsearchparams/has,0
web/api/urlsearchparams/keys,0
web/api/urlsearchparams/set,0
web/api/urlsearchparams/size,0
web/api/urlsearchparams/sort,0
web/api/urlsearchparams/tostring,0
web/api/urlsearchparams/urlsearchparams,0
web/api/urlsearchparams/values,0
web/api/usb,0
web/api/usb/connect_event,0
web/api/usb/disconnect_event,0
web/api/usb/getdevices,0
web/api/usb/requestdevice,0
web/api/usbalternateinterface,0
web/api/usbconfiguration,0
web/api/usbconfiguration/configurationname,0
web/api/usbconfiguration/configurationvalue,0
web/api/usbconfiguration/interfaces,0
web/api/usbconfiguration/usbconfiguration,0
web/api/usbconnectionevent,0
web/api/usbconnectionevent/device,0
web/api/usbconnectionevent/usbconnectionevent,0
web/api/usbdevice,0
web/api/usbdevice/claiminterface,0
web/api/usbdevice/clearhalt,0
web/api/usbdevice/close,0
web/api/usbdevice/configuration,0
web/api/usbdevice/configurations,0
web/api/usbdevice/controltransferin,0
web/api/usbdevice/controltransferout,0
web/api/usbdevice/deviceclass,0
web/api/usbdevice/deviceprotocol,0
web/api/usbdevice/devicesubclass,0
web/api/usbdevice/deviceversionmajor,0
web/api/usbdevice/deviceversionminor,0
web/api/usbdevice/deviceversionsubminor,0
web/api/usbdevice/forget,0
web/api/usbdevice/isochronoustransferin,0
web/api/usbdevice/isochronoustransferout,0
web/api/usbdevice/manufacturername,0
web/api/usbdevice/open,0
web/api/usbdevice/opened,0
web/api/usbdevice/productid,0
web/api/usbdevice/productname,0
web/api/usbdevice/releaseinterface,0
web/api/usbdevice/reset,0
web/api/usbdevice/selectalternateinterface,0
web/api/usbdevice/selectconfiguration,0
web/api/usbdevice/serialnumber,0
web/api/usbdevice/transferin,0
web/api/usbdevice/transferout,0
web/api/usbdevice/usbversionmajor,0
web/api/usbdevice/usbversionminor,0
web/api/usbdevice/usbversionsubminor,0
web/api/usbdevice/vendorid,0
web/api/usbendpoint,0
web/api/usbinterface,0
web/api/usbintransferresult,0
web/api/usbisochronousintransferpacket,0
web/api/usbisochronousintransferresult,0
web/api/usbisochronousouttransferpacket,0
web/api/usbisochronousouttransferresult,0
web/api/usbouttransferresult,0
web/api/user-agent_client_hints_api,0
web/api/user_preferences_api,0
web/api/useractivation,0
web/api/useractivation/hasbeenactive,0
web/api/useractivation/isactive,0
web/api/validitystate,0
web/api/validitystate/badinput,0
web/api/validitystate/customerror,0
web/api/validitystate/patternmismatch,0
web/api/validitystate/rangeoverflow,0
web/api/validitystate/rangeunderflow,0
web/api/validitystate/stepmismatch,0
web/api/validitystate/toolong,0
web/api/validitystate/tooshort,0
web/api/validitystate/typemismatch,0
web/api/validitystate/valid,0
web/api/validitystate/valuemissing,0
web/api/vibration_api,0
web/api/videocolorspace,0
web/api/videocolorspace/fullrange,0
web/api/videocolorspace/matrix,0
web/api/videocolorspace/primaries,0
web/api/videocolorspace/tojson,0
web/api/videocolorspace/transfer,0
web/api/videocolorspace/videocolorspace,0
web/api/videodecoder,0
web/api/videodecoder/close,0
web/api/videodecoder/configure,0
web/api/videodecoder/decode,0
web/api/videodecoder/decodequeuesize,0
web/api/videodecoder/dequeue_event,0
web/api/videodecoder/flush,0
web/api/videodecoder/isconfigsupported_static,0
web/api/videodecoder/reset,0
web/api/videodecoder/state,0
web/api/videodecoder/videodecoder,0
web/api/videoencoder,0
web/api/videoencoder/close,0
web/api/videoencoder/configure,0
web/api/videoencoder/dequeue_event,0
web/api/videoencoder/encode,0
web/api/videoencoder/encodequeuesize,0
web/api/videoencoder/flush,0
web/api/videoencoder/isconfigsupported_static,0
web/api/videoencoder/reset,0
web/api/videoencoder/state,0
web/api/videoencoder/videoencoder,0
web/api/videoframe,0
web/api/videoframe/allocationsize,0
web/api/videoframe/clone,0
web/api/videoframe/close,0
web/api/videoframe/codedheight,0
web/api/videoframe/codedrect,0
web/api/videoframe/codedwidth,0
web/api/videoframe/colorspace,0
web/api/videoframe/copyto,0
web/api/videoframe/displayheight,0
web/api/videoframe/displaywidth,0
web/api/videoframe/duration,0
web/api/videoframe/flip,0
web/api/videoframe/format,0
web/api/videoframe/metadata,0
web/api/videoframe/rotation,0
web/api/videoframe/timestamp,0
web/api/videoframe/videoframe,0
web/api/videoframe/visiblerect,0
web/api/videoplaybackquality,0
web/api/videoplaybackquality/corruptedvideoframes,0
web/api/videoplaybackquality/creationtime,0
web/api/videoplaybackquality/droppedvideoframes,0
web/api/videoplaybackquality/totalframedelay,0
web/api/videoplaybackquality/totalvideoframes,0
web/api/videotrack,0
web/api/videotrack/id,0
web/api/videotrack/kind,0
web/api/videotrack/label,0
web/api/videotrack/language,0
web/api/videotrack/selected,0
web/api/videotrack/sourcebuffer,0
web/api/videotrackgenerator,0
web/api/videotrackgenerator/muted,0
web/api/videotrackgenerator/track,0
web/api/videotrackgenerator/videotrackgenerator,0
web/api/videotrackgenerator/writable,0
web/api/videotracklist,0
web/api/videotracklist/addtrack_event,0
web/api/videotracklist/change_event,0
web/api/videotracklist/gettrackbyid,0
web/api/videotracklist/length,0
web/api/videotracklist/removetrack_event,0
web/api/videotracklist/selectedindex,0
web/api/view_transition_api,0
web/api/view_transition_api/using,0
web/api/view_transition_api/using_element-scoped,0
web/api/view_transition_api/using_types,0
web/api/viewport,0
web/api/viewport/segments,0
web/api/viewport_segments_api,0
web/api/viewport_segments_api/using,0
web/api/viewtimeline,0
web/api/viewtimeline/endoffset,0
web/api/viewtimeline/startoffset,0
web/api/viewtimeline/subject,0
web/api/viewtimeline/viewtimeline,0
web/api/viewtransition,0
web/api/viewtransition/finished,0
web/api/viewtransition/ready,0
web/api/viewtransition/skiptransition,0
web/api/viewtransition/transitionroot,0
web/api/viewtransition/types,0
web/api/viewtransition/updatecallbackdone,0
web/api/viewtransition/waituntil,0
web/api/viewtransitiontypeset,0
web/api/virtualkeyboard,0
web/api/virtualkeyboard/boundingrect,0
web/api/virtualkeyboard/geometrychange_event,0
web/api/virtualkeyboard/hide,0
web/api/virtualkeyboard/overlayscontent,0
web/api/virtualkeyboard/show,0
web/api/virtualkeyboard_api,0
web/api/visibilitystateentry,0
web/api/visualviewport,0
web/api/visualviewport/height,0
web/api/visualviewport/offsetleft,0
web/api/visualviewport/offsettop,0
web/api/visualviewport/pageleft,0
web/api/visualviewport/pagetop,0
web/api/visualviewport/resize_event,0
web/api/visualviewport/scale,0
web/api/visualviewport/scroll_event,0
web/api/visualviewport/scrollend_event,0
web/api/visualviewport/width,0
web/api/vrdisplay,0
web/api/vrdisplay/cancelanimationframe,0
web/api/vrdisplay/capabilities,0
web/api/vrdisplay/depthfar,0
web/api/vrdisplay/depthnear,0
web/api/vrdisplay/displayid,0
web/api/vrdisplay/displayname,0
web/api/vrdisplay/exitpresent,0
web/api/vrdisplay/geteyeparameters,0
web/api/vrdisplay/getframedata,0
web/api/vrdisplay/getimmediatepose,0
web/api/vrdisplay/getlayers,0
web/api/vrdisplay/getpose,0
web/api/vrdisplay/isconnected,0
web/api/vrdisplay/ispresenting,0
web/api/vrdisplay/requestanimationframe,0
web/api/vrdisplay/requestpresent,0
web/api/vrdisplay/resetpose,0
web/api/vrdisplay/stageparameters,0
web/api/vrdisplay/submitframe,0
web/api/vrdisplaycapabilities,0
web/api/vrdisplaycapabilities/canpresent,0
web/api/vrdisplaycapabilities/hasexternaldisplay,0
web/api/vrdisplaycapabilities/hasorientation,0
web/api/vrdisplaycapabilities/hasposition,0
web/api/vrdisplaycapabilities/maxlayers,0
web/api/vrdisplayevent,0
web/api/vrdisplayevent/display,0
web/api/vrdisplayevent/reason,0
web/api/vrdisplayevent/vrdisplayevent,0
web/api/vreyeparameters,0
web/api/vreyeparameters/fieldofview,0
web/api/vreyeparameters/maximumfieldofview,0
web/api/vreyeparameters/minimumfieldofview,0
web/api/vreyeparameters/offset,0
web/api/vreyeparameters/renderheight,0
web/api/vreyeparameters/renderwidth,0
web/api/vrfieldofview,0
web/api/vrfieldofview/downdegrees,0
web/api/vrfieldofview/leftdegrees,0
web/api/vrfieldofview/rightdegrees,0
web/api/vrfieldofview/updegrees,0
web/api/vrframedata,0
web/api/vrframedata/leftprojectionmatrix,0
web/api/vrframedata/leftviewmatrix,0
web/api/vrframedata/pose,0
web/api/vrframedata/rightprojectionmatrix,0
web/api/vrframedata/rightviewmatrix,0
web/api/vrframedata/timestamp,0
web/api/vrframedata/vrframedata,0
web/api/vrlayerinit,0
web/api/vrlayerinit/leftbounds,0
web/api/vrlayerinit/rightbounds,0
web/api/vrlayerinit/source,0
web/api/vrpose,0
web/api/vrpose/angularacceleration,0
web/api/vrpose/angularvelocity,0
web/api/vrpose/linearacceleration,0
web/api/vrpose/linearvelocity,0
web/api/vrpose/orientation,0
web/api/vrpose/position,0
web/api/vrstageparameters,0
web/api/vrstageparameters/sittingtostandingtransform,0
web/api/vrstageparameters/sizex,0
web/api/vrstageparameters/sizey,0
web/api/vttcue,0
web/api/vttcue/align,0
web/api/vttcue/getcueashtml,0
web/api/vttcue/line,0
web/api/vttcue/linealign,0
web/api/vttcue/position,0
web/api/vttcue/positionalign,0
web/api/vttcue/region,0
web/api/vttcue/size,0
web/api/vttcue/snaptolines,0
web/api/vttcue/text,0
web/api/vttcue/vertical,0
web/api/vttcue/vttcue,0
web/api/vttregion,0
web/api/vttregion/id,0
web/api/vttregion/lines,0
web/api/vttregion/regionanchorx,0
web/api/vttregion/regionanchory,0
web/api/vttregion/scroll,0
web/api/vttregion/viewportanchorx,0
web/api/vttregion/viewportanchory,0
web/api/vttregion/vttregion,0
web/api/vttregion/width,0
web/api/wakelock,0
web/api/wakelock/request,0
web/api/wakelocksentinel,0
web/api/wakelocksentinel/release,0
web/api/wakelocksentinel/release_event,0
web/api/wakelocksentinel/released,0
web/api/wakelocksentinel/type,0
web/api/waveshapernode,0
web/api/waveshapernode/curve,0
web/api/waveshapernode/oversample,0
web/api/waveshapernode/waveshapernode,0
web/api/web-based_payment_handler_api,0
web/api/web_animations_api,0
web/api/web_animations_api/keyframe_formats,0
web/api/web_animations_api/tips,0
web/api/web_animations_api/using_the_web_animations_api,0
web/api/web_animations_api/web_animations_api_concepts,0
web/api/web_audio_api,0
web/api/web_audio_api/advanced_techniques,0
web/api/web_audio_api/basic_concepts_behind_web_audio_api,0
web/api/web_audio_api/best_practices,0
web/api/web_audio_api/controlling_multiple_parameters_with_constantsourcenode,0
web/api/web_audio_api/simple_synth,0
web/api/web_audio_api/using_audioworklet,0
web/api/web_audio_api/using_iir_filters,0
web/api/web_audio_api/using_web_audio_api,0
web/api/web_audio_api/visualizations_with_web_audio_api,0
web/api/web_audio_api/web_audio_spatialization_basics,0
web/api/web_authentication_api,0
web/api/web_authentication_api/attestation_and_assertion,0
web/api/web_authentication_api/authenticator_data,0
web/api/web_authentication_api/webauthn_extensions,0
web/api/web_bluetooth_api,0
web/api/web_components,0
web/api/web_components/using_custom_elements,0
web/api/web_components/using_shadow_dom,0
web/api/web_components/using_templates_and_slots,0
web/api/web_crypto_api,0
web/api/web_crypto_api/non-cryptographic_uses_of_subtle_crypto,0
web/api/web_locks_api,0
web/api/web_midi_api,0
web/api/web_nfc_api,0
web/api/web_periodic_background_synchronization_api,0
web/api/web_serial_api,0
web/api/web_share_api,0
web/api/web_speech_api,0
web/api/web_speech_api/using_the_web_speech_api,0
web/api/web_storage_api,0
web/api/web_storage_api/using_the_web_storage_api,0
web/api/web_workers_api,0
web/api/web_workers_api/functions_and_classes_available_to_workers,0
web/api/web_workers_api/structured_clone_algorithm,0
web/api/web_workers_api/transferable_objects,0
web/api/web_workers_api/using_web_workers,0
web/api/webcodecs_api,0
web/api/webcodecs_api/codec_selection,0
web/api/webcodecs_api/using_the_webcodecs_api,0
web/api/webcodecs_api/video_processing_concepts,0
web/api/webgl2renderingcontext,0
web/api/webgl2renderingcontext/beginquery,0
web/api/webgl2renderingcontext/begintransformfeedback,0
web/api/webgl2renderingcontext/bindbufferbase,0
web/api/webgl2renderingcontext/bindbufferrange,0
web/api/webgl2renderingcontext/bindsampler,0
web/api/webgl2renderingcontext/bindtransformfeedback,0
web/api/webgl2renderingcontext/bindvertexarray,0
web/api/webgl2renderingcontext/blitframebuffer,0
web/api/webgl2renderingcontext/bufferdata,0
web/api/webgl2renderingcontext/buffersubdata,0
web/api/webgl2renderingcontext/clearbuffer,0
web/api/webgl2renderingcontext/clientwaitsync,0
web/api/webgl2renderingcontext/compressedteximage3d,0
web/api/webgl2renderingcontext/compressedtexsubimage3d,0
web/api/webgl2renderingcontext/copybuffersubdata,0
web/api/webgl2renderingcontext/copytexsubimage3d,0
web/api/webgl2renderingcontext/createquery,0
web/api/webgl2renderingcontext/createsampler,0
web/api/webgl2renderingcontext/createtransformfeedback,0
web/api/webgl2renderingcontext/createvertexarray,0
web/api/webgl2renderingcontext/deletequery,0
web/api/webgl2renderingcontext/deletesampler,0
web/api/webgl2renderingcontext/deletesync,0
web/api/webgl2renderingcontext/deletetransformfeedback,0
web/api/webgl2renderingcontext/deletevertexarray,0
web/api/webgl2renderingcontext/drawarraysinstanced,0
web/api/webgl2renderingcontext/drawbuffers,0
web/api/webgl2renderingcontext/drawelementsinstanced,0
web/api/webgl2renderingcontext/drawingbuffercolorspace,0
web/api/webgl2renderingcontext/drawrangeelements,0
web/api/webgl2renderingcontext/endquery,0
web/api/webgl2renderingcontext/endtransformfeedback,0
web/api/webgl2renderingcontext/fencesync,0
web/api/webgl2renderingcontext/framebuffertexturelayer,0
web/api/webgl2renderingcontext/getactiveuniformblockname,0
web/api/webgl2renderingcontext/getactiveuniformblockparameter,0
web/api/webgl2renderingcontext/getactiveuniforms,0
web/api/webgl2renderingcontext/getbuffersubdata,0
web/api/webgl2renderingcontext/getfragdatalocation,0
web/api/webgl2renderingcontext/getindexedparameter,0
web/api/webgl2renderingcontext/getinternalformatparameter,0
web/api/webgl2renderingcontext/getquery,0
web/api/webgl2renderingcontext/getqueryparameter,0
web/api/webgl2renderingcontext/getsamplerparameter,0
web/api/webgl2renderingcontext/getsyncparameter,0
web/api/webgl2renderingcontext/gettransformfeedbackvarying,0
web/api/webgl2renderingcontext/getuniformblockindex,0
web/api/webgl2renderingcontext/getuniformindices,0
web/api/webgl2renderingcontext/invalidateframebuffer,0
web/api/webgl2renderingcontext/invalidatesubframebuffer,0
web/api/webgl2renderingcontext/isquery,0
web/api/webgl2renderingcontext/issampler,0
web/api/webgl2renderingcontext/issync,0
web/api/webgl2renderingcontext/istransformfeedback,0
web/api/webgl2renderingcontext/isvertexarray,0
web/api/webgl2renderingcontext/pausetransformfeedback,0
web/api/webgl2renderingcontext/readbuffer,0
web/api/webgl2renderingcontext/renderbufferstoragemultisample,0
web/api/webgl2renderingcontext/resumetransformfeedback,0
web/api/webgl2renderingcontext/samplerparameter,0
web/api/webgl2renderingcontext/teximage3d,0
web/api/webgl2renderingcontext/texstorage2d,0
web/api/webgl2renderingcontext/texstorage3d,0
web/api/webgl2renderingcontext/texsubimage3d,0
web/api/webgl2renderingcontext/transformfeedbackvaryings,0
web/api/webgl2renderingcontext/uniform,0
web/api/webgl2renderingcontext/uniformblockbinding,0
web/api/webgl2renderingcontext/uniformmatrix,0
web/api/webgl2renderingcontext/unpackcolorspace,0
web/api/webgl2renderingcontext/vertexattribdivisor,0
web/api/webgl2renderingcontext/vertexattribi,0
web/api/webgl2renderingcontext/vertexattribipointer,0
web/api/webgl2renderingcontext/waitsync,0
web/api/webgl_api,0
web/api/webgl_api/basic_2d_animation_example,0
web/api/webgl_api/by_example,0
web/api/webgl_api/by_example/basic_scissoring,0
web/api/webgl_api/by_example/boilerplate_1,0
web/api/webgl_api/by_example/canvas_size_and_webgl,0
web/api/webgl_api/by_example/clearing_by_clicking,0
web/api/webgl_api/by_example/clearing_with_colors,0
web/api/webgl_api/by_example/color_masking,0
web/api/webgl_api/by_example/detect_webgl,0
web/api/webgl_api/by_example/hello_glsl,0
web/api/webgl_api/by_example/hello_vertex_attributes,0
web/api/webgl_api/by_example/raining_rectangles,0
web/api/webgl_api/by_example/scissor_animation,0
web/api/webgl_api/by_example/simple_color_animation,0
web/api/webgl_api/by_example/textures_from_code,0
web/api/webgl_api/by_example/video_textures,0
web/api/webgl_api/compressed_texture_formats,0
web/api/webgl_api/constants,0
web/api/webgl_api/data,0
web/api/webgl_api/matrix_math_for_the_web,0
web/api/webgl_api/tutorial,0
web/api/webgl_api/tutorial/adding_2d_content_to_a_webgl_context,0
web/api/webgl_api/tutorial/animating_objects_with_webgl,0
web/api/webgl_api/tutorial/animating_textures_in_webgl,0
web/api/webgl_api/tutorial/creating_3d_objects_using_webgl,0
web/api/webgl_api/tutorial/getting_started_with_webgl,0
web/api/webgl_api/tutorial/lighting_in_webgl,0
web/api/webgl_api/tutorial/using_shaders_to_apply_color_in_webgl,0
web/api/webgl_api/tutorial/using_textures_in_webgl,0
web/api/webgl_api/types,0
web/api/webgl_api/using_extensions,0
web/api/webgl_api/webgl_best_practices,0
web/api/webgl_api/webgl_model_view_projection,0
web/api/webgl_color_buffer_float,0
web/api/webgl_compressed_texture_astc,0
web/api/webgl_compressed_texture_astc/getsupportedprofiles,0
web/api/webgl_compressed_texture_etc,0
web/api/webgl_compressed_texture_etc1,0
web/api/webgl_compressed_texture_pvrtc,0
web/api/webgl_compressed_texture_s3tc,0
web/api/webgl_compressed_texture_s3tc_srgb,0
web/api/webgl_debug_renderer_info,0
web/api/webgl_debug_shaders,0
web/api/webgl_debug_shaders/gettranslatedshadersource,0
web/api/webgl_depth_texture,0
web/api/webgl_draw_buffers,0
web/api/webgl_draw_buffers/drawbufferswebgl,0
web/api/webgl_lose_context,0
web/api/webgl_lose_context/losecontext,0
web/api/webgl_lose_context/restorecontext,0
web/api/webgl_multi_draw,0
web/api/webgl_multi_draw/multidrawarraysinstancedwebgl,0
web/api/webgl_multi_draw/multidrawarrayswebgl,0
web/api/webgl_multi_draw/multidrawelementsinstancedwebgl,0
web/api/webgl_multi_draw/multidrawelementswebgl,0
web/api/webglactiveinfo,0
web/api/webglactiveinfo/name,0
web/api/webglactiveinfo/size,0
web/api/webglactiveinfo/type,0
web/api/webglbuffer,0
web/api/webglcontextevent,0
web/api/webglcontextevent/statusmessage,0
web/api/webglcontextevent/webglcontextevent,0
web/api/webglframebuffer,0
web/api/webglobject,0
web/api/webglprogram,0
web/api/webglquery,0
web/api/webglrenderbuffer,0
web/api/webglrenderingcontext,0
web/api/webglrenderingcontext/activetexture,0
web/api/webglrenderingcontext/attachshader,0
web/api/webglrenderingcontext/bindattriblocation,0
web/api/webglrenderingcontext/bindbuffer,0
web/api/webglrenderingcontext/bindframebuffer,0
web/api/webglrenderingcontext/bindrenderbuffer,0
web/api/webglrenderingcontext/bindtexture,0
web/api/webglrenderingcontext/blendcolor,0
web/api/webglrenderingcontext/blendequation,0
web/api/webglrenderingcontext/blendequationseparate,0
web/api/webglrenderingcontext/blendfunc,0
web/api/webglrenderingcontext/blendfuncseparate,0
web/api/webglrenderingcontext/bufferdata,0
web/api/webglrenderingcontext/buffersubdata,0
web/api/webglrenderingcontext/canvas,0
web/api/webglrenderingcontext/checkframebufferstatus,0
web/api/webglrenderingcontext/clear,0
web/api/webglrenderingcontext/clearcolor,0
web/api/webglrenderingcontext/cleardepth,0
web/api/webglrenderingcontext/clearstencil,0
web/api/webglrenderingcontext/colormask,0
web/api/webglrenderingcontext/compileshader,0
web/api/webglrenderingcontext/compressedteximage2d,0
web/api/webglrenderingcontext/compressedtexsubimage2d,0
web/api/webglrenderingcontext/copyteximage2d,0
web/api/webglrenderingcontext/copytexsubimage2d,0
web/api/webglrenderingcontext/createbuffer,0
web/api/webglrenderingcontext/createframebuffer,0
web/api/webglrenderingcontext/createprogram,0
web/api/webglrenderingcontext/createrenderbuffer,0
web/api/webglrenderingcontext/createshader,0
web/api/webglrenderingcontext/createtexture,0
web/api/webglrenderingcontext/cullface,0
web/api/webglrenderingcontext/deletebuffer,0
web/api/webglrenderingcontext/deleteframebuffer,0
web/api/webglrenderingcontext/deleteprogram,0
web/api/webglrenderingcontext/deleterenderbuffer,0
web/api/webglrenderingcontext/deleteshader,0
web/api/webglrenderingcontext/deletetexture,0
web/api/webglrenderingcontext/depthfunc,0
web/api/webglrenderingcontext/depthmask,0
web/api/webglrenderingcontext/depthrange,0
web/api/webglrenderingcontext/detachshader,0
web/api/webglrenderingcontext/disable,0
web/api/webglrenderingcontext/disablevertexattribarray,0
web/api/webglrenderingcontext/drawarrays,0
web/api/webglrenderingcontext/drawelements,0
web/api/webglrenderingcontext/drawingbuffercolorspace,0
web/api/webglrenderingcontext/drawingbufferheight,0
web/api/webglrenderingcontext/drawingbufferwidth,0
web/api/webglrenderingcontext/enable,0
web/api/webglrenderingcontext/enablevertexattribarray,0
web/api/webglrenderingcontext/finish,0
web/api/webglrenderingcontext/flush,0
web/api/webglrenderingcontext/framebufferrenderbuffer,0
web/api/webglrenderingcontext/framebuffertexture2d,0
web/api/webglrenderingcontext/frontface,0
web/api/webglrenderingcontext/generatemipmap,0
web/api/webglrenderingcontext/getactiveattrib,0
web/api/webglrenderingcontext/getactiveuniform,0
web/api/webglrenderingcontext/getattachedshaders,0
web/api/webglrenderingcontext/getattriblocation,0
web/api/webglrenderingcontext/getbufferparameter,0
web/api/webglrenderingcontext/getcontextattributes,0
web/api/webglrenderingcontext/geterror,0
web/api/webglrenderingcontext/getextension,0
web/api/webglrenderingcontext/getframebufferattachmentparameter,0
web/api/webglrenderingcontext/getparameter,0
web/api/webglrenderingcontext/getprograminfolog,0
web/api/webglrenderingcontext/getprogramparameter,0
web/api/webglrenderingcontext/getrenderbufferparameter,0
web/api/webglrenderingcontext/getshaderinfolog,0
web/api/webglrenderingcontext/getshaderparameter,0
web/api/webglrenderingcontext/getshaderprecisionformat,0
web/api/webglrenderingcontext/getshadersource,0
web/api/webglrenderingcontext/getsupportedextensions,0
web/api/webglrenderingcontext/gettexparameter,0
web/api/webglrenderingcontext/getuniform,0
web/api/webglrenderingcontext/getuniformlocation,0
web/api/webglrenderingcontext/getvertexattrib,0
web/api/webglrenderingcontext/getvertexattriboffset,0
web/api/webglrenderingcontext/hint,0
web/api/webglrenderingcontext/isbuffer,0
web/api/webglrenderingcontext/iscontextlost,0
web/api/webglrenderingcontext/isenabled,0
web/api/webglrenderingcontext/isframebuffer,0
web/api/webglrenderingcontext/isprogram,0
web/api/webglrenderingcontext/isrenderbuffer,0
web/api/webglrenderingcontext/isshader,0
web/api/webglrenderingcontext/istexture,0
web/api/webglrenderingcontext/linewidth,0
web/api/webglrenderingcontext/linkprogram,0
web/api/webglrenderingcontext/makexrcompatible,0
web/api/webglrenderingcontext/pixelstorei,0
web/api/webglrenderingcontext/polygonoffset,0
web/api/webglrenderingcontext/readpixels,0
web/api/webglrenderingcontext/renderbufferstorage,0
web/api/webglrenderingcontext/samplecoverage,0
web/api/webglrenderingcontext/scissor,0
web/api/webglrenderingcontext/shadersource,0
web/api/webglrenderingcontext/stencilfunc,0
web/api/webglrenderingcontext/stencilfuncseparate,0
web/api/webglrenderingcontext/stencilmask,0
web/api/webglrenderingcontext/stencilmaskseparate,0
web/api/webglrenderingcontext/stencilop,0
web/api/webglrenderingcontext/stencilopseparate,0
web/api/webglrenderingcontext/teximage2d,0
web/api/webglrenderingcontext/texparameter,0
web/api/webglrenderingcontext/texsubimage2d,0
web/api/webglrenderingcontext/uniform,0
web/api/webglrenderingcontext/uniformmatrix,0
web/api/webglrenderingcontext/unpackcolorspace,0
web/api/webglrenderingcontext/useprogram,0
web/api/webglrenderingcontext/validateprogram,0
web/api/webglrenderingcontext/vertexattrib,0
web/api/webglrenderingcontext/vertexattribpointer,0
web/api/webglrenderingcontext/viewport,0
web/api/webglsampler,0
web/api/webglshader,0
web/api/webglshaderprecisionformat,0
web/api/webglshaderprecisionformat/precision,0
web/api/webglshaderprecisionformat/rangemax,0
web/api/webglshaderprecisionformat/rangemin,0
web/api/webglsync,0
web/api/webgltexture,0
web/api/webgltransformfeedback,0
web/api/webgluniformlocation,0
web/api/webglvertexarrayobject,0
web/api/webgpu_api,0
web/api/webhid_api,0
web/api/webkitpoint,0
web/api/webotp_api,0
web/api/webrtc_api,0
web/api/webrtc_api/build_a_phone_with_peerjs,0
web/api/webrtc_api/build_a_phone_with_peerjs/build_the_server,0
web/api/webrtc_api/build_a_phone_with_peerjs/connect_peers,0
web/api/webrtc_api/build_a_phone_with_peerjs/connect_peers/answer_a_call,0
web/api/webrtc_api/build_a_phone_with_peerjs/connect_peers/create_a_peer_connection,0
web/api/webrtc_api/build_a_phone_with_peerjs/connect_peers/creating_a_call,0
web/api/webrtc_api/build_a_phone_with_peerjs/connect_peers/end_a_call,0
web/api/webrtc_api/build_a_phone_with_peerjs/connect_peers/get_microphone_permission,0
web/api/webrtc_api/build_a_phone_with_peerjs/connect_peers/show_hide_html,0
web/api/webrtc_api/build_a_phone_with_peerjs/setup,0
web/api/webrtc_api/connectivity,0
web/api/webrtc_api/intro_to_rtp,0
web/api/webrtc_api/perfect_negotiation,0
web/api/webrtc_api/protocols,0
web/api/webrtc_api/session_lifetime,0
web/api/webrtc_api/signaling_and_video_calling,0
web/api/webrtc_api/simple_rtcdatachannel_sample,0
web/api/webrtc_api/using_data_channels,0
web/api/webrtc_api/using_dtmf,0
web/api/webrtc_api/using_encoded_transforms,0
web/api/websocket,0
web/api/websocket/binarytype,0
web/api/websocket/bufferedamount,0
web/api/websocket/close,0
web/api/websocket/close_event,0
web/api/websocket/error_event,0
web/api/websocket/extensions,0
web/api/websocket/message_event,0
web/api/websocket/open_event,0
web/api/websocket/protocol,0
web/api/websocket/readystate,0
web/api/websocket/send,0
web/api/websocket/url,0
web/api/websocket/websocket,0
web/api/websockets_api,0
web/api/websockets_api/using_websocketstream,0
web/api/websockets_api/writing_a_websocket_server_in_java,0
web/api/websockets_api/writing_a_websocket_server_in_javascript_deno,0
web/api/websockets_api/writing_websocket_client_applications,0
web/api/websockets_api/writing_websocket_server,0
web/api/websockets_api/writing_websocket_servers,0
web/api/websocketstream,0
web/api/websocketstream/close,0
web/api/websocketstream/closed,0
web/api/websocketstream/opened,0
web/api/websocketstream/url,0
web/api/websocketstream/websocketstream,0
web/api/webtransport,0
web/api/webtransport/close,0
web/api/webtransport/closed,0
web/api/webtransport/congestioncontrol,0
web/api/webtransport/createbidirectionalstream,0
web/api/webtransport/createsendgroup,0
web/api/webtransport/createunidirectionalstream,0
web/api/webtransport/datagrams,0
web/api/webtransport/getstats,0
web/api/webtransport/incomingbidirectionalstreams,0
web/api/webtransport/incomingunidirectionalstreams,0
web/api/webtransport/ready,0
web/api/webtransport/reliability,0
web/api/webtransport/webtransport,0
web/api/webtransport_api,0
web/api/webtransportbidirectionalstream,0
web/api/webtransportbidirectionalstream/readable,0
web/api/webtransportbidirectionalstream/writable,0
web/api/webtransportdatagramduplexstream,0
web/api/webtransportdatagramduplexstream/createwritable,0
web/api/webtransportdatagramduplexstream/incominghighwatermark,0
web/api/webtransportdatagramduplexstream/incomingmaxage,0
web/api/webtransportdatagramduplexstream/maxdatagramsize,0
web/api/webtransportdatagramduplexstream/outgoinghighwatermark,0
web/api/webtransportdatagramduplexstream/outgoingmaxage,0
web/api/webtransportdatagramduplexstream/readable,0
web/api/webtransportdatagramduplexstream/writable,0
web/api/webtransportdatagramswritable,0
web/api/webtransportdatagramswritable/sendgroup,0
web/api/webtransportdatagramswritable/sendorder,0
web/api/webtransporterror,0
web/api/webtransporterror/source,0
web/api/webtransporterror/streamerrorcode,0
web/api/webtransporterror/webtransporterror,0
web/api/webtransportreceivestream,0
web/api/webtransportreceivestream/getstats,0
web/api/webtransportsendgroup,0
web/api/webtransportsendgroup/getstats,0
web/api/webtransportsendstream,0
web/api/webtransportsendstream/getstats,0
web/api/webtransportsendstream/getwriter,0
web/api/webtransportsendstream/sendorder,0
web/api/webusb_api,0
web/api/webvr_api,0
web/api/webvr_api/concepts,0
web/api/webvr_api/using_the_webvr_api,0
web/api/webvr_api/using_vr_controllers_with_webvr,0
web/api/webvtt_api,0
web/api/webvtt_api/web_video_text_tracks_format,0
web/api/webxr_device_api,0
web/api/webxr_device_api/bounded_reference_spaces,0
web/api/webxr_device_api/cameras,0
web/api/webxr_device_api/fundamentals,0
web/api/webxr_device_api/geometry,0
web/api/webxr_device_api/inputs,0
web/api/webxr_device_api/lifecycle,0
web/api/webxr_device_api/lighting,0
web/api/webxr_device_api/movement_and_motion,0
web/api/webxr_device_api/performance,0
web/api/webxr_device_api/permissions_and_security,0
web/api/webxr_device_api/perspective,0
web/api/webxr_device_api/rendering,0
web/api/webxr_device_api/spatial_tracking,0
web/api/webxr_device_api/startup_and_shutdown,0
web/api/webxr_device_api/targeting,0
web/api/wgsllanguagefeatures,0
web/api/wheelevent,0
web/api/wheelevent/deltamode,0
web/api/wheelevent/deltax,0
web/api/wheelevent/deltay,0
web/api/wheelevent/deltaz,0
web/api/wheelevent/wheelevent,0
web/api/window,0
web/api/window/afterprint_event,0
web/api/window/alert,0
web/api/window/appinstalled_event,0
web/api/window/atob,0
web/api/window/beforeinstallprompt_event,0
web/api/window/beforeprint_event,0
web/api/window/beforeunload_event,0
web/api/window/blur,0
web/api/window/blur_event,0
web/api/window/btoa,0
web/api/window/caches,0
web/api/window/cancelanimationframe,0
web/api/window/cancelidlecallback,0
web/api/window/captureevents,0
web/api/window/clearimmediate,0
web/api/window/clearinterval,0
web/api/window/cleartimeout,0
web/api/window/close,0
web/api/window/closed,0
web/api/window/confirm,0
web/api/window/cookiestore,0
web/api/window/crashreport,0
web/api/window/createimagebitmap,0
web/api/window/credentialless,0
web/api/window/crossoriginisolated,0
web/api/window/crypto,0
web/api/window/customelements,0
web/api/window/devicemotion_event,0
web/api/window/deviceorientation_event,0
web/api/window/deviceorientationabsolute_event,0
web/api/window/devicepixelratio,0
web/api/window/document,0
web/api/window/documentpictureinpicture,0
web/api/window/dump,0
web/api/window/error_event,0
web/api/window/event,0
web/api/window/external,0
web/api/window/fence,0
web/api/window/fetch,0
web/api/window/fetchlater,0
web/api/window/find,0
web/api/window/focus,0
web/api/window/focus_event,0
web/api/window/frameelement,0
web/api/window/frames,0
web/api/window/fullscreen,0
web/api/window/gamepadconnected_event,0
web/api/window/gamepaddisconnected_event,0
web/api/window/getcomputedstyle,0
web/api/window/getdefaultcomputedstyle,0
web/api/window/getscreendetails,0
web/api/window/getselection,0
web/api/window/hashchange_event,0
web/api/window/history,0
web/api/window/indexeddb,0
web/api/window/innerheight,0
web/api/window/innerwidth,0
web/api/window/issecurecontext,0
web/api/window/languagechange_event,0
web/api/window/launchqueue,0
web/api/window/length,0
web/api/window/load_event,0
web/api/window/localstorage,0
web/api/window/location,0
web/api/window/locationbar,0
web/api/window/matchmedia,0
web/api/window/menubar,0
web/api/window/message_event,0
web/api/window/messageerror_event,0
web/api/window/moveby,0
web/api/window/moveto,0
web/api/window/mozinnerscreenx,0
web/api/window/mozinnerscreeny,0
web/api/window/name,0
web/api/window/navigation,0
web/api/window/navigator,0
web/api/window/offline_event,0
web/api/window/online_event,0
web/api/window/open,0
web/api/window/opener,0
web/api/window/orientation,0
web/api/window/orientationchange_event,0
web/api/window/origin,0
web/api/window/originagentcluster,0
web/api/window/outerheight,0
web/api/window/outerwidth,0
web/api/window/pagehide_event,0
web/api/window/pagereveal_event,0
web/api/window/pageshow_event,0
web/api/window/pageswap_event,0
web/api/window/parent,0
web/api/window/performance,0
web/api/window/personalbar,0
web/api/window/popstate_event,0
web/api/window/postmessage,0
web/api/window/print,0
web/api/window/prompt,0
web/api/window/querylocalfonts,0
web/api/window/queuemicrotask,0
web/api/window/rejectionhandled_event,0
web/api/window/releaseevents,0
web/api/window/reporterror,0
web/api/window/requestanimationframe,0
web/api/window/requestfilesystem,0
web/api/window/requestidlecallback,0
web/api/window/requestresize,0
web/api/window/resize_event,0
web/api/window/resizeby,0
web/api/window/resizeto,0
web/api/window/scheduler,0
web/api/window/screen,0
web/api/window/screenleft,0
web/api/window/screentop,0
web/api/window/screenx,0
web/api/window/screeny,0
web/api/window/scroll,0
web/api/window/scrollbars,0
web/api/window/scrollby,0
web/api/window/scrollbylines,0
web/api/window/scrollbypages,0
web/api/window/scrollmaxx,0
web/api/window/scrollmaxy,0
web/api/window/scrollsnapchange_event,0
web/api/window/scrollsnapchanging_event,0
web/api/window/scrollto,0
web/api/window/scrollx,0
web/api/window/scrolly,0
web/api/window/self,0
web/api/window/sessionstorage,0
web/api/window/setimmediate,0
web/api/window/setinterval,0
web/api/window/setresizable,0
web/api/window/settimeout,0
web/api/window/sharedstorage,0
web/api/window/showdirectorypicker,0
web/api/window/showopenfilepicker,0
web/api/window/showsavefilepicker,0
web/api/window/sizetocontent,0
web/api/window/speechsynthesis,0
web/api/window/status,0
web/api/window/statusbar,0
web/api/window/stop,0
web/api/window/storage_event,0
web/api/window/structuredclone,0
web/api/window/toolbar,0
web/api/window/top,0
web/api/window/trustedtypes,0
web/api/window/unhandledrejection_event,0
web/api/window/unload_event,0
web/api/window/viewport,0
web/api/window/visualviewport,0
web/api/window/vrdisplayactivate_event,0
web/api/window/vrdisplayconnect_event,0
web/api/window/vrdisplaydeactivate_event,0
web/api/window/vrdisplaydisconnect_event,0
web/api/window/vrdisplaypresentchange_event,0
web/api/window/webkitconvertpointfromnodetopage,0
web/api/window/webkitconvertpointfrompagetonode,0
web/api/window/window,0
web/api/window_controls_overlay_api,0
web/api/window_management_api,0
web/api/window_management_api/multi-screen_origin,0
web/api/window_management_api/using,0
web/api/windowclient,0
web/api/windowclient/ancestororigins,0
web/api/windowclient/focus,0
web/api/windowclient/focused,0
web/api/windowclient/navigate,0
web/api/windowclient/visibilitystate,0
web/api/windowcontrolsoverlay,0
web/api/windowcontrolsoverlay/geometrychange_event,0
web/api/windowcontrolsoverlay/gettitlebararearect,0
web/api/windowcontrolsoverlay/visible,0
web/api/windowcontrolsoverlaygeometrychangeevent,0
web/api/windowcontrolsoverlaygeometrychangeevent/titlebararearect,0
web/api/windowcontrolsoverlaygeometrychangeevent/visible,0
web/api/windowcontrolsoverlaygeometrychangeevent/windowcontrolsoverlaygeometrychangeevent,0
web/api/windowsharedstorage,0
web/api/windowsharedstorage/run,0
web/api/windowsharedstorage/selecturl,0
web/api/windowsharedstorage/worklet,0
web/api/worker,0
web/api/worker/error_event,0
web/api/worker/message_event,0
web/api/worker/messageerror_event,0
web/api/worker/postmessage,0
web/api/worker/terminate,0
web/api/worker/worker,0
web/api/workerglobalscope,0
web/api/workerglobalscope/atob,0
web/api/workerglobalscope/btoa,0
web/api/workerglobalscope/caches,0
web/api/workerglobalscope/clearinterval,0
web/api/workerglobalscope/cleartimeout,0
web/api/workerglobalscope/createimagebitmap,0
web/api/workerglobalscope/crossoriginisolated,0
web/api/workerglobalscope/crypto,0
web/api/workerglobalscope/dump,0
web/api/workerglobalscope/error_event,0
web/api/workerglobalscope/fetch,0
web/api/workerglobalscope/fonts,0
web/api/workerglobalscope/importscripts,0
web/api/workerglobalscope/indexeddb,0
web/api/workerglobalscope/issecurecontext,0
web/api/workerglobalscope/languagechange_event,0
web/api/workerglobalscope/location,0
web/api/workerglobalscope/navigator,0
web/api/workerglobalscope/offline_event,0
web/api/workerglobalscope/online_event,0
web/api/workerglobalscope/origin,0
web/api/workerglobalscope/performance,0
web/api/workerglobalscope/queuemicrotask,0
web/api/workerglobalscope/rejectionhandled_event,0
web/api/workerglobalscope/reporterror,0
web/api/workerglobalscope/scheduler,0
web/api/workerglobalscope/securitypolicyviolation_event,0
web/api/workerglobalscope/self,0
web/api/workerglobalscope/setinterval,0
web/api/workerglobalscope/settimeout,0
web/api/workerglobalscope/structuredclone,0
web/api/workerglobalscope/trustedtypes,0
web/api/workerglobalscope/unhandledrejection_event,0
web/api/workerlocation,0
web/api/workerlocation/hash,0
web/api/workerlocation/host,0
web/api/workerlocation/hostname,0
web/api/workerlocation/href,0
web/api/workerlocation/origin,0
web/api/workerlocation/pathname,0
web/api/workerlocation/port,0
web/api/workerlocation/protocol,0
web/api/workerlocation/search,0
web/api/workerlocation/tostring,0
web/api/workernavigator,0
web/api/workernavigator/appcodename,0
web/api/workernavigator/appname,0
web/api/workernavigator/appversion,0
web/api/workernavigator/clearappbadge,0
web/api/workernavigator/connection,0
web/api/workernavigator/devicememory,0
web/api/workernavigator/globalprivacycontrol,0
web/api/workernavigator/gpu,0
web/api/workernavigator/hardwareconcurrency,0
web/api/workernavigator/hid,0
web/api/workernavigator/language,0
web/api/workernavigator/languages,0
web/api/workernavigator/locks,0
web/api/workernavigator/mediacapabilities,0
web/api/workernavigator/online,0
web/api/workernavigator/permissions,0
web/api/workernavigator/platform,0
web/api/workernavigator/product,0
web/api/workernavigator/serial,0
web/api/workernavigator/serviceworker,0
web/api/workernavigator/setappbadge,0
web/api/workernavigator/storage,0
web/api/workernavigator/usb,0
web/api/workernavigator/useragent,0
web/api/workernavigator/useragentdata,0
web/api/worklet,0
web/api/worklet/addmodule,0
web/api/workletglobalscope,0
web/api/workletsharedstorage,0
web/api/workletsharedstorage/context,0
web/api/workletsharedstorage/entries,0
web/api/workletsharedstorage/get,0
web/api/workletsharedstorage/keys,0
web/api/workletsharedstorage/length,0
web/api/workletsharedstorage/remainingbudget,0
web/api/writablestream,0
web/api/writablestream/abort,0
web/api/writablestream/close,0
web/api/writablestream/getwriter,0
web/api/writablestream/locked,0
web/api/writablestream/writablestream,0
web/api/writablestreamdefaultcontroller,0
web/api/writablestreamdefaultcontroller/error,0
web/api/writablestreamdefaultcontroller/signal,0
web/api/writablestreamdefaultwriter,0
web/api/writablestreamdefaultwriter/abort,0
web/api/writablestreamdefaultwriter/close,0
web/api/writablestreamdefaultwriter/closed,0
web/api/writablestreamdefaultwriter/desiredsize,0
web/api/writablestreamdefaultwriter/ready,0
web/api/writablestreamdefaultwriter/releaselock,0
web/api/writablestreamdefaultwriter/writablestreamdefaultwriter,0
web/api/writablestreamdefaultwriter/write,0
web/api/xmldocument,0
web/api/xmlhttprequest,0
web/api/xmlhttprequest/abort,0
web/api/xmlhttprequest/getallresponseheaders,0
web/api/xmlhttprequest/getresponseheader,0
web/api/xmlhttprequest/open,0
web/api/xmlhttprequest/overridemimetype,0
web/api/xmlhttprequest/readystate,0
web/api/xmlhttprequest/readystatechange_event,0
web/api/xmlhttprequest/response,0
web/api/xmlhttprequest/responsetext,0
web/api/xmlhttprequest/responsetype,0
web/api/xmlhttprequest/responseurl,0
web/api/xmlhttprequest/responsexml,0
web/api/xmlhttprequest/send,0
web/api/xmlhttprequest/setattributionreporting,0
web/api/xmlhttprequest/setprivatetoken,0
web/api/xmlhttprequest/setrequestheader,0
web/api/xmlhttprequest/status,0
web/api/xmlhttprequest/statustext,0
web/api/xmlhttprequest/timeout,0
web/api/xmlhttprequest/upload,0
web/api/xmlhttprequest/withcredentials,0
web/api/xmlhttprequest/xmlhttprequest,0
web/api/xmlhttprequest_api,0
web/api/xmlhttprequest_api/html_in_xmlhttprequest,0
web/api/xmlhttprequest_api/sending_and_receiving_binary_data,0
web/api/xmlhttprequest_api/synchronous_and_asynchronous_requests,0
web/api/xmlhttprequest_api/using_formdata_objects,0
web/api/xmlhttprequest_api/using_xmlhttprequest,0
web/api/xmlhttprequesteventtarget,0
web/api/xmlhttprequesteventtarget/abort_event,0
web/api/xmlhttprequesteventtarget/error_event,0
web/api/xmlhttprequesteventtarget/load_event,0
web/api/xmlhttprequesteventtarget/loadend_event,0
web/api/xmlhttprequesteventtarget/loadstart_event,0
web/api/xmlhttprequesteventtarget/progress_event,0
web/api/xmlhttprequesteventtarget/timeout_event,0
web/api/xmlhttprequestupload,0
web/api/xmlserializer,0
web/api/xmlserializer/serializetostring,0
web/api/xmlserializer/xmlserializer,0
web/api/xpathevaluator,0
web/api/xpathevaluator/createexpression,0
web/api/xpathevaluator/creatensresolver,0
web/api/xpathevaluator/evaluate,0
web/api/xpathevaluator/xpathevaluator,0
web/api/xpathexpression,0
web/api/xpathexpression/evaluate,0
web/api/xpathresult,0
web/api/xpathresult/booleanvalue,0
web/api/xpathresult/invaliditeratorstate,0
web/api/xpathresult/iteratenext,0
web/api/xpathresult/numbervalue,0
web/api/xpathresult/resulttype,0
web/api/xpathresult/singlenodevalue,0
web/api/xpathresult/snapshotitem,0
web/api/xpathresult/snapshotlength,0
web/api/xpathresult/stringvalue,0
web/api/xranchor,0
web/api/xranchor/anchorspace,0
web/api/xranchor/delete,0
web/api/xranchorset,0
web/api/xrboundedreferencespace,0
web/api/xrboundedreferencespace/boundsgeometry,0
web/api/xrcompositionlayer,0
web/api/xrcompositionlayer/blendtexturesourcealpha,0
web/api/xrcompositionlayer/destroy,0
web/api/xrcompositionlayer/layout,0
web/api/xrcompositionlayer/miplevels,0
web/api/xrcompositionlayer/needsredraw,0
web/api/xrcpudepthinformation,0
web/api/xrcpudepthinformation/data,0
web/api/xrcpudepthinformation/getdepthinmeters,0
web/api/xrcubelayer,0
web/api/xrcubelayer/orientation,0
web/api/xrcubelayer/redraw_event,0
web/api/xrcubelayer/space,0
web/api/xrcylinderlayer,0
web/api/xrcylinderlayer/aspectratio,0
web/api/xrcylinderlayer/centralangle,0
web/api/xrcylinderlayer/radius,0
web/api/xrcylinderlayer/redraw_event,0
web/api/xrcylinderlayer/space,0
web/api/xrcylinderlayer/transform,0
web/api/xrdepthinformation,0
web/api/xrdepthinformation/height,0
web/api/xrdepthinformation/normdepthbufferfromnormview,0
web/api/xrdepthinformation/rawvaluetometers,0
web/api/xrdepthinformation/width,0
web/api/xrequirectlayer,0
web/api/xrequirectlayer/centralhorizontalangle,0
web/api/xrequirectlayer/lowerverticalangle,0
web/api/xrequirectlayer/radius,0
web/api/xrequirectlayer/redraw_event,0
web/api/xrequirectlayer/space,0
web/api/xrequirectlayer/transform,0
web/api/xrequirectlayer/upperverticalangle,0
web/api/xrframe,0
web/api/xrframe/createanchor,0
web/api/xrframe/filljointradii,0
web/api/xrframe/fillposes,0
web/api/xrframe/getdepthinformation,0
web/api/xrframe/gethittestresults,0
web/api/xrframe/gethittestresultsfortransientinput,0
web/api/xrframe/getjointpose,0
web/api/xrframe/getlightestimate,0
web/api/xrframe/getpose,0
web/api/xrframe/getviewerpose,0
web/api/xrframe/session,0
web/api/xrframe/trackedanchors,0
web/api/xrhand,0
web/api/xrhittestresult,0
web/api/xrhittestresult/createanchor,0
web/api/xrhittestresult/getpose,0
web/api/xrhittestsource,0
web/api/xrhittestsource/cancel,0
web/api/xrinputsource,0
web/api/xrinputsource/gamepad,0
web/api/xrinputsource/gripspace,0
web/api/xrinputsource/hand,0
web/api/xrinputsource/handedness,0
web/api/xrinputsource/profiles,0
web/api/xrinputsource/targetraymode,0
web/api/xrinputsource/targetrayspace,0
web/api/xrinputsourcearray,0
web/api/xrinputsourcearray/entries,0
web/api/xrinputsourcearray/foreach,0
web/api/xrinputsourcearray/keys,0
web/api/xrinputsourcearray/length,0
web/api/xrinputsourcearray/values,0
web/api/xrinputsourceevent,0
web/api/xrinputsourceevent/frame,0
web/api/xrinputsourceevent/inputsource,0
web/api/xrinputsourceevent/xrinputsourceevent,0
web/api/xrinputsourceschangeevent,0
web/api/xrinputsourceschangeevent/added,0
web/api/xrinputsourceschangeevent/removed,0
web/api/xrinputsourceschangeevent/session,0
web/api/xrinputsourceschangeevent/xrinputsourceschangeevent,0
web/api/xrjointpose,0
web/api/xrjointpose/radius,0
web/api/xrjointspace,0
web/api/xrjointspace/jointname,0
web/api/xrlayer,0
web/api/xrlayerevent,0
web/api/xrlayerevent/layer,0
web/api/xrlayerevent/xrlayerevent,0
web/api/xrlightestimate,0
web/api/xrlightestimate/primarylightdirection,0
web/api/xrlightestimate/primarylightintensity,0
web/api/xrlightestimate/sphericalharmonicscoefficients,0
web/api/xrlightprobe,0
web/api/xrlightprobe/probespace,0
web/api/xrlightprobe/reflectionchange_event,0
web/api/xrmediabinding,0
web/api/xrmediabinding/createcylinderlayer,0
web/api/xrmediabinding/createequirectlayer,0
web/api/xrmediabinding/createquadlayer,0
web/api/xrmediabinding/xrmediabinding,0
web/api/xrpose,0
web/api/xrpose/angularvelocity,0
web/api/xrpose/emulatedposition,0
web/api/xrpose/linearvelocity,0
web/api/xrpose/transform,0
web/api/xrprojectionlayer,0
web/api/xrprojectionlayer/fixedfoveation,0
web/api/xrprojectionlayer/ignoredepthvalues,0
web/api/xrprojectionlayer/texturearraylength,0
web/api/xrprojectionlayer/textureheight,0
web/api/xrprojectionlayer/texturewidth,0
web/api/xrquadlayer,0
web/api/xrquadlayer/height,0
web/api/xrquadlayer/redraw_event,0
web/api/xrquadlayer/space,0
web/api/xrquadlayer/transform,0
web/api/xrquadlayer/width,0
web/api/xrray,0
web/api/xrray/direction,0
web/api/xrray/matrix,0
web/api/xrray/origin,0
web/api/xrray/xrray,0
web/api/xrreferencespace,0
web/api/xrreferencespace/getoffsetreferencespace,0
web/api/xrreferencespace/reset_event,0
web/api/xrreferencespaceevent,0
web/api/xrreferencespaceevent/referencespace,0
web/api/xrreferencespaceevent/transform,0
web/api/xrreferencespaceevent/xrreferencespaceevent,0
web/api/xrrenderstate,0
web/api/xrrenderstate/baselayer,0
web/api/xrrenderstate/depthfar,0
web/api/xrrenderstate/depthnear,0
web/api/xrrenderstate/inlineverticalfieldofview,0
web/api/xrrenderstate/layers,0
web/api/xrrigidtransform,0
web/api/xrrigidtransform/inverse,0
web/api/xrrigidtransform/matrix,0
web/api/xrrigidtransform/orientation,0
web/api/xrrigidtransform/position,0
web/api/xrrigidtransform/xrrigidtransform,0
web/api/xrsession,0
web/api/xrsession/cancelanimationframe,0
web/api/xrsession/depthdataformat,0
web/api/xrsession/depthusage,0
web/api/xrsession/domoverlaystate,0
web/api/xrsession/enabledfeatures,0
web/api/xrsession/end,0
web/api/xrsession/end_event,0
web/api/xrsession/environmentblendmode,0
web/api/xrsession/inputsources,0
web/api/xrsession/inputsourceschange_event,0
web/api/xrsession/interactionmode,0
web/api/xrsession/preferredreflectionformat,0
web/api/xrsession/renderstate,0
web/api/xrsession/requestanimationframe,0
web/api/xrsession/requesthittestsource,0
web/api/xrsession/requesthittestsourcefortransientinput,0
web/api/xrsession/requestlightprobe,0
web/api/xrsession/requestreferencespace,0
web/api/xrsession/select_event,0
web/api/xrsession/selectend_event,0
web/api/xrsession/selectstart_event,0
web/api/xrsession/squeeze_event,0
web/api/xrsession/squeezeend_event,0
web/api/xrsession/squeezestart_event,0
web/api/xrsession/updaterenderstate,0
web/api/xrsession/visibilitychange_event,0
web/api/xrsession/visibilitymaskchange_event,0
web/api/xrsession/visibilitystate,0
web/api/xrsessionevent,0
web/api/xrsessionevent/session,0
web/api/xrsessionevent/xrsessionevent,0
web/api/xrspace,0
web/api/xrsubimage,0
web/api/xrsubimage/viewport,0
web/api/xrsystem,0
web/api/xrsystem/devicechange_event,0
web/api/xrsystem/issessionsupported,0
web/api/xrsystem/requestsession,0
web/api/xrtransientinputhittestresult,0
web/api/xrtransientinputhittestresult/inputsource,0
web/api/xrtransientinputhittestresult/results,0
web/api/xrtransientinputhittestsource,0
web/api/xrtransientinputhittestsource/cancel,0
web/api/xrview,0
web/api/xrview/eye,0
web/api/xrview/index,0
web/api/xrview/isfirstpersonobserver,0
web/api/xrview/projectionmatrix,0
web/api/xrview/recommendedviewportscale,0
web/api/xrview/requestviewportscale,0
web/api/xrview/transform,0
web/api/xrviewerpose,0
web/api/xrviewerpose/views,0
web/api/xrviewport,0
web/api/xrviewport/height,0
web/api/xrviewport/width,0
web/api/xrviewport/x,0
web/api/xrviewport/y,0
web/api/xrvisibilitymaskchangeevent,0
web/api/xrvisibilitymaskchangeevent/eye,0
web/api/xrvisibilitymaskchangeevent/index,0
web/api/xrvisibilitymaskchangeevent/indices,0
web/api/xrvisibilitymaskchangeevent/session,0
web/api/xrvisibilitymaskchangeevent/vertices,0
web/api/xrvisibilitymaskchangeevent/xrvisibilitymaskchangeevent,0
web/api/xrwebglbinding,0
web/api/xrwebglbinding/createcubelayer,0
web/api/xrwebglbinding/createcylinderlayer,0
web/api/xrwebglbinding/createequirectlayer,0
web/api/xrwebglbinding/createprojectionlayer,0
web/api/xrwebglbinding/createquadlayer,0
web/api/xrwebglbinding/getdepthinformation,0
web/api/xrwebglbinding/getreflectioncubemap,0
web/api/xrwebglbinding/getsubimage,0
web/api/xrwebglbinding/getviewsubimage,0
web/api/xrwebglbinding/nativeprojectionscalefactor,0
web/api/xrwebglbinding/xrwebglbinding,0
web/api/xrwebgldepthinformation,0
web/api/xrwebgldepthinformation/texture,0
web/api/xrwebgllayer,0
web/api/xrwebgllayer/antialias,0
web/api/xrwebgllayer/fixedfoveation,0
web/api/xrwebgllayer/framebuffer,0
web/api/xrwebgllayer/framebufferheight,0
web/api/xrwebgllayer/framebufferwidth,0
web/api/xrwebgllayer/getnativeframebufferscalefactor_static,0
web/api/xrwebgllayer/getviewport,0
web/api/xrwebgllayer/ignoredepthvalues,0
web/api/xrwebgllayer/xrwebgllayer,0
web/api/xrwebglsubimage,0
web/api/xrwebglsubimage/colortexture,0
web/api/xrwebglsubimage/colortextureheight,0
web/api/xrwebglsubimage/colortexturewidth,0
web/api/xrwebglsubimage/depthstenciltexture,0
web/api/xrwebglsubimage/imageindex,0
web/api/xsltprocessor,0
web/api/xsltprocessor/clearparameters,0
web/api/xsltprocessor/getparameter,0
web/api/xsltprocessor/importstylesheet,0
web/api/xsltprocessor/removeparameter,0
web/api/xsltprocessor/reset,0
web/api/xsltprocessor/setparameter,0
web/api/xsltprocessor/transformtodocument,0
web/api/xsltprocessor/transformtofragment,0
web/api/xsltprocessor/xsltprocessor,0
web/css,0
web/css/guides,0
web/css/guides/anchor_positioning,0
web/css/guides/anchor_positioning/anchored_container_queries,0
web/css/guides/anchor_positioning/try_options_hiding,0
web/css/guides/anchor_positioning/using,0
web/css/guides/animations,0
web/css/guides/animations/animatable_properties,0
web/css/guides/animations/using,0
web/css/guides/backgrounds_and_borders,0
web/css/guides/backgrounds_and_borders/border-image_generator,0
web/css/guides/backgrounds_and_borders/border-radius_generator,0
web/css/guides/backgrounds_and_borders/box-shadow_generator,0
web/css/guides/backgrounds_and_borders/resizing_background_images,0
web/css/guides/backgrounds_and_borders/scaling_svg_backgrounds,0
web/css/guides/backgrounds_and_borders/using_multiple_backgrounds,0
web/css/guides/basic_user_interface,0
web/css/guides/borders_and_box_decorations,0
web/css/guides/borders_and_box_decorations/border_shape_nav_menu,0
web/css/guides/box_alignment,0
web/css/guides/box_alignment/in_block_abspos_tables,0
web/css/guides/box_alignment/in_flexbox,0
web/css/guides/box_alignment/in_grid_layout,0
web/css/guides/box_alignment/in_multi-column_layout,0
web/css/guides/box_alignment/overview,0
web/css/guides/box_model,0
web/css/guides/box_model/introduction,0
web/css/guides/box_model/margin_collapsing,0
web/css/guides/box_sizing,0
web/css/guides/box_sizing/aspect_ratios,0
web/css/guides/cascade,0
web/css/guides/cascade/inheritance,0
web/css/guides/cascade/introduction,0
web/css/guides/cascade/property_value_processing,0
web/css/guides/cascade/shorthand_properties,0
web/css/guides/cascade/specificity,0
web/css/guides/cascading_variables,0
web/css/guides/cascading_variables/using_custom_properties,0
web/css/guides/color_adjustment,0
web/css/guides/colors,0
web/css/guides/colors/applying_color,0
web/css/guides/colors/color_format_converter,0
web/css/guides/colors/color_mixer,0
web/css/guides/colors/color_values,0
web/css/guides/colors/using_color_wisely,0
web/css/guides/colors/using_relative_colors,0
web/css/guides/compositing_and_blending,0
web/css/guides/conditional_rules,0
web/css/guides/conditional_rules/container_scroll-state_queries,0
web/css/guides/conditional_rules/using_feature_queries,0
web/css/guides/containment,0
web/css/guides/containment/container_queries,0
web/css/guides/containment/container_size_and_style_queries,0
web/css/guides/containment/using,0
web/css/guides/counter_styles,0
web/css/guides/counter_styles/using_counters,0
web/css/guides/cssom_view,0
web/css/guides/cssom_view/viewport_concepts,0
web/css/guides/custom_functions_and_mixins,0
web/css/guides/custom_functions_and_mixins/using_custom_functions,0
web/css/guides/custom_highlight_api,0
web/css/guides/display,0
web/css/guides/display/block_and_inline_layout,0
web/css/guides/display/block_formatting_context,0
web/css/guides/display/containing_block,0
web/css/guides/display/flow_layout,0
web/css/guides/display/flow_layout_and_overflow,0
web/css/guides/display/flow_layout_and_writing_modes,0
web/css/guides/display/formatting_contexts,0
web/css/guides/display/in_flow_and_out_of_flow,0
web/css/guides/display/multi-keyword_syntax,0
web/css/guides/display/visual_formatting_model,0
web/css/guides/easing_functions,0
web/css/guides/environment_variables,0
web/css/guides/environment_variables/using,0
web/css/guides/filter_effects,0
web/css/guides/filter_effects/using,0
web/css/guides/flexible_box_layout,0
web/css/guides/flexible_box_layout/aligning_items,0
web/css/guides/flexible_box_layout/basic_concepts,0
web/css/guides/flexible_box_layout/controlling_flex_item_ratios,0
web/css/guides/flexible_box_layout/ordering_items,0
web/css/guides/flexible_box_layout/relationship_with_other_layout_methods,0
web/css/guides/flexible_box_layout/use_cases,0
web/css/guides/flexible_box_layout/wrapping_items,0
web/css/guides/font_loading,0
web/css/guides/fonts,0
web/css/guides/fonts/opentype_fonts,0
web/css/guides/fonts/variable_fonts,0
web/css/guides/fonts/woff,0
web/css/guides/fragmentation,0
web/css/guides/gaps,0
web/css/guides/generated_content,0
web/css/guides/grid_layout,0
web/css/guides/grid_layout/accessibility,0
web/css/guides/grid_layout/auto-placement,0
web/css/guides/grid_layout/basic_concepts,0
web/css/guides/grid_layout/box_alignment,0
web/css/guides/grid_layout/common_grid_layouts,0
web/css/guides/grid_layout/grid_template_areas,0
web/css/guides/grid_layout/line-based_placement,0
web/css/guides/grid_layout/logical_values_and_writing_modes,0
web/css/guides/grid_layout/masonry_layout,0
web/css/guides/grid_layout/named_grid_lines,0
web/css/guides/grid_layout/relationship_with_other_layout_methods,0
web/css/guides/grid_layout/subgrid,0
web/css/guides/images,0
web/css/guides/images/implementing_image_sprites,0
web/css/guides/images/replaced_element_properties,0
web/css/guides/images/using_gradients,0
web/css/guides/images/using_object-view-box,0
web/css/guides/inline_layout,0
web/css/guides/inline_layout/inline_formatting_context,0
web/css/guides/lists,0
web/css/guides/lists/indenting,0
web/css/guides/logical_properties_and_values,0
web/css/guides/logical_properties_and_values/basic_concepts,0
web/css/guides/logical_properties_and_values/floating_and_positioning,0
web/css/guides/logical_properties_and_values/margins_borders_padding,0
web/css/guides/logical_properties_and_values/sizing,0
web/css/guides/masking,0
web/css/guides/masking/clipping,0
web/css/guides/masking/introduction,0
web/css/guides/masking/mask_properties,0
web/css/guides/masking/multiple_masks,0
web/css/guides/media_queries,0
web/css/guides/media_queries/printing,0
web/css/guides/media_queries/testing,0
web/css/guides/media_queries/using,0
web/css/guides/media_queries/using_for_accessibility,0
web/css/guides/motion_path,0
web/css/guides/multicol_layout,0
web/css/guides/multicol_layout/basic_concepts,0
web/css/guides/multicol_layout/handling_content_breaks,0
web/css/guides/multicol_layout/handling_overflow,0
web/css/guides/multicol_layout/spanning_balancing_columns,0
web/css/guides/multicol_layout/styling_columns,0
web/css/guides/multicol_layout/using,0
web/css/guides/namespaces,0
web/css/guides/nesting,0
web/css/guides/nesting/at-rules,0
web/css/guides/nesting/nesting_and_specificity,0
web/css/guides/nesting/using,0
web/css/guides/overflow,0
web/css/guides/overflow/carousels,0
web/css/guides/overscroll_behavior,0
web/css/guides/paged_media,0
web/css/guides/positioned_layout,0
web/css/guides/positioned_layout/stacking_context,0
web/css/guides/positioned_layout/stacking_context/example_1,0
web/css/guides/positioned_layout/stacking_context/example_2,0
web/css/guides/positioned_layout/stacking_context/example_3,0
web/css/guides/positioned_layout/stacking_floating_elements,0
web/css/guides/positioned_layout/stacking_without_z-index,0
web/css/guides/positioned_layout/understanding_z-index,0
web/css/guides/positioned_layout/using_z-index,0
web/css/guides/properties_and_values_api,0
web/css/guides/properties_and_values_api/houdini,0
web/css/guides/properties_and_values_api/registering_properties,0
web/css/guides/pseudo-elements,0
web/css/guides/round_display,0
web/css/guides/ruby_layout,0
web/css/guides/scoping,0
web/css/guides/scroll-driven_animations,0
web/css/guides/scroll-driven_animations/timeline_insets,0
web/css/guides/scroll-driven_animations/timeline_range_names,0
web/css/guides/scroll-driven_animations/timelines,0
web/css/guides/scroll_anchoring,0
web/css/guides/scroll_anchoring/overview,0
web/css/guides/scroll_snap,0
web/css/guides/scroll_snap/basic_concepts,0
web/css/guides/scroll_snap/using_scroll_snap_events,0
web/css/guides/scrollbars_styling,0
web/css/guides/selectors,0
web/css/guides/selectors/privacy_and__colon_visited,0
web/css/guides/selectors/selector_structure,0
web/css/guides/selectors/selectors_and_combinators,0
web/css/guides/selectors/using__colon_target,0
web/css/guides/shadow_parts,0
web/css/guides/shapes,0
web/css/guides/shapes/from_box_values,0
web/css/guides/shapes/from_images,0
web/css/guides/shapes/overview,0
web/css/guides/shapes/shape_generator,0
web/css/guides/shapes/using_shape-outside,0
web/css/guides/syntax,0
web/css/guides/syntax/at-rules,0
web/css/guides/syntax/comments,0
web/css/guides/syntax/error_handling,0
web/css/guides/syntax/introduction,0
web/css/guides/table,0
web/css/guides/text,0
web/css/guides/text/whitespace,0
web/css/guides/text/wrapping_breaking_text,0
web/css/guides/text_decoration,0
web/css/guides/text_decoration/text_shadows,0
web/css/guides/transforms,0
web/css/guides/transforms/using,0
web/css/guides/transitions,0
web/css/guides/transitions/using,0
web/css/guides/values_and_units,0
web/css/guides/values_and_units/numeric_data_types,0
web/css/guides/values_and_units/textual_data_types,0
web/css/guides/values_and_units/using_math_functions,0
web/css/guides/values_and_units/using_typed_arithmetic,0
web/css/guides/values_and_units/value_definition_syntax,0
web/css/guides/view_transitions,0
web/css/guides/viewport,0
web/css/guides/webxr_dom_overlays,0
web/css/guides/will_change,0
web/css/guides/writing_modes,0
web/css/guides/writing_modes/vertical_controls,0
web/css/guides/writing_modes/writing_mode_systems,0
web/css/how_to,0
web/css/how_to/layout_cookbook,0
web/css/how_to/layout_cookbook/breadcrumb_navigation,0
web/css/how_to/layout_cookbook/card,0
web/css/how_to/layout_cookbook/center_an_element,0
web/css/how_to/layout_cookbook/column_layouts,0
web/css/how_to/layout_cookbook/contribute_a_recipe,0
web/css/how_to/layout_cookbook/contribute_a_recipe/cookbook_template,0
web/css/how_to/layout_cookbook/grid_wrapper,0
web/css/how_to/layout_cookbook/list_group_with_badges,0
web/css/how_to/layout_cookbook/media_objects,0
web/css/how_to/layout_cookbook/pagination,0
web/css/how_to/layout_cookbook/split_navigation,0
web/css/how_to/layout_cookbook/sticky_footers,0
web/css/reference,0
web/css/reference/at-rules,0
web/css/reference/at-rules/@charset,0
web/css/reference/at-rules/@color-profile,0
web/css/reference/at-rules/@container,0
web/css/reference/at-rules/@counter-style,0
web/css/reference/at-rules/@counter-style/additive-symbols,0
web/css/reference/at-rules/@counter-style/fallback,0
web/css/reference/at-rules/@counter-style/negative,0
web/css/reference/at-rules/@counter-style/pad,0
web/css/reference/at-rules/@counter-style/prefix,0
web/css/reference/at-rules/@counter-style/range,0
web/css/reference/at-rules/@counter-style/speak-as,0
web/css/reference/at-rules/@counter-style/suffix,0
web/css/reference/at-rules/@counter-style/symbols,0
web/css/reference/at-rules/@counter-style/system,0
web/css/reference/at-rules/@custom-media,0
web/css/reference/at-rules/@document,0
web/css/reference/at-rules/@font-face,0
web/css/reference/at-rules/@font-face/ascent-override,0
web/css/reference/at-rules/@font-face/descent-override,0
web/css/reference/at-rules/@font-face/font-display,0
web/css/reference/at-rules/@font-face/font-family,0
web/css/reference/at-rules/@font-face/font-feature-settings,0
web/css/reference/at-rules/@font-face/font-stretch,0
web/css/reference/at-rules/@font-face/font-style,0
web/css/reference/at-rules/@font-face/font-variation-settings,0
web/css/reference/at-rules/@font-face/font-weight,0
web/css/reference/at-rules/@font-face/font-width,0
web/css/reference/at-rules/@font-face/line-gap-override,0
web/css/reference/at-rules/@font-face/size-adjust,0
web/css/reference/at-rules/@font-face/src,0
web/css/reference/at-rules/@font-face/unicode-range,0
web/css/reference/at-rules/@font-feature-values,0
web/css/reference/at-rules/@font-feature-values/font-display,0
web/css/reference/at-rules/@font-palette-values,0
web/css/reference/at-rules/@font-palette-values/base-palette,0
web/css/reference/at-rules/@font-palette-values/font-family,0
web/css/reference/at-rules/@font-palette-values/override-colors,0
web/css/reference/at-rules/@function,0
web/css/reference/at-rules/@import,0
web/css/reference/at-rules/@import/layer_function,0
web/css/reference/at-rules/@keyframes,0
web/css/reference/at-rules/@layer,0
web/css/reference/at-rules/@media,0
web/css/reference/at-rules/@media/-moz-device-pixel-ratio,0
web/css/reference/at-rules/@media/-webkit-animation,0
web/css/reference/at-rules/@media/-webkit-device-pixel-ratio,0
web/css/reference/at-rules/@media/-webkit-transform-2d,0
web/css/reference/at-rules/@media/-webkit-transform-3d,0
web/css/reference/at-rules/@media/-webkit-transition,0
web/css/reference/at-rules/@media/any-hover,0
web/css/reference/at-rules/@media/any-pointer,0
web/css/reference/at-rules/@media/aspect-ratio,0
web/css/reference/at-rules/@media/color,0
web/css/reference/at-rules/@media/color-gamut,0
web/css/reference/at-rules/@media/color-index,0
web/css/reference/at-rules/@media/device-aspect-ratio,0
web/css/reference/at-rules/@media/device-height,0
web/css/reference/at-rules/@media/device-posture,0
web/css/reference/at-rules/@media/device-width,0
web/css/reference/at-rules/@media/display-mode,0
web/css/reference/at-rules/@media/dynamic-range,0
web/css/reference/at-rules/@media/forced-colors,0
web/css/reference/at-rules/@media/grid,0
web/css/reference/at-rules/@media/height,0
web/css/reference/at-rules/@media/horizontal-viewport-segments,0
web/css/reference/at-rules/@media/hover,0
web/css/reference/at-rules/@media/inverted-colors,0
web/css/reference/at-rules/@media/monochrome,0
web/css/reference/at-rules/@media/orientation,0
web/css/reference/at-rules/@media/overflow-block,0
web/css/reference/at-rules/@media/overflow-inline,0
web/css/reference/at-rules/@media/pointer,0
web/css/reference/at-rules/@media/prefers-color-scheme,0
web/css/reference/at-rules/@media/prefers-contrast,0
web/css/reference/at-rules/@media/prefers-reduced-data,0
web/css/reference/at-rules/@media/prefers-reduced-motion,0
web/css/reference/at-rules/@media/prefers-reduced-transparency,0
web/css/reference/at-rules/@media/resolution,0
web/css/reference/at-rules/@media/scan,0
web/css/reference/at-rules/@media/scripting,0
web/css/reference/at-rules/@media/shape,0
web/css/reference/at-rules/@media/update,0
web/css/reference/at-rules/@media/vertical-viewport-segments,0
web/css/reference/at-rules/@media/video-dynamic-range,0
web/css/reference/at-rules/@media/width,0
web/css/reference/at-rules/@namespace,0
web/css/reference/at-rules/@page,0
web/css/reference/at-rules/@page/page-orientation,0
web/css/reference/at-rules/@page/size,0
web/css/reference/at-rules/@position-try,0
web/css/reference/at-rules/@property,0
web/css/reference/at-rules/@property/inherits,0
web/css/reference/at-rules/@property/initial-value,0
web/css/reference/at-rules/@property/syntax,0
web/css/reference/at-rules/@scope,0
web/css/reference/at-rules/@starting-style,0
web/css/reference/at-rules/@supports,0
web/css/reference/at-rules/@view-transition,0
web/css/reference/at-rules/at-rule_functions,0
web/css/reference/mozilla_extensions,0
web/css/reference/properties,0
web/css/reference/properties/--_star_,0
web/css/reference/properties/-moz-float-edge,0
web/css/reference/properties/-moz-force-broken-image-icon,0
web/css/reference/properties/-moz-orient,0
web/css/reference/properties/-moz-user-focus,0
web/css/reference/properties/-moz-user-input,0
web/css/reference/properties/-webkit-border-before,0
web/css/reference/properties/-webkit-box-reflect,0
web/css/reference/properties/-webkit-mask-box-image,0
web/css/reference/properties/-webkit-mask-composite,0
web/css/reference/properties/-webkit-mask-position-x,0
web/css/reference/properties/-webkit-mask-position-y,0
web/css/reference/properties/-webkit-mask-repeat-x,0
web/css/reference/properties/-webkit-mask-repeat-y,0
web/css/reference/properties/-webkit-tap-highlight-color,0
web/css/reference/properties/-webkit-text-fill-color,0
web/css/reference/properties/-webkit-text-security,0
web/css/reference/properties/-webkit-text-stroke,0
web/css/reference/properties/-webkit-text-stroke-color,0
web/css/reference/properties/-webkit-text-stroke-width,0
web/css/reference/properties/-webkit-touch-callout,0
web/css/reference/properties/accent-color,0
web/css/reference/properties/align-content,0
web/css/reference/properties/align-items,0
web/css/reference/properties/align-self,0
web/css/reference/properties/alignment-baseline,0
web/css/reference/properties/all,0
web/css/reference/properties/anchor-name,0
web/css/reference/properties/anchor-scope,0
web/css/reference/properties/animation,0
web/css/reference/properties/animation-composition,0
web/css/reference/properties/animation-delay,0
web/css/reference/properties/animation-direction,0
web/css/reference/properties/animation-duration,0
web/css/reference/properties/animation-fill-mode,0
web/css/reference/properties/animation-iteration-count,0
web/css/reference/properties/animation-name,0
web/css/reference/properties/animation-play-state,0
web/css/reference/properties/animation-range,0
web/css/reference/properties/animation-range-end,0
web/css/reference/properties/animation-range-start,0
web/css/reference/properties/animation-timeline,0
web/css/reference/properties/animation-timeline/scroll,0
web/css/reference/properties/animation-timeline/view,0
web/css/reference/properties/animation-timing-function,0
web/css/reference/properties/appearance,0
web/css/reference/properties/aspect-ratio,0
web/css/reference/properties/backdrop-filter,0
web/css/reference/properties/backface-visibility,0
web/css/reference/properties/background,0
web/css/reference/properties/background-attachment,0
web/css/reference/properties/background-blend-mode,0
web/css/reference/properties/background-clip,0
web/css/reference/properties/background-color,0
web/css/reference/properties/background-image,0
web/css/reference/properties/background-origin,0
web/css/reference/properties/background-position,0
web/css/reference/properties/background-position-x,0
web/css/reference/properties/background-position-y,0
web/css/reference/properties/background-repeat,0
web/css/reference/properties/background-repeat-x,0
web/css/reference/properties/background-repeat-y,0
web/css/reference/properties/background-size,0
web/css/reference/properties/baseline-shift,0
web/css/reference/properties/baseline-source,0
web/css/reference/properties/block-size,0
web/css/reference/properties/border,0
web/css/reference/properties/border-block,0
web/css/reference/properties/border-block-color,0
web/css/reference/properties/border-block-end,0
web/css/reference/properties/border-block-end-color,0
web/css/reference/properties/border-block-end-style,0
web/css/reference/properties/border-block-end-width,0
web/css/reference/properties/border-block-start,0
web/css/reference/properties/border-block-start-color,0
web/css/reference/properties/border-block-start-style,0
web/css/reference/properties/border-block-start-width,0
web/css/reference/properties/border-block-style,0
web/css/reference/properties/border-block-width,0
web/css/reference/properties/border-bottom,0
web/css/reference/properties/border-bottom-color,0
web/css/reference/properties/border-bottom-left-radius,0
web/css/reference/properties/border-bottom-right-radius,0
web/css/reference/properties/border-bottom-style,0
web/css/reference/properties/border-bottom-width,0
web/css/reference/properties/border-collapse,0
web/css/reference/properties/border-color,0
web/css/reference/properties/border-end-end-radius,0
web/css/reference/properties/border-end-start-radius,0
web/css/reference/properties/border-image,0
web/css/reference/properties/border-image-outset,0
web/css/reference/properties/border-image-repeat,0
web/css/reference/properties/border-image-slice,0
web/css/reference/properties/border-image-source,0
web/css/reference/properties/border-image-width,0
web/css/reference/properties/border-inline,0
web/css/reference/properties/border-inline-color,0
web/css/reference/properties/border-inline-end,0
web/css/reference/properties/border-inline-end-color,0
web/css/reference/properties/border-inline-end-style,0
web/css/reference/properties/border-inline-end-width,0
web/css/reference/properties/border-inline-start,0
web/css/reference/properties/border-inline-start-color,0
web/css/reference/properties/border-inline-start-style,0
web/css/reference/properties/border-inline-start-width,0
web/css/reference/properties/border-inline-style,0
web/css/reference/properties/border-inline-width,0
web/css/reference/properties/border-left,0
web/css/reference/properties/border-left-color,0
web/css/reference/properties/border-left-style,0
web/css/reference/properties/border-left-width,0
web/css/reference/properties/border-radius,0
web/css/reference/properties/border-right,0
web/css/reference/properties/border-right-color,0
web/css/reference/properties/border-right-style,0
web/css/reference/properties/border-right-width,0
web/css/reference/properties/border-shape,0
web/css/reference/properties/border-spacing,0
web/css/reference/properties/border-start-end-radius,0
web/css/reference/properties/border-start-start-radius,0
web/css/reference/properties/border-style,0
web/css/reference/properties/border-top,0
web/css/reference/properties/border-top-color,0
web/css/reference/properties/border-top-left-radius,0
web/css/reference/properties/border-top-right-radius,0
web/css/reference/properties/border-top-style,0
web/css/reference/properties/border-top-width,0
web/css/reference/properties/border-width,0
web/css/reference/properties/bottom,0
web/css/reference/properties/box-align,0
web/css/reference/properties/box-decoration-break,0
web/css/reference/properties/box-direction,0
web/css/reference/properties/box-flex,0
web/css/reference/properties/box-flex-group,0
web/css/reference/properties/box-lines,0
web/css/reference/properties/box-ordinal-group,0
web/css/reference/properties/box-orient,0
web/css/reference/properties/box-pack,0
web/css/reference/properties/box-shadow,0
web/css/reference/properties/box-sizing,0
web/css/reference/properties/break-after,0
web/css/reference/properties/break-before,0
web/css/reference/properties/break-inside,0
web/css/reference/properties/caption-side,0
web/css/reference/properties/caret,0
web/css/reference/properties/caret-animation,0
web/css/reference/properties/caret-color,0
web/css/reference/properties/caret-shape,0
web/css/reference/properties/clear,0
web/css/reference/properties/clip,0
web/css/reference/properties/clip-path,0
web/css/reference/properties/clip-rule,0
web/css/reference/properties/color,0
web/css/reference/properties/color-interpolation,0
web/css/reference/properties/color-interpolation-filters,0
web/css/reference/properties/color-scheme,0
web/css/reference/properties/column-count,0
web/css/reference/properties/column-fill,0
web/css/reference/properties/column-gap,0
web/css/reference/properties/column-height,0
web/css/reference/properties/column-rule,0
web/css/reference/properties/column-rule-color,0
web/css/reference/properties/column-rule-style,0
web/css/reference/properties/column-rule-visibility-items,0
web/css/reference/properties/column-rule-width,0
web/css/reference/properties/column-span,0
web/css/reference/properties/column-width,0
web/css/reference/properties/column-wrap,0
web/css/reference/properties/columns,0
web/css/reference/properties/contain,0
web/css/reference/properties/contain-intrinsic-block-size,0
web/css/reference/properties/contain-intrinsic-height,0
web/css/reference/properties/contain-intrinsic-inline-size,0
web/css/reference/properties/contain-intrinsic-size,0
web/css/reference/properties/contain-intrinsic-width,0
web/css/reference/properties/container,0
web/css/reference/properties/container-name,0
web/css/reference/properties/container-type,0
web/css/reference/properties/content,0
web/css/reference/properties/content-visibility,0
web/css/reference/properties/corner-block-end-shape,0
web/css/reference/properties/corner-block-start-shape,0
web/css/reference/properties/corner-bottom-left-shape,0
web/css/reference/properties/corner-bottom-right-shape,0
web/css/reference/properties/corner-bottom-shape,0
web/css/reference/properties/corner-end-end-shape,0
web/css/reference/properties/corner-end-start-shape,0
web/css/reference/properties/corner-inline-end-shape,0
web/css/reference/properties/corner-inline-start-shape,0
web/css/reference/properties/corner-left-shape,0
web/css/reference/properties/corner-right-shape,0
web/css/reference/properties/corner-shape,0
web/css/reference/properties/corner-start-end-shape,0
web/css/reference/properties/corner-start-start-shape,0
web/css/reference/properties/corner-top-left-shape,0
web/css/reference/properties/corner-top-right-shape,0
web/css/reference/properties/corner-top-shape,0
web/css/reference/properties/counter-increment,0
web/css/reference/properties/counter-reset,0
web/css/reference/properties/counter-set,0
web/css/reference/properties/cursor,0
web/css/reference/properties/cx,0
web/css/reference/properties/cy,0
web/css/reference/properties/d,0
web/css/reference/properties/direction,0
web/css/reference/properties/display,0
web/css/reference/properties/dominant-baseline,0
web/css/reference/properties/dynamic-range-limit,0
web/css/reference/properties/empty-cells,0
web/css/reference/properties/field-sizing,0
web/css/reference/properties/fill,0
web/css/reference/properties/fill-opacity,0
web/css/reference/properties/fill-rule,0
web/css/reference/properties/filter,0
web/css/reference/properties/flex,0
web/css/reference/properties/flex-basis,0
web/css/reference/properties/flex-direction,0
web/css/reference/properties/flex-flow,0
web/css/reference/properties/flex-grow,0
web/css/reference/properties/flex-shrink,0
web/css/reference/properties/flex-wrap,0
web/css/reference/properties/float,0
web/css/reference/properties/flood-color,0
web/css/reference/properties/flood-opacity,0
web/css/reference/properties/font,0
web/css/reference/properties/font-family,0
web/css/reference/properties/font-feature-settings,0
web/css/reference/properties/font-kerning,0
web/css/reference/properties/font-language-override,0
web/css/reference/properties/font-optical-sizing,0
web/css/reference/properties/font-palette,0
web/css/reference/properties/font-palette/palette-mix,0
web/css/reference/properties/font-size,0
web/css/reference/properties/font-size-adjust,0
web/css/reference/properties/font-smooth,0
web/css/reference/properties/font-stretch,0
web/css/reference/properties/font-style,0
web/css/reference/properties/font-synthesis,0
web/css/reference/properties/font-synthesis-position,0
web/css/reference/properties/font-synthesis-small-caps,0
web/css/reference/properties/font-synthesis-style,0
web/css/reference/properties/font-synthesis-weight,0
web/css/reference/properties/font-variant,0
web/css/reference/properties/font-variant-alternates,0
web/css/reference/properties/font-variant-caps,0
web/css/reference/properties/font-variant-east-asian,0
web/css/reference/properties/font-variant-emoji,0
web/css/reference/properties/font-variant-ligatures,0
web/css/reference/properties/font-variant-numeric,0
web/css/reference/properties/font-variant-position,0
web/css/reference/properties/font-variation-settings,0
web/css/reference/properties/font-weight,0
web/css/reference/properties/font-width,0
web/css/reference/properties/forced-color-adjust,0
web/css/reference/properties/frame-sizing,0
web/css/reference/properties/gap,0
web/css/reference/properties/grid,0
web/css/reference/properties/grid-area,0
web/css/reference/properties/grid-auto-columns,0
web/css/reference/properties/grid-auto-flow,0
web/css/reference/properties/grid-auto-rows,0
web/css/reference/properties/grid-column,0
web/css/reference/properties/grid-column-end,0
web/css/reference/properties/grid-column-start,0
web/css/reference/properties/grid-row,0
web/css/reference/properties/grid-row-end,0
web/css/reference/properties/grid-row-start,0
web/css/reference/properties/grid-template,0
web/css/reference/properties/grid-template-areas,0
web/css/reference/properties/grid-template-columns,0
web/css/reference/properties/grid-template-rows,0
web/css/reference/properties/hanging-punctuation,0
web/css/reference/properties/height,0
web/css/reference/properties/hyphenate-character,0
web/css/reference/properties/hyphenate-limit-chars,0
web/css/reference/properties/hyphens,0
web/css/reference/properties/image-orientation,0
web/css/reference/properties/image-rendering,0
web/css/reference/properties/image-resolution,0
web/css/reference/properties/initial-letter,0
web/css/reference/properties/inline-size,0
web/css/reference/properties/inset,0
web/css/reference/properties/inset-block,0
web/css/reference/properties/inset-block-end,0
web/css/reference/properties/inset-block-start,0
web/css/reference/properties/inset-inline,0
web/css/reference/properties/inset-inline-end,0
web/css/reference/properties/inset-inline-start,0
web/css/reference/properties/interactivity,0
web/css/reference/properties/interest-delay,0
web/css/reference/properties/interest-delay-end,0
web/css/reference/properties/interest-delay-start,0
web/css/reference/properties/interpolate-size,0
web/css/reference/properties/isolation,0
web/css/reference/properties/justify-content,0
web/css/reference/properties/justify-items,0
web/css/reference/properties/justify-self,0
web/css/reference/properties/left,0
web/css/reference/properties/letter-spacing,0
web/css/reference/properties/lighting-color,0
web/css/reference/properties/line-break,0
web/css/reference/properties/line-clamp,0
web/css/reference/properties/line-height,0
web/css/reference/properties/line-height-step,0
web/css/reference/properties/list-style,0
web/css/reference/properties/list-style-image,0
web/css/reference/properties/list-style-position,0
web/css/reference/properties/list-style-type,0
web/css/reference/properties/margin,0
web/css/reference/properties/margin-block,0
web/css/reference/properties/margin-block-end,0
web/css/reference/properties/margin-block-start,0
web/css/reference/properties/margin-bottom,0
web/css/reference/properties/margin-inline,0
web/css/reference/properties/margin-inline-end,0
web/css/reference/properties/margin-inline-start,0
web/css/reference/properties/margin-left,0
web/css/reference/properties/margin-right,0
web/css/reference/properties/margin-top,0
web/css/reference/properties/margin-trim,0
web/css/reference/properties/marker,0
web/css/reference/properties/marker-end,0
web/css/reference/properties/marker-mid,0
web/css/reference/properties/marker-start,0
web/css/reference/properties/mask,0
web/css/reference/properties/mask-border,0
web/css/reference/properties/mask-border-mode,0
web/css/reference/properties/mask-border-outset,0
web/css/reference/properties/mask-border-repeat,0
web/css/reference/properties/mask-border-slice,0
web/css/reference/properties/mask-border-source,0
web/css/reference/properties/mask-border-width,0
web/css/reference/properties/mask-clip,0
web/css/reference/properties/mask-composite,0
web/css/reference/properties/mask-image,0
web/css/reference/properties/mask-mode,0
web/css/reference/properties/mask-origin,0
web/css/reference/properties/mask-position,0
web/css/reference/properties/mask-repeat,0
web/css/reference/properties/mask-size,0
web/css/reference/properties/mask-type,0
web/css/reference/properties/math-depth,0
web/css/reference/properties/math-shift,0
web/css/reference/properties/math-style,0
web/css/reference/properties/max-block-size,0
web/css/reference/properties/max-height,0
web/css/reference/properties/max-inline-size,0
web/css/reference/properties/max-width,0
web/css/reference/properties/min-block-size,0
web/css/reference/properties/min-height,0
web/css/reference/properties/min-inline-size,0
web/css/reference/properties/min-width,0
web/css/reference/properties/mix-blend-mode,0
web/css/reference/properties/object-fit,0
web/css/reference/properties/object-position,0
web/css/reference/properties/object-view-box,0
web/css/reference/properties/offset,0
web/css/reference/properties/offset-anchor,0
web/css/reference/properties/offset-distance,0
web/css/reference/properties/offset-path,0
web/css/reference/properties/offset-position,0
web/css/reference/properties/offset-rotate,0
web/css/reference/properties/opacity,0
web/css/reference/properties/order,0
web/css/reference/properties/orphans,0
web/css/reference/properties/outline,0
web/css/reference/properties/outline-color,0
web/css/reference/properties/outline-offset,0
web/css/reference/properties/outline-style,0
web/css/reference/properties/outline-width,0
web/css/reference/properties/overflow,0
web/css/reference/properties/overflow-anchor,0
web/css/reference/properties/overflow-block,0
web/css/reference/properties/overflow-clip-margin,0
web/css/reference/properties/overflow-inline,0
web/css/reference/properties/overflow-wrap,0
web/css/reference/properties/overflow-x,0
web/css/reference/properties/overflow-y,0
web/css/reference/properties/overlay,0
web/css/reference/properties/overscroll-behavior,0
web/css/reference/properties/overscroll-behavior-block,0
web/css/reference/properties/overscroll-behavior-inline,0
web/css/reference/properties/overscroll-behavior-x,0
web/css/reference/properties/overscroll-behavior-y,0
web/css/reference/properties/padding,0
web/css/reference/properties/padding-block,0
web/css/reference/properties/padding-block-end,0
web/css/reference/properties/padding-block-start,0
web/css/reference/properties/padding-bottom,0
web/css/reference/properties/padding-inline,0
web/css/reference/properties/padding-inline-end,0
web/css/reference/properties/padding-inline-start,0
web/css/reference/properties/padding-left,0
web/css/reference/properties/padding-right,0
web/css/reference/properties/padding-top,0
web/css/reference/properties/page,0
web/css/reference/properties/page-break-after,0
web/css/reference/properties/page-break-before,0
web/css/reference/properties/page-break-inside,0
web/css/reference/properties/paint-order,0
web/css/reference/properties/perspective,0
web/css/reference/properties/perspective-origin,0
web/css/reference/properties/place-content,0
web/css/reference/properties/place-items,0
web/css/reference/properties/place-self,0
web/css/reference/properties/pointer-events,0
web/css/reference/properties/position,0
web/css/reference/properties/position-anchor,0
web/css/reference/properties/position-area,0
web/css/reference/properties/position-try,0
web/css/reference/properties/position-try-fallbacks,0
web/css/reference/properties/position-try-order,0
web/css/reference/properties/position-visibility,0
web/css/reference/properties/print-color-adjust,0
web/css/reference/properties/quotes,0
web/css/reference/properties/r,0
web/css/reference/properties/reading-flow,0
web/css/reference/properties/reading-order,0
web/css/reference/properties/resize,0
web/css/reference/properties/right,0
web/css/reference/properties/rotate,0
web/css/reference/properties/row-gap,0
web/css/reference/properties/row-rule,0
web/css/reference/properties/row-rule-color,0
web/css/reference/properties/row-rule-style,0
web/css/reference/properties/row-rule-visibility-items,0
web/css/reference/properties/row-rule-width,0
web/css/reference/properties/ruby-align,0
web/css/reference/properties/ruby-overhang,0
web/css/reference/properties/ruby-position,0
web/css/reference/properties/rule-visibility-items,0
web/css/reference/properties/rx,0
web/css/reference/properties/ry,0
web/css/reference/properties/scale,0
web/css/reference/properties/scroll-behavior,0
web/css/reference/properties/scroll-initial-target,0
web/css/reference/properties/scroll-margin,0
web/css/reference/properties/scroll-margin-block,0
web/css/reference/properties/scroll-margin-block-end,0
web/css/reference/properties/scroll-margin-block-start,0
web/css/reference/properties/scroll-margin-bottom,0
web/css/reference/properties/scroll-margin-inline,0
web/css/reference/properties/scroll-margin-inline-end,0
web/css/reference/properties/scroll-margin-inline-start,0
web/css/reference/properties/scroll-margin-left,0
web/css/reference/properties/scroll-margin-right,0
web/css/reference/properties/scroll-margin-top,0
web/css/reference/properties/scroll-marker-group,0
web/css/reference/properties/scroll-padding,0
web/css/reference/properties/scroll-padding-block,0
web/css/reference/properties/scroll-padding-block-end,0
web/css/reference/properties/scroll-padding-block-start,0
web/css/reference/properties/scroll-padding-bottom,0
web/css/reference/properties/scroll-padding-inline,0
web/css/reference/properties/scroll-padding-inline-end,0
web/css/reference/properties/scroll-padding-inline-start,0
web/css/reference/properties/scroll-padding-left,0
web/css/reference/properties/scroll-padding-right,0
web/css/reference/properties/scroll-padding-top,0
web/css/reference/properties/scroll-snap-align,0
web/css/reference/properties/scroll-snap-stop,0
web/css/reference/properties/scroll-snap-type,0
web/css/reference/properties/scroll-target-group,0
web/css/reference/properties/scroll-timeline,0
web/css/reference/properties/scroll-timeline-axis,0
web/css/reference/properties/scroll-timeline-name,0
web/css/reference/properties/scrollbar-color,0
web/css/reference/properties/scrollbar-gutter,0
web/css/reference/properties/scrollbar-width,0
web/css/reference/properties/shape-image-threshold,0
web/css/reference/properties/shape-margin,0
web/css/reference/properties/shape-outside,0
web/css/reference/properties/shape-rendering,0
web/css/reference/properties/speak-as,0
web/css/reference/properties/stop-color,0
web/css/reference/properties/stop-opacity,0
web/css/reference/properties/stroke,0
web/css/reference/properties/stroke-dasharray,0
web/css/reference/properties/stroke-dashoffset,0
web/css/reference/properties/stroke-linecap,0
web/css/reference/properties/stroke-linejoin,0
web/css/reference/properties/stroke-miterlimit,0
web/css/reference/properties/stroke-opacity,0
web/css/reference/properties/stroke-width,0
web/css/reference/properties/tab-size,0
web/css/reference/properties/table-layout,0
web/css/reference/properties/text-align,0
web/css/reference/properties/text-align-last,0
web/css/reference/properties/text-anchor,0
web/css/reference/properties/text-autospace,0
web/css/reference/properties/text-box,0
web/css/reference/properties/text-box-edge,0
web/css/reference/properties/text-box-trim,0
web/css/reference/properties/text-combine-upright,0
web/css/reference/properties/text-decoration,0
web/css/reference/properties/text-decoration-color,0
web/css/reference/properties/text-decoration-inset,0
web/css/reference/properties/text-decoration-line,0
web/css/reference/properties/text-decoration-skip,0
web/css/reference/properties/text-decoration-skip-ink,0
web/css/reference/properties/text-decoration-style,0
web/css/reference/properties/text-decoration-thickness,0
web/css/reference/properties/text-emphasis,0
web/css/reference/properties/text-emphasis-color,0
web/css/reference/properties/text-emphasis-position,0
web/css/reference/properties/text-emphasis-style,0
web/css/reference/properties/text-indent,0
web/css/reference/properties/text-justify,0
web/css/reference/properties/text-orientation,0
web/css/reference/properties/text-overflow,0
web/css/reference/properties/text-rendering,0
web/css/reference/properties/text-shadow,0
web/css/reference/properties/text-size-adjust,0
web/css/reference/properties/text-spacing-trim,0
web/css/reference/properties/text-transform,0
web/css/reference/properties/text-underline-offset,0
web/css/reference/properties/text-underline-position,0
web/css/reference/properties/text-wrap,0
web/css/reference/properties/text-wrap-mode,0
web/css/reference/properties/text-wrap-style,0
web/css/reference/properties/timeline-scope,0
web/css/reference/properties/top,0
web/css/reference/properties/touch-action,0
web/css/reference/properties/transform,0
web/css/reference/properties/transform-box,0
web/css/reference/properties/transform-origin,0
web/css/reference/properties/transform-style,0
web/css/reference/properties/transition,0
web/css/reference/properties/transition-behavior,0
web/css/reference/properties/transition-delay,0
web/css/reference/properties/transition-duration,0
web/css/reference/properties/transition-property,0
web/css/reference/properties/transition-timing-function,0
web/css/reference/properties/translate,0
web/css/reference/properties/unicode-bidi,0
web/css/reference/properties/user-modify,0
web/css/reference/properties/user-select,0
web/css/reference/properties/vector-effect,0
web/css/reference/properties/vertical-align,0
web/css/reference/properties/view-timeline,0
web/css/reference/properties/view-timeline-axis,0
web/css/reference/properties/view-timeline-inset,0
web/css/reference/properties/view-timeline-name,0
web/css/reference/properties/view-transition-class,0
web/css/reference/properties/view-transition-name,0
web/css/reference/properties/view-transition-scope,0
web/css/reference/properties/visibility,0
web/css/reference/properties/white-space,0
web/css/reference/properties/white-space-collapse,0
web/css/reference/properties/widows,0
web/css/reference/properties/width,0
web/css/reference/properties/will-change,0
web/css/reference/properties/word-break,0
web/css/reference/properties/word-spacing,0
web/css/reference/properties/writing-mode,0
web/css/reference/properties/x,0
web/css/reference/properties/y,0
web/css/reference/properties/z-index,0
web/css/reference/properties/zoom,0
web/css/reference/selectors,0
web/css/reference/selectors/_colon_-moz-broken,0
web/css/reference/selectors/_colon_-moz-drag-over,0
web/css/reference/selectors/_colon_-moz-first-node,0
web/css/reference/selectors/_colon_-moz-handler-blocked,0
web/css/reference/selectors/_colon_-moz-handler-crashed,0
web/css/reference/selectors/_colon_-moz-handler-disabled,0
web/css/reference/selectors/_colon_-moz-last-node,0
web/css/reference/selectors/_colon_-moz-loading,0
web/css/reference/selectors/_colon_-moz-locale-dir_ltr,0
web/css/reference/selectors/_colon_-moz-locale-dir_rtl,0
web/css/reference/selectors/_colon_-moz-only-whitespace,0
web/css/reference/selectors/_colon_-moz-submit-invalid,0
web/css/reference/selectors/_colon_-moz-suppressed,0
web/css/reference/selectors/_colon_-moz-user-disabled,0
web/css/reference/selectors/_colon_-moz-window-inactive,0
web/css/reference/selectors/_colon_active,0
web/css/reference/selectors/_colon_active-view-transition,0
web/css/reference/selectors/_colon_active-view-transition-type,0
web/css/reference/selectors/_colon_any-link,0
web/css/reference/selectors/_colon_autofill,0
web/css/reference/selectors/_colon_blank,0
web/css/reference/selectors/_colon_buffering,0
web/css/reference/selectors/_colon_checked,0
web/css/reference/selectors/_colon_current,0
web/css/reference/selectors/_colon_default,0
web/css/reference/selectors/_colon_defined,0
web/css/reference/selectors/_colon_dir,0
web/css/reference/selectors/_colon_disabled,0
web/css/reference/selectors/_colon_empty,0
web/css/reference/selectors/_colon_enabled,0
web/css/reference/selectors/_colon_first,0
web/css/reference/selectors/_colon_first-child,0
web/css/reference/selectors/_colon_first-of-type,0
web/css/reference/selectors/_colon_focus,0
web/css/reference/selectors/_colon_focus-visible,0
web/css/reference/selectors/_colon_focus-within,0
web/css/reference/selectors/_colon_fullscreen,0
web/css/reference/selectors/_colon_future,0
web/css/reference/selectors/_colon_has,0
web/css/reference/selectors/_colon_has-slotted,0
web/css/reference/selectors/_colon_heading,0
web/css/reference/selectors/_colon_heading_function,0
web/css/reference/selectors/_colon_host,0
web/css/reference/selectors/_colon_host-context,0
web/css/reference/selectors/_colon_host_function,0
web/css/reference/selectors/_colon_hover,0
web/css/reference/selectors/_colon_in-range,0
web/css/reference/selectors/_colon_indeterminate,0
web/css/reference/selectors/_colon_interest-source,0
web/css/reference/selectors/_colon_interest-target,0
web/css/reference/selectors/_colon_invalid,0
web/css/reference/selectors/_colon_is,0
web/css/reference/selectors/_colon_lang,0
web/css/reference/selectors/_colon_last-child,0
web/css/reference/selectors/_colon_last-of-type,0
web/css/reference/selectors/_colon_left,0
web/css/reference/selectors/_colon_link,0
web/css/reference/selectors/_colon_local-link,0
web/css/reference/selectors/_colon_modal,0
web/css/reference/selectors/_colon_muted,0
web/css/reference/selectors/_colon_not,0
web/css/reference/selectors/_colon_nth-child,0
web/css/reference/selectors/_colon_nth-last-child,0
web/css/reference/selectors/_colon_nth-last-of-type,0
web/css/reference/selectors/_colon_nth-of-type,0
web/css/reference/selectors/_colon_only-child,0
web/css/reference/selectors/_colon_only-of-type,0
web/css/reference/selectors/_colon_open,0
web/css/reference/selectors/_colon_optional,0
web/css/reference/selectors/_colon_out-of-range,0
web/css/reference/selectors/_colon_past,0
web/css/reference/selectors/_colon_paused,0
web/css/reference/selectors/_colon_picture-in-picture,0
web/css/reference/selectors/_colon_placeholder-shown,0
web/css/reference/selectors/_colon_playing,0
web/css/reference/selectors/_colon_popover-open,0
web/css/reference/selectors/_colon_read-only,0
web/css/reference/selectors/_colon_read-write,0
web/css/reference/selectors/_colon_required,0
web/css/reference/selectors/_colon_right,0
web/css/reference/selectors/_colon_root,0
web/css/reference/selectors/_colon_scope,0
web/css/reference/selectors/_colon_seeking,0
web/css/reference/selectors/_colon_stalled,0
web/css/reference/selectors/_colon_state,0
web/css/reference/selectors/_colon_target,0
web/css/reference/selectors/_colon_target-after,0
web/css/reference/selectors/_colon_target-before,0
web/css/reference/selectors/_colon_target-current,0
web/css/reference/selectors/_colon_user-invalid,0
web/css/reference/selectors/_colon_user-valid,0
web/css/reference/selectors/_colon_valid,0
web/css/reference/selectors/_colon_visited,0
web/css/reference/selectors/_colon_volume-locked,0
web/css/reference/selectors/_colon_where,0
web/css/reference/selectors/_colon_xr-overlay,0
web/css/reference/selectors/_doublecolon_-moz-color-swatch,0
web/css/reference/selectors/_doublecolon_-moz-focus-inner,0
web/css/reference/selectors/_doublecolon_-moz-list-bullet,0
web/css/reference/selectors/_doublecolon_-moz-list-number,0
web/css/reference/selectors/_doublecolon_-moz-meter-bar,0
web/css/reference/selectors/_doublecolon_-moz-progress-bar,0
web/css/reference/selectors/_doublecolon_-moz-range-progress,0
web/css/reference/selectors/_doublecolon_-moz-range-thumb,0
web/css/reference/selectors/_doublecolon_-moz-range-track,0
web/css/reference/selectors/_doublecolon_-webkit-inner-spin-button,0
web/css/reference/selectors/_doublecolon_-webkit-meter-bar,0
web/css/reference/selectors/_doublecolon_-webkit-meter-even-less-good-value,0
web/css/reference/selectors/_doublecolon_-webkit-meter-inner-element,0
web/css/reference/selectors/_doublecolon_-webkit-meter-optimum-value,0
web/css/reference/selectors/_doublecolon_-webkit-meter-suboptimum-value,0
web/css/reference/selectors/_doublecolon_-webkit-progress-bar,0
web/css/reference/selectors/_doublecolon_-webkit-progress-inner-element,0
web/css/reference/selectors/_doublecolon_-webkit-progress-value,0
web/css/reference/selectors/_doublecolon_-webkit-scrollbar,0
web/css/reference/selectors/_doublecolon_-webkit-search-cancel-button,0
web/css/reference/selectors/_doublecolon_-webkit-search-results-button,0
web/css/reference/selectors/_doublecolon_-webkit-slider-runnable-track,0
web/css/reference/selectors/_doublecolon_-webkit-slider-thumb,0
web/css/reference/selectors/_doublecolon_after,0
web/css/reference/selectors/_doublecolon_backdrop,0
web/css/reference/selectors/_doublecolon_before,0
web/css/reference/selectors/_doublecolon_checkmark,0
web/css/reference/selectors/_doublecolon_column,0
web/css/reference/selectors/_doublecolon_cue,0
web/css/reference/selectors/_doublecolon_details-content,0
web/css/reference/selectors/_doublecolon_file-selector-button,0
web/css/reference/selectors/_doublecolon_first-letter,0
web/css/reference/selectors/_doublecolon_first-line,0
web/css/reference/selectors/_doublecolon_grammar-error,0
web/css/reference/selectors/_doublecolon_highlight,0
web/css/reference/selectors/_doublecolon_marker,0
web/css/reference/selectors/_doublecolon_part,0
web/css/reference/selectors/_doublecolon_picker,0
web/css/reference/selectors/_doublecolon_picker-icon,0
web/css/reference/selectors/_doublecolon_placeholder,0
web/css/reference/selectors/_doublecolon_scroll-button,0
web/css/reference/selectors/_doublecolon_scroll-marker,0
web/css/reference/selectors/_doublecolon_scroll-marker-group,0
web/css/reference/selectors/_doublecolon_search-text,0
web/css/reference/selectors/_doublecolon_selection,0
web/css/reference/selectors/_doublecolon_slotted,0
web/css/reference/selectors/_doublecolon_spelling-error,0
web/css/reference/selectors/_doublecolon_target-text,0
web/css/reference/selectors/_doublecolon_view-transition,0
web/css/reference/selectors/_doublecolon_view-transition-group,0
web/css/reference/selectors/_doublecolon_view-transition-image-pair,0
web/css/reference/selectors/_doublecolon_view-transition-new,0
web/css/reference/selectors/_doublecolon_view-transition-old,0
web/css/reference/selectors/attribute_selectors,0
web/css/reference/selectors/child_combinator,0
web/css/reference/selectors/class_selectors,0
web/css/reference/selectors/column_combinator,0
web/css/reference/selectors/combinators,0
web/css/reference/selectors/descendant_combinator,0
web/css/reference/selectors/id_selectors,0
web/css/reference/selectors/keyframe_selectors,0
web/css/reference/selectors/namespace_separator,0
web/css/reference/selectors/nesting_selector,0
web/css/reference/selectors/next-sibling_combinator,0
web/css/reference/selectors/pseudo-classes,0
web/css/reference/selectors/pseudo-elements,0
web/css/reference/selectors/selector_list,0
web/css/reference/selectors/subsequent-sibling_combinator,0
web/css/reference/selectors/type_selectors,0
web/css/reference/selectors/universal_selectors,0
web/css/reference/values,0
web/css/reference/values/-moz-image-rect,0
web/css/reference/values/abs,0
web/css/reference/values/absolute-size,0
web/css/reference/values/acos,0
web/css/reference/values/alpha-value,0
web/css/reference/values/anchor,0
web/css/reference/values/anchor-size,0
web/css/reference/values/angle,0
web/css/reference/values/angle-percentage,0
web/css/reference/values/asin,0
web/css/reference/values/atan,0
web/css/reference/values/atan2,0
web/css/reference/values/attr,0
web/css/reference/values/axis,0
web/css/reference/values/baseline-position,0
web/css/reference/values/basic-shape,0
web/css/reference/values/basic-shape/circle,0
web/css/reference/values/basic-shape/ellipse,0
web/css/reference/values/basic-shape/inset,0
web/css/reference/values/basic-shape/path,0
web/css/reference/values/basic-shape/polygon,0
web/css/reference/values/basic-shape/rect,0
web/css/reference/values/basic-shape/shape,0
web/css/reference/values/basic-shape/xywh,0
web/css/reference/values/blend-mode,0
web/css/reference/values/box-edge,0
web/css/reference/values/calc,0
web/css/reference/values/calc-keyword,0
web/css/reference/values/calc-size,0
web/css/reference/values/calc-sum,0
web/css/reference/values/clamp,0
web/css/reference/values/color-interpolation-method,0
web/css/reference/values/color_value,0
web/css/reference/values/color_value/alpha,0
web/css/reference/values/color_value/color,0
web/css/reference/values/color_value/color-mix,0
web/css/reference/values/color_value/contrast-color,0
web/css/reference/values/color_value/device-cmyk,0
web/css/reference/values/color_value/hsl,0
web/css/reference/values/color_value/hwb,0
web/css/reference/values/color_value/lab,0
web/css/reference/values/color_value/lch,0
web/css/reference/values/color_value/light-dark,0
web/css/reference/values/color_value/oklab,0
web/css/reference/values/color_value/oklch,0
web/css/reference/values/color_value/rgb,0
web/css/reference/values/content-distribution,0
web/css/reference/values/content-position,0
web/css/reference/values/corner-shape-value,0
web/css/reference/values/cos,0
web/css/reference/values/counter,0
web/css/reference/values/counters,0
web/css/reference/values/cross-fade,0
web/css/reference/values/custom-ident,0
web/css/reference/values/dashed-function,0
web/css/reference/values/dashed-ident,0
web/css/reference/values/data_types,0
web/css/reference/values/dimension,0
web/css/reference/values/display-box,0
web/css/reference/values/display-inside,0
web/css/reference/values/display-internal,0
web/css/reference/values/display-legacy,0
web/css/reference/values/display-listitem,0
web/css/reference/values/display-outside,0
web/css/reference/values/dynamic-range-limit-mix,0
web/css/reference/values/easing-function,0
web/css/reference/values/easing-function/cubic-bezier,0
web/css/reference/values/easing-function/linear,0
web/css/reference/values/easing-function/steps,0
web/css/reference/values/element,0
web/css/reference/values/env,0
web/css/reference/values/exp,0
web/css/reference/values/filter-function,0
web/css/reference/values/filter-function/blur,0
web/css/reference/values/filter-function/brightness,0
web/css/reference/values/filter-function/contrast,0
web/css/reference/values/filter-function/drop-shadow,0
web/css/reference/values/filter-function/grayscale,0
web/css/reference/values/filter-function/hue-rotate,0
web/css/reference/values/filter-function/invert,0
web/css/reference/values/filter-function/opacity,0
web/css/reference/values/filter-function/saturate,0
web/css/reference/values/filter-function/sepia,0
web/css/reference/values/fit-content,0
web/css/reference/values/fit-content_function,0
web/css/reference/values/flex_value,0
web/css/reference/values/frequency,0
web/css/reference/values/frequency-percentage,0
web/css/reference/values/functions,0
web/css/reference/values/generic-family,0
web/css/reference/values/gradient,0
web/css/reference/values/gradient/conic-gradient,0
web/css/reference/values/gradient/linear-gradient,0
web/css/reference/values/gradient/radial-gradient,0
web/css/reference/values/gradient/repeating-conic-gradient,0
web/css/reference/values/gradient/repeating-linear-gradient,0
web/css/reference/values/gradient/repeating-radial-gradient,0
web/css/reference/values/hex-color,0
web/css/reference/values/hue,0
web/css/reference/values/hue-interpolation-method,0
web/css/reference/values/hypot,0
web/css/reference/values/ident,0
web/css/reference/values/if,0
web/css/reference/values/image,0
web/css/reference/values/image/image,0
web/css/reference/values/image/image-set,0
web/css/reference/values/image/paint,0
web/css/reference/values/important,0
web/css/reference/values/inherit,0
web/css/reference/values/initial,0
web/css/reference/values/integer,0
web/css/reference/values/length,0
web/css/reference/values/length-percentage,0
web/css/reference/values/line-style,0
web/css/reference/values/log,0
web/css/reference/values/max,0
web/css/reference/values/max-content,0
web/css/reference/values/min,0
web/css/reference/values/min-content,0
web/css/reference/values/minmax,0
web/css/reference/values/mod,0
web/css/reference/values/named-color,0
web/css/reference/values/number,0
web/css/reference/values/overflow-position,0
web/css/reference/values/overflow_value,0
web/css/reference/values/percentage,0
web/css/reference/values/position-area_value,0
web/css/reference/values/position_value,0
web/css/reference/values/pow,0
web/css/reference/values/progress,0
web/css/reference/values/random,0
web/css/reference/values/ratio,0
web/css/reference/values/ray,0
web/css/reference/values/relative-size,0
web/css/reference/values/rem,0
web/css/reference/values/repeat,0
web/css/reference/values/resolution,0
web/css/reference/values/revert,0
web/css/reference/values/revert-layer,0
web/css/reference/values/revert-rule,0
web/css/reference/values/round,0
web/css/reference/values/rule-list,0
web/css/reference/values/self-position,0
web/css/reference/values/shape,0
web/css/reference/values/sibling-count,0
web/css/reference/values/sibling-index,0
web/css/reference/values/sign,0
web/css/reference/values/sin,0
web/css/reference/values/sqrt,0
web/css/reference/values/string,0
web/css/reference/values/superellipse,0
web/css/reference/values/symbols,0
web/css/reference/values/system-color,0
web/css/reference/values/tan,0
web/css/reference/values/text-edge,0
web/css/reference/values/time,0
web/css/reference/values/time-percentage,0
web/css/reference/values/timeline-range-name,0
web/css/reference/values/transform-function,0
web/css/reference/values/transform-function/matrix,0
web/css/reference/values/transform-function/matrix3d,0
web/css/reference/values/transform-function/perspective,0
web/css/reference/values/transform-function/rotate,0
web/css/reference/values/transform-function/rotate3d,0
web/css/reference/values/transform-function/rotatex,0
web/css/reference/values/transform-function/rotatey,0
web/css/reference/values/transform-function/rotatez,0
web/css/reference/values/transform-function/scale,0
web/css/reference/values/transform-function/scale3d,0
web/css/reference/values/transform-function/scalex,0
web/css/reference/values/transform-function/scaley,0
web/css/reference/values/transform-function/scalez,0
web/css/reference/values/transform-function/skew,0
web/css/reference/values/transform-function/skewx,0
web/css/reference/values/transform-function/skewy,0
web/css/reference/values/transform-function/translate,0
web/css/reference/values/transform-function/translate3d,0
web/css/reference/values/transform-function/translatex,0
web/css/reference/values/transform-function/translatey,0
web/css/reference/values/transform-function/translatez,0
web/css/reference/values/type,0
web/css/reference/values/unset,0
web/css/reference/values/url_function,0
web/css/reference/values/url_value,0
web/css/reference/values/var,0
web/css/reference/webkit_extensions,0
web/css/tutorials,0
web/html,0
web/html/guides,0
web/html/guides/cheatsheet,0
web/html/guides/comments,0
web/html/guides/constraint_validation,0
web/html/guides/content_categories,0
web/html/guides/date_and_time_formats,0
web/html/guides/microdata,0
web/html/guides/microformats,0
web/html/guides/quirks_mode_and_standards_mode,0
web/html/guides/responsive_images,0
web/html/how_to,0
web/html/how_to/add_a_hit_map_on_top_of_an_image,0
web/html/how_to/add_javascript_to_your_web_page,0
web/html/how_to/author_fast-loading_html_pages,0
web/html/how_to/cors_enabled_image,0
web/html/how_to/define_terms_with_html,0
web/html/how_to/use_data_attributes,0
web/html/reference,0
web/html/reference/attributes,0
web/html/reference/attributes/accept,0
web/html/reference/attributes/autocomplete,0
web/html/reference/attributes/capture,0
web/html/reference/attributes/content,0
web/html/reference/attributes/crossorigin,0
web/html/reference/attributes/dirname,0
web/html/reference/attributes/disabled,0
web/html/reference/attributes/elementtiming,0
web/html/reference/attributes/fetchpriority,0
web/html/reference/attributes/for,0
web/html/reference/attributes/form,0
web/html/reference/attributes/integrity,0
web/html/reference/attributes/max,0
web/html/reference/attributes/maxlength,0
web/html/reference/attributes/min,0
web/html/reference/attributes/minlength,0
web/html/reference/attributes/multiple,0
web/html/reference/attributes/pattern,0
web/html/reference/attributes/placeholder,0
web/html/reference/attributes/readonly,0
web/html/reference/attributes/rel,0
web/html/reference/attributes/rel/alternate_stylesheet,0
web/html/reference/attributes/rel/compression-dictionary,0
web/html/reference/attributes/rel/dns-prefetch,0
web/html/reference/attributes/rel/manifest,0
web/html/reference/attributes/rel/me,0
web/html/reference/attributes/rel/modulepreload,0
web/html/reference/attributes/rel/noopener,0
web/html/reference/attributes/rel/noreferrer,0
web/html/reference/attributes/rel/preconnect,0
web/html/reference/attributes/rel/prefetch,0
web/html/reference/attributes/rel/preload,0
web/html/reference/attributes/rel/prerender,0
web/html/reference/attributes/required,0
web/html/reference/attributes/size,0
web/html/reference/attributes/step,0
web/html/reference/elements,0
web/html/reference/elements/a,0
web/html/reference/elements/abbr,0
web/html/reference/elements/acronym,0
web/html/reference/elements/address,0
web/html/reference/elements/area,0
web/html/reference/elements/article,0
web/html/reference/elements/aside,0
web/html/reference/elements/audio,0
web/html/reference/elements/b,0
web/html/reference/elements/base,0
web/html/reference/elements/bdi,0
web/html/reference/elements/bdo,0
web/html/reference/elements/big,0
web/html/reference/elements/blockquote,0
web/html/reference/elements/body,0
web/html/reference/elements/br,0
web/html/reference/elements/button,0
web/html/reference/elements/canvas,0
web/html/reference/elements/caption,0
web/html/reference/elements/center,0
web/html/reference/elements/cite,0
web/html/reference/elements/code,0
web/html/reference/elements/col,0
web/html/reference/elements/colgroup,0
web/html/reference/elements/data,0
web/html/reference/elements/datalist,0
web/html/reference/elements/dd,0
web/html/reference/elements/del,0
web/html/reference/elements/details,0
web/html/reference/elements/dfn,0
web/html/reference/elements/dialog,0
web/html/reference/elements/dir,0
web/html/reference/elements/div,0
web/html/reference/elements/dl,0
web/html/reference/elements/dt,0
web/html/reference/elements/em,0
web/html/reference/elements/embed,0
web/html/reference/elements/fencedframe,0
web/html/reference/elements/fieldset,0
web/html/reference/elements/figcaption,0
web/html/reference/elements/figure,0
web/html/reference/elements/font,0
web/html/reference/elements/footer,0
web/html/reference/elements/form,0
web/html/reference/elements/frame,0
web/html/reference/elements/frameset,0
web/html/reference/elements/geolocation,0
web/html/reference/elements/head,0
web/html/reference/elements/header,0
web/html/reference/elements/heading_elements,0
web/html/reference/elements/hgroup,0
web/html/reference/elements/hr,0
web/html/reference/elements/html,0
web/html/reference/elements/i,0
web/html/reference/elements/iframe,0
web/html/reference/elements/img,0
web/html/reference/elements/input,0
web/html/reference/elements/input/button,0
web/html/reference/elements/input/checkbox,0
web/html/reference/elements/input/color,0
web/html/reference/elements/input/date,0
web/html/reference/elements/input/datetime-local,0
web/html/reference/elements/input/email,0
web/html/reference/elements/input/file,0
web/html/reference/elements/input/hidden,0
web/html/reference/elements/input/image,0
web/html/reference/elements/input/month,0
web/html/reference/elements/input/number,0
web/html/reference/elements/input/password,0
web/html/reference/elements/input/radio,0
web/html/reference/elements/input/range,0
web/html/reference/elements/input/reset,0
web/html/reference/elements/input/search,0
web/html/reference/elements/input/submit,0
web/html/reference/elements/input/tel,0
web/html/reference/elements/input/text,0
web/html/reference/elements/input/time,0
web/html/reference/elements/input/url,0
web/html/reference/elements/input/week,0
web/html/reference/elements/ins,0
web/html/reference/elements/kbd,0
web/html/reference/elements/label,0
web/html/reference/elements/legend,0
web/html/reference/elements/li,0
web/html/reference/elements/link,0
web/html/reference/elements/main,0
web/html/reference/elements/map,0
web/html/reference/elements/mark,0
web/html/reference/elements/marquee,0
web/html/reference/elements/menu,0
web/html/reference/elements/meta,0
web/html/reference/elements/meta/http-equiv,0
web/html/reference/elements/meta/name,0
web/html/reference/elements/meta/name/color-scheme,0
web/html/reference/elements/meta/name/referrer,0
web/html/reference/elements/meta/name/responsive-embedded-sizing,0
web/html/reference/elements/meta/name/robots,0
web/html/reference/elements/meta/name/text-scale,0
web/html/reference/elements/meta/name/theme-color,0
web/html/reference/elements/meta/name/viewport,0
web/html/reference/elements/meter,0
web/html/reference/elements/nav,0
web/html/reference/elements/nobr,0
web/html/reference/elements/noembed,0
web/html/reference/elements/noframes,0
web/html/reference/elements/noscript,0
web/html/reference/elements/object,0
web/html/reference/elements/ol,0
web/html/reference/elements/optgroup,0
web/html/reference/elements/option,0
web/html/reference/elements/output,0
web/html/reference/elements/p,0
web/html/reference/elements/param,0
web/html/reference/elements/picture,0
web/html/reference/elements/plaintext,0
web/html/reference/elements/pre,0
web/html/reference/elements/progress,0
web/html/reference/elements/q,0
web/html/reference/elements/rb,0
web/html/reference/elements/rp,0
web/html/reference/elements/rt,0
web/html/reference/elements/rtc,0
web/html/reference/elements/ruby,0
web/html/reference/elements/s,0
web/html/reference/elements/samp,0
web/html/reference/elements/script,0
web/html/reference/elements/script/type,0
web/html/reference/elements/script/type/importmap,0
web/html/reference/elements/script/type/speculationrules,0
web/html/reference/elements/search,0
web/html/reference/elements/section,0
web/html/reference/elements/select,0
web/html/reference/elements/selectedcontent,0
web/html/reference/elements/slot,0
web/html/reference/elements/small,0
web/html/reference/elements/source,0
web/html/reference/elements/span,0
web/html/reference/elements/strike,0
web/html/reference/elements/strong,0
web/html/reference/elements/style,0
web/html/reference/elements/sub,0
web/html/reference/elements/summary,0
web/html/reference/elements/sup,0
web/html/reference/elements/table,0
web/html/reference/elements/tbody,0
web/html/reference/elements/td,0
web/html/reference/elements/template,0
web/html/reference/elements/textarea,0
web/html/reference/elements/tfoot,0
web/html/reference/elements/th,0
web/html/reference/elements/thead,0
web/html/reference/elements/time,0
web/html/reference/elements/title,0
web/html/reference/elements/tr,0
web/html/reference/elements/track,0
web/html/reference/elements/tt,0
web/html/reference/elements/u,0
web/html/reference/elements/ul,0
web/html/reference/elements/var,0
web/html/reference/elements/video,0
web/html/reference/elements/wbr,0
web/html/reference/elements/xmp,0
web/html/reference/global_attributes,0
web/html/reference/global_attributes/accesskey,0
web/html/reference/global_attributes/anchor,0
web/html/reference/global_attributes/autocapitalize,0
web/html/reference/global_attributes/autocorrect,0
web/html/reference/global_attributes/autofocus,0
web/html/reference/global_attributes/class,0
web/html/reference/global_attributes/contenteditable,0
web/html/reference/global_attributes/data-_star_,0
web/html/reference/global_attributes/dir,0
web/html/reference/global_attributes/draggable,0
web/html/reference/global_attributes/enterkeyhint,0
web/html/reference/global_attributes/exportparts,0
web/html/reference/global_attributes/hidden,0
web/html/reference/global_attributes/id,0
web/html/reference/global_attributes/inert,0
web/html/reference/global_attributes/inputmode,0
web/html/reference/global_attributes/is,0
web/html/reference/global_attributes/itemid,0
web/html/reference/global_attributes/itemprop,0
web/html/reference/global_attributes/itemref,0
web/html/reference/global_attributes/itemscope,0
web/html/reference/global_attributes/itemtype,0
web/html/reference/global_attributes/lang,0
web/html/reference/global_attributes/nonce,0
web/html/reference/global_attributes/part,0
web/html/reference/global_attributes/popover,0
web/html/reference/global_attributes/slot,0
web/html/reference/global_attributes/spellcheck,0
web/html/reference/global_attributes/style,0
web/html/reference/global_attributes/tabindex,0
web/html/reference/global_attributes/title,0
web/html/reference/global_attributes/translate,0
web/html/reference/global_attributes/virtualkeyboardpolicy,0
web/html/reference/global_attributes/writingsuggestions,0
web/http,0
web/http/guides,0
web/http/guides/authentication,0
web/http/guides/browser_detection_using_the_user_agent,0
web/http/guides/caching,0
web/http/guides/client_hints,0
web/http/guides/compression,0
web/http/guides/compression_dictionary_transport,0
web/http/guides/conditional_requests,0
web/http/guides/connection_management_in_http_1.x,0
web/http/guides/content_negotiation,0
web/http/guides/content_negotiation/list_of_default_accept_values,0
web/http/guides/cookies,0
web/http/guides/cors,0
web/http/guides/cors/errors,0
web/http/guides/cors/errors/corsalloworiginnotmatchingorigin,0
web/http/guides/cors/errors/corsdidnotsucceed,0
web/http/guides/cors/errors/corsdisabled,0
web/http/guides/cors/errors/corsexternalredirectnotallowed,0
web/http/guides/cors/errors/corsinvalidallowheader,0
web/http/guides/cors/errors/corsinvalidallowmethod,0
web/http/guides/cors/errors/corsmethodnotfound,0
web/http/guides/cors/errors/corsmissingallowcredentials,0
web/http/guides/cors/errors/corsmissingallowheaderfrompreflight,0
web/http/guides/cors/errors/corsmissingalloworigin,0
web/http/guides/cors/errors/corsmultiplealloworiginnotallowed,0
web/http/guides/cors/errors/corsnotsupportingcredentials,0
web/http/guides/cors/errors/corsoriginheadernotadded,0
web/http/guides/cors/errors/corspreflightdidnotsucceed,0
web/http/guides/cors/errors/corsrequestnothttp,0
web/http/guides/cross-origin_resource_policy,0
web/http/guides/csp,0
web/http/guides/csp/errors,0
web/http/guides/csp/errors/cspviolation,0
web/http/guides/evolution_of_http,0
web/http/guides/fetch_metadata,0
web/http/guides/iframe_credentialless,0
web/http/guides/messages,0
web/http/guides/mime_types,0
web/http/guides/mime_types/common_types,0
web/http/guides/network_error_logging,0
web/http/guides/overview,0
web/http/guides/permissions_policy,0
web/http/guides/protocol_upgrade_mechanism,0
web/http/guides/proxy_servers_and_tunneling,0
web/http/guides/proxy_servers_and_tunneling/proxy_auto-configuration_pac_file,0
web/http/guides/range_requests,0
web/http/guides/redirections,0
web/http/guides/session,0
web/http/guides/user-agent_reduction,0
web/http/reference,0
web/http/reference/headers,0
web/http/reference/headers/accept,0
web/http/reference/headers/accept-ch,0
web/http/reference/headers/accept-encoding,0
web/http/reference/headers/accept-language,0
web/http/reference/headers/accept-patch,0
web/http/reference/headers/accept-post,0
web/http/reference/headers/accept-ranges,0
web/http/reference/headers/access-control-allow-credentials,0
web/http/reference/headers/access-control-allow-headers,0
web/http/reference/headers/access-control-allow-methods,0
web/http/reference/headers/access-control-allow-origin,0
web/http/reference/headers/access-control-expose-headers,0
web/http/reference/headers/access-control-max-age,0
web/http/reference/headers/access-control-request-headers,0
web/http/reference/headers/access-control-request-method,0
web/http/reference/headers/activate-storage-access,0
web/http/reference/headers/age,0
web/http/reference/headers/allow,0
web/http/reference/headers/alt-svc,0
web/http/reference/headers/alt-used,0
web/http/reference/headers/attribution-reporting-eligible,0
web/http/reference/headers/attribution-reporting-register-source,0
web/http/reference/headers/attribution-reporting-register-trigger,0
web/http/reference/headers/authorization,0
web/http/reference/headers/available-dictionary,0
web/http/reference/headers/cache-control,0
web/http/reference/headers/clear-site-data,0
web/http/reference/headers/connection,0
web/http/reference/headers/content-digest,0
web/http/reference/headers/content-disposition,0
web/http/reference/headers/content-dpr,0
web/http/reference/headers/content-encoding,0
web/http/reference/headers/content-language,0
web/http/reference/headers/content-length,0
web/http/reference/headers/content-location,0
web/http/reference/headers/content-range,0
web/http/reference/headers/content-security-policy,0
web/http/reference/headers/content-security-policy-report-only,0
web/http/reference/headers/content-security-policy/base-uri,0
web/http/reference/headers/content-security-policy/block-all-mixed-content,0
web/http/reference/headers/content-security-policy/child-src,0
web/http/reference/headers/content-security-policy/connect-src,0
web/http/reference/headers/content-security-policy/default-src,0
web/http/reference/headers/content-security-policy/fenced-frame-src,0
web/http/reference/headers/content-security-policy/font-src,0
web/http/reference/headers/content-security-policy/form-action,0
web/http/reference/headers/content-security-policy/frame-ancestors,0
web/http/reference/headers/content-security-policy/frame-src,0
web/http/reference/headers/content-security-policy/img-src,0
web/http/reference/headers/content-security-policy/manifest-src,0
web/http/reference/headers/content-security-policy/media-src,0
web/http/reference/headers/content-security-policy/object-src,0
web/http/reference/headers/content-security-policy/prefetch-src,0
web/http/reference/headers/content-security-policy/report-to,0
web/http/reference/headers/content-security-policy/report-uri,0
web/http/reference/headers/content-security-policy/require-trusted-types-for,0
web/http/reference/headers/content-security-policy/sandbox,0
web/http/reference/headers/content-security-policy/script-src,0
web/http/reference/headers/content-security-policy/script-src-attr,0
web/http/reference/headers/content-security-policy/script-src-elem,0
web/http/reference/headers/content-security-policy/style-src,0
web/http/reference/headers/content-security-policy/style-src-attr,0
web/http/reference/headers/content-security-policy/style-src-elem,0
web/http/reference/headers/content-security-policy/trusted-types,0
web/http/reference/headers/content-security-policy/upgrade-insecure-requests,0
web/http/reference/headers/content-security-policy/worker-src,0
web/http/reference/headers/content-type,0
web/http/reference/headers/cookie,0
web/http/reference/headers/critical-ch,0
web/http/reference/headers/cross-origin-embedder-policy,0
web/http/reference/headers/cross-origin-embedder-policy-report-only,0
web/http/reference/headers/cross-origin-opener-policy,0
web/http/reference/headers/cross-origin-resource-policy,0
web/http/reference/headers/date,0
web/http/reference/headers/device-memory,0
web/http/reference/headers/dictionary-id,0
web/http/reference/headers/dnt,0
web/http/reference/headers/downlink,0
web/http/reference/headers/dpr,0
web/http/reference/headers/early-data,0
web/http/reference/headers/ect,0
web/http/reference/headers/etag,0
web/http/reference/headers/expect,0
web/http/reference/headers/expect-ct,0
web/http/reference/headers/expires,0
web/http/reference/headers/forwarded,0
web/http/reference/headers/from,0
web/http/reference/headers/host,0
web/http/reference/headers/idempotency-key,0
web/http/reference/headers/if-match,0
web/http/reference/headers/if-modified-since,0
web/http/reference/headers/if-none-match,0
web/http/reference/headers/if-range,0
web/http/reference/headers/if-unmodified-since,0
web/http/reference/headers/integrity-policy,0
web/http/reference/headers/integrity-policy-report-only,0
web/http/reference/headers/keep-alive,0
web/http/reference/headers/last-modified,0
web/http/reference/headers/link,0
web/http/reference/headers/location,0
web/http/reference/headers/max-forwards,0
web/http/reference/headers/nel,0
web/http/reference/headers/no-vary-search,0
web/http/reference/headers/observe-browsing-topics,0
web/http/reference/headers/origin,0
web/http/reference/headers/origin-agent-cluster,0
web/http/reference/headers/permissions-policy,0
web/http/reference/headers/permissions-policy-report-only,0
web/http/reference/headers/permissions-policy/accelerometer,0
web/http/reference/headers/permissions-policy/ambient-light-sensor,0
web/http/reference/headers/permissions-policy/aria-notify,0
web/http/reference/headers/permissions-policy/attribution-reporting,0
web/http/reference/headers/permissions-policy/autoplay,0
web/http/reference/headers/permissions-policy/bluetooth,0
web/http/reference/headers/permissions-policy/browsing-topics,0
web/http/reference/headers/permissions-policy/camera,0
web/http/reference/headers/permissions-policy/captured-surface-control,0
web/http/reference/headers/permissions-policy/ch-ua-high-entropy-values,0
web/http/reference/headers/permissions-policy/compute-pressure,0
web/http/reference/headers/permissions-policy/cross-origin-isolated,0
web/http/reference/headers/permissions-policy/deferred-fetch,0
web/http/reference/headers/permissions-policy/deferred-fetch-minimal,0
web/http/reference/headers/permissions-policy/display-capture,0
web/http/reference/headers/permissions-policy/encrypted-media,0
web/http/reference/headers/permissions-policy/fullscreen,0
web/http/reference/headers/permissions-policy/gamepad,0
web/http/reference/headers/permissions-policy/geolocation,0
web/http/reference/headers/permissions-policy/gyroscope,0
web/http/reference/headers/permissions-policy/hid,0
web/http/reference/headers/permissions-policy/identity-credentials-get,0
web/http/reference/headers/permissions-policy/idle-detection,0
web/http/reference/headers/permissions-policy/language-detector,0
web/http/reference/headers/permissions-policy/local-fonts,0
web/http/reference/headers/permissions-policy/local-network,0
web/http/reference/headers/permissions-policy/local-network-access,0
web/http/reference/headers/permissions-policy/loopback-network,0
web/http/reference/headers/permissions-policy/magnetometer,0
web/http/reference/headers/permissions-policy/microphone,0
web/http/reference/headers/permissions-policy/midi,0
web/http/reference/headers/permissions-policy/on-device-speech-recognition,0
web/http/reference/headers/permissions-policy/otp-credentials,0
web/http/reference/headers/permissions-policy/payment,0
web/http/reference/headers/permissions-policy/picture-in-picture,0
web/http/reference/headers/permissions-policy/private-state-token-issuance,0
web/http/reference/headers/permissions-policy/private-state-token-redemption,0
web/http/reference/headers/permissions-policy/publickey-credentials-create,0
web/http/reference/headers/permissions-policy/publickey-credentials-get,0
web/http/reference/headers/permissions-policy/screen-wake-lock,0
web/http/reference/headers/permissions-policy/serial,0
web/http/reference/headers/permissions-policy/speaker-selection,0
web/http/reference/headers/permissions-policy/storage-access,0
web/http/reference/headers/permissions-policy/summarizer,0
web/http/reference/headers/permissions-policy/translator,0
web/http/reference/headers/permissions-policy/usb,0
web/http/reference/headers/permissions-policy/web-share,0
web/http/reference/headers/permissions-policy/window-management,0
web/http/reference/headers/permissions-policy/xr-spatial-tracking,0
web/http/reference/headers/pragma,0
web/http/reference/headers/prefer,0
web/http/reference/headers/preference-applied,0
web/http/reference/headers/priority,0
web/http/reference/headers/proxy-authenticate,0
web/http/reference/headers/proxy-authorization,0
web/http/reference/headers/range,0
web/http/reference/headers/referer,0
web/http/reference/headers/referrer-policy,0
web/http/reference/headers/refresh,0
web/http/reference/headers/report-to,0
web/http/reference/headers/reporting-endpoints,0
web/http/reference/headers/repr-digest,0
web/http/reference/headers/retry-after,0
web/http/reference/headers/rtt,0
web/http/reference/headers/save-data,0
web/http/reference/headers/sec-browsing-topics,0
web/http/reference/headers/sec-ch-device-memory,0
web/http/reference/headers/sec-ch-dpr,0
web/http/reference/headers/sec-ch-prefers-color-scheme,0
web/http/reference/headers/sec-ch-prefers-reduced-motion,0
web/http/reference/headers/sec-ch-prefers-reduced-transparency,0
web/http/reference/headers/sec-ch-ua,0
web/http/reference/headers/sec-ch-ua-arch,0
web/http/reference/headers/sec-ch-ua-bitness,0
web/http/reference/headers/sec-ch-ua-form-factors,0
web/http/reference/headers/sec-ch-ua-full-version,0
web/http/reference/headers/sec-ch-ua-full-version-list,0
web/http/reference/headers/sec-ch-ua-mobile,0
web/http/reference/headers/sec-ch-ua-model,0
web/http/reference/headers/sec-ch-ua-platform,0
web/http/reference/headers/sec-ch-ua-platform-version,0
web/http/reference/headers/sec-ch-ua-wow64,0
web/http/reference/headers/sec-ch-viewport-height,0
web/http/reference/headers/sec-ch-viewport-width,0
web/http/reference/headers/sec-ch-width,0
web/http/reference/headers/sec-fetch-dest,0
web/http/reference/headers/sec-fetch-mode,0
web/http/reference/headers/sec-fetch-site,0
web/http/reference/headers/sec-fetch-storage-access,0
web/http/reference/headers/sec-fetch-user,0
web/http/reference/headers/sec-gpc,0
web/http/reference/headers/sec-private-state-token,0
web/http/reference/headers/sec-private-state-token-crypto-version,0
web/http/reference/headers/sec-private-state-token-lifetime,0
web/http/reference/headers/sec-purpose,0
web/http/reference/headers/sec-redemption-record,0
web/http/reference/headers/sec-speculation-tags,0
web/http/reference/headers/sec-websocket-accept,0
web/http/reference/headers/sec-websocket-extensions,0
web/http/reference/headers/sec-websocket-key,0
web/http/reference/headers/sec-websocket-protocol,0
web/http/reference/headers/sec-websocket-version,0
web/http/reference/headers/server,0
web/http/reference/headers/server-timing,0
web/http/reference/headers/service-worker,0
web/http/reference/headers/service-worker-allowed,0
web/http/reference/headers/service-worker-navigation-preload,0
web/http/reference/headers/set-cookie,0
web/http/reference/headers/set-login,0
web/http/reference/headers/sourcemap,0
web/http/reference/headers/speculation-rules,0
web/http/reference/headers/strict-transport-security,0
web/http/reference/headers/supports-loading-mode,0
web/http/reference/headers/te,0
web/http/reference/headers/timing-allow-origin,0
web/http/reference/headers/tk,0
web/http/reference/headers/trailer,0
web/http/reference/headers/transfer-encoding,0
web/http/reference/headers/upgrade,0
web/http/reference/headers/upgrade-insecure-requests,0
web/http/reference/headers/use-as-dictionary,0
web/http/reference/headers/user-agent,0
web/http/reference/headers/user-agent/firefox,0
web/http/reference/headers/vary,0
web/http/reference/headers/via,0
web/http/reference/headers/viewport-width,0
web/http/reference/headers/want-content-digest,0
web/http/reference/headers/want-repr-digest,0
web/http/reference/headers/warning,0
web/http/reference/headers/width,0
web/http/reference/headers/www-authenticate,0
web/http/reference/headers/x-content-type-options,0
web/http/reference/headers/x-dns-prefetch-control,0
web/http/reference/headers/x-forwarded-for,0
web/http/reference/headers/x-forwarded-host,0
web/http/reference/headers/x-forwarded-proto,0
web/http/reference/headers/x-frame-options,0
web/http/reference/headers/x-permitted-cross-domain-policies,0
web/http/reference/headers/x-powered-by,0
web/http/reference/headers/x-robots-tag,0
web/http/reference/headers/x-xss-protection,0
web/http/reference/methods,0
web/http/reference/methods/connect,0
web/http/reference/methods/delete,0
web/http/reference/methods/get,0
web/http/reference/methods/head,0
web/http/reference/methods/options,0
web/http/reference/methods/patch,0
web/http/reference/methods/post,0
web/http/reference/methods/put,0
web/http/reference/methods/trace,0
web/http/reference/resources_and_specifications,0
web/http/reference/status,0
web/http/reference/status/100,0
web/http/reference/status/101,0
web/http/reference/status/102,0
web/http/reference/status/103,0
web/http/reference/status/200,0
web/http/reference/status/201,0
web/http/reference/status/202,0
web/http/reference/status/203,0
web/http/reference/status/204,0
web/http/reference/status/205,0
web/http/reference/status/206,0
web/http/reference/status/207,0
web/http/reference/status/208,0
web/http/reference/status/226,0
web/http/reference/status/300,0
web/http/reference/status/301,0
web/http/reference/status/302,0
web/http/reference/status/303,0
web/http/reference/status/304,0
web/http/reference/status/307,0
web/http/reference/status/308,0
web/http/reference/status/400,0
web/http/reference/status/401,0
web/http/reference/status/402,0
web/http/reference/status/403,0
web/http/reference/status/404,0
web/http/reference/status/405,0
web/http/reference/status/406,0
web/http/reference/status/407,0
web/http/reference/status/408,0
web/http/reference/status/409,0
web/http/reference/status/410,0
web/http/reference/status/411,0
web/http/reference/status/412,0
web/http/reference/status/413,0
web/http/reference/status/414,0
web/http/reference/status/415,0
web/http/reference/status/416,0
web/http/reference/status/417,0
web/http/reference/status/418,0
web/http/reference/status/421,0
web/http/reference/status/422,0
web/http/reference/status/423,0
web/http/reference/status/424,0
web/http/reference/status/425,0
web/http/reference/status/426,0
web/http/reference/status/428,0
web/http/reference/status/429,0
web/http/reference/status/431,0
web/http/reference/status/451,0
web/http/reference/status/500,0
web/http/reference/status/501,0
web/http/reference/status/502,0
web/http/reference/status/503,0
web/http/reference/status/504,0
web/http/reference/status/505,0
web/http/reference/status/506,0
web/http/reference/status/507,0
web/http/reference/status/508,0
web/http/reference/status/510,0
web/http/reference/status/511,0
web/javascript,0
web/javascript/guide,0
web/javascript/guide/closures,0
web/javascript/guide/control_flow_and_error_handling,0
web/javascript/guide/data_structures,0
web/javascript/guide/enumerability_and_ownership_of_properties,0
web/javascript/guide/equality_comparisons_and_sameness,0
web/javascript/guide/expressions_and_operators,0
web/javascript/guide/functions,0
web/javascript/guide/grammar_and_types,0
web/javascript/guide/indexed_collections,0
web/javascript/guide/inheritance_and_the_prototype_chain,0
web/javascript/guide/internationalization,0
web/javascript/guide/introduction,0
web/javascript/guide/iterators_and_generators,0
web/javascript/guide/keyed_collections,0
web/javascript/guide/language_overview,0
web/javascript/guide/loops_and_iteration,0
web/javascript/guide/memory_management,0
web/javascript/guide/meta_programming,0
web/javascript/guide/modules,0
web/javascript/guide/numbers_and_strings,0
web/javascript/guide/regular_expressions,0
web/javascript/guide/regular_expressions/assertions,0
web/javascript/guide/regular_expressions/character_classes,0
web/javascript/guide/regular_expressions/cheatsheet,0
web/javascript/guide/regular_expressions/groups_and_backreferences,0
web/javascript/guide/regular_expressions/quantifiers,0
web/javascript/guide/representing_dates_times,0
web/javascript/guide/resource_management,0
web/javascript/guide/typed_arrays,0
web/javascript/guide/using_classes,0
web/javascript/guide/using_promises,0
web/javascript/guide/working_with_objects,0
web/javascript/reference,0
web/javascript/reference/classes,0
web/javascript/reference/classes/constructor,0
web/javascript/reference/classes/extends,0
web/javascript/reference/classes/private_elements,0
web/javascript/reference/classes/public_class_fields,0
web/javascript/reference/classes/static,0
web/javascript/reference/classes/static_initialization_blocks,0
web/javascript/reference/deprecated_and_obsolete_features,0
web/javascript/reference/errors,0
web/javascript/reference/errors/already_executing_generator,0
web/javascript/reference/errors/already_has_pragma,0
web/javascript/reference/errors/arguments_not_allowed,0
web/javascript/reference/errors/array_sort_argument,0
web/javascript/reference/errors/await_yield_in_parameter,0
web/javascript/reference/errors/bad_await,0
web/javascript/reference/errors/bad_break,0
web/javascript/reference/errors/bad_continue,0
web/javascript/reference/errors/bad_new_optional,0
web/javascript/reference/errors/bad_optional_template,0
web/javascript/reference/errors/bad_radix,0
web/javascript/reference/errors/bad_regexp_flag,0
web/javascript/reference/errors/bad_return,0
web/javascript/reference/errors/bad_strict_arguments_eval,0
web/javascript/reference/errors/bad_super_call,0
web/javascript/reference/errors/bad_super_prop,0
web/javascript/reference/errors/bigint_division_by_zero,0
web/javascript/reference/errors/bigint_negative_exponent,0
web/javascript/reference/errors/bigint_not_serializable,0
web/javascript/reference/errors/builtin_ctor_no_new,0
web/javascript/reference/errors/called_on_incompatible_type,0
web/javascript/reference/errors/cant_access_lexical_declaration_before_init,0
web/javascript/reference/errors/cant_assign_to_property,0
web/javascript/reference/errors/cant_be_converted_to_bigint_because_it_isnt_an_integer,0
web/javascript/reference/errors/cant_convert_bigint_to_number,0
web/javascript/reference/errors/cant_convert_x_to_bigint,0
web/javascript/reference/errors/cant_define_property_object_not_extensible,0
web/javascript/reference/errors/cant_delete,0
web/javascript/reference/errors/cant_delete_private_fields,0
web/javascript/reference/errors/cant_redefine_property,0
web/javascript/reference/errors/cant_set_prototype,0
web/javascript/reference/errors/cant_use_nullish_coalescing_unparenthesized,0
web/javascript/reference/errors/class_ctor_no_new,0
web/javascript/reference/errors/constructor_cant_be_used_directly,0
web/javascript/reference/errors/cyclic_object_value,0
web/javascript/reference/errors/cyclic_prototype,0
web/javascript/reference/errors/delete_in_strict_mode,0
web/javascript/reference/errors/deprecated_caller_or_arguments_usage,0
web/javascript/reference/errors/deprecated_octal_escape_sequence,0
web/javascript/reference/errors/deprecated_octal_literal,0
web/javascript/reference/errors/deprecated_source_map_pragma,0
web/javascript/reference/errors/duplicate_parameter,0
web/javascript/reference/errors/duplicate_proto,0
web/javascript/reference/errors/either_be_both_static_or_non-static,0
web/javascript/reference/errors/form_must_be_one_of,0
web/javascript/reference/errors/function_label,0
web/javascript/reference/errors/get_set_missing_private,0
web/javascript/reference/errors/getter_no_arguments,0
web/javascript/reference/errors/getter_only,0
web/javascript/reference/errors/hash_outside_class,0
web/javascript/reference/errors/identifier_after_number,0
web/javascript/reference/errors/illegal_character,0
web/javascript/reference/errors/import_decl_module_top_level,0
web/javascript/reference/errors/in_operator_no_object,0
web/javascript/reference/errors/invalid_array_length,0
web/javascript/reference/errors/invalid_assignment_left-hand_side,0
web/javascript/reference/errors/invalid_bigint_syntax,0
web/javascript/reference/errors/invalid_const_assignment,0
web/javascript/reference/errors/invalid_date,0
web/javascript/reference/errors/invalid_derived_return,0
web/javascript/reference/errors/invalid_for-in_initializer,0
web/javascript/reference/errors/invalid_for-of_initializer,0
web/javascript/reference/errors/invalid_right_hand_side_instanceof_operand,0
web/javascript/reference/errors/is_not_iterable,0
web/javascript/reference/errors/json_bad_parse,0
web/javascript/reference/errors/key_not_weakly_held,0
web/javascript/reference/errors/label_not_found,0
web/javascript/reference/errors/malformed_uri,0
web/javascript/reference/errors/missing_bracket_after_list,0
web/javascript/reference/errors/missing_colon_after_property_id,0
web/javascript/reference/errors/missing_curly_after_function_body,0
web/javascript/reference/errors/missing_curly_after_property_list,0
web/javascript/reference/errors/missing_formal_parameter,0
web/javascript/reference/errors/missing_initializer_in_const,0
web/javascript/reference/errors/missing_name_after_dot_operator,0
web/javascript/reference/errors/missing_parenthesis_after_argument_list,0
web/javascript/reference/errors/missing_parenthesis_after_condition,0
web/javascript/reference/errors/more_arguments_needed,0
web/javascript/reference/errors/negative_repetition_count,0
web/javascript/reference/errors/no_non-null_object,0
web/javascript/reference/errors/no_properties,0
web/javascript/reference/errors/no_variable_name,0
web/javascript/reference/errors/non_configurable_array_element,0
web/javascript/reference/errors/not_a_constructor,0
web/javascript/reference/errors/not_a_function,0
web/javascript/reference/errors/not_a_valid_code_point,0
web/javascript/reference/errors/not_defined,0
web/javascript/reference/errors/parameter_after_rest_parameter,0
web/javascript/reference/errors/precision_range,0
web/javascript/reference/errors/private_double_initialization,0
web/javascript/reference/errors/private_setter_only,0
web/javascript/reference/errors/promise_any_all_rejected,0
web/javascript/reference/errors/property_access_denied,0
web/javascript/reference/errors/read-only,0
web/javascript/reference/errors/redeclared_parameter,0
web/javascript/reference/errors/reduce_of_empty_array_with_no_initial_value,0
web/javascript/reference/errors/regex_backslash_at_end_of_pattern,0
web/javascript/reference/errors/regex_character_class_escape_in_class_range,0
web/javascript/reference/errors/regex_duplicate_capture_group_name,0
web/javascript/reference/errors/regex_incomplete_quantifier,0
web/javascript/reference/errors/regex_invalid_capture_group_name,0
web/javascript/reference/errors/regex_invalid_char_in_class,0
web/javascript/reference/errors/regex_invalid_class_set_operation,0
web/javascript/reference/errors/regex_invalid_decimal_escape,0
web/javascript/reference/errors/regex_invalid_group,0
web/javascript/reference/errors/regex_invalid_identity_escape,0
web/javascript/reference/errors/regex_invalid_named_capture_reference,0
web/javascript/reference/errors/regex_invalid_property_name,0
web/javascript/reference/errors/regex_invalid_range_in_character_class,0
web/javascript/reference/errors/regex_invalid_unicode_escape,0
web/javascript/reference/errors/regex_negated_char_class_with_strings,0
web/javascript/reference/errors/regex_nothing_to_repeat,0
web/javascript/reference/errors/regex_numbers_out_of_order_in_quantifier,0
web/javascript/reference/errors/regex_raw_bracket,0
web/javascript/reference/errors/requires_global_regexp,0
web/javascript/reference/errors/reserved_identifier,0
web/javascript/reference/errors/rest_with_default,0
web/javascript/reference/errors/resulting_string_too_large,0
web/javascript/reference/errors/setter_one_argument,0
web/javascript/reference/errors/stmt_after_return,0
web/javascript/reference/errors/strict_non_simple_params,0
web/javascript/reference/errors/string_literal_eol,0
web/javascript/reference/errors/super_called_twice,0
web/javascript/reference/errors/super_not_called,0
web/javascript/reference/errors/too_much_recursion,0
web/javascript/reference/errors/undeclared_private_field_or_method,0
web/javascript/reference/errors/undeclared_var,0
web/javascript/reference/errors/unexpected_token,0
web/javascript/reference/errors/unexpected_type,0
web/javascript/reference/errors/unnamed_function_statement,0
web/javascript/reference/errors/unparenthesized_unary_expr_lhs_exponentiation,0
web/javascript/reference/execution_model,0
web/javascript/reference/functions,0
web/javascript/reference/functions/arguments,0
web/javascript/reference/functions/arguments/callee,0
web/javascript/reference/functions/arguments/length,0
web/javascript/reference/functions/arguments/symbol.iterator,0
web/javascript/reference/functions/arrow_functions,0
web/javascript/reference/functions/default_parameters,0
web/javascript/reference/functions/get,0
web/javascript/reference/functions/method_definitions,0
web/javascript/reference/functions/rest_parameters,0
web/javascript/reference/functions/set,0
web/javascript/reference/global_objects,0
web/javascript/reference/global_objects/aggregateerror,0
web/javascript/reference/global_objects/aggregateerror/aggregateerror,0
web/javascript/reference/global_objects/aggregateerror/errors,0
web/javascript/reference/global_objects/array,0
web/javascript/reference/global_objects/array/array,0
web/javascript/reference/global_objects/array/at,0
web/javascript/reference/global_objects/array/concat,0
web/javascript/reference/global_objects/array/copywithin,0
web/javascript/reference/global_objects/array/entries,0
web/javascript/reference/global_objects/array/every,0
web/javascript/reference/global_objects/array/fill,0
web/javascript/reference/global_objects/array/filter,0
web/javascript/reference/global_objects/array/find,0
web/javascript/reference/global_objects/array/findindex,0
web/javascript/reference/global_objects/array/findlast,0
web/javascript/reference/global_objects/array/findlastindex,0
web/javascript/reference/global_objects/array/flat,0
web/javascript/reference/global_objects/array/flatmap,0
web/javascript/reference/global_objects/array/foreach,0
web/javascript/reference/global_objects/array/from,0
web/javascript/reference/global_objects/array/fromasync,0
web/javascript/reference/global_objects/array/includes,0
web/javascript/reference/global_objects/array/indexof,0
web/javascript/reference/global_objects/array/isarray,0
web/javascript/reference/global_objects/array/join,0
web/javascript/reference/global_objects/array/keys,0
web/javascript/reference/global_objects/array/lastindexof,0
web/javascript/reference/global_objects/array/length,0
web/javascript/reference/global_objects/array/map,0
web/javascript/reference/global_objects/array/of,0
web/javascript/reference/global_objects/array/pop,0
web/javascript/reference/global_objects/array/push,0
web/javascript/reference/global_objects/array/reduce,0
web/javascript/reference/global_objects/array/reduceright,0
web/javascript/reference/global_objects/array/reverse,0
web/javascript/reference/global_objects/array/shift,0
web/javascript/reference/global_objects/array/slice,0
web/javascript/reference/global_objects/array/some,0
web/javascript/reference/global_objects/array/sort,0
web/javascript/reference/global_objects/array/splice,0
web/javascript/reference/global_objects/array/symbol.iterator,0
web/javascript/reference/global_objects/array/symbol.species,0
web/javascript/reference/global_objects/array/symbol.unscopables,0
web/javascript/reference/global_objects/array/tolocalestring,0
web/javascript/reference/global_objects/array/toreversed,0
web/javascript/reference/global_objects/array/tosorted,0
web/javascript/reference/global_objects/array/tospliced,0
web/javascript/reference/global_objects/array/tostring,0
web/javascript/reference/global_objects/array/unshift,0
web/javascript/reference/global_objects/array/values,0
web/javascript/reference/global_objects/array/with,0
web/javascript/reference/global_objects/arraybuffer,0
web/javascript/reference/global_objects/arraybuffer/arraybuffer,0
web/javascript/reference/global_objects/arraybuffer/bytelength,0
web/javascript/reference/global_objects/arraybuffer/detached,0
web/javascript/reference/global_objects/arraybuffer/isview,0
web/javascript/reference/global_objects/arraybuffer/maxbytelength,0
web/javascript/reference/global_objects/arraybuffer/resizable,0
web/javascript/reference/global_objects/arraybuffer/resize,0
web/javascript/reference/global_objects/arraybuffer/slice,0
web/javascript/reference/global_objects/arraybuffer/symbol.species,0
web/javascript/reference/global_objects/arraybuffer/transfer,0
web/javascript/reference/global_objects/arraybuffer/transfertofixedlength,0
web/javascript/reference/global_objects/asyncdisposablestack,0
web/javascript/reference/global_objects/asyncdisposablestack/adopt,0
web/javascript/reference/global_objects/asyncdisposablestack/asyncdisposablestack,0
web/javascript/reference/global_objects/asyncdisposablestack/defer,0
web/javascript/reference/global_objects/asyncdisposablestack/disposeasync,0
web/javascript/reference/global_objects/asyncdisposablestack/disposed,0
web/javascript/reference/global_objects/asyncdisposablestack/move,0
web/javascript/reference/global_objects/asyncdisposablestack/symbol.asyncdispose,0
web/javascript/reference/global_objects/asyncdisposablestack/use,0
web/javascript/reference/global_objects/asyncfunction,0
web/javascript/reference/global_objects/asyncfunction/asyncfunction,0
web/javascript/reference/global_objects/asyncgenerator,0
web/javascript/reference/global_objects/asyncgenerator/next,0
web/javascript/reference/global_objects/asyncgenerator/return,0
web/javascript/reference/global_objects/asyncgenerator/throw,0
web/javascript/reference/global_objects/asyncgeneratorfunction,0
web/javascript/reference/global_objects/asyncgeneratorfunction/asyncgeneratorfunction,0
web/javascript/reference/global_objects/asyncgeneratorfunction/prototype,0
web/javascript/reference/global_objects/asynciterator,0
web/javascript/reference/global_objects/asynciterator/symbol.asyncdispose,0
web/javascript/reference/global_objects/asynciterator/symbol.asynciterator,0
web/javascript/reference/global_objects/atomics,0
web/javascript/reference/global_objects/atomics/add,0
web/javascript/reference/global_objects/atomics/and,0
web/javascript/reference/global_objects/atomics/compareexchange,0
web/javascript/reference/global_objects/atomics/exchange,0
web/javascript/reference/global_objects/atomics/islockfree,0
web/javascript/reference/global_objects/atomics/load,0
web/javascript/reference/global_objects/atomics/notify,0
web/javascript/reference/global_objects/atomics/or,0
web/javascript/reference/global_objects/atomics/pause,0
web/javascript/reference/global_objects/atomics/store,0
web/javascript/reference/global_objects/atomics/sub,0
web/javascript/reference/global_objects/atomics/wait,0
web/javascript/reference/global_objects/atomics/waitasync,0
web/javascript/reference/global_objects/atomics/xor,0
web/javascript/reference/global_objects/bigint,0
web/javascript/reference/global_objects/bigint/asintn,0
web/javascript/reference/global_objects/bigint/asuintn,0
web/javascript/reference/global_objects/bigint/bigint,0
web/javascript/reference/global_objects/bigint/tolocalestring,0
web/javascript/reference/global_objects/bigint/tostring,0
web/javascript/reference/global_objects/bigint/valueof,0
web/javascript/reference/global_objects/bigint64array,0
web/javascript/reference/global_objects/bigint64array/bigint64array,0
web/javascript/reference/global_objects/biguint64array,0
web/javascript/reference/global_objects/biguint64array/biguint64array,0
web/javascript/reference/global_objects/boolean,0
web/javascript/reference/global_objects/boolean/boolean,0
web/javascript/reference/global_objects/boolean/tostring,0
web/javascript/reference/global_objects/boolean/valueof,0
web/javascript/reference/global_objects/dataview,0
web/javascript/reference/global_objects/dataview/buffer,0
web/javascript/reference/global_objects/dataview/bytelength,0
web/javascript/reference/global_objects/dataview/byteoffset,0
web/javascript/reference/global_objects/dataview/dataview,0
web/javascript/reference/global_objects/dataview/getbigint64,0
web/javascript/reference/global_objects/dataview/getbiguint64,0
web/javascript/reference/global_objects/dataview/getfloat16,0
web/javascript/reference/global_objects/dataview/getfloat32,0
web/javascript/reference/global_objects/dataview/getfloat64,0
web/javascript/reference/global_objects/dataview/getint16,0
web/javascript/reference/global_objects/dataview/getint32,0
web/javascript/reference/global_objects/dataview/getint8,0
web/javascript/reference/global_objects/dataview/getuint16,0
web/javascript/reference/global_objects/dataview/getuint32,0
web/javascript/reference/global_objects/dataview/getuint8,0
web/javascript/reference/global_objects/dataview/setbigint64,0
web/javascript/reference/global_objects/dataview/setbiguint64,0
web/javascript/reference/global_objects/dataview/setfloat16,0
web/javascript/reference/global_objects/dataview/setfloat32,0
web/javascript/reference/global_objects/dataview/setfloat64,0
web/javascript/reference/global_objects/dataview/setint16,0
web/javascript/reference/global_objects/dataview/setint32,0
web/javascript/reference/global_objects/dataview/setint8,0
web/javascript/reference/global_objects/dataview/setuint16,0
web/javascript/reference/global_objects/dataview/setuint32,0
web/javascript/reference/global_objects/dataview/setuint8,0
web/javascript/reference/global_objects/date,0
web/javascript/reference/global_objects/date/date,0
web/javascript/reference/global_objects/date/getdate,0
web/javascript/reference/global_objects/date/getday,0
web/javascript/reference/global_objects/date/getfullyear,0
web/javascript/reference/global_objects/date/gethours,0
web/javascript/reference/global_objects/date/getmilliseconds,0
web/javascript/reference/global_objects/date/getminutes,0
web/javascript/reference/global_objects/date/getmonth,0
web/javascript/reference/global_objects/date/getseconds,0
web/javascript/reference/global_objects/date/gettime,0
web/javascript/reference/global_objects/date/gettimezoneoffset,0
web/javascript/reference/global_objects/date/getutcdate,0
web/javascript/reference/global_objects/date/getutcday,0
web/javascript/reference/global_objects/date/getutcfullyear,0
web/javascript/reference/global_objects/date/getutchours,0
web/javascript/reference/global_objects/date/getutcmilliseconds,0
web/javascript/reference/global_objects/date/getutcminutes,0
web/javascript/reference/global_objects/date/getutcmonth,0
web/javascript/reference/global_objects/date/getutcseconds,0
web/javascript/reference/global_objects/date/getyear,0
web/javascript/reference/global_objects/date/now,0
web/javascript/reference/global_objects/date/parse,0
web/javascript/reference/global_objects/date/setdate,0
web/javascript/reference/global_objects/date/setfullyear,0
web/javascript/reference/global_objects/date/sethours,0
web/javascript/reference/global_objects/date/setmilliseconds,0
web/javascript/reference/global_objects/date/setminutes,0
web/javascript/reference/global_objects/date/setmonth,0
web/javascript/reference/global_objects/date/setseconds,0
web/javascript/reference/global_objects/date/settime,0
web/javascript/reference/global_objects/date/setutcdate,0
web/javascript/reference/global_objects/date/setutcfullyear,0
web/javascript/reference/global_objects/date/setutchours,0
web/javascript/reference/global_objects/date/setutcmilliseconds,0
web/javascript/reference/global_objects/date/setutcminutes,0
web/javascript/reference/global_objects/date/setutcmonth,0
web/javascript/reference/global_objects/date/setutcseconds,0
web/javascript/reference/global_objects/date/setyear,0
web/javascript/reference/global_objects/date/symbol.toprimitive,0
web/javascript/reference/global_objects/date/todatestring,0
web/javascript/reference/global_objects/date/toisostring,0
web/javascript/reference/global_objects/date/tojson,0
web/javascript/reference/global_objects/date/tolocaledatestring,0
web/javascript/reference/global_objects/date/tolocalestring,0
web/javascript/reference/global_objects/date/tolocaletimestring,0
web/javascript/reference/global_objects/date/tostring,0
web/javascript/reference/global_objects/date/totemporalinstant,0
web/javascript/reference/global_objects/date/totimestring,0
web/javascript/reference/global_objects/date/toutcstring,0
web/javascript/reference/global_objects/date/utc,0
web/javascript/reference/global_objects/date/valueof,0
web/javascript/reference/global_objects/decodeuri,0
web/javascript/reference/global_objects/decodeuricomponent,0
web/javascript/reference/global_objects/disposablestack,0
web/javascript/reference/global_objects/disposablestack/adopt,0
web/javascript/reference/global_objects/disposablestack/defer,0
web/javascript/reference/global_objects/disposablestack/disposablestack,0
web/javascript/reference/global_objects/disposablestack/dispose,0
web/javascript/reference/global_objects/disposablestack/disposed,0
web/javascript/reference/global_objects/disposablestack/move,0
web/javascript/reference/global_objects/disposablestack/symbol.dispose,0
web/javascript/reference/global_objects/disposablestack/use,0
web/javascript/reference/global_objects/encodeuri,0
web/javascript/reference/global_objects/encodeuricomponent,0
web/javascript/reference/global_objects/error,0
web/javascript/reference/global_objects/error/capturestacktrace,0
web/javascript/reference/global_objects/error/cause,0
web/javascript/reference/global_objects/error/columnnumber,0
web/javascript/reference/global_objects/error/error,0
web/javascript/reference/global_objects/error/filename,0
web/javascript/reference/global_objects/error/iserror,0
web/javascript/reference/global_objects/error/linenumber,0
web/javascript/reference/global_objects/error/message,0
web/javascript/reference/global_objects/error/name,0
web/javascript/reference/global_objects/error/stack,0
web/javascript/reference/global_objects/error/stacktracelimit,0
web/javascript/reference/global_objects/error/tostring,0
web/javascript/reference/global_objects/escape,0
web/javascript/reference/global_objects/eval,0
web/javascript/reference/global_objects/evalerror,0
web/javascript/reference/global_objects/evalerror/evalerror,0
web/javascript/reference/global_objects/finalizationregistry,0
web/javascript/reference/global_objects/finalizationregistry/finalizationregistry,0
web/javascript/reference/global_objects/finalizationregistry/register,0
web/javascript/reference/global_objects/finalizationregistry/unregister,0
web/javascript/reference/global_objects/float16array,0
web/javascript/reference/global_objects/float16array/float16array,0
web/javascript/reference/global_objects/float32array,0
web/javascript/reference/global_objects/float32array/float32array,0
web/javascript/reference/global_objects/float64array,0
web/javascript/reference/global_objects/float64array/float64array,0
web/javascript/reference/global_objects/function,0
web/javascript/reference/global_objects/function/apply,0
web/javascript/reference/global_objects/function/arguments,0
web/javascript/reference/global_objects/function/bind,0
web/javascript/reference/global_objects/function/call,0
web/javascript/reference/global_objects/function/caller,0
web/javascript/reference/global_objects/function/displayname,0
web/javascript/reference/global_objects/function/function,0
web/javascript/reference/global_objects/function/length,0
web/javascript/reference/global_objects/function/name,0
web/javascript/reference/global_objects/function/prototype,0
web/javascript/reference/global_objects/function/symbol.hasinstance,0
web/javascript/reference/global_objects/function/tostring,0
web/javascript/reference/global_objects/generator,0
web/javascript/reference/global_objects/generator/next,0
web/javascript/reference/global_objects/generator/return,0
web/javascript/reference/global_objects/generator/throw,0
web/javascript/reference/global_objects/generatorfunction,0
web/javascript/reference/global_objects/generatorfunction/generatorfunction,0
web/javascript/reference/global_objects/generatorfunction/prototype,0
web/javascript/reference/global_objects/globalthis,0
web/javascript/reference/global_objects/infinity,0
web/javascript/reference/global_objects/int16array,0
web/javascript/reference/global_objects/int16array/int16array,0
web/javascript/reference/global_objects/int32array,0
web/javascript/reference/global_objects/int32array/int32array,0
web/javascript/reference/global_objects/int8array,0
web/javascript/reference/global_objects/int8array/int8array,0
web/javascript/reference/global_objects/internalerror,0
web/javascript/reference/global_objects/internalerror/internalerror,0
web/javascript/reference/global_objects/intl,0
web/javascript/reference/global_objects/intl/collator,0
web/javascript/reference/global_objects/intl/collator/collator,0
web/javascript/reference/global_objects/intl/collator/compare,0
web/javascript/reference/global_objects/intl/collator/resolvedoptions,0
web/javascript/reference/global_objects/intl/collator/supportedlocalesof,0
web/javascript/reference/global_objects/intl/datetimeformat,0
web/javascript/reference/global_objects/intl/datetimeformat/datetimeformat,0
web/javascript/reference/global_objects/intl/datetimeformat/format,0
web/javascript/reference/global_objects/intl/datetimeformat/formatrange,0
web/javascript/reference/global_objects/intl/datetimeformat/formatrangetoparts,0
web/javascript/reference/global_objects/intl/datetimeformat/formattoparts,0
web/javascript/reference/global_objects/intl/datetimeformat/resolvedoptions,0
web/javascript/reference/global_objects/intl/datetimeformat/supportedlocalesof,0
web/javascript/reference/global_objects/intl/displaynames,0
web/javascript/reference/global_objects/intl/displaynames/displaynames,0
web/javascript/reference/global_objects/intl/displaynames/of,0
web/javascript/reference/global_objects/intl/displaynames/resolvedoptions,0
web/javascript/reference/global_objects/intl/displaynames/supportedlocalesof,0
web/javascript/reference/global_objects/intl/durationformat,0
web/javascript/reference/global_objects/intl/durationformat/durationformat,0
web/javascript/reference/global_objects/intl/durationformat/format,0
web/javascript/reference/global_objects/intl/durationformat/formattoparts,0
web/javascript/reference/global_objects/intl/durationformat/resolvedoptions,0
web/javascript/reference/global_objects/intl/durationformat/supportedlocalesof,0
web/javascript/reference/global_objects/intl/getcanonicallocales,0
web/javascript/reference/global_objects/intl/listformat,0
web/javascript/reference/global_objects/intl/listformat/format,0
web/javascript/reference/global_objects/intl/listformat/formattoparts,0
web/javascript/reference/global_objects/intl/listformat/listformat,0
web/javascript/reference/global_objects/intl/listformat/resolvedoptions,0
web/javascript/reference/global_objects/intl/listformat/supportedlocalesof,0
web/javascript/reference/global_objects/intl/locale,0
web/javascript/reference/global_objects/intl/locale/basename,0
web/javascript/reference/global_objects/intl/locale/calendar,0
web/javascript/reference/global_objects/intl/locale/casefirst,0
web/javascript/reference/global_objects/intl/locale/collation,0
web/javascript/reference/global_objects/intl/locale/getcalendars,0
web/javascript/reference/global_objects/intl/locale/getcollations,0
web/javascript/reference/global_objects/intl/locale/gethourcycles,0
web/javascript/reference/global_objects/intl/locale/getnumberingsystems,0
web/javascript/reference/global_objects/intl/locale/gettextinfo,0
web/javascript/reference/global_objects/intl/locale/gettimezones,0
web/javascript/reference/global_objects/intl/locale/getweekinfo,0
web/javascript/reference/global_objects/intl/locale/hourcycle,0
web/javascript/reference/global_objects/intl/locale/language,0
web/javascript/reference/global_objects/intl/locale/locale,0
web/javascript/reference/global_objects/intl/locale/maximize,0
web/javascript/reference/global_objects/intl/locale/minimize,0
web/javascript/reference/global_objects/intl/locale/numberingsystem,0
web/javascript/reference/global_objects/intl/locale/numeric,0
web/javascript/reference/global_objects/intl/locale/region,0
web/javascript/reference/global_objects/intl/locale/script,0
web/javascript/reference/global_objects/intl/locale/tostring,0
web/javascript/reference/global_objects/intl/locale/variants,0
web/javascript/reference/global_objects/intl/numberformat,0
web/javascript/reference/global_objects/intl/numberformat/format,0
web/javascript/reference/global_objects/intl/numberformat/formatrange,0
web/javascript/reference/global_objects/intl/numberformat/formatrangetoparts,0
web/javascript/reference/global_objects/intl/numberformat/formattoparts,0
web/javascript/reference/global_objects/intl/numberformat/numberformat,0
web/javascript/reference/global_objects/intl/numberformat/resolvedoptions,0
web/javascript/reference/global_objects/intl/numberformat/supportedlocalesof,0
web/javascript/reference/global_objects/intl/pluralrules,0
web/javascript/reference/global_objects/intl/pluralrules/pluralrules,0
web/javascript/reference/global_objects/intl/pluralrules/resolvedoptions,0
web/javascript/reference/global_objects/intl/pluralrules/select,0
web/javascript/reference/global_objects/intl/pluralrules/selectrange,0
web/javascript/reference/global_objects/intl/pluralrules/supportedlocalesof,0
web/javascript/reference/global_objects/intl/relativetimeformat,0
web/javascript/reference/global_objects/intl/relativetimeformat/format,0
web/javascript/reference/global_objects/intl/relativetimeformat/formattoparts,0
web/javascript/reference/global_objects/intl/relativetimeformat/relativetimeformat,0
web/javascript/reference/global_objects/intl/relativetimeformat/resolvedoptions,0
web/javascript/reference/global_objects/intl/relativetimeformat/supportedlocalesof,0
web/javascript/reference/global_objects/intl/segmenter,0
web/javascript/reference/global_objects/intl/segmenter/resolvedoptions,0
web/javascript/reference/global_objects/intl/segmenter/segment,0
web/javascript/reference/global_objects/intl/segmenter/segment/segments,0
web/javascript/reference/global_objects/intl/segmenter/segment/segments/containing,0
web/javascript/reference/global_objects/intl/segmenter/segment/segments/symbol.iterator,0
web/javascript/reference/global_objects/intl/segmenter/segmenter,0
web/javascript/reference/global_objects/intl/segmenter/supportedlocalesof,0
web/javascript/reference/global_objects/intl/supportedvaluesof,0
web/javascript/reference/global_objects/isfinite,0
web/javascript/reference/global_objects/isnan,0
web/javascript/reference/global_objects/iterator,0
web/javascript/reference/global_objects/iterator/concat,0
web/javascript/reference/global_objects/iterator/drop,0
web/javascript/reference/global_objects/iterator/every,0
web/javascript/reference/global_objects/iterator/filter,0
web/javascript/reference/global_objects/iterator/find,0
web/javascript/reference/global_objects/iterator/flatmap,0
web/javascript/reference/global_objects/iterator/foreach,0
web/javascript/reference/global_objects/iterator/from,0
web/javascript/reference/global_objects/iterator/includes,0
web/javascript/reference/global_objects/iterator/iterator,0
web/javascript/reference/global_objects/iterator/map,0
web/javascript/reference/global_objects/iterator/reduce,0
web/javascript/reference/global_objects/iterator/some,0
web/javascript/reference/global_objects/iterator/symbol.dispose,0
web/javascript/reference/global_objects/iterator/symbol.iterator,0
web/javascript/reference/global_objects/iterator/take,0
web/javascript/reference/global_objects/iterator/toarray,0
web/javascript/reference/global_objects/iterator/zip,0
web/javascript/reference/global_objects/iterator/zipkeyed,0
web/javascript/reference/global_objects/json,0
web/javascript/reference/global_objects/json/israwjson,0
web/javascript/reference/global_objects/json/parse,0
web/javascript/reference/global_objects/json/rawjson,0
web/javascript/reference/global_objects/json/stringify,0
web/javascript/reference/global_objects/map,0
web/javascript/reference/global_objects/map/clear,0
web/javascript/reference/global_objects/map/delete,0
web/javascript/reference/global_objects/map/entries,0
web/javascript/reference/global_objects/map/foreach,0
web/javascript/reference/global_objects/map/get,0
web/javascript/reference/global_objects/map/getorinsert,0
web/javascript/reference/global_objects/map/getorinsertcomputed,0
web/javascript/reference/global_objects/map/groupby,0
web/javascript/reference/global_objects/map/has,0
web/javascript/reference/global_objects/map/keys,0
web/javascript/reference/global_objects/map/map,0
web/javascript/reference/global_objects/map/set,0
web/javascript/reference/global_objects/map/size,0
web/javascript/reference/global_objects/map/symbol.iterator,0
web/javascript/reference/global_objects/map/symbol.species,0
web/javascript/reference/global_objects/map/values,0
web/javascript/reference/global_objects/math,0
web/javascript/reference/global_objects/math/abs,0
web/javascript/reference/global_objects/math/acos,0
web/javascript/reference/global_objects/math/acosh,0
web/javascript/reference/global_objects/math/asin,0
web/javascript/reference/global_objects/math/asinh,0
web/javascript/reference/global_objects/math/atan,0
web/javascript/reference/global_objects/math/atan2,0
web/javascript/reference/global_objects/math/atanh,0
web/javascript/reference/global_objects/math/cbrt,0
web/javascript/reference/global_objects/math/ceil,0
web/javascript/reference/global_objects/math/clz32,0
web/javascript/reference/global_objects/math/cos,0
web/javascript/reference/global_objects/math/cosh,0
web/javascript/reference/global_objects/math/e,0
web/javascript/reference/global_objects/math/exp,0
web/javascript/reference/global_objects/math/expm1,0
web/javascript/reference/global_objects/math/f16round,0
web/javascript/reference/global_objects/math/floor,0
web/javascript/reference/global_objects/math/fround,0
web/javascript/reference/global_objects/math/hypot,0
web/javascript/reference/global_objects/math/imul,0
web/javascript/reference/global_objects/math/ln10,0
web/javascript/reference/global_objects/math/ln2,0
web/javascript/reference/global_objects/math/log,0
web/javascript/reference/global_objects/math/log10,0
web/javascript/reference/global_objects/math/log10e,0
web/javascript/reference/global_objects/math/log1p,0
web/javascript/reference/global_objects/math/log2,0
web/javascript/reference/global_objects/math/log2e,0
web/javascript/reference/global_objects/math/max,0
web/javascript/reference/global_objects/math/min,0
web/javascript/reference/global_objects/math/pi,0
web/javascript/reference/global_objects/math/pow,0
web/javascript/reference/global_objects/math/random,0
web/javascript/reference/global_objects/math/round,0
web/javascript/reference/global_objects/math/sign,0
web/javascript/reference/global_objects/math/sin,0
web/javascript/reference/global_objects/math/sinh,0
web/javascript/reference/global_objects/math/sqrt,0
web/javascript/reference/global_objects/math/sqrt1_2,0
web/javascript/reference/global_objects/math/sqrt2,0
web/javascript/reference/global_objects/math/sumprecise,0
web/javascript/reference/global_objects/math/tan,0
web/javascript/reference/global_objects/math/tanh,0
web/javascript/reference/global_objects/math/trunc,0
web/javascript/reference/global_objects/nan,0
web/javascript/reference/global_objects/number,0
web/javascript/reference/global_objects/number/epsilon,0
web/javascript/reference/global_objects/number/isfinite,0
web/javascript/reference/global_objects/number/isinteger,0
web/javascript/reference/global_objects/number/isnan,0
web/javascript/reference/global_objects/number/issafeinteger,0
web/javascript/reference/global_objects/number/max_safe_integer,0
web/javascript/reference/global_objects/number/max_value,0
web/javascript/reference/global_objects/number/min_safe_integer,0
web/javascript/reference/global_objects/number/min_value,0
web/javascript/reference/global_objects/number/nan,0
web/javascript/reference/global_objects/number/negative_infinity,0
web/javascript/reference/global_objects/number/number,0
web/javascript/reference/global_objects/number/parsefloat,0
web/javascript/reference/global_objects/number/parseint,0
web/javascript/reference/global_objects/number/positive_infinity,0
web/javascript/reference/global_objects/number/toexponential,0
web/javascript/reference/global_objects/number/tofixed,0
web/javascript/reference/global_objects/number/tolocalestring,0
web/javascript/reference/global_objects/number/toprecision,0
web/javascript/reference/global_objects/number/tostring,0
web/javascript/reference/global_objects/number/valueof,0
web/javascript/reference/global_objects/object,0
web/javascript/reference/global_objects/object/__definegetter__,0
web/javascript/reference/global_objects/object/__definesetter__,0
web/javascript/reference/global_objects/object/__lookupgetter__,0
web/javascript/reference/global_objects/object/__lookupsetter__,0
web/javascript/reference/global_objects/object/assign,0
web/javascript/reference/global_objects/object/constructor,0
web/javascript/reference/global_objects/object/create,0
web/javascript/reference/global_objects/object/defineproperties,0
web/javascript/reference/global_objects/object/defineproperty,0
web/javascript/reference/global_objects/object/entries,0
web/javascript/reference/global_objects/object/freeze,0
web/javascript/reference/global_objects/object/fromentries,0
web/javascript/reference/global_objects/object/getownpropertydescriptor,0
web/javascript/reference/global_objects/object/getownpropertydescriptors,0
web/javascript/reference/global_objects/object/getownpropertynames,0
web/javascript/reference/global_objects/object/getownpropertysymbols,0
web/javascript/reference/global_objects/object/getprototypeof,0
web/javascript/reference/global_objects/object/groupby,0
web/javascript/reference/global_objects/object/hasown,0
web/javascript/reference/global_objects/object/hasownproperty,0
web/javascript/reference/global_objects/object/is,0
web/javascript/reference/global_objects/object/isextensible,0
web/javascript/reference/global_objects/object/isfrozen,0
web/javascript/reference/global_objects/object/isprototypeof,0
web/javascript/reference/global_objects/object/issealed,0
web/javascript/reference/global_objects/object/keys,0
web/javascript/reference/global_objects/object/object,0
web/javascript/reference/global_objects/object/preventextensions,0
web/javascript/reference/global_objects/object/propertyisenumerable,0
web/javascript/reference/global_objects/object/proto,0
web/javascript/reference/global_objects/object/seal,0
web/javascript/reference/global_objects/object/setprototypeof,0
web/javascript/reference/global_objects/object/tolocalestring,0
web/javascript/reference/global_objects/object/tostring,0
web/javascript/reference/global_objects/object/valueof,0
web/javascript/reference/global_objects/object/values,0
web/javascript/reference/global_objects/parsefloat,0
web/javascript/reference/global_objects/parseint,0
web/javascript/reference/global_objects/promise,0
web/javascript/reference/global_objects/promise/all,0
web/javascript/reference/global_objects/promise/allsettled,0
web/javascript/reference/global_objects/promise/any,0
web/javascript/reference/global_objects/promise/catch,0
web/javascript/reference/global_objects/promise/finally,0
web/javascript/reference/global_objects/promise/promise,0
web/javascript/reference/global_objects/promise/race,0
web/javascript/reference/global_objects/promise/reject,0
web/javascript/reference/global_objects/promise/resolve,0
web/javascript/reference/global_objects/promise/symbol.species,0
web/javascript/reference/global_objects/promise/then,0
web/javascript/reference/global_objects/promise/try,0
web/javascript/reference/global_objects/promise/withresolvers,0
web/javascript/reference/global_objects/proxy,0
web/javascript/reference/global_objects/proxy/proxy,0
web/javascript/reference/global_objects/proxy/proxy/apply,0
web/javascript/reference/global_objects/proxy/proxy/construct,0
web/javascript/reference/global_objects/proxy/proxy/defineproperty,0
web/javascript/reference/global_objects/proxy/proxy/deleteproperty,0
web/javascript/reference/global_objects/proxy/proxy/get,0
web/javascript/reference/global_objects/proxy/proxy/getownpropertydescriptor,0
web/javascript/reference/global_objects/proxy/proxy/getprototypeof,0
web/javascript/reference/global_objects/proxy/proxy/has,0
web/javascript/reference/global_objects/proxy/proxy/isextensible,0
web/javascript/reference/global_objects/proxy/proxy/ownkeys,0
web/javascript/reference/global_objects/proxy/proxy/preventextensions,0
web/javascript/reference/global_objects/proxy/proxy/set,0
web/javascript/reference/global_objects/proxy/proxy/setprototypeof,0
web/javascript/reference/global_objects/proxy/revocable,0
web/javascript/reference/global_objects/rangeerror,0
web/javascript/reference/global_objects/rangeerror/rangeerror,0
web/javascript/reference/global_objects/referenceerror,0
web/javascript/reference/global_objects/referenceerror/referenceerror,0
web/javascript/reference/global_objects/reflect,0
web/javascript/reference/global_objects/reflect/apply,0
web/javascript/reference/global_objects/reflect/construct,0
web/javascript/reference/global_objects/reflect/defineproperty,0
web/javascript/reference/global_objects/reflect/deleteproperty,0
web/javascript/reference/global_objects/reflect/get,0
web/javascript/reference/global_objects/reflect/getownpropertydescriptor,0
web/javascript/reference/global_objects/reflect/getprototypeof,0
web/javascript/reference/global_objects/reflect/has,0
web/javascript/reference/global_objects/reflect/isextensible,0
web/javascript/reference/global_objects/reflect/ownkeys,0
web/javascript/reference/global_objects/reflect/preventextensions,0
web/javascript/reference/global_objects/reflect/set,0
web/javascript/reference/global_objects/reflect/setprototypeof,0
web/javascript/reference/global_objects/regexp,0
web/javascript/reference/global_objects/regexp/compile,0
web/javascript/reference/global_objects/regexp/dotall,0
web/javascript/reference/global_objects/regexp/escape,0
web/javascript/reference/global_objects/regexp/exec,0
web/javascript/reference/global_objects/regexp/flags,0
web/javascript/reference/global_objects/regexp/global,0
web/javascript/reference/global_objects/regexp/hasindices,0
web/javascript/reference/global_objects/regexp/ignorecase,0
web/javascript/reference/global_objects/regexp/input,0
web/javascript/reference/global_objects/regexp/lastindex,0
web/javascript/reference/global_objects/regexp/lastmatch,0
web/javascript/reference/global_objects/regexp/lastparen,0
web/javascript/reference/global_objects/regexp/leftcontext,0
web/javascript/reference/global_objects/regexp/multiline,0
web/javascript/reference/global_objects/regexp/n,0
web/javascript/reference/global_objects/regexp/regexp,0
web/javascript/reference/global_objects/regexp/rightcontext,0
web/javascript/reference/global_objects/regexp/source,0
web/javascript/reference/global_objects/regexp/sticky,0
web/javascript/reference/global_objects/regexp/symbol.match,0
web/javascript/reference/global_objects/regexp/symbol.matchall,0
web/javascript/reference/global_objects/regexp/symbol.replace,0
web/javascript/reference/global_objects/regexp/symbol.search,0
web/javascript/reference/global_objects/regexp/symbol.species,0
web/javascript/reference/global_objects/regexp/symbol.split,0
web/javascript/reference/global_objects/regexp/test,0
web/javascript/reference/global_objects/regexp/tostring,0
web/javascript/reference/global_objects/regexp/unicode,0
web/javascript/reference/global_objects/regexp/unicodesets,0
web/javascript/reference/global_objects/set,0
web/javascript/reference/global_objects/set/add,0
web/javascript/reference/global_objects/set/clear,0
web/javascript/reference/global_objects/set/delete,0
web/javascript/reference/global_objects/set/difference,0
web/javascript/reference/global_objects/set/entries,0
web/javascript/reference/global_objects/set/foreach,0
web/javascript/reference/global_objects/set/has,0
web/javascript/reference/global_objects/set/intersection,0
web/javascript/reference/global_objects/set/isdisjointfrom,0
web/javascript/reference/global_objects/set/issubsetof,0
web/javascript/reference/global_objects/set/issupersetof,0
web/javascript/reference/global_objects/set/keys,0
web/javascript/reference/global_objects/set/set,0
web/javascript/reference/global_objects/set/size,0
web/javascript/reference/global_objects/set/symbol.iterator,0
web/javascript/reference/global_objects/set/symbol.species,0
web/javascript/reference/global_objects/set/symmetricdifference,0
web/javascript/reference/global_objects/set/union,0
web/javascript/reference/global_objects/set/values,0
web/javascript/reference/global_objects/sharedarraybuffer,0
web/javascript/reference/global_objects/sharedarraybuffer/bytelength,0
web/javascript/reference/global_objects/sharedarraybuffer/grow,0
web/javascript/reference/global_objects/sharedarraybuffer/growable,0
web/javascript/reference/global_objects/sharedarraybuffer/maxbytelength,0
web/javascript/reference/global_objects/sharedarraybuffer/sharedarraybuffer,0
web/javascript/reference/global_objects/sharedarraybuffer/slice,0
web/javascript/reference/global_objects/sharedarraybuffer/symbol.species,0
web/javascript/reference/global_objects/string,0
web/javascript/reference/global_objects/string/anchor,0
web/javascript/reference/global_objects/string/at,0
web/javascript/reference/global_objects/string/big,0
web/javascript/reference/global_objects/string/blink,0
web/javascript/reference/global_objects/string/bold,0
web/javascript/reference/global_objects/string/charat,0
web/javascript/reference/global_objects/string/charcodeat,0
web/javascript/reference/global_objects/string/codepointat,0
web/javascript/reference/global_objects/string/concat,0
web/javascript/reference/global_objects/string/endswith,0
web/javascript/reference/global_objects/string/fixed,0
web/javascript/reference/global_objects/string/fontcolor,0
web/javascript/reference/global_objects/string/fontsize,0
web/javascript/reference/global_objects/string/fromcharcode,0
web/javascript/reference/global_objects/string/fromcodepoint,0
web/javascript/reference/global_objects/string/includes,0
web/javascript/reference/global_objects/string/indexof,0
web/javascript/reference/global_objects/string/iswellformed,0
web/javascript/reference/global_objects/string/italics,0
web/javascript/reference/global_objects/string/lastindexof,0
web/javascript/reference/global_objects/string/length,0
web/javascript/reference/global_objects/string/link,0
web/javascript/reference/global_objects/string/localecompare,0
web/javascript/reference/global_objects/string/match,0
web/javascript/reference/global_objects/string/matchall,0
web/javascript/reference/global_objects/string/normalize,0
web/javascript/reference/global_objects/string/padend,0
web/javascript/reference/global_objects/string/padstart,0
web/javascript/reference/global_objects/string/raw,0
web/javascript/reference/global_objects/string/repeat,0
web/javascript/reference/global_objects/string/replace,0
web/javascript/reference/global_objects/string/replaceall,0
web/javascript/reference/global_objects/string/search,0
web/javascript/reference/global_objects/string/slice,0
web/javascript/reference/global_objects/string/small,0
web/javascript/reference/global_objects/string/split,0
web/javascript/reference/global_objects/string/startswith,0
web/javascript/reference/global_objects/string/strike,0
web/javascript/reference/global_objects/string/string,0
web/javascript/reference/global_objects/string/sub,0
web/javascript/reference/global_objects/string/substr,0
web/javascript/reference/global_objects/string/substring,0
web/javascript/reference/global_objects/string/sup,0
web/javascript/reference/global_objects/string/symbol.iterator,0
web/javascript/reference/global_objects/string/tolocalelowercase,0
web/javascript/reference/global_objects/string/tolocaleuppercase,0
web/javascript/reference/global_objects/string/tolowercase,0
web/javascript/reference/global_objects/string/tostring,0
web/javascript/reference/global_objects/string/touppercase,0
web/javascript/reference/global_objects/string/towellformed,0
web/javascript/reference/global_objects/string/trim,0
web/javascript/reference/global_objects/string/trimend,0
web/javascript/reference/global_objects/string/trimstart,0
web/javascript/reference/global_objects/string/valueof,0
web/javascript/reference/global_objects/suppressederror,0
web/javascript/reference/global_objects/suppressederror/error,0
web/javascript/reference/global_objects/suppressederror/suppressed,0
web/javascript/reference/global_objects/suppressederror/suppressederror,0
web/javascript/reference/global_objects/symbol,0
web/javascript/reference/global_objects/symbol/asyncdispose,0
web/javascript/reference/global_objects/symbol/asynciterator,0
web/javascript/reference/global_objects/symbol/description,0
web/javascript/reference/global_objects/symbol/dispose,0
web/javascript/reference/global_objects/symbol/for,0
web/javascript/reference/global_objects/symbol/hasinstance,0
web/javascript/reference/global_objects/symbol/isconcatspreadable,0
web/javascript/reference/global_objects/symbol/iterator,0
web/javascript/reference/global_objects/symbol/keyfor,0
web/javascript/reference/global_objects/symbol/match,0
web/javascript/reference/global_objects/symbol/matchall,0
web/javascript/reference/global_objects/symbol/replace,0
web/javascript/reference/global_objects/symbol/search,0
web/javascript/reference/global_objects/symbol/species,0
web/javascript/reference/global_objects/symbol/split,0
web/javascript/reference/global_objects/symbol/symbol,0
web/javascript/reference/global_objects/symbol/symbol.toprimitive,0
web/javascript/reference/global_objects/symbol/toprimitive,0
web/javascript/reference/global_objects/symbol/tostring,0
web/javascript/reference/global_objects/symbol/tostringtag,0
web/javascript/reference/global_objects/symbol/unscopables,0
web/javascript/reference/global_objects/symbol/valueof,0
web/javascript/reference/global_objects/syntaxerror,0
web/javascript/reference/global_objects/syntaxerror/syntaxerror,0
web/javascript/reference/global_objects/temporal,0
web/javascript/reference/global_objects/temporal/duration,0
web/javascript/reference/global_objects/temporal/duration/abs,0
web/javascript/reference/global_objects/temporal/duration/add,0
web/javascript/reference/global_objects/temporal/duration/blank,0
web/javascript/reference/global_objects/temporal/duration/compare,0
web/javascript/reference/global_objects/temporal/duration/days,0
web/javascript/reference/global_objects/temporal/duration/duration,0
web/javascript/reference/global_objects/temporal/duration/from,0
web/javascript/reference/global_objects/temporal/duration/hours,0
web/javascript/reference/global_objects/temporal/duration/microseconds,0
web/javascript/reference/global_objects/temporal/duration/milliseconds,0
web/javascript/reference/global_objects/temporal/duration/minutes,0
web/javascript/reference/global_objects/temporal/duration/months,0
web/javascript/reference/global_objects/temporal/duration/nanoseconds,0
web/javascript/reference/global_objects/temporal/duration/negated,0
web/javascript/reference/global_objects/temporal/duration/round,0
web/javascript/reference/global_objects/temporal/duration/seconds,0
web/javascript/reference/global_objects/temporal/duration/sign,0
web/javascript/reference/global_objects/temporal/duration/subtract,0
web/javascript/reference/global_objects/temporal/duration/tojson,0
web/javascript/reference/global_objects/temporal/duration/tolocalestring,0
web/javascript/reference/global_objects/temporal/duration/tostring,0
web/javascript/reference/global_objects/temporal/duration/total,0
web/javascript/reference/global_objects/temporal/duration/valueof,0
web/javascript/reference/global_objects/temporal/duration/weeks,0
web/javascript/reference/global_objects/temporal/duration/with,0
web/javascript/reference/global_objects/temporal/duration/years,0
web/javascript/reference/global_objects/temporal/instant,0
web/javascript/reference/global_objects/temporal/instant/add,0
web/javascript/reference/global_objects/temporal/instant/compare,0
web/javascript/reference/global_objects/temporal/instant/epochmilliseconds,0
web/javascript/reference/global_objects/temporal/instant/epochnanoseconds,0
web/javascript/reference/global_objects/temporal/instant/equals,0
web/javascript/reference/global_objects/temporal/instant/from,0
web/javascript/reference/global_objects/temporal/instant/fromepochmilliseconds,0
web/javascript/reference/global_objects/temporal/instant/fromepochnanoseconds,0
web/javascript/reference/global_objects/temporal/instant/instant,0
web/javascript/reference/global_objects/temporal/instant/round,0
web/javascript/reference/global_objects/temporal/instant/since,0
web/javascript/reference/global_objects/temporal/instant/subtract,0
web/javascript/reference/global_objects/temporal/instant/tojson,0
web/javascript/reference/global_objects/temporal/instant/tolocalestring,0
web/javascript/reference/global_objects/temporal/instant/tostring,0
web/javascript/reference/global_objects/temporal/instant/tozoneddatetimeiso,0
web/javascript/reference/global_objects/temporal/instant/until,0
web/javascript/reference/global_objects/temporal/instant/valueof,0
web/javascript/reference/global_objects/temporal/now,0
web/javascript/reference/global_objects/temporal/now/instant,0
web/javascript/reference/global_objects/temporal/now/plaindateiso,0
web/javascript/reference/global_objects/temporal/now/plaindatetimeiso,0
web/javascript/reference/global_objects/temporal/now/plaintimeiso,0
web/javascript/reference/global_objects/temporal/now/timezoneid,0
web/javascript/reference/global_objects/temporal/now/zoneddatetimeiso,0
web/javascript/reference/global_objects/temporal/plaindate,0
web/javascript/reference/global_objects/temporal/plaindate/add,0
web/javascript/reference/global_objects/temporal/plaindate/calendarid,0
web/javascript/reference/global_objects/temporal/plaindate/compare,0
web/javascript/reference/global_objects/temporal/plaindate/day,0
web/javascript/reference/global_objects/temporal/plaindate/dayofweek,0
web/javascript/reference/global_objects/temporal/plaindate/dayofyear,0
web/javascript/reference/global_objects/temporal/plaindate/daysinmonth,0
web/javascript/reference/global_objects/temporal/plaindate/daysinweek,0
web/javascript/reference/global_objects/temporal/plaindate/daysinyear,0
web/javascript/reference/global_objects/temporal/plaindate/equals,0
web/javascript/reference/global_objects/temporal/plaindate/era,0
web/javascript/reference/global_objects/temporal/plaindate/erayear,0
web/javascript/reference/global_objects/temporal/plaindate/from,0
web/javascript/reference/global_objects/temporal/plaindate/inleapyear,0
web/javascript/reference/global_objects/temporal/plaindate/month,0
web/javascript/reference/global_objects/temporal/plaindate/monthcode,0
web/javascript/reference/global_objects/temporal/plaindate/monthsinyear,0
web/javascript/reference/global_objects/temporal/plaindate/plaindate,0
web/javascript/reference/global_objects/temporal/plaindate/since,0
web/javascript/reference/global_objects/temporal/plaindate/subtract,0
web/javascript/reference/global_objects/temporal/plaindate/tojson,0
web/javascript/reference/global_objects/temporal/plaindate/tolocalestring,0
web/javascript/reference/global_objects/temporal/plaindate/toplaindatetime,0
web/javascript/reference/global_objects/temporal/plaindate/toplainmonthday,0
web/javascript/reference/global_objects/temporal/plaindate/toplainyearmonth,0
web/javascript/reference/global_objects/temporal/plaindate/tostring,0
web/javascript/reference/global_objects/temporal/plaindate/tozoneddatetime,0
web/javascript/reference/global_objects/temporal/plaindate/until,0
web/javascript/reference/global_objects/temporal/plaindate/valueof,0
web/javascript/reference/global_objects/temporal/plaindate/weekofyear,0
web/javascript/reference/global_objects/temporal/plaindate/with,0
web/javascript/reference/global_objects/temporal/plaindate/withcalendar,0
web/javascript/reference/global_objects/temporal/plaindate/year,0
web/javascript/reference/global_objects/temporal/plaindate/yearofweek,0
web/javascript/reference/global_objects/temporal/plaindatetime,0
web/javascript/reference/global_objects/temporal/plaindatetime/add,0
web/javascript/reference/global_objects/temporal/plaindatetime/calendarid,0
web/javascript/reference/global_objects/temporal/plaindatetime/compare,0
web/javascript/reference/global_objects/temporal/plaindatetime/day,0
web/javascript/reference/global_objects/temporal/plaindatetime/dayofweek,0
web/javascript/reference/global_objects/temporal/plaindatetime/dayofyear,0
web/javascript/reference/global_objects/temporal/plaindatetime/daysinmonth,0
web/javascript/reference/global_objects/temporal/plaindatetime/daysinweek,0
web/javascript/reference/global_objects/temporal/plaindatetime/daysinyear,0
web/javascript/reference/global_objects/temporal/plaindatetime/equals,0
web/javascript/reference/global_objects/temporal/plaindatetime/era,0
web/javascript/reference/global_objects/temporal/plaindatetime/erayear,0
web/javascript/reference/global_objects/temporal/plaindatetime/from,0
web/javascript/reference/global_objects/temporal/plaindatetime/hour,0
web/javascript/reference/global_objects/temporal/plaindatetime/inleapyear,0
web/javascript/reference/global_objects/temporal/plaindatetime/microsecond,0
web/javascript/reference/global_objects/temporal/plaindatetime/millisecond,0
web/javascript/reference/global_objects/temporal/plaindatetime/minute,0
web/javascript/reference/global_objects/temporal/plaindatetime/month,0
web/javascript/reference/global_objects/temporal/plaindatetime/monthcode,0
web/javascript/reference/global_objects/temporal/plaindatetime/monthsinyear,0
web/javascript/reference/global_objects/temporal/plaindatetime/nanosecond,0
web/javascript/reference/global_objects/temporal/plaindatetime/plaindatetime,0
web/javascript/reference/global_objects/temporal/plaindatetime/round,0
web/javascript/reference/global_objects/temporal/plaindatetime/second,0
web/javascript/reference/global_objects/temporal/plaindatetime/since,0
web/javascript/reference/global_objects/temporal/plaindatetime/subtract,0
web/javascript/reference/global_objects/temporal/plaindatetime/tojson,0
web/javascript/reference/global_objects/temporal/plaindatetime/tolocalestring,0
web/javascript/reference/global_objects/temporal/plaindatetime/toplaindate,0
web/javascript/reference/global_objects/temporal/plaindatetime/toplaintime,0
web/javascript/reference/global_objects/temporal/plaindatetime/tostring,0
web/javascript/reference/global_objects/temporal/plaindatetime/tozoneddatetime,0
web/javascript/reference/global_objects/temporal/plaindatetime/until,0
web/javascript/reference/global_objects/temporal/plaindatetime/valueof,0
web/javascript/reference/global_objects/temporal/plaindatetime/weekofyear,0
web/javascript/reference/global_objects/temporal/plaindatetime/with,0
web/javascript/reference/global_objects/temporal/plaindatetime/withcalendar,0
web/javascript/reference/global_objects/temporal/plaindatetime/withplaintime,0
web/javascript/reference/global_objects/temporal/plaindatetime/year,0
web/javascript/reference/global_objects/temporal/plaindatetime/yearofweek,0
web/javascript/reference/global_objects/temporal/plainmonthday,0
web/javascript/reference/global_objects/temporal/plainmonthday/calendarid,0
web/javascript/reference/global_objects/temporal/plainmonthday/day,0
web/javascript/reference/global_objects/temporal/plainmonthday/equals,0
web/javascript/reference/global_objects/temporal/plainmonthday/from,0
web/javascript/reference/global_objects/temporal/plainmonthday/monthcode,0
web/javascript/reference/global_objects/temporal/plainmonthday/plainmonthday,0
web/javascript/reference/global_objects/temporal/plainmonthday/tojson,0
web/javascript/reference/global_objects/temporal/plainmonthday/tolocalestring,0
web/javascript/reference/global_objects/temporal/plainmonthday/toplaindate,0
web/javascript/reference/global_objects/temporal/plainmonthday/tostring,0
web/javascript/reference/global_objects/temporal/plainmonthday/valueof,0
web/javascript/reference/global_objects/temporal/plainmonthday/with,0
web/javascript/reference/global_objects/temporal/plaintime,0
web/javascript/reference/global_objects/temporal/plaintime/add,0
web/javascript/reference/global_objects/temporal/plaintime/compare,0
web/javascript/reference/global_objects/temporal/plaintime/equals,0
web/javascript/reference/global_objects/temporal/plaintime/from,0
web/javascript/reference/global_objects/temporal/plaintime/hour,0
web/javascript/reference/global_objects/temporal/plaintime/microsecond,0
web/javascript/reference/global_objects/temporal/plaintime/millisecond,0
web/javascript/reference/global_objects/temporal/plaintime/minute,0
web/javascript/reference/global_objects/temporal/plaintime/nanosecond,0
web/javascript/reference/global_objects/temporal/plaintime/plaintime,0
web/javascript/reference/global_objects/temporal/plaintime/round,0
web/javascript/reference/global_objects/temporal/plaintime/second,0
web/javascript/reference/global_objects/temporal/plaintime/since,0
web/javascript/reference/global_objects/temporal/plaintime/subtract,0
web/javascript/reference/global_objects/temporal/plaintime/tojson,0
web/javascript/reference/global_objects/temporal/plaintime/tolocalestring,0
web/javascript/reference/global_objects/temporal/plaintime/tostring,0
web/javascript/reference/global_objects/temporal/plaintime/until,0
web/javascript/reference/global_objects/temporal/plaintime/valueof,0
web/javascript/reference/global_objects/temporal/plaintime/with,0
web/javascript/reference/global_objects/temporal/plainyearmonth,0
web/javascript/reference/global_objects/temporal/plainyearmonth/add,0
web/javascript/reference/global_objects/temporal/plainyearmonth/calendarid,0
web/javascript/reference/global_objects/temporal/plainyearmonth/compare,0
web/javascript/reference/global_objects/temporal/plainyearmonth/daysinmonth,0
web/javascript/reference/global_objects/temporal/plainyearmonth/daysinyear,0
web/javascript/reference/global_objects/temporal/plainyearmonth/equals,0
web/javascript/reference/global_objects/temporal/plainyearmonth/era,0
web/javascript/reference/global_objects/temporal/plainyearmonth/erayear,0
web/javascript/reference/global_objects/temporal/plainyearmonth/from,0
web/javascript/reference/global_objects/temporal/plainyearmonth/inleapyear,0
web/javascript/reference/global_objects/temporal/plainyearmonth/month,0
web/javascript/reference/global_objects/temporal/plainyearmonth/monthcode,0
web/javascript/reference/global_objects/temporal/plainyearmonth/monthsinyear,0
web/javascript/reference/global_objects/temporal/plainyearmonth/plainyearmonth,0
web/javascript/reference/global_objects/temporal/plainyearmonth/since,0
web/javascript/reference/global_objects/temporal/plainyearmonth/subtract,0
web/javascript/reference/global_objects/temporal/plainyearmonth/tojson,0
web/javascript/reference/global_objects/temporal/plainyearmonth/tolocalestring,0
web/javascript/reference/global_objects/temporal/plainyearmonth/toplaindate,0
web/javascript/reference/global_objects/temporal/plainyearmonth/tostring,0
web/javascript/reference/global_objects/temporal/plainyearmonth/until,0
web/javascript/reference/global_objects/temporal/plainyearmonth/valueof,0
web/javascript/reference/global_objects/temporal/plainyearmonth/with,0
web/javascript/reference/global_objects/temporal/plainyearmonth/year,0
web/javascript/reference/global_objects/temporal/zoneddatetime,0
web/javascript/reference/global_objects/temporal/zoneddatetime/add,0
web/javascript/reference/global_objects/temporal/zoneddatetime/calendarid,0
web/javascript/reference/global_objects/temporal/zoneddatetime/compare,0
web/javascript/reference/global_objects/temporal/zoneddatetime/day,0
web/javascript/reference/global_objects/temporal/zoneddatetime/dayofweek,0
web/javascript/reference/global_objects/temporal/zoneddatetime/dayofyear,0
web/javascript/reference/global_objects/temporal/zoneddatetime/daysinmonth,0
web/javascript/reference/global_objects/temporal/zoneddatetime/daysinweek,0
web/javascript/reference/global_objects/temporal/zoneddatetime/daysinyear,0
web/javascript/reference/global_objects/temporal/zoneddatetime/epochmilliseconds,0
web/javascript/reference/global_objects/temporal/zoneddatetime/epochnanoseconds,0
web/javascript/reference/global_objects/temporal/zoneddatetime/equals,0
web/javascript/reference/global_objects/temporal/zoneddatetime/era,0
web/javascript/reference/global_objects/temporal/zoneddatetime/erayear,0
web/javascript/reference/global_objects/temporal/zoneddatetime/from,0
web/javascript/reference/global_objects/temporal/zoneddatetime/gettimezonetransition,0
web/javascript/reference/global_objects/temporal/zoneddatetime/hour,0
web/javascript/reference/global_objects/temporal/zoneddatetime/hoursinday,0
web/javascript/reference/global_objects/temporal/zoneddatetime/inleapyear,0
web/javascript/reference/global_objects/temporal/zoneddatetime/microsecond,0
web/javascript/reference/global_objects/temporal/zoneddatetime/millisecond,0
web/javascript/reference/global_objects/temporal/zoneddatetime/minute,0
web/javascript/reference/global_objects/temporal/zoneddatetime/month,0
web/javascript/reference/global_objects/temporal/zoneddatetime/monthcode,0
web/javascript/reference/global_objects/temporal/zoneddatetime/monthsinyear,0
web/javascript/reference/global_objects/temporal/zoneddatetime/nanosecond,0
web/javascript/reference/global_objects/temporal/zoneddatetime/offset,0
web/javascript/reference/global_objects/temporal/zoneddatetime/offsetnanoseconds,0
web/javascript/reference/global_objects/temporal/zoneddatetime/round,0
web/javascript/reference/global_objects/temporal/zoneddatetime/second,0
web/javascript/reference/global_objects/temporal/zoneddatetime/since,0
web/javascript/reference/global_objects/temporal/zoneddatetime/startofday,0
web/javascript/reference/global_objects/temporal/zoneddatetime/subtract,0
web/javascript/reference/global_objects/temporal/zoneddatetime/timezoneid,0
web/javascript/reference/global_objects/temporal/zoneddatetime/toinstant,0
web/javascript/reference/global_objects/temporal/zoneddatetime/tojson,0
web/javascript/reference/global_objects/temporal/zoneddatetime/tolocalestring,0
web/javascript/reference/global_objects/temporal/zoneddatetime/toplaindate,0
web/javascript/reference/global_objects/temporal/zoneddatetime/toplaindatetime,0
web/javascript/reference/global_objects/temporal/zoneddatetime/toplaintime,0
web/javascript/reference/global_objects/temporal/zoneddatetime/tostring,0
web/javascript/reference/global_objects/temporal/zoneddatetime/until,0
web/javascript/reference/global_objects/temporal/zoneddatetime/valueof,0
web/javascript/reference/global_objects/temporal/zoneddatetime/weekofyear,0
web/javascript/reference/global_objects/temporal/zoneddatetime/with,0
web/javascript/reference/global_objects/temporal/zoneddatetime/withcalendar,0
web/javascript/reference/global_objects/temporal/zoneddatetime/withplaintime,0
web/javascript/reference/global_objects/temporal/zoneddatetime/withtimezone,0
web/javascript/reference/global_objects/temporal/zoneddatetime/year,0
web/javascript/reference/global_objects/temporal/zoneddatetime/yearofweek,0
web/javascript/reference/global_objects/temporal/zoneddatetime/zoneddatetime,0
web/javascript/reference/global_objects/typedarray,0
web/javascript/reference/global_objects/typedarray/at,0
web/javascript/reference/global_objects/typedarray/buffer,0
web/javascript/reference/global_objects/typedarray/bytelength,0
web/javascript/reference/global_objects/typedarray/byteoffset,0
web/javascript/reference/global_objects/typedarray/bytes_per_element,0
web/javascript/reference/global_objects/typedarray/copywithin,0
web/javascript/reference/global_objects/typedarray/entries,0
web/javascript/reference/global_objects/typedarray/every,0
web/javascript/reference/global_objects/typedarray/fill,0
web/javascript/reference/global_objects/typedarray/filter,0
web/javascript/reference/global_objects/typedarray/find,0
web/javascript/reference/global_objects/typedarray/findindex,0
web/javascript/reference/global_objects/typedarray/findlast,0
web/javascript/reference/global_objects/typedarray/findlastindex,0
web/javascript/reference/global_objects/typedarray/foreach,0
web/javascript/reference/global_objects/typedarray/from,0
web/javascript/reference/global_objects/typedarray/includes,0
web/javascript/reference/global_objects/typedarray/indexof,0
web/javascript/reference/global_objects/typedarray/join,0
web/javascript/reference/global_objects/typedarray/keys,0
web/javascript/reference/global_objects/typedarray/lastindexof,0
web/javascript/reference/global_objects/typedarray/length,0
web/javascript/reference/global_objects/typedarray/map,0
web/javascript/reference/global_objects/typedarray/of,0
web/javascript/reference/global_objects/typedarray/reduce,0
web/javascript/reference/global_objects/typedarray/reduceright,0
web/javascript/reference/global_objects/typedarray/reverse,0
web/javascript/reference/global_objects/typedarray/set,0
web/javascript/reference/global_objects/typedarray/slice,0
web/javascript/reference/global_objects/typedarray/some,0
web/javascript/reference/global_objects/typedarray/sort,0
web/javascript/reference/global_objects/typedarray/subarray,0
web/javascript/reference/global_objects/typedarray/symbol.iterator,0
web/javascript/reference/global_objects/typedarray/symbol.species,0
web/javascript/reference/global_objects/typedarray/tolocalestring,0
web/javascript/reference/global_objects/typedarray/toreversed,0
web/javascript/reference/global_objects/typedarray/tosorted,0
web/javascript/reference/global_objects/typedarray/tostring,0
web/javascript/reference/global_objects/typedarray/values,0
web/javascript/reference/global_objects/typedarray/with,0
web/javascript/reference/global_objects/typeerror,0
web/javascript/reference/global_objects/typeerror/typeerror,0
web/javascript/reference/global_objects/uint16array,0
web/javascript/reference/global_objects/uint16array/uint16array,0
web/javascript/reference/global_objects/uint32array,0
web/javascript/reference/global_objects/uint32array/uint32array,0
web/javascript/reference/global_objects/uint8array,0
web/javascript/reference/global_objects/uint8array/frombase64,0
web/javascript/reference/global_objects/uint8array/fromhex,0
web/javascript/reference/global_objects/uint8array/setfrombase64,0
web/javascript/reference/global_objects/uint8array/setfromhex,0
web/javascript/reference/global_objects/uint8array/tobase64,0
web/javascript/reference/global_objects/uint8array/tohex,0
web/javascript/reference/global_objects/uint8array/uint8array,0
web/javascript/reference/global_objects/uint8clampedarray,0
web/javascript/reference/global_objects/uint8clampedarray/uint8clampedarray,0
web/javascript/reference/global_objects/undefined,0
web/javascript/reference/global_objects/unescape,0
web/javascript/reference/global_objects/urierror,0
web/javascript/reference/global_objects/urierror/urierror,0
web/javascript/reference/global_objects/weakmap,0
web/javascript/reference/global_objects/weakmap/delete,0
web/javascript/reference/global_objects/weakmap/get,0
web/javascript/reference/global_objects/weakmap/getorinsert,0
web/javascript/reference/global_objects/weakmap/getorinsertcomputed,0
web/javascript/reference/global_objects/weakmap/has,0
web/javascript/reference/global_objects/weakmap/set,0
web/javascript/reference/global_objects/weakmap/weakmap,0
web/javascript/reference/global_objects/weakref,0
web/javascript/reference/global_objects/weakref/deref,0
web/javascript/reference/global_objects/weakref/weakref,0
web/javascript/reference/global_objects/weakset,0
web/javascript/reference/global_objects/weakset/add,0
web/javascript/reference/global_objects/weakset/delete,0
web/javascript/reference/global_objects/weakset/has,0
web/javascript/reference/global_objects/weakset/weakset,0
web/javascript/reference/iteration_protocols,0
web/javascript/reference/javascript_technologies_overview,0
web/javascript/reference/lexical_grammar,0
web/javascript/reference/operators,0
web/javascript/reference/operators/addition,0
web/javascript/reference/operators/addition_assignment,0
web/javascript/reference/operators/assignment,0
web/javascript/reference/operators/async_function,0
web/javascript/reference/operators/async_function_star_,0
web/javascript/reference/operators/await,0
web/javascript/reference/operators/bitwise_and,0
web/javascript/reference/operators/bitwise_and_assignment,0
web/javascript/reference/operators/bitwise_not,0
web/javascript/reference/operators/bitwise_or,0
web/javascript/reference/operators/bitwise_or_assignment,0
web/javascript/reference/operators/bitwise_xor,0
web/javascript/reference/operators/bitwise_xor_assignment,0
web/javascript/reference/operators/class,0
web/javascript/reference/operators/comma_operator,0
web/javascript/reference/operators/conditional_operator,0
web/javascript/reference/operators/decrement,0
web/javascript/reference/operators/delete,0
web/javascript/reference/operators/destructuring,0
web/javascript/reference/operators/division,0
web/javascript/reference/operators/division_assignment,0
web/javascript/reference/operators/equality,0
web/javascript/reference/operators/exponentiation,0
web/javascript/reference/operators/exponentiation_assignment,0
web/javascript/reference/operators/function,0
web/javascript/reference/operators/function_star_,0
web/javascript/reference/operators/greater_than,0
web/javascript/reference/operators/greater_than_or_equal,0
web/javascript/reference/operators/grouping,0
web/javascript/reference/operators/import,0
web/javascript/reference/operators/import.meta,0
web/javascript/reference/operators/import.meta/resolve,0
web/javascript/reference/operators/in,0
web/javascript/reference/operators/increment,0
web/javascript/reference/operators/inequality,0
web/javascript/reference/operators/instanceof,0
web/javascript/reference/operators/left_shift,0
web/javascript/reference/operators/left_shift_assignment,0
web/javascript/reference/operators/less_than,0
web/javascript/reference/operators/less_than_or_equal,0
web/javascript/reference/operators/logical_and,0
web/javascript/reference/operators/logical_and_assignment,0
web/javascript/reference/operators/logical_not,0
web/javascript/reference/operators/logical_or,0
web/javascript/reference/operators/logical_or_assignment,0
web/javascript/reference/operators/multiplication,0
web/javascript/reference/operators/multiplication_assignment,0
web/javascript/reference/operators/new,0
web/javascript/reference/operators/new.target,0
web/javascript/reference/operators/null,0
web/javascript/reference/operators/nullish_coalescing,0
web/javascript/reference/operators/nullish_coalescing_assignment,0
web/javascript/reference/operators/object_initializer,0
web/javascript/reference/operators/operator_precedence,0
web/javascript/reference/operators/optional_chaining,0
web/javascript/reference/operators/property_accessors,0
web/javascript/reference/operators/remainder,0
web/javascript/reference/operators/remainder_assignment,0
web/javascript/reference/operators/right_shift,0
web/javascript/reference/operators/right_shift_assignment,0
web/javascript/reference/operators/spread_syntax,0
web/javascript/reference/operators/strict_equality,0
web/javascript/reference/operators/strict_inequality,0
web/javascript/reference/operators/subtraction,0
web/javascript/reference/operators/subtraction_assignment,0
web/javascript/reference/operators/super,0
web/javascript/reference/operators/this,0
web/javascript/reference/operators/typeof,0
web/javascript/reference/operators/unary_negation,0
web/javascript/reference/operators/unary_plus,0
web/javascript/reference/operators/unsigned_right_shift,0
web/javascript/reference/operators/unsigned_right_shift_assignment,0
web/javascript/reference/operators/void,0
web/javascript/reference/operators/yield,0
web/javascript/reference/operators/yield_star_,0
web/javascript/reference/regular_expressions,0
web/javascript/reference/regular_expressions/backreference,0
web/javascript/reference/regular_expressions/capturing_group,0
web/javascript/reference/regular_expressions/character_class,0
web/javascript/reference/regular_expressions/character_class_escape,0
web/javascript/reference/regular_expressions/character_escape,0
web/javascript/reference/regular_expressions/disjunction,0
web/javascript/reference/regular_expressions/input_boundary_assertion,0
web/javascript/reference/regular_expressions/literal_character,0
web/javascript/reference/regular_expressions/lookahead_assertion,0
web/javascript/reference/regular_expressions/lookbehind_assertion,0
web/javascript/reference/regular_expressions/modifier,0
web/javascript/reference/regular_expressions/named_backreference,0
web/javascript/reference/regular_expressions/named_capturing_group,0
web/javascript/reference/regular_expressions/non-capturing_group,0
web/javascript/reference/regular_expressions/quantifier,0
web/javascript/reference/regular_expressions/unicode_character_class_escape,0
web/javascript/reference/regular_expressions/wildcard,0
web/javascript/reference/regular_expressions/word_boundary_assertion,0
web/javascript/reference/statements,0
web/javascript/reference/statements/async_function,0
web/javascript/reference/statements/async_function_star_,0
web/javascript/reference/statements/await_using,0
web/javascript/reference/statements/block,0
web/javascript/reference/statements/break,0
web/javascript/reference/statements/class,0
web/javascript/reference/statements/const,0
web/javascript/reference/statements/continue,0
web/javascript/reference/statements/debugger,0
web/javascript/reference/statements/do...while,0
web/javascript/reference/statements/empty,0
web/javascript/reference/statements/export,0
web/javascript/reference/statements/expression_statement,0
web/javascript/reference/statements/for,0
web/javascript/reference/statements/for-await...of,0
web/javascript/reference/statements/for...in,0
web/javascript/reference/statements/for...of,0
web/javascript/reference/statements/function,0
web/javascript/reference/statements/function_star_,0
web/javascript/reference/statements/if...else,0
web/javascript/reference/statements/import,0
web/javascript/reference/statements/import/with,0
web/javascript/reference/statements/label,0
web/javascript/reference/statements/let,0
web/javascript/reference/statements/return,0
web/javascript/reference/statements/switch,0
web/javascript/reference/statements/throw,0
web/javascript/reference/statements/try...catch,0
web/javascript/reference/statements/using,0
web/javascript/reference/statements/var,0
web/javascript/reference/statements/while,0
web/javascript/reference/statements/with,0
web/javascript/reference/strict_mode,0
web/javascript/reference/template_literals,0
web/javascript/reference/trailing_commas,0
web/mathml,0
web/mathml/guides,0
web/mathml/guides/authoring,0
web/mathml/guides/deriving_the_quadratic_formula,0
web/mathml/guides/fonts,0
web/mathml/guides/proving_the_pythagorean_theorem,0
web/mathml/reference,0
web/mathml/reference/attribute,0
web/mathml/reference/element,0
web/mathml/reference/element/annotation,0
web/mathml/reference/element/annotation-xml,0
web/mathml/reference/element/maction,0
web/mathml/reference/element/math,0
web/mathml/reference/element/menclose,0
web/mathml/reference/element/merror,0
web/mathml/reference/element/mfenced,0
web/mathml/reference/element/mfrac,0
web/mathml/reference/element/mi,0
web/mathml/reference/element/mmultiscripts,0
web/mathml/reference/element/mn,0
web/mathml/reference/element/mo,0
web/mathml/reference/element/mover,0
web/mathml/reference/element/mpadded,0
web/mathml/reference/element/mphantom,0
web/mathml/reference/element/mprescripts,0
web/mathml/reference/element/mroot,0
web/mathml/reference/element/mrow,0
web/mathml/reference/element/ms,0
web/mathml/reference/element/mspace,0
web/mathml/reference/element/msqrt,0
web/mathml/reference/element/mstyle,0
web/mathml/reference/element/msub,0
web/mathml/reference/element/msubsup,0
web/mathml/reference/element/msup,0
web/mathml/reference/element/mtable,0
web/mathml/reference/element/mtd,0
web/mathml/reference/element/mtext,0
web/mathml/reference/element/mtr,0
web/mathml/reference/element/munder,0
web/mathml/reference/element/munderover,0
web/mathml/reference/element/semantics,0
web/mathml/reference/global_attributes,0
web/mathml/reference/global_attributes/data-_star_,0
web/mathml/reference/global_attributes/dir,0
web/mathml/reference/global_attributes/displaystyle,0
web/mathml/reference/global_attributes/href,0
web/mathml/reference/global_attributes/mathbackground,0
web/mathml/reference/global_attributes/mathcolor,0
web/mathml/reference/global_attributes/mathsize,0
web/mathml/reference/global_attributes/scriptlevel,0
web/mathml/reference/values,0
web/mathml/tutorials,0
web/mathml/tutorials/for_beginners,0
web/mathml/tutorials/for_beginners/fractions_and_roots,0
web/mathml/tutorials/for_beginners/getting_started,0
web/mathml/tutorials/for_beginners/scripts,0
web/mathml/tutorials/for_beginners/tables,0
web/mathml/tutorials/for_beginners/text_containers,0
web/mathml/tutorials/for_beginners/three_famous_mathematical_formulas,0
web/media,0
web/media/guides,0
web/media/guides/audio_and_video_delivery,0
web/media/guides/audio_and_video_delivery/adding_captions_and_subtitles_to_html5_video,0
web/media/guides/audio_and_video_delivery/buffering_seeking_time_ranges,0
web/media/guides/audio_and_video_delivery/cross-browser_audio_basics,0
web/media/guides/audio_and_video_delivery/cross_browser_video_player,0
web/media/guides/audio_and_video_delivery/live_streaming_web_audio_and_video,0
web/media/guides/audio_and_video_delivery/setting_up_adaptive_streaming_media_sources,0
web/media/guides/audio_and_video_delivery/video_player_styling_basics,0
web/media/guides/audio_and_video_delivery/webaudio_playbackrate_explained,0
web/media/guides/audio_and_video_manipulation,0
web/media/guides/autoplay,0
web/media/guides/formats,0
web/media/guides/formats/audio_codecs,0
web/media/guides/formats/audio_concepts,0
web/media/guides/formats/codecs_parameter,0
web/media/guides/formats/configuring_servers_for_ogg_media,0
web/media/guides/formats/containers,0
web/media/guides/formats/image_types,0
web/media/guides/formats/support_issues,0
web/media/guides/formats/video_codecs,0
web/media/guides/formats/video_concepts,0
web/media/guides/formats/webrtc_codecs,0
web/media/guides/images,0
web/media/guides/streaming,0
web/performance,0
web/performance/guides,0
web/performance/guides/animation_performance_and_frame_rate,0
web/performance/guides/critical_rendering_path,0
web/performance/guides/css_javascript_animation_performance,0
web/performance/guides/dns-prefetch,0
web/performance/guides/fundamentals,0
web/performance/guides/how_browsers_work,0
web/performance/guides/how_long_is_too_long,0
web/performance/guides/lazy_loading,0
web/performance/guides/navigation_and_resource_timings,0
web/performance/guides/optimizing_startup_performance,0
web/performance/guides/performance_budgets,0
web/performance/guides/rum-vs-synthetic,0
web/performance/guides/speculative_loading,0
web/performance/guides/understanding_latency,0
web/privacy,0
web/privacy/guides,0
web/privacy/guides/bounce_tracking_mitigations,0
web/privacy/guides/firefox_tracking_protection,0
web/privacy/guides/privacy_sandbox,0
web/privacy/guides/redirect_tracking_protection,0
web/privacy/guides/referer_header_colon__privacy_and_security_concerns,0
web/privacy/guides/state_partitioning,0
web/privacy/guides/storage_access_policy,0
web/privacy/guides/storage_access_policy/errors,0
web/privacy/guides/storage_access_policy/errors/cookieblockedall,0
web/privacy/guides/storage_access_policy/errors/cookieblockedbypermission,0
web/privacy/guides/storage_access_policy/errors/cookieblockedforeign,0
web/privacy/guides/storage_access_policy/errors/cookieblockedtracker,0
web/privacy/guides/storage_access_policy/errors/cookiepartitionedforeign,0
web/privacy/guides/third-party_cookies,0
web/privacy/guides/third-party_cookies/partitioned_cookies,0
web/progressive_web_apps,0
web/progressive_web_apps/guides,0
web/progressive_web_apps/guides/best_practices,0
web/progressive_web_apps/guides/caching,0
web/progressive_web_apps/guides/installing,0
web/progressive_web_apps/guides/making_pwas_installable,0
web/progressive_web_apps/guides/offline_and_background_operation,0
web/progressive_web_apps/guides/what_is_a_progressive_web_app,0
web/progressive_web_apps/how_to,0
web/progressive_web_apps/how_to/associate_files_with_your_pwa,0
web/progressive_web_apps/how_to/create_a_standalone_app,0
web/progressive_web_apps/how_to/customize_your_app_colors,0
web/progressive_web_apps/how_to/define_app_icons,0
web/progressive_web_apps/how_to/display_badge_on_app_icon,0
web/progressive_web_apps/how_to/expose_common_actions_as_shortcuts,0
web/progressive_web_apps/how_to/localize_an_app_manifest,0
web/progressive_web_apps/how_to/share_data_between_apps,0
web/progressive_web_apps/how_to/trigger_install_prompt,0
web/progressive_web_apps/manifest,0
web/progressive_web_apps/manifest/reference,0
web/progressive_web_apps/manifest/reference/_star__localized,0
web/progressive_web_apps/manifest/reference/background_color,0
web/progressive_web_apps/manifest/reference/categories,0
web/progressive_web_apps/manifest/reference/description,0
web/progressive_web_apps/manifest/reference/display,0
web/progressive_web_apps/manifest/reference/display_override,0
web/progressive_web_apps/manifest/reference/file_handlers,0
web/progressive_web_apps/manifest/reference/icons,0
web/progressive_web_apps/manifest/reference/id,0
web/progressive_web_apps/manifest/reference/launch_handler,0
web/progressive_web_apps/manifest/reference/name,0
web/progressive_web_apps/manifest/reference/note_taking,0
web/progressive_web_apps/manifest/reference/orientation,0
web/progressive_web_apps/manifest/reference/prefer_related_applications,0
web/progressive_web_apps/manifest/reference/protocol_handlers,0
web/progressive_web_apps/manifest/reference/related_applications,0
web/progressive_web_apps/manifest/reference/scope,0
web/progressive_web_apps/manifest/reference/scope_extensions,0
web/progressive_web_apps/manifest/reference/screenshots,0
web/progressive_web_apps/manifest/reference/serviceworker,0
web/progressive_web_apps/manifest/reference/share_target,0
web/progressive_web_apps/manifest/reference/short_name,0
web/progressive_web_apps/manifest/reference/shortcuts,0
web/progressive_web_apps/manifest/reference/start_url,0
web/progressive_web_apps/manifest/reference/theme_color,0
web/progressive_web_apps/reference,0
web/progressive_web_apps/tutorials,0
web/progressive_web_apps/tutorials/cycletracker,0
web/progressive_web_apps/tutorials/cycletracker/html_and_css,0
web/progressive_web_apps/tutorials/cycletracker/javascript_functionality,0
web/progressive_web_apps/tutorials/cycletracker/manifest_file,0
web/progressive_web_apps/tutorials/cycletracker/secure_connection,0
web/progressive_web_apps/tutorials/cycletracker/service_workers,0
web/progressive_web_apps/tutorials/js13kgames,0
web/progressive_web_apps/tutorials/js13kgames/app_structure,0
web/progressive_web_apps/tutorials/js13kgames/installable_pwas,0
web/progressive_web_apps/tutorials/js13kgames/loading,0
web/progressive_web_apps/tutorials/js13kgames/offline_service_workers,0
web/progressive_web_apps/tutorials/js13kgames/re-engageable_notifications_push,0
web/security,0
web/security/attacks,0
web/security/attacks/clickjacking,0
web/security/attacks/csrf,0
web/security/attacks/idor,0
web/security/attacks/mitm,0
web/security/attacks/phishing,0
web/security/attacks/prototype_pollution,0
web/security/attacks/ssrf,0
web/security/attacks/subdomain_takeover,0
web/security/attacks/supply_chain_attacks,0
web/security/attacks/xs-leaks,0
web/security/attacks/xss,0
web/security/authentication,0
web/security/authentication/federated_identity,0
web/security/authentication/otp,0
web/security/authentication/passkeys,0
web/security/authentication/passwords,0
web/security/authentication/session_management,0
web/security/defenses,0
web/security/defenses/certificate_transparency,0
web/security/defenses/input_validation,0
web/security/defenses/local_network_access,0
web/security/defenses/mixed_content,0
web/security/defenses/operational_security,0
web/security/defenses/same-origin_policy,0
web/security/defenses/secure_contexts,0
web/security/defenses/secure_contexts/features_restricted_to_secure_contexts,0
web/security/defenses/subresource_integrity,0
web/security/defenses/transport_layer_security,0
web/security/defenses/user_activation,0
web/security/practical_implementation_guides,0
web/security/practical_implementation_guides/cookies,0
web/security/practical_implementation_guides/corp,0
web/security/practical_implementation_guides/cors,0
web/security/practical_implementation_guides/csp,0
web/security/practical_implementation_guides/mime_types,0
web/security/practical_implementation_guides/referrer_policy,0
web/security/practical_implementation_guides/robots_txt,0
web/security/practical_implementation_guides/sri,0
web/security/practical_implementation_guides/tls,0
web/security/practical_implementation_guides/turning_off_form_autocompletion,0
web/security/threat_modeling,0
web/security/threat_modeling/example_threat_model,0
web/security/threat_modeling/frameworks,0
web/security/threat_modeling/pwa_threat_model,0
web/svg,0
web/svg/guides,0
web/svg/guides/applying_svg_effects_to_html_content,0
web/svg/guides/content_type,0
web/svg/guides/linking,0
web/svg/guides/namespaces_crash_course,0
web/svg/guides/namespaces_crash_course/example,0
web/svg/guides/scripting,0
web/svg/guides/svg_animation_with_smil,0
web/svg/guides/svg_as_an_image,0
web/svg/guides/svg_filters,0
web/svg/guides/svg_in_html,0
web/svg/reference,0
web/svg/reference/attribute,0
web/svg/reference/attribute/accumulate,0
web/svg/reference/attribute/additive,0
web/svg/reference/attribute/alignment-baseline,0
web/svg/reference/attribute/amplitude,0
web/svg/reference/attribute/attributename,0
web/svg/reference/attribute/attributetype,0
web/svg/reference/attribute/autofocus,0
web/svg/reference/attribute/azimuth,0
web/svg/reference/attribute/basefrequency,0
web/svg/reference/attribute/baseline-shift,0
web/svg/reference/attribute/baseprofile,0
web/svg/reference/attribute/begin,0
web/svg/reference/attribute/bias,0
web/svg/reference/attribute/by,0
web/svg/reference/attribute/calcmode,0
web/svg/reference/attribute/class,0
web/svg/reference/attribute/clip,0
web/svg/reference/attribute/clip-path,0
web/svg/reference/attribute/clip-rule,0
web/svg/reference/attribute/clippathunits,0
web/svg/reference/attribute/color,0
web/svg/reference/attribute/color-interpolation,0
web/svg/reference/attribute/color-interpolation-filters,0
web/svg/reference/attribute/crossorigin,0
web/svg/reference/attribute/cursor,0
web/svg/reference/attribute/cx,0
web/svg/reference/attribute/cy,0
web/svg/reference/attribute/d,0
web/svg/reference/attribute/data-_star_,0
web/svg/reference/attribute/decoding,0
web/svg/reference/attribute/diffuseconstant,0
web/svg/reference/attribute/direction,0
web/svg/reference/attribute/display,0
web/svg/reference/attribute/divisor,0
web/svg/reference/attribute/dominant-baseline,0
web/svg/reference/attribute/download,0
web/svg/reference/attribute/dur,0
web/svg/reference/attribute/dx,0
web/svg/reference/attribute/dy,0
web/svg/reference/attribute/edgemode,0
web/svg/reference/attribute/elevation,0
web/svg/reference/attribute/end,0
web/svg/reference/attribute/exponent,0
web/svg/reference/attribute/fetchpriority,0
web/svg/reference/attribute/fill,0
web/svg/reference/attribute/fill-opacity,0
web/svg/reference/attribute/fill-rule,0
web/svg/reference/attribute/filter,0
web/svg/reference/attribute/filterunits,0
web/svg/reference/attribute/flood-color,0
web/svg/reference/attribute/flood-opacity,0
web/svg/reference/attribute/font-family,0
web/svg/reference/attribute/font-size,0
web/svg/reference/attribute/font-size-adjust,0
web/svg/reference/attribute/font-stretch,0
web/svg/reference/attribute/font-style,0
web/svg/reference/attribute/font-variant,0
web/svg/reference/attribute/font-weight,0
web/svg/reference/attribute/font-width,0
web/svg/reference/attribute/fr,0
web/svg/reference/attribute/from,0
web/svg/reference/attribute/fx,0
web/svg/reference/attribute/fy,0
web/svg/reference/attribute/glyph-orientation-horizontal,0
web/svg/reference/attribute/glyph-orientation-vertical,0
web/svg/reference/attribute/gradienttransform,0
web/svg/reference/attribute/gradientunits,0
web/svg/reference/attribute/height,0
web/svg/reference/attribute/href,0
web/svg/reference/attribute/id,0
web/svg/reference/attribute/image-rendering,0
web/svg/reference/attribute/in,0
web/svg/reference/attribute/in2,0
web/svg/reference/attribute/intercept,0
web/svg/reference/attribute/k1,0
web/svg/reference/attribute/k2,0
web/svg/reference/attribute/k3,0
web/svg/reference/attribute/k4,0
web/svg/reference/attribute/kernelmatrix,0
web/svg/reference/attribute/kernelunitlength,0
web/svg/reference/attribute/keypoints,0
web/svg/reference/attribute/keysplines,0
web/svg/reference/attribute/keytimes,0
web/svg/reference/attribute/lang,0
web/svg/reference/attribute/lengthadjust,0
web/svg/reference/attribute/letter-spacing,0
web/svg/reference/attribute/lighting-color,0
web/svg/reference/attribute/limitingconeangle,0
web/svg/reference/attribute/marker-end,0
web/svg/reference/attribute/marker-mid,0
web/svg/reference/attribute/marker-start,0
web/svg/reference/attribute/markerheight,0
web/svg/reference/attribute/markerunits,0
web/svg/reference/attribute/markerwidth,0
web/svg/reference/attribute/mask,0
web/svg/reference/attribute/mask-type,0
web/svg/reference/attribute/maskcontentunits,0
web/svg/reference/attribute/maskunits,0
web/svg/reference/attribute/max,0
web/svg/reference/attribute/media,0
web/svg/reference/attribute/method,0
web/svg/reference/attribute/min,0
web/svg/reference/attribute/mode,0
web/svg/reference/attribute/numoctaves,0
web/svg/reference/attribute/opacity,0
web/svg/reference/attribute/operator,0
web/svg/reference/attribute/order,0
web/svg/reference/attribute/orient,0
web/svg/reference/attribute/origin,0
web/svg/reference/attribute/overflow,0
web/svg/reference/attribute/paint-order,0
web/svg/reference/attribute/path,0
web/svg/reference/attribute/pathlength,0
web/svg/reference/attribute/patterncontentunits,0
web/svg/reference/attribute/patterntransform,0
web/svg/reference/attribute/patternunits,0
web/svg/reference/attribute/pointer-events,0
web/svg/reference/attribute/points,0
web/svg/reference/attribute/pointsatx,0
web/svg/reference/attribute/pointsaty,0
web/svg/reference/attribute/pointsatz,0
web/svg/reference/attribute/preservealpha,0
web/svg/reference/attribute/preserveaspectratio,0
web/svg/reference/attribute/primitiveunits,0
web/svg/reference/attribute/r,0
web/svg/reference/attribute/radius,0
web/svg/reference/attribute/refx,0
web/svg/reference/attribute/refy,0
web/svg/reference/attribute/repeatcount,0
web/svg/reference/attribute/repeatdur,0
web/svg/reference/attribute/requiredextensions,0
web/svg/reference/attribute/requiredfeatures,0
web/svg/reference/attribute/restart,0
web/svg/reference/attribute/result,0
web/svg/reference/attribute/rotate,0
web/svg/reference/attribute/rx,0
web/svg/reference/attribute/ry,0
web/svg/reference/attribute/scale,0
web/svg/reference/attribute/seed,0
web/svg/reference/attribute/shape-rendering,0
web/svg/reference/attribute/side,0
web/svg/reference/attribute/slope,0
web/svg/reference/attribute/spacing,0
web/svg/reference/attribute/specularconstant,0
web/svg/reference/attribute/specularexponent,0
web/svg/reference/attribute/spreadmethod,0
web/svg/reference/attribute/startoffset,0
web/svg/reference/attribute/stddeviation,0
web/svg/reference/attribute/stitchtiles,0
web/svg/reference/attribute/stop-color,0
web/svg/reference/attribute/stop-opacity,0
web/svg/reference/attribute/stroke,0
web/svg/reference/attribute/stroke-dasharray,0
web/svg/reference/attribute/stroke-dashoffset,0
web/svg/reference/attribute/stroke-linecap,0
web/svg/reference/attribute/stroke-linejoin,0
web/svg/reference/attribute/stroke-miterlimit,0
web/svg/reference/attribute/stroke-opacity,0
web/svg/reference/attribute/stroke-width,0
web/svg/reference/attribute/style,0
web/svg/reference/attribute/surfacescale,0
web/svg/reference/attribute/systemlanguage,0
web/svg/reference/attribute/tabindex,0
web/svg/reference/attribute/tablevalues,0
web/svg/reference/attribute/target,0
web/svg/reference/attribute/targetx,0
web/svg/reference/attribute/targety,0
web/svg/reference/attribute/text-anchor,0
web/svg/reference/attribute/text-decoration,0
web/svg/reference/attribute/text-overflow,0
web/svg/reference/attribute/text-rendering,0
web/svg/reference/attribute/textlength,0
web/svg/reference/attribute/to,0
web/svg/reference/attribute/transform,0
web/svg/reference/attribute/transform-origin,0
web/svg/reference/attribute/type,0
web/svg/reference/attribute/unicode-bidi,0
web/svg/reference/attribute/values,0
web/svg/reference/attribute/vector-effect,0
web/svg/reference/attribute/version,0
web/svg/reference/attribute/viewbox,0
web/svg/reference/attribute/visibility,0
web/svg/reference/attribute/white-space,0
web/svg/reference/attribute/width,0
web/svg/reference/attribute/word-spacing,0
web/svg/reference/attribute/writing-mode,0
web/svg/reference/attribute/x,0
web/svg/reference/attribute/x1,0
web/svg/reference/attribute/x2,0
web/svg/reference/attribute/xchannelselector,0
web/svg/reference/attribute/xlink_colon_arcrole,0
web/svg/reference/attribute/xlink_colon_href,0
web/svg/reference/attribute/xlink_colon_show,0
web/svg/reference/attribute/xlink_colon_title,0
web/svg/reference/attribute/xlink_colon_type,0
web/svg/reference/attribute/xml_colon_lang,0
web/svg/reference/attribute/xml_colon_space,0
web/svg/reference/attribute/y,0
web/svg/reference/attribute/y1,0
web/svg/reference/attribute/y2,0
web/svg/reference/attribute/ychannelselector,0
web/svg/reference/attribute/z,0
web/svg/reference/attribute/zoomandpan,0
web/svg/reference/element,0
web/svg/reference/element/a,0
web/svg/reference/element/animate,0
web/svg/reference/element/animatemotion,0
web/svg/reference/element/animatetransform,0
web/svg/reference/element/circle,0
web/svg/reference/element/clippath,0
web/svg/reference/element/defs,0
web/svg/reference/element/desc,0
web/svg/reference/element/ellipse,0
web/svg/reference/element/feblend,0
web/svg/reference/element/fecolormatrix,0
web/svg/reference/element/fecomponenttransfer,0
web/svg/reference/element/fecomposite,0
web/svg/reference/element/feconvolvematrix,0
web/svg/reference/element/fediffuselighting,0
web/svg/reference/element/fedisplacementmap,0
web/svg/reference/element/fedistantlight,0
web/svg/reference/element/fedropshadow,0
web/svg/reference/element/feflood,0
web/svg/reference/element/fefunca,0
web/svg/reference/element/fefuncb,0
web/svg/reference/element/fefuncg,0
web/svg/reference/element/fefuncr,0
web/svg/reference/element/fegaussianblur,0
web/svg/reference/element/feimage,0
web/svg/reference/element/femerge,0
web/svg/reference/element/femergenode,0
web/svg/reference/element/femorphology,0
web/svg/reference/element/feoffset,0
web/svg/reference/element/fepointlight,0
web/svg/reference/element/fespecularlighting,0
web/svg/reference/element/fespotlight,0
web/svg/reference/element/fetile,0
web/svg/reference/element/feturbulence,0
web/svg/reference/element/filter,0
web/svg/reference/element/foreignobject,0
web/svg/reference/element/g,0
web/svg/reference/element/image,0
web/svg/reference/element/line,0
web/svg/reference/element/lineargradient,0
web/svg/reference/element/marker,0
web/svg/reference/element/mask,0
web/svg/reference/element/metadata,0
web/svg/reference/element/mpath,0
web/svg/reference/element/path,0
web/svg/reference/element/pattern,0
web/svg/reference/element/polygon,0
web/svg/reference/element/polyline,0
web/svg/reference/element/radialgradient,0
web/svg/reference/element/rect,0
web/svg/reference/element/script,0
web/svg/reference/element/set,0
web/svg/reference/element/stop,0
web/svg/reference/element/style,0
web/svg/reference/element/svg,0
web/svg/reference/element/switch,0
web/svg/reference/element/symbol,0
web/svg/reference/element/text,0
web/svg/reference/element/textpath,0
web/svg/reference/element/title,0
web/svg/reference/element/tspan,0
web/svg/reference/element/use,1
web/svg/reference/element/view,0
web/svg/tutorials,0
web/svg/tutorials/svg_from_scratch,0
web/svg/tutorials/svg_from_scratch/basic_shapes,0
web/svg/tutorials/svg_from_scratch/basic_transformations,0
web/svg/tutorials/svg_from_scratch/clipping_and_masking,0
web/svg/tutorials/svg_from_scratch/fills_and_strokes,0
web/svg/tutorials/svg_from_scratch/filter_effects,0
web/svg/tutorials/svg_from_scratch/getting_started,0
web/svg/tutorials/svg_from_scratch/gradients,0
web/svg/tutorials/svg_from_scratch/image_element,0
web/svg/tutorials/svg_from_scratch/introduction,0
web/svg/tutorials/svg_from_scratch/other_content_in_svg,0
web/svg/tutorials/svg_from_scratch/paths,0
web/svg/tutorials/svg_from_scratch/patterns,0
web/svg/tutorials/svg_from_scratch/positions,0
web/svg/tutorials/svg_from_scratch/svg_and_css,0
web/svg/tutorials/svg_from_scratch/texts,0
web/svg/tutorials/svg_from_scratch/tools_for_svg,0
web/svg/tutorials/svg_from_scratch/using_fonts,0
web/uri,0
web/uri/guides,0
web/uri/guides/choosing_between_www_and_non-www_urls,0
web/uri/reference,0
web/uri/reference/authority,0
web/uri/reference/fragment,0
web/uri/reference/fragment/media_fragments,0
web/uri/reference/fragment/text_fragments,0
web/uri/reference/path,0
web/uri/reference/query,0
web/uri/reference/schemes,0
web/uri/reference/schemes/blob,0
web/uri/reference/schemes/data,0
web/uri/reference/schemes/javascript,0
web/uri/reference/schemes/resource,0
web/uri/reference/schemes/urn,0
web/webdriver,0
web/webdriver/how_to,0
web/webdriver/how_to/create_bidi_connection,0
web/webdriver/reference,0
web/webdriver/reference/bidi,0
web/webdriver/reference/bidi/modules,0
web/webdriver/reference/bidi/modules/bluetooth,0
web/webdriver/reference/bidi/modules/browser,0
web/webdriver/reference/bidi/modules/browser/close,0
web/webdriver/reference/bidi/modules/browser/createusercontext,0
web/webdriver/reference/bidi/modules/browser/getclientwindows,0
web/webdriver/reference/bidi/modules/browser/getusercontexts,0
web/webdriver/reference/bidi/modules/browser/removeusercontext,0
web/webdriver/reference/bidi/modules/browser/setdownloadbehavior,0
web/webdriver/reference/bidi/modules/browsingcontext,0
web/webdriver/reference/bidi/modules/browsingcontext/activate,0
web/webdriver/reference/bidi/modules/browsingcontext/close,0
web/webdriver/reference/bidi/modules/browsingcontext/contextcreated,0
web/webdriver/reference/bidi/modules/browsingcontext/contextdestroyed,0
web/webdriver/reference/bidi/modules/browsingcontext/create,0
web/webdriver/reference/bidi/modules/browsingcontext/gettree,0
web/webdriver/reference/bidi/modules/browsingcontext/navigate,0
web/webdriver/reference/bidi/modules/browsingcontext/reload,0
web/webdriver/reference/bidi/modules/browsingcontext/traversehistory,0
web/webdriver/reference/bidi/modules/emulation,0
web/webdriver/reference/bidi/modules/input,0
web/webdriver/reference/bidi/modules/input/filedialogopened,0
web/webdriver/reference/bidi/modules/input/performactions,0
web/webdriver/reference/bidi/modules/input/releaseactions,0
web/webdriver/reference/bidi/modules/input/setfiles,0
web/webdriver/reference/bidi/modules/log,0
web/webdriver/reference/bidi/modules/log/entryadded,0
web/webdriver/reference/bidi/modules/network,0
web/webdriver/reference/bidi/modules/permissions,0
web/webdriver/reference/bidi/modules/script,0
web/webdriver/reference/bidi/modules/session,0
web/webdriver/reference/bidi/modules/session/end,0
web/webdriver/reference/bidi/modules/session/new,0
web/webdriver/reference/bidi/modules/session/status,0
web/webdriver/reference/bidi/modules/session/subscribe,0
web/webdriver/reference/bidi/modules/session/unsubscribe,0
web/webdriver/reference/bidi/modules/storage,0
web/webdriver/reference/bidi/modules/useragentclienthints,0
web/webdriver/reference/bidi/modules/webextension,0
web/webdriver/reference/capabilities,0
web/webdriver/reference/capabilities/acceptinsecurecerts,0
web/webdriver/reference/capabilities/firefoxoptions,0
web/webdriver/reference/capabilities/websocketurl,0
web/webdriver/reference/classic,0
web/webdriver/reference/classic/commands,0
web/webdriver/reference/classic/commands/back,0
web/webdriver/reference/classic/commands/closewindow,0
web/webdriver/reference/classic/commands/forward,0
web/webdriver/reference/classic/commands/getelementattribute,0
web/webdriver/reference/classic/commands/getelementproperty,0
web/webdriver/reference/classic/commands/getelementtagname,0
web/webdriver/reference/classic/commands/gettimeouts,0
web/webdriver/reference/classic/commands/gettitle,0
web/webdriver/reference/classic/commands/getwindowhandles,0
web/webdriver/reference/classic/commands/getwindowrect,0
web/webdriver/reference/classic/commands/newsession,0
web/webdriver/reference/classic/commands/newwindow,0
web/webdriver/reference/classic/commands/refresh,0
web/webdriver/reference/classic/commands/settimeouts,0
web/webdriver/reference/classic/commands/setwindowrect,0
web/webdriver/reference/classic/timeouts,0
web/webdriver/reference/errors,0
web/webdriver/reference/errors/insecurecertificate,0
web/webdriver/reference/errors/invalidargument,0
web/webdriver/reference/errors/invalidcookiedomain,0
web/webdriver/reference/errors/invalidselector,0
web/webdriver/reference/errors/invalidsessionid,0
web/webdriver/reference/errors/javascripterror,0
web/webdriver/reference/errors/scripttimeout,0
web/webdriver/reference/errors/staleelementreference,0
web/webdriver/reference/errors/unknowncommand,0
web/webdriver/reference/errors/unknownerror,0
web/webdriver/reference/errors/unknownmethod,0
web/xml,0
web/xml/exslt,0
web/xml/exslt/reference,0
web/xml/exslt/reference/exsl,0
web/xml/exslt/reference/exsl/node-set,0
web/xml/exslt/reference/exsl/object-type,0
web/xml/exslt/reference/math,0
web/xml/exslt/reference/math/highest,0
web/xml/exslt/reference/math/lowest,0
web/xml/exslt/reference/math/max,0
web/xml/exslt/reference/math/min,0
web/xml/exslt/reference/regexp,0
web/xml/exslt/reference/regexp/match,0
web/xml/exslt/reference/regexp/replace,0
web/xml/exslt/reference/regexp/test,0
web/xml/exslt/reference/set,0
web/xml/exslt/reference/set/difference,0
web/xml/exslt/reference/set/distinct,0
web/xml/exslt/reference/set/has-same-node,0
web/xml/exslt/reference/set/intersection,0
web/xml/exslt/reference/set/leading,0
web/xml/exslt/reference/set/trailing,0
web/xml/exslt/reference/str,0
web/xml/exslt/reference/str/concat,0
web/xml/exslt/reference/str/split,0
web/xml/exslt/reference/str/tokenize,0
web/xml/guides,0
web/xml/guides/opensearch,0
web/xml/guides/parsing_and_serializing_xml,0
web/xml/guides/xml_introduction,0
web/xml/xpath,0
web/xml/xpath/guides,0
web/xml/xpath/guides/comparison_with_css_selectors,0
web/xml/xpath/guides/introduction_to_using_xpath_in_javascript,0
web/xml/xpath/guides/snippets,0
web/xml/xpath/reference,0
web/xml/xpath/reference/axes,0
web/xml/xpath/reference/functions,0
web/xml/xpath/reference/functions/boolean,0
web/xml/xpath/reference/functions/ceiling,0
web/xml/xpath/reference/functions/choose,0
web/xml/xpath/reference/functions/concat,0
web/xml/xpath/reference/functions/contains,0
web/xml/xpath/reference/functions/count,0
web/xml/xpath/reference/functions/current,0
web/xml/xpath/reference/functions/document,0
web/xml/xpath/reference/functions/element-available,0
web/xml/xpath/reference/functions/false,0
web/xml/xpath/reference/functions/floor,0
web/xml/xpath/reference/functions/format-number,0
web/xml/xpath/reference/functions/function-available,0
web/xml/xpath/reference/functions/generate-id,0
web/xml/xpath/reference/functions/id,0
web/xml/xpath/reference/functions/key,0
web/xml/xpath/reference/functions/lang,0
web/xml/xpath/reference/functions/last,0
web/xml/xpath/reference/functions/local-name,0
web/xml/xpath/reference/functions/name,0
web/xml/xpath/reference/functions/namespace-uri,0
web/xml/xpath/reference/functions/normalize-space,0
web/xml/xpath/reference/functions/not,0
web/xml/xpath/reference/functions/number,0
web/xml/xpath/reference/functions/position,0
web/xml/xpath/reference/functions/round,0
web/xml/xpath/reference/functions/starts-with,0
web/xml/xpath/reference/functions/string,0
web/xml/xpath/reference/functions/string-length,0
web/xml/xpath/reference/functions/substring,0
web/xml/xpath/reference/functions/substring-after,0
web/xml/xpath/reference/functions/substring-before,0
web/xml/xpath/reference/functions/sum,0
web/xml/xpath/reference/functions/system-property,0
web/xml/xpath/reference/functions/translate,0
web/xml/xpath/reference/functions/true,0
web/xml/xpath/reference/functions/unparsed-entity-url,0
web/xml/xslt,0
web/xml/xslt/guides,0
web/xml/xslt/guides/common_errors,0
web/xml/xslt/guides/pi_parameters,0
web/xml/xslt/guides/transforming_xml_with_xslt,0
web/xml/xslt/reference,0
web/xml/xslt/reference/element,0
web/xml/xslt/reference/element/apply-imports,0
web/xml/xslt/reference/element/apply-templates,0
web/xml/xslt/reference/element/attribute,0
web/xml/xslt/reference/element/attribute-set,0
web/xml/xslt/reference/element/call-template,0
web/xml/xslt/reference/element/choose,0
web/xml/xslt/reference/element/comment,0
web/xml/xslt/reference/element/copy,0
web/xml/xslt/reference/element/copy-of,0
web/xml/xslt/reference/element/decimal-format,0
web/xml/xslt/reference/element/element,0
web/xml/xslt/reference/element/fallback,0
web/xml/xslt/reference/element/for-each,0
web/xml/xslt/reference/element/if,0
web/xml/xslt/reference/element/import,0
web/xml/xslt/reference/element/include,0
web/xml/xslt/reference/element/key,0
web/xml/xslt/reference/element/message,0
web/xml/xslt/reference/element/namespace-alias,0
web/xml/xslt/reference/element/number,0
web/xml/xslt/reference/element/otherwise,0
web/xml/xslt/reference/element/output,0
web/xml/xslt/reference/element/param,0
web/xml/xslt/reference/element/preserve-space,0
web/xml/xslt/reference/element/processing-instruction,0
web/xml/xslt/reference/element/sort,0
web/xml/xslt/reference/element/strip-space,0
web/xml/xslt/reference/element/stylesheet,0
web/xml/xslt/reference/element/template,0
web/xml/xslt/reference/element/text,0
web/xml/xslt/reference/element/transform,0
web/xml/xslt/reference/element/value-of,0
web/xml/xslt/reference/element/variable,0
web/xml/xslt/reference/element/when,0
web/xml/xslt/reference/element/with-param,0
webassembly,0
webassembly/guides,0
webassembly/guides/c_to_wasm,0
webassembly/guides/concepts,0
webassembly/guides/existing_c_to_wasm,0
webassembly/guides/exported_functions,0
webassembly/guides/imported_string_constants,0
webassembly/guides/javascript_builtins,0
webassembly/guides/loading_and_running,0
webassembly/guides/rust_to_wasm,0
webassembly/guides/text_format_to_wasm,0
webassembly/guides/understanding_the_text_format,0
webassembly/guides/using_the_javascript_api,0
webassembly/reference,0
webassembly/reference/control_flow,0
webassembly/reference/control_flow/block,0
webassembly/reference/control_flow/br,0
webassembly/reference/control_flow/br_if,0
webassembly/reference/control_flow/br_table,0
webassembly/reference/control_flow/call,0
webassembly/reference/control_flow/drop,0
webassembly/reference/control_flow/end,0
webassembly/reference/control_flow/if...else,0
webassembly/reference/control_flow/loop,0
webassembly/reference/control_flow/nop,0
webassembly/reference/control_flow/return,0
webassembly/reference/control_flow/select,0
webassembly/reference/control_flow/unreachable,0
webassembly/reference/definitions,0
webassembly/reference/definitions/global,0
webassembly/reference/definitions/table,0
webassembly/reference/definitions/tag,0
webassembly/reference/definitions/types,0
webassembly/reference/definitions/types/func,0
webassembly/reference/exception_handling,0
webassembly/reference/exception_handling/throw,0
webassembly/reference/exception_handling/throw_ref,0
webassembly/reference/exception_handling/try_table,0
webassembly/reference/exception_handling/try_table/catch,0
webassembly/reference/exception_handling/try_table/catch_all,0
webassembly/reference/exception_handling/try_table/catch_all_ref,0
webassembly/reference/exception_handling/try_table/catch_ref,0
webassembly/reference/javascript_interface,0
webassembly/reference/javascript_interface/compile_static,0
webassembly/reference/javascript_interface/compileerror,0
webassembly/reference/javascript_interface/compileerror/compileerror,0
webassembly/reference/javascript_interface/compilestreaming_static,0
webassembly/reference/javascript_interface/exception,0
webassembly/reference/javascript_interface/exception/exception,0
webassembly/reference/javascript_interface/exception/getarg,0
webassembly/reference/javascript_interface/exception/is,0
webassembly/reference/javascript_interface/exception/stack,0
webassembly/reference/javascript_interface/global,0
webassembly/reference/javascript_interface/global/global,0
webassembly/reference/javascript_interface/global/value,0
webassembly/reference/javascript_interface/global/valueof,0
webassembly/reference/javascript_interface/instance,0
webassembly/reference/javascript_interface/instance/exports,0
webassembly/reference/javascript_interface/instance/instance,0
webassembly/reference/javascript_interface/instantiate_static,0
webassembly/reference/javascript_interface/instantiatestreaming_static,0
webassembly/reference/javascript_interface/jstag_static,0
webassembly/reference/javascript_interface/linkerror,0
webassembly/reference/javascript_interface/linkerror/linkerror,0
webassembly/reference/javascript_interface/memory,0
webassembly/reference/javascript_interface/memory/buffer,0
webassembly/reference/javascript_interface/memory/grow,0
webassembly/reference/javascript_interface/memory/memory,0
webassembly/reference/javascript_interface/module,0
webassembly/reference/javascript_interface/module/customsections_static,0
webassembly/reference/javascript_interface/module/exports_static,0
webassembly/reference/javascript_interface/module/imports_static,0
webassembly/reference/javascript_interface/module/module,0
webassembly/reference/javascript_interface/promising_static,0
webassembly/reference/javascript_interface/runtimeerror,0
webassembly/reference/javascript_interface/runtimeerror/runtimeerror,0
webassembly/reference/javascript_interface/suspenderror,0
webassembly/reference/javascript_interface/suspenderror/suspenderror,0
webassembly/reference/javascript_interface/suspending,0
webassembly/reference/javascript_interface/suspending/suspending,0
webassembly/reference/javascript_interface/table,0
webassembly/reference/javascript_interface/table/get,0
webassembly/reference/javascript_interface/table/grow,0
webassembly/reference/javascript_interface/table/length,0
webassembly/reference/javascript_interface/table/set,0
webassembly/reference/javascript_interface/table/table,0
webassembly/reference/javascript_interface/tag,0
webassembly/reference/javascript_interface/tag/tag,0
webassembly/reference/javascript_interface/tag/type,0
webassembly/reference/javascript_interface/validate_static,0
webassembly/reference/memory,0
webassembly/reference/memory/copy,0
webassembly/reference/memory/fill,0
webassembly/reference/memory/grow,0
webassembly/reference/memory/load,0
webassembly/reference/memory/size,0
webassembly/reference/memory/store,0
webassembly/reference/numeric,0
webassembly/reference/numeric/abs,0
webassembly/reference/numeric/add,0
webassembly/reference/numeric/and,0
webassembly/reference/numeric/ceil,0
webassembly/reference/numeric/clz,0
webassembly/reference/numeric/const,0
webassembly/reference/numeric/convert,0
webassembly/reference/numeric/copysign,0
webassembly/reference/numeric/ctz,0
webassembly/reference/numeric/demote,0
webassembly/reference/numeric/div,0
webassembly/reference/numeric/eq,0
webassembly/reference/numeric/eqz,0
webassembly/reference/numeric/extend,0
webassembly/reference/numeric/floor,0
webassembly/reference/numeric/ge,0
webassembly/reference/numeric/ge_s,0
webassembly/reference/numeric/ge_u,0
webassembly/reference/numeric/gt,0
webassembly/reference/numeric/gt_s,0
webassembly/reference/numeric/gt_u,0
webassembly/reference/numeric/le,0
webassembly/reference/numeric/le_s,0
webassembly/reference/numeric/le_u,0
webassembly/reference/numeric/lt,0
webassembly/reference/numeric/lt_s,0
webassembly/reference/numeric/lt_u,0
webassembly/reference/numeric/max,0
webassembly/reference/numeric/min,0
webassembly/reference/numeric/mul,0
webassembly/reference/numeric/ne,0
webassembly/reference/numeric/nearest,0
webassembly/reference/numeric/neg,0
webassembly/reference/numeric/or,0
webassembly/reference/numeric/popcnt,0
webassembly/reference/numeric/promote_32,0
webassembly/reference/numeric/reinterpret,0
webassembly/reference/numeric/rem,0
webassembly/reference/numeric/rotl,0
webassembly/reference/numeric/rotr,0
webassembly/reference/numeric/shl,0
webassembly/reference/numeric/shr_s,0
webassembly/reference/numeric/shr_u,0
webassembly/reference/numeric/sqrt,0
webassembly/reference/numeric/sub,0
webassembly/reference/numeric/trunc,0
webassembly/reference/numeric/trunc_f32_s,0
webassembly/reference/numeric/trunc_f32_u,0
webassembly/reference/numeric/trunc_f64_s,0
webassembly/reference/numeric/trunc_f64_u,0
webassembly/reference/numeric/wrap_i64,0
webassembly/reference/numeric/xor,0
webassembly/reference/simd,0
webassembly/reference/simd/arithmetic,0
webassembly/reference/simd/arithmetic/add_sat_s,0
webassembly/reference/simd/arithmetic/add_sat_u,0
webassembly/reference/simd/arithmetic/avgr_u,0
webassembly/reference/simd/arithmetic/dot_i16x8_s,0
webassembly/reference/simd/arithmetic/extadd_pairwise_i16x8_s,0
webassembly/reference/simd/arithmetic/extadd_pairwise_i16x8_u,0
webassembly/reference/simd/arithmetic/extadd_pairwise_i8x16_s,0
webassembly/reference/simd/arithmetic/extadd_pairwise_i8x16_u,0
webassembly/reference/simd/arithmetic/extmul_high_i16x8_s,0
webassembly/reference/simd/arithmetic/extmul_high_i16x8_u,0
webassembly/reference/simd/arithmetic/extmul_high_i32x4_s,0
webassembly/reference/simd/arithmetic/extmul_high_i32x4_u,0
webassembly/reference/simd/arithmetic/extmul_high_i8x16_s,0
webassembly/reference/simd/arithmetic/extmul_high_i8x16_u,0
webassembly/reference/simd/arithmetic/extmul_low_i16x8_s,0
webassembly/reference/simd/arithmetic/extmul_low_i16x8_u,0
webassembly/reference/simd/arithmetic/extmul_low_i32x4_s,0
webassembly/reference/simd/arithmetic/extmul_low_i32x4_u,0
webassembly/reference/simd/arithmetic/extmul_low_i8x16_s,0
webassembly/reference/simd/arithmetic/extmul_low_i8x16_u,0
webassembly/reference/simd/arithmetic/max_s,0
webassembly/reference/simd/arithmetic/max_u,0
webassembly/reference/simd/arithmetic/min_s,0
webassembly/reference/simd/arithmetic/min_u,0
webassembly/reference/simd/arithmetic/pmax,0
webassembly/reference/simd/arithmetic/pmin,0
webassembly/reference/simd/arithmetic/q15mulr_sat_s,0
webassembly/reference/simd/arithmetic/sub_sat_s,0
webassembly/reference/simd/arithmetic/sub_sat_u,0
webassembly/reference/simd/bitwise,0
webassembly/reference/simd/bitwise/all_true,0
webassembly/reference/simd/bitwise/andnot,0
webassembly/reference/simd/bitwise/any_true,0
webassembly/reference/simd/bitwise/bitmask,0
webassembly/reference/simd/bitwise/bitselect,0
webassembly/reference/simd/bitwise/not,0
webassembly/reference/simd/conversion,0
webassembly/reference/simd/conversion/convert_i32x4_s,0
webassembly/reference/simd/conversion/convert_i32x4_u,0
webassembly/reference/simd/conversion/convert_low_i32x4_s,0
webassembly/reference/simd/conversion/convert_low_i32x4_u,0
webassembly/reference/simd/conversion/demote_f64x2_zero,0
webassembly/reference/simd/conversion/extend_high_i16x8_s,0
webassembly/reference/simd/conversion/extend_high_i16x8_u,0
webassembly/reference/simd/conversion/extend_high_i32x4_s,0
webassembly/reference/simd/conversion/extend_high_i32x4_u,0
webassembly/reference/simd/conversion/extend_high_i8x16_s,0
webassembly/reference/simd/conversion/extend_high_i8x16_u,0
webassembly/reference/simd/conversion/extend_low_i16x8_s,0
webassembly/reference/simd/conversion/extend_low_i16x8_u,0
webassembly/reference/simd/conversion/extend_low_i32x4_s,0
webassembly/reference/simd/conversion/extend_low_i32x4_u,0
webassembly/reference/simd/conversion/extend_low_i8x16_s,0
webassembly/reference/simd/conversion/extend_low_i8x16_u,0
webassembly/reference/simd/conversion/narrow_i16x8_s,0
webassembly/reference/simd/conversion/narrow_i16x8_u,0
webassembly/reference/simd/conversion/narrow_i32x4_s,0
webassembly/reference/simd/conversion/narrow_i32x4_u,0
webassembly/reference/simd/conversion/promote_low_f32x4,0
webassembly/reference/simd/conversion/replace_lane,0
webassembly/reference/simd/conversion/shuffle,0
webassembly/reference/simd/conversion/splat,0
webassembly/reference/simd/conversion/swizzle,0
webassembly/reference/simd/conversion/trunc_sat_f32x4_s,0
webassembly/reference/simd/conversion/trunc_sat_f32x4_u,0
webassembly/reference/simd/conversion/trunc_sat_f64x2_s_zero,0
webassembly/reference/simd/conversion/trunc_sat_f64x2_u_zero,0
webassembly/reference/simd/extract,0
webassembly/reference/simd/extract/extract_lane,0
webassembly/reference/simd/extract/extract_lane_s,0
webassembly/reference/simd/extract/extract_lane_u,0
webassembly/reference/simd/load_store,0
webassembly/reference/simd/load_store/load,0
webassembly/reference/simd/load_store/load16_lane,0
webassembly/reference/simd/load_store/load16_splat,0
webassembly/reference/simd/load_store/load16x4_s,0
webassembly/reference/simd/load_store/load16x4_u,0
webassembly/reference/simd/load_store/load32_lane,0
webassembly/reference/simd/load_store/load32_splat,0
webassembly/reference/simd/load_store/load32_zero,0
webassembly/reference/simd/load_store/load32x2_s,0
webassembly/reference/simd/load_store/load32x2_u,0
webassembly/reference/simd/load_store/load64_lane,0
webassembly/reference/simd/load_store/load64_splat,0
webassembly/reference/simd/load_store/load64_zero,0
webassembly/reference/simd/load_store/load8_lane,0
webassembly/reference/simd/load_store/load8_splat,0
webassembly/reference/simd/load_store/load8x8_s,0
webassembly/reference/simd/load_store/load8x8_u,0
webassembly/reference/simd/load_store/store,0
webassembly/reference/simd/load_store/store16_lane,0
webassembly/reference/simd/load_store/store32_lane,0
webassembly/reference/simd/load_store/store64_lane,0
webassembly/reference/simd/load_store/store8_lane,0
webassembly/reference/table,0
webassembly/reference/table/fill,0
webassembly/reference/table/get,0
webassembly/reference/table/grow,0
webassembly/reference/table/set,0
webassembly/reference/table/size,0
webassembly/reference/value_types,0
webassembly/reference/value_types/exnref,0
webassembly/reference/value_types/externref,0
webassembly/reference/value_types/f32,0
webassembly/reference/value_types/f64,0
webassembly/reference/value_types/funcref,0
webassembly/reference/value_types/i32,0
webassembly/reference/value_types/i64,0
webassembly/reference/value_types/v128,0
webassembly/reference/variables,0
webassembly/reference/variables/global.get,0
webassembly/reference/variables/global.set,0
webassembly/reference/variables/local,0
webassembly/reference/variables/local.get,0
webassembly/reference/variables/local.set,0
webassembly/reference/variables/local.tee,0
