Path,ParityCount
games,null
games/anatomy,null
games/introduction,3
games/publishing_games,null
games/publishing_games/game_distribution,null
games/publishing_games/game_monetization,null
games/publishing_games/game_promotion,null
games/techniques,null
games/techniques/2d_collision_detection,null
games/techniques/3d_collision_detection,null
games/techniques/3d_collision_detection/bounding_volume_collision_detection_with_three.js,null
games/techniques/3d_on_the_web,null
games/techniques/3d_on_the_web/basic_theory,null
games/techniques/3d_on_the_web/building_up_a_basic_demo_with_a-frame,null
games/techniques/3d_on_the_web/building_up_a_basic_demo_with_babylon.js,null
games/techniques/3d_on_the_web/building_up_a_basic_demo_with_playcanvas,null
games/techniques/3d_on_the_web/building_up_a_basic_demo_with_playcanvas/editor,null
games/techniques/3d_on_the_web/building_up_a_basic_demo_with_playcanvas/engine,null
games/techniques/3d_on_the_web/building_up_a_basic_demo_with_three.js,null
games/techniques/3d_on_the_web/glsl_shaders,null
games/techniques/3d_on_the_web/webxr,null
games/techniques/async_scripts,null
games/techniques/audio_for_web_games,null
games/techniques/control_mechanisms,null
games/techniques/control_mechanisms/desktop_with_gamepad,null
games/techniques/control_mechanisms/desktop_with_mouse_and_keyboard,null
games/techniques/control_mechanisms/mobile_touch,null
games/techniques/control_mechanisms/other,null
games/techniques/controls_gamepad_api,null
games/techniques/crisp_pixel_art_look,null
games/techniques/tilemaps,null
games/techniques/tilemaps/square_tilemaps_implementation_colon__scrolling_maps,null
games/techniques/tilemaps/square_tilemaps_implementation_colon__static_maps,null
games/techniques/webrtc_data_channels,null
games/tools,null
games/tools/asm.js,null
games/tutorials,null
games/tutorials/2d_breakout_game_phaser,null
games/tutorials/2d_breakout_game_phaser/animations_and_tweens,null
games/tutorials/2d_breakout_game_phaser/bounce_off_the_walls,null
games/tutorials/2d_breakout_game_phaser/build_the_brick_field,null
games/tutorials/2d_breakout_game_phaser/buttons,null
games/tutorials/2d_breakout_game_phaser/collision_detection,null
games/tutorials/2d_breakout_game_phaser/extra_lives,null
games/tutorials/2d_breakout_game_phaser/game_over,null
games/tutorials/2d_breakout_game_phaser/initialize_the_framework,null
games/tutorials/2d_breakout_game_phaser/load_the_assets_and_print_them_on_screen,null
games/tutorials/2d_breakout_game_phaser/move_the_ball,null
games/tutorials/2d_breakout_game_phaser/physics,null
games/tutorials/2d_breakout_game_phaser/player_paddle_and_controls,null
games/tutorials/2d_breakout_game_phaser/randomizing_gameplay,null
games/tutorials/2d_breakout_game_phaser/scaling,null
games/tutorials/2d_breakout_game_phaser/the_score,null
games/tutorials/2d_breakout_game_phaser/win_the_game,null
games/tutorials/2d_breakout_game_pure_javascript,null
games/tutorials/2d_breakout_game_pure_javascript/bounce_off_the_walls,null
games/tutorials/2d_breakout_game_pure_javascript/build_the_brick_field,null
games/tutorials/2d_breakout_game_pure_javascript/collision_detection,null
games/tutorials/2d_breakout_game_pure_javascript/create_the_canvas_and_draw_on_it,null
games/tutorials/2d_breakout_game_pure_javascript/finishing_up,null
games/tutorials/2d_breakout_game_pure_javascript/game_over,null
games/tutorials/2d_breakout_game_pure_javascript/mouse_controls,null
games/tutorials/2d_breakout_game_pure_javascript/move_the_ball,null
games/tutorials/2d_breakout_game_pure_javascript/paddle_and_keyboard_controls,null
games/tutorials/2d_breakout_game_pure_javascript/track_the_score_and_win,null
games/tutorials/html5_gamedev_phaser_device_orientation,null
glossary,null
glossary/abstraction,1
glossary/accent,2
glossary/accessibility,1
glossary/accessibility_tree,null
glossary/accessible_description,null
glossary/accessible_name,null
glossary/adobe_flash,null
glossary/advance_measure,null
glossary/ajax,2
glossary/algorithm,null
glossary/alignment_container,null
glossary/alignment_subject,null
glossary/alpha,null
glossary/alpn,null
glossary/api,null
glossary/apple_safari,null
glossary/application_context,null
glossary/argument,null
glossary/aria,null
glossary/arpa,null
glossary/arpanet,null
glossary/array,null
glossary/ascii,null
glossary/aspect_ratio,null
glossary/asynchronous,null
glossary/atag,null
glossary/attribute,null
glossary/authentication,null
glossary/authenticator,null
glossary/bandwidth,null
glossary/base64,null
glossary/baseline,null
glossary/baseline/compatibility,null
glossary/baseline/typography,null
glossary/bcp_47_language_tag,null
glossary/beacon,null
glossary/bezier_curve,null
glossary/bfcache,null
glossary/bidi,null
glossary/bigint,null
glossary/binding,null
glossary/bitwise_flags,null
glossary/blink,1
glossary/blink_element,null
glossary/block,null
glossary/block-level_content,null
glossary/block/css,null
glossary/block/scripting,null
glossary/block_cipher_mode_of_operation,null
glossary/boolean,null
glossary/boolean/aria,null
glossary/boolean/html,null
glossary/boolean/javascript,null
glossary/bounding_box,null
glossary/breadcrumb,null
glossary/brotli_compression,null
glossary/browser,null
glossary/browsing_context,null
glossary/buffer,null
glossary/bun,null
glossary/cache,null
glossary/cacheable,null
glossary/caldav,null
glossary/call_stack,null
glossary/callback_function,null
glossary/camel_case,null
glossary/canonical_order,null
glossary/canvas,null
glossary/card_sorting,null
glossary/carddav,null
glossary/caret,null
glossary/cdn,null
glossary/certificate_authority,null
glossary/certified,null
glossary/challenge,null
glossary/character,null
glossary/character_encoding,null
glossary/character_reference,null
glossary/character_set,null
glossary/chrome,null
glossary/cia,null
glossary/cipher,null
glossary/cipher_suite,null
glossary/ciphertext,null
glossary/class,null
glossary/closure,null
glossary/cloud,null
glossary/cloud_computing,null
glossary/cls,null
glossary/cms,null
glossary/code_point,null
glossary/code_splitting,null
glossary/code_unit,null
glossary/codec,null
glossary/color_space,null
glossary/color_wheel,null
glossary/compile,null
glossary/compile_time,null
glossary/composite_operation,null
glossary/compression_dictionary_transport,null
glossary/computer_programming,null
glossary/conditional,null
glossary/constant,null
glossary/constructor,null
glossary/content_header,null
glossary/continuous_integration,null
glossary/continuous_media,null
glossary/control_flow,null
glossary/cookie,null
glossary/copyleft,null
glossary/cors,null
glossary/cors-safelisted_request_header,4
glossary/cors-safelisted_response_header,4
glossary/crawler,null
glossary/credential,null
glossary/crlf,1
glossary/cross-site_scripting,0
glossary/cross_axis,null
glossary/crud,null
glossary/cryptanalysis,null
glossary/cryptography,null
glossary/csp,null
glossary/csr,null
glossary/csrf,null
glossary/css,null
glossary/css_descriptor,null
glossary/css_pixel,null
glossary/css_preprocessor,null
glossary/css_selector,null
glossary/cssom,null
glossary/data_structure,null
glossary/database,0
glossary/debounce,null
glossary/decryption,null
glossary/deep_copy,null
glossary/delta,null
glossary/denial_of_service,2
glossary/deno,null
glossary/deserialization,null
glossary/developer_tools,null
glossary/device_pixel,null
glossary/digital_certificate,null
glossary/digital_signature,null
glossary/distributed_denial_of_service,null
glossary/dmz,null
glossary/dns,null
glossary/doctype,2
glossary/document_directive,null
glossary/document_environment,null
glossary/dom,null
glossary/domain,null
glossary/domain_name,null
glossary/domain_sharding,null
glossary/dominator,null
glossary/dsl,null
glossary/dsl/digital_subscriber_line,null
glossary/dsl/domain_specific_language,null
glossary/dtls,null
glossary/dtmf,null
glossary/dynamic_typing,null
glossary/ecma,null
glossary/ecmascript,null
glossary/effective_connection_type,null
glossary/element,null
glossary/encapsulation,null
glossary/encryption,null
glossary/endianness,null
glossary/engine,null
glossary/engine/javascript,null
glossary/engine/rendering,null
glossary/entity,null
glossary/entity_header,null
glossary/enumerated,null
glossary/escape_character,null
glossary/event,null
glossary/exception,null
glossary/exif,null
glossary/expando,null
glossary/extrinsic_size,null
glossary/fallback_alignment,null
glossary/falsy,null
glossary/favicon,null
glossary/federated_identity,null
glossary/fetch_directive,null
glossary/fetch_metadata_request_header,null
glossary/fingerprinting,null
glossary/firefox_os,null
glossary/firewall,null
glossary/first-class_function,null
glossary/first_contentful_paint,null
glossary/first_cpu_idle,null
glossary/first_input_delay,null
glossary/first_meaningful_paint,null
glossary/first_paint,null
glossary/flex,null
glossary/flex_container,null
glossary/flex_item,null
glossary/flexbox,5
glossary/flow_relative_values,null
glossary/forbidden_request_header,null
glossary/forbidden_response_header_name,null
glossary/fork,null
glossary/fps,null
glossary/fragmentainer,null
glossary/ftp,null
glossary/ftu,null
glossary/function,null
glossary/fuzzing,null
glossary/gamut,null
glossary/garbage_collection,null
glossary/gecko,null
glossary/general_header,null
glossary/gif,null
glossary/git,null
glossary/global_object,null
glossary/global_scope,null
glossary/global_variable,1
glossary/glyph,null
glossary/google_chrome,null
glossary/gpl,null
glossary/gpu,null
glossary/graceful_degradation,null
glossary/grid,null
glossary/grid_areas,null
glossary/grid_axis,null
glossary/grid_cell,null
glossary/grid_column,null
glossary/grid_container,null
glossary/grid_lines,null
glossary/grid_row,null
glossary/grid_tracks,null
glossary/guaranteed_invalid_value,null
glossary/gutters,null
glossary/gzip_compression,null
glossary/hash_function,null
glossary/hash_routing,null
glossary/head,3
glossary/head_of_line_blocking,null
glossary/high-level_programming_language,null
glossary/hmac,null
glossary/hoisting,null
glossary/host,null
glossary/hotlink,null
glossary/houdini,null
glossary/hpkp,null
glossary/hsts,null
glossary/html,null
glossary/html5,null
glossary/html_color_codes,null
glossary/http,null
glossary/http_2,null
glossary/http_3,null
glossary/http_content,null
glossary/http_header,null
glossary/https,null
glossary/https_rr,null
glossary/hyperlink,null
glossary/hypertext,null
glossary/iana,null
glossary/icann,null
glossary/ice,null
glossary/ide,null
glossary/idempotent,null
glossary/identifier,null
glossary/identity_provider,null
glossary/idl,null
glossary/ietf,null
glossary/iife,null
glossary/imap,null
glossary/immutable,null
glossary/indexeddb,null
glossary/information_architecture,null
glossary/inheritance,null
glossary/ink_overflow,null
glossary/inline-level_content,7
glossary/input_method_editor,null
glossary/inset_properties,null
glossary/instance,null
glossary/interaction_to_next_paint,null
glossary/internationalization,null
glossary/internet,2
glossary/interpolation,null
glossary/intrinsic_size,null
glossary/invariant,null
glossary/ip_address,4
glossary/ipv4,1
glossary/ipv6,1
glossary/irc,0
glossary/iso,null
glossary/isp,null
glossary/itu,null
glossary/jank,null
glossary/java,null
glossary/javascript,null
glossary/jitter,null
glossary/jpeg,null
glossary/json,null
glossary/json_type_representation,null
glossary/just_in_time_compilation,null
glossary/kebab_case,null
glossary/key,null
glossary/keyword,null
glossary/khronos,null
glossary/largest_contentful_paint,null
glossary/latency,null
glossary/layout_mode,3
glossary/layout_viewport,null
glossary/lazy_load,null
glossary/leading,null
glossary/lgpl,null
glossary/ligature,null
glossary/literal,null
glossary/local_scope,null
glossary/local_variable,null
glossary/locale,null
glossary/localization,null
glossary/logical_properties,null
glossary/long_task,null
glossary/loop,null
glossary/lossless_compression,null
glossary/lossy_compression,null
glossary/ltr,null
glossary/main_axis,null
glossary/main_thread,null
glossary/markup,null
glossary/mathml,null
glossary/media,null
glossary/media/audio-visual_presentation,null
glossary/media/css,null
glossary/media_query,null
glossary/metadata,2
glossary/method,null
glossary/microsoft_edge,null
glossary/microsoft_internet_explorer,null
glossary/middleware,null
glossary/mime,null
glossary/mime_type,null
glossary/minification,1
glossary/mitm,null
glossary/mixin,null
glossary/mobile_first,null
glossary/modem,null
glossary/modularity,null
glossary/mozilla_firefox,null
glossary/multi-factor_authentication,null
glossary/mutable,null
glossary/mvc,null
glossary/namespace,null
glossary/nan,null
glossary/nat,null
glossary/native,null
glossary/navigation_directive,null
glossary/netscape_navigator,null
glossary/network_throttling,null
glossary/nntp,null
glossary/node,null
glossary/node.js,null
glossary/node/dom,null
glossary/node/networking,null
glossary/non-normative,null
glossary/nonce,null
glossary/normative,null
glossary/null,null
glossary/nullish,null
glossary/number,null
glossary/object,null
glossary/object_reference,null
glossary/oop,null
glossary/opengl,null
glossary/openssl,null
glossary/opera_browser,null
glossary/operand,null
glossary/operator,null
glossary/origin,7
glossary/ota,null
glossary/owasp,null
glossary/p2p,null
glossary/pac,null
glossary/packet,null
glossary/page_load_time,null
glossary/page_prediction,null
glossary/parameter,null
glossary/parent_object,null
glossary/parse,null
glossary/parser,null
glossary/payload_body,null
glossary/payload_header,null
glossary/pdf,null
glossary/perceived_performance,null
glossary/percent-encoding,2
glossary/php,null
glossary/physical_properties,null
glossary/pixel,null
glossary/placeholder_names,null
glossary/plaintext,null
glossary/plugin,null
glossary/png,null
glossary/polyfill,null
glossary/polymorphism,null
glossary/pop,null
glossary/port,null
glossary/prefetch,null
glossary/preflight_request,null
glossary/prerender,null
glossary/presto,null
glossary/primitive,null
glossary/principle_of_least_privilege,null
glossary/privileged,null
glossary/privileged_code,null
glossary/progressive_enhancement,null
glossary/progressive_web_apps,null
glossary/promise,null
glossary/property,null
glossary/property/css,null
glossary/property/javascript,null
glossary/protocol,2
glossary/prototype,null
glossary/prototype-based_programming,null
glossary/proxy_server,null
glossary/pseudo-class,null
glossary/pseudo-element,null
glossary/pseudocode,null
glossary/public-key_cryptography,null
glossary/python,null
glossary/quality_values,null
glossary/quaternion,null
glossary/quic,null
glossary/rail,null
glossary/raster_image,null
glossary/rate_limit,null
glossary/rdf,null
glossary/reading_order,null
glossary/real_user_monitoring,null
glossary/recursion,null
glossary/reflow,null
glossary/registrable_domain,null
glossary/regular_expression,null
glossary/relying_party,null
glossary/render_blocking,null
glossary/repaint,null
glossary/replaced_elements,null
glossary/replay_attack,null
glossary/repo,null
glossary/reporting_directive,null
glossary/representation_header,null
glossary/request_header,null
glossary/resource_timing,null
glossary/response_header,null
glossary/responsive_web_design,null
glossary/rest,null
glossary/rgb,null
glossary/ril,null
glossary/rng,null
glossary/robots.txt,null
glossary/round_trip_time,null
glossary/router,null
glossary/rss,null
glossary/rsync,null
glossary/rtcp,null
glossary/rtf,null
glossary/rtl,null
glossary/rtp,null
glossary/rtsp,null
glossary/ruby,null
glossary/safe,1
glossary/safe/http,1
glossary/salt,null
glossary/same-origin_policy,null
glossary/scm,null
glossary/scope,null
glossary/screen_reader,null
glossary/script-supporting_element,null
glossary/scroll_boundary,null
glossary/scroll_chaining,null
glossary/scroll_container,null
glossary/scroll_snap,null
glossary/sctp,null
glossary/sdk,null
glossary/sdp,null
glossary/search_engine,null
glossary/secure_context,null
glossary/semantics,null
glossary/seo,null
glossary/serializable_object,0
glossary/serialization,null
glossary/server,null
glossary/server_timing,null
glossary/session_hijacking,null
glossary/sgml,null
glossary/shadow_tree,null
glossary/shallow_copy,null
glossary/shim,null
glossary/signature,null
glossary/signature/function,null
glossary/signature/security,null
glossary/simd,null
glossary/sisd,null
glossary/site,null
glossary/site_map,null
glossary/sld,null
glossary/sloppy_mode,null
glossary/slug,null
glossary/smoke_test,null
glossary/smpte,null
glossary/smtp,null
glossary/snake_case,null
glossary/snap_positions,null
glossary/soap,null
glossary/social_engineering,0
glossary/source_map,null
glossary/spa,null
glossary/specification,null
glossary/speculative_parsing,null
glossary/speed_index,null
glossary/sql,null
glossary/sql_injection,null
glossary/sri,null
glossary/ssg,null
glossary/ssl,null
glossary/ssr,null
glossary/stacking_context,null
glossary/state_machine,null
glossary/statement,null
glossary/static_method,null
glossary/static_typing,null
glossary/sticky_activation,null
glossary/strict_mode,null
glossary/string,null
glossary/stringifier,null
glossary/stun,null
glossary/style_origin,null
glossary/style_sheet,null
glossary/submit_button,null
glossary/svg,null
glossary/svn,null
glossary/symbol,null
glossary/symmetric-key_cryptography,null
glossary/synchronous,null
glossary/syntax,null
glossary/syntax_error,null
glossary/synthetic_monitoring,null
glossary/table_grid_box,null
glossary/table_wrapper_box,null
glossary/tag,null
glossary/tcp,null
glossary/tcp_handshake,null
glossary/tcp_slow_start,null
glossary/telnet,null
glossary/texel,null
glossary/thread,null
glossary/three_js,null
glossary/throttle,null
glossary/time_to_first_byte,null
glossary/time_to_interactive,null
glossary/tld,null
glossary/tls,5
glossary/tofu,null
glossary/top_layer,null
glossary/transient_activation,null
glossary/tree_shaking,null
glossary/trident,null
glossary/truthy,null
glossary/ttl,null
glossary/turn,null
glossary/type,null
glossary/type_coercion,null
glossary/type_conversion,null
glossary/typescript,null
glossary/uaag,null
glossary/udp,null
glossary/ui,null
glossary/undefined,null
glossary/unicode,null
glossary/unix_time,null
glossary/uri,1
glossary/url,4
glossary/urn,1
glossary/usenet,null
glossary/user_agent,null
glossary/utf-16,null
glossary/utf-8,null
glossary/uuid,null
glossary/ux,null
glossary/validator,null
glossary/value,null
glossary/variable,null
glossary/vendor_prefix,null
glossary/viewport,null
glossary/visual_viewport,null
glossary/void_element,null
glossary/voip,null
glossary/w3c,null
glossary/wai,null
glossary/wcag,null
glossary/web_performance,null
glossary/web_server,null
glossary/web_standards,null
glossary/webassembly,null
glossary/webdav,null
glossary/webextensions,null
glossary/webgl,null
glossary/webidl,null
glossary/webkit,2
glossary/webm,1
glossary/webp,3
glossary/webrtc,null
glossary/websockets,null
glossary/webvtt,null
glossary/whatwg,null
glossary/whitespace,null
glossary/windowproxy,null
glossary/world_wide_web,null
glossary/wrapper,null
glossary/xforms,null
glossary/xhtml,null
glossary/xinclude,null
glossary/xlink,null
glossary/xml,null
glossary/xmlhttprequest,null
glossary/xpath,null
glossary/xquery,null
glossary/xslt,null
glossary/zstandard_compression,null
learn_web_development,null
learn_web_development/about,null
learn_web_development/changelog,1
learn_web_development/core,null
learn_web_development/core/accessibility,null
learn_web_development/core/accessibility/accessibility_troubleshooting,null
learn_web_development/core/accessibility/css_and_javascript,null
learn_web_development/core/accessibility/html,null
learn_web_development/core/accessibility/mobile,null
learn_web_development/core/accessibility/multimedia,null
learn_web_development/core/accessibility/test_your_skills,null
learn_web_development/core/accessibility/test_your_skills/css_and_javascript,null
learn_web_development/core/accessibility/test_your_skills/html,null
learn_web_development/core/accessibility/test_your_skills/wai-aria,null
learn_web_development/core/accessibility/tooling,null
learn_web_development/core/accessibility/wai-aria_basics,null
learn_web_development/core/accessibility/what_is_accessibility,null
learn_web_development/core/css_layout,null
learn_web_development/core/css_layout/flexbox,null
learn_web_development/core/css_layout/floats,null
learn_web_development/core/css_layout/fundamental_layout_comprehension,null
learn_web_development/core/css_layout/grids,null
learn_web_development/core/css_layout/introduction,null
learn_web_development/core/css_layout/legacy_layout_methods,null
learn_web_development/core/css_layout/media_queries,null
learn_web_development/core/css_layout/mobile-first_challenge,null
learn_web_development/core/css_layout/multiple-column_layout,null
learn_web_development/core/css_layout/positioning,null
learn_web_development/core/css_layout/practical_positioning_examples,null
learn_web_development/core/css_layout/responsive_design,null
learn_web_development/core/css_layout/supporting_older_browsers,null
learn_web_development/core/css_layout/test_your_skills,null
learn_web_development/core/css_layout/test_your_skills/flexbox,null
learn_web_development/core/css_layout/test_your_skills/floats,null
learn_web_development/core/css_layout/test_your_skills/grid,null
learn_web_development/core/css_layout/test_your_skills/position,null
learn_web_development/core/css_layout/test_your_skills/responsive_design,null
learn_web_development/core/design_for_developers,null
learn_web_development/core/frameworks_libraries,null
learn_web_development/core/frameworks_libraries/angular_building,null
learn_web_development/core/frameworks_libraries/angular_filtering,null
learn_web_development/core/frameworks_libraries/angular_getting_started,null
learn_web_development/core/frameworks_libraries/angular_item_component,null
learn_web_development/core/frameworks_libraries/angular_styling,null
learn_web_development/core/frameworks_libraries/angular_todo_list_beginning,null
learn_web_development/core/frameworks_libraries/ember_conditional_footer,null
learn_web_development/core/frameworks_libraries/ember_getting_started,null
learn_web_development/core/frameworks_libraries/ember_interactivity_events_state,null
learn_web_development/core/frameworks_libraries/ember_resources,null
learn_web_development/core/frameworks_libraries/ember_routing,null
learn_web_development/core/frameworks_libraries/ember_structure_componentization,null
learn_web_development/core/frameworks_libraries/introduction,null
learn_web_development/core/frameworks_libraries/main_features,null
learn_web_development/core/frameworks_libraries/react_accessibility,null
learn_web_development/core/frameworks_libraries/react_components,null
learn_web_development/core/frameworks_libraries/react_getting_started,null
learn_web_development/core/frameworks_libraries/react_interactivity_events_state,null
learn_web_development/core/frameworks_libraries/react_interactivity_filtering_conditional_rendering,null
learn_web_development/core/frameworks_libraries/react_resources,null
learn_web_development/core/frameworks_libraries/react_todo_list_beginning,null
learn_web_development/core/frameworks_libraries/svelte_components,null
learn_web_development/core/frameworks_libraries/svelte_deployment_next,null
learn_web_development/core/frameworks_libraries/svelte_getting_started,null
learn_web_development/core/frameworks_libraries/svelte_reactivity_lifecycle_accessibility,null
learn_web_development/core/frameworks_libraries/svelte_stores,null
learn_web_development/core/frameworks_libraries/svelte_todo_list_beginning,null
learn_web_development/core/frameworks_libraries/svelte_typescript,null
learn_web_development/core/frameworks_libraries/svelte_variables_props,null
learn_web_development/core/frameworks_libraries/vue_computed_properties,null
learn_web_development/core/frameworks_libraries/vue_conditional_rendering,null
learn_web_development/core/frameworks_libraries/vue_first_component,null
learn_web_development/core/frameworks_libraries/vue_getting_started,null
learn_web_development/core/frameworks_libraries/vue_methods_events_models,null
learn_web_development/core/frameworks_libraries/vue_refs_focus_management,null
learn_web_development/core/frameworks_libraries/vue_rendering_lists,null
learn_web_development/core/frameworks_libraries/vue_resources,null
learn_web_development/core/frameworks_libraries/vue_styling,null
learn_web_development/core/scripting,null
learn_web_development/core/scripting/a_first_splash,null
learn_web_development/core/scripting/arrays,null
learn_web_development/core/scripting/build_your_own_function,null
learn_web_development/core/scripting/conditionals,null
learn_web_development/core/scripting/debugging_javascript,null
learn_web_development/core/scripting/dom_scripting,null
learn_web_development/core/scripting/event_bubbling,null
learn_web_development/core/scripting/events,null
learn_web_development/core/scripting/functions,null
learn_web_development/core/scripting/house_data_ui,null
learn_web_development/core/scripting/image_gallery,null
learn_web_development/core/scripting/json,null
learn_web_development/core/scripting/loops,null
learn_web_development/core/scripting/math,null
learn_web_development/core/scripting/network_requests,null
learn_web_development/core/scripting/object_basics,null
learn_web_development/core/scripting/return_values,null
learn_web_development/core/scripting/silly_story_generator,null
learn_web_development/core/scripting/strings,null
learn_web_development/core/scripting/test_your_skills,null
learn_web_development/core/scripting/test_your_skills/arrays,null
learn_web_development/core/scripting/test_your_skills/conditionals,null
learn_web_development/core/scripting/test_your_skills/events,null
learn_web_development/core/scripting/test_your_skills/functions,null
learn_web_development/core/scripting/test_your_skills/json,null
learn_web_development/core/scripting/test_your_skills/loops,null
learn_web_development/core/scripting/test_your_skills/math,null
learn_web_development/core/scripting/test_your_skills/object_basics,null
learn_web_development/core/scripting/test_your_skills/strings,null
learn_web_development/core/scripting/test_your_skills/variables,null
learn_web_development/core/scripting/useful_string_methods,null
learn_web_development/core/scripting/variables,null
learn_web_development/core/scripting/what_is_javascript,null
learn_web_development/core/scripting/what_went_wrong,null
learn_web_development/core/structuring_content,null
learn_web_development/core/structuring_content/advanced_text_features,9
learn_web_development/core/structuring_content/basic_html_syntax,null
learn_web_development/core/structuring_content/creating_links,null
learn_web_development/core/structuring_content/debugging_html,null
learn_web_development/core/structuring_content/emphasis_and_importance,null
learn_web_development/core/structuring_content/forms_challenge,null
learn_web_development/core/structuring_content/general_embedding_technologies,null
learn_web_development/core/structuring_content/headings_and_paragraphs,null
learn_web_development/core/structuring_content/html_forms,null
learn_web_development/core/structuring_content/html_images,null
learn_web_development/core/structuring_content/html_table_basics,null
learn_web_development/core/structuring_content/html_video_and_audio,null
learn_web_development/core/structuring_content/including_vector_graphics_in_html,null
learn_web_development/core/structuring_content/lists,null
learn_web_development/core/structuring_content/marking_up_a_letter,null
learn_web_development/core/structuring_content/planet_data_table,null
learn_web_development/core/structuring_content/splash_page,null
learn_web_development/core/structuring_content/structuring_a_page_of_content,null
learn_web_development/core/structuring_content/structuring_documents,null
learn_web_development/core/structuring_content/table_accessibility,null
learn_web_development/core/structuring_content/test_your_skills,null
learn_web_development/core/structuring_content/test_your_skills/advanced_html_text,null
learn_web_development/core/structuring_content/test_your_skills/audio_and_video,null
learn_web_development/core/structuring_content/test_your_skills/forms_and_buttons,null
learn_web_development/core/structuring_content/test_your_skills/html_text_basics,null
learn_web_development/core/structuring_content/test_your_skills/images,null
learn_web_development/core/structuring_content/test_your_skills/links,null
learn_web_development/core/structuring_content/webpage_metadata,null
learn_web_development/core/styling_basics,null
learn_web_development/core/styling_basics/advanced_styling_effects,null
learn_web_development/core/styling_basics/attribute_selectors,null
learn_web_development/core/styling_basics/backgrounds_and_borders,null
learn_web_development/core/styling_basics/basic_selectors,null
learn_web_development/core/styling_basics/box_model,null
learn_web_development/core/styling_basics/cascade_layers,null
learn_web_development/core/styling_basics/combinators,null
learn_web_development/core/styling_basics/debugging_css,null
learn_web_development/core/styling_basics/fixing_blog_styles,null
learn_web_development/core/styling_basics/getting_started,null
learn_web_development/core/styling_basics/handling_conflicts,null
learn_web_development/core/styling_basics/handling_different_text_directions,null
learn_web_development/core/styling_basics/home_color_scheme_search,null
learn_web_development/core/styling_basics/images_media_forms,null
learn_web_development/core/styling_basics/organizing,null
learn_web_development/core/styling_basics/overflow,null
learn_web_development/core/styling_basics/pseudo_classes_and_elements,null
learn_web_development/core/styling_basics/size_decorate_content_panel,null
learn_web_development/core/styling_basics/sizing,null
learn_web_development/core/styling_basics/styling_a_bio_page,null
learn_web_development/core/styling_basics/tables,null
learn_web_development/core/styling_basics/test_your_skills,null
learn_web_development/core/styling_basics/test_your_skills/backgrounds_and_borders,null
learn_web_development/core/styling_basics/test_your_skills/box_model,null
learn_web_development/core/styling_basics/test_your_skills/cascade,null
learn_web_development/core/styling_basics/test_your_skills/images,null
learn_web_development/core/styling_basics/test_your_skills/overflow,null
learn_web_development/core/styling_basics/test_your_skills/selectors,null
learn_web_development/core/styling_basics/test_your_skills/sizing,null
learn_web_development/core/styling_basics/test_your_skills/values,null
learn_web_development/core/styling_basics/values_and_units,null
learn_web_development/core/styling_basics/what_is_css,null
learn_web_development/core/text_styling,null
learn_web_development/core/text_styling/fundamentals,null
learn_web_development/core/text_styling/styling_links,null
learn_web_development/core/text_styling/styling_lists,null
learn_web_development/core/text_styling/typesetting_a_homepage,null
learn_web_development/core/text_styling/web_fonts,null
learn_web_development/core/version_control,null
learn_web_development/educators,null
learn_web_development/extensions,null
learn_web_development/extensions/advanced_javascript_objects,null
learn_web_development/extensions/advanced_javascript_objects/adding_bouncing_balls_features,null
learn_web_development/extensions/advanced_javascript_objects/classes_in_javascript,null
learn_web_development/extensions/advanced_javascript_objects/object-oriented_programming,null
learn_web_development/extensions/advanced_javascript_objects/object_building_practice,null
learn_web_development/extensions/advanced_javascript_objects/object_prototypes,null
learn_web_development/extensions/advanced_javascript_objects/test_your_skills,null
learn_web_development/extensions/advanced_javascript_objects/test_your_skills/object-oriented_javascript,null
learn_web_development/extensions/async_js,null
learn_web_development/extensions/async_js/implementing_a_promise-based_api,null
learn_web_development/extensions/async_js/introducing,null
learn_web_development/extensions/async_js/introducing_workers,null
learn_web_development/extensions/async_js/promises,null
learn_web_development/extensions/async_js/sequencing_animations,null
learn_web_development/extensions/client-side_apis,null
learn_web_development/extensions/client-side_apis/client-side_storage,null
learn_web_development/extensions/client-side_apis/drawing_graphics,null
learn_web_development/extensions/client-side_apis/introduction,null
learn_web_development/extensions/client-side_apis/third_party_apis,null
learn_web_development/extensions/client-side_apis/video_and_audio_apis,null
learn_web_development/extensions/client-side_tools,null
learn_web_development/extensions/client-side_tools/deployment,null
learn_web_development/extensions/client-side_tools/introducing_complete_toolchain,null
learn_web_development/extensions/client-side_tools/overview,null
learn_web_development/extensions/client-side_tools/package_management,null
learn_web_development/extensions/forms,null
learn_web_development/extensions/forms/advanced_form_styling,null
learn_web_development/extensions/forms/basic_native_form_controls,null
learn_web_development/extensions/forms/customizable_select,null
learn_web_development/extensions/forms/customizable_select_listboxes,null
learn_web_development/extensions/forms/form_validation,null
learn_web_development/extensions/forms/how_to_build_custom_form_controls,null
learn_web_development/extensions/forms/how_to_build_custom_form_controls/example_1,null
learn_web_development/extensions/forms/how_to_build_custom_form_controls/example_2,null
learn_web_development/extensions/forms/how_to_build_custom_form_controls/example_3,null
learn_web_development/extensions/forms/how_to_build_custom_form_controls/example_4,null
learn_web_development/extensions/forms/how_to_build_custom_form_controls/example_5,null
learn_web_development/extensions/forms/how_to_structure_a_web_form,null
learn_web_development/extensions/forms/how_to_structure_a_web_form/example,null
learn_web_development/extensions/forms/html5_input_types,null
learn_web_development/extensions/forms/html_forms_in_legacy_browsers,null
learn_web_development/extensions/forms/other_form_controls,null
learn_web_development/extensions/forms/sending_and_retrieving_form_data,null
learn_web_development/extensions/forms/sending_forms_through_javascript,null
learn_web_development/extensions/forms/styling_web_forms,null
learn_web_development/extensions/forms/ui_pseudo-classes,null
learn_web_development/extensions/forms/user_input_methods,null
learn_web_development/extensions/forms/your_first_form,null
learn_web_development/extensions/performance,null
learn_web_development/extensions/performance/best_practices,null
learn_web_development/extensions/performance/business_case_for_performance,null
learn_web_development/extensions/performance/css,null
learn_web_development/extensions/performance/html,null
learn_web_development/extensions/performance/javascript,null
learn_web_development/extensions/performance/measuring_performance,null
learn_web_development/extensions/performance/multimedia,null
learn_web_development/extensions/performance/perceived_performance,null
learn_web_development/extensions/performance/video,null
learn_web_development/extensions/performance/what_is_web_performance,null
learn_web_development/extensions/performance/why_web_performance,null
learn_web_development/extensions/server-side,null
learn_web_development/extensions/server-side/apache_configuration_htaccess,null
learn_web_development/extensions/server-side/configuring_server_mime_types,null
learn_web_development/extensions/server-side/django,null
learn_web_development/extensions/server-side/django/admin_site,null
learn_web_development/extensions/server-side/django/authentication,null
learn_web_development/extensions/server-side/django/deployment,null
learn_web_development/extensions/server-side/django/development_environment,null
learn_web_development/extensions/server-side/django/django_assessment_blog,null
learn_web_development/extensions/server-side/django/forms,null
learn_web_development/extensions/server-side/django/generic_views,null
learn_web_development/extensions/server-side/django/home_page,null
learn_web_development/extensions/server-side/django/introduction,null
learn_web_development/extensions/server-side/django/models,null
learn_web_development/extensions/server-side/django/sessions,null
learn_web_development/extensions/server-side/django/skeleton_website,null
learn_web_development/extensions/server-side/django/testing,null
learn_web_development/extensions/server-side/django/tutorial_local_library_website,null
learn_web_development/extensions/server-side/django/web_application_security,null
learn_web_development/extensions/server-side/express_nodejs,null
learn_web_development/extensions/server-side/express_nodejs/deployment,null
learn_web_development/extensions/server-side/express_nodejs/development_environment,null
learn_web_development/extensions/server-side/express_nodejs/displaying_data,null
learn_web_development/extensions/server-side/express_nodejs/displaying_data/author_detail_page,null
learn_web_development/extensions/server-side/express_nodejs/displaying_data/author_list_page,null
learn_web_development/extensions/server-side/express_nodejs/displaying_data/book_detail_page,null
learn_web_development/extensions/server-side/express_nodejs/displaying_data/book_list_page,null
learn_web_development/extensions/server-side/express_nodejs/displaying_data/bookinstance_detail_page_and_challenge,null
learn_web_development/extensions/server-side/express_nodejs/displaying_data/bookinstance_list_page,null
learn_web_development/extensions/server-side/express_nodejs/displaying_data/date_formatting_using_moment,null
learn_web_development/extensions/server-side/express_nodejs/displaying_data/genre_detail_page,null
learn_web_development/extensions/server-side/express_nodejs/displaying_data/home_page,5
learn_web_development/extensions/server-side/express_nodejs/displaying_data/locallibrary_base_template,null
learn_web_development/extensions/server-side/express_nodejs/displaying_data/template_primer,null
learn_web_development/extensions/server-side/express_nodejs/forms,null
learn_web_development/extensions/server-side/express_nodejs/forms/create_author_form,null
learn_web_development/extensions/server-side/express_nodejs/forms/create_book_form,null
learn_web_development/extensions/server-side/express_nodejs/forms/create_bookinstance_form,null
learn_web_development/extensions/server-side/express_nodejs/forms/create_genre_form,null
learn_web_development/extensions/server-side/express_nodejs/forms/delete_author_form,null
learn_web_development/extensions/server-side/express_nodejs/forms/update_book_form,null
learn_web_development/extensions/server-side/express_nodejs/introduction,null
learn_web_development/extensions/server-side/express_nodejs/mongoose,null
learn_web_development/extensions/server-side/express_nodejs/routes,null
learn_web_development/extensions/server-side/express_nodejs/skeleton_website,null
learn_web_development/extensions/server-side/express_nodejs/tutorial_local_library_website,null
learn_web_development/extensions/server-side/first_steps,null
learn_web_development/extensions/server-side/first_steps/client-server_overview,null
learn_web_development/extensions/server-side/first_steps/introduction,null
learn_web_development/extensions/server-side/first_steps/web_frameworks,null
learn_web_development/extensions/server-side/first_steps/website_security,null
learn_web_development/extensions/server-side/node_server_without_framework,null
learn_web_development/extensions/testing,null
learn_web_development/extensions/testing/automated_testing,null
learn_web_development/extensions/testing/feature_detection,null
learn_web_development/extensions/testing/html_and_css,null
learn_web_development/extensions/testing/introduction,null
learn_web_development/extensions/testing/testing_strategies,null
learn_web_development/extensions/testing/your_own_automation_environment,null
learn_web_development/getting_started,0
learn_web_development/getting_started/environment_setup,null
learn_web_development/getting_started/environment_setup/browsing_the_web,null
learn_web_development/getting_started/environment_setup/code_editors,null
learn_web_development/getting_started/environment_setup/command_line,null
learn_web_development/getting_started/environment_setup/dealing_with_files,null
learn_web_development/getting_started/environment_setup/installing_software,null
learn_web_development/getting_started/soft_skills,4
learn_web_development/getting_started/soft_skills/collaboration_and_teamwork,null
learn_web_development/getting_started/soft_skills/finding_a_job,null
learn_web_development/getting_started/soft_skills/research_and_learning,null
learn_web_development/getting_started/soft_skills/workflows_and_processes,null
learn_web_development/getting_started/web_standards,null
learn_web_development/getting_started/web_standards/how_browsers_load_websites,null
learn_web_development/getting_started/web_standards/how_the_web_works,null
learn_web_development/getting_started/web_standards/the_web_standards_model,null
learn_web_development/getting_started/your_first_website,null
learn_web_development/getting_started/your_first_website/adding_interactivity,null
learn_web_development/getting_started/your_first_website/creating_the_content,null
learn_web_development/getting_started/your_first_website/publishing_your_website,null
learn_web_development/getting_started/your_first_website/styling_the_content,null
learn_web_development/getting_started/your_first_website/what_will_your_website_look_like,null
learn_web_development/howto,null
learn_web_development/howto/design_and_accessibility,null
learn_web_development/howto/design_and_accessibility/common_web_layouts,null
learn_web_development/howto/design_and_accessibility/design_for_all_types_of_users,null
learn_web_development/howto/design_and_accessibility/html_features_for_accessibility,null
learn_web_development/howto/design_and_accessibility/thinking_before_coding,null
learn_web_development/howto/design_and_accessibility/what_is_accessibility,null
learn_web_development/howto/solve_css_problems,null
learn_web_development/howto/solve_css_problems/add_a_shadow,null
learn_web_development/howto/solve_css_problems/add_a_text_shadow,null
learn_web_development/howto/solve_css_problems/center_an_item,null
learn_web_development/howto/solve_css_problems/create_fancy_boxes,null
learn_web_development/howto/solve_css_problems/css_faq,null
learn_web_development/howto/solve_css_problems/fill_a_box_with_an_image,null
learn_web_development/howto/solve_css_problems/generated_content,null
learn_web_development/howto/solve_css_problems/highlight_first_line,null
learn_web_development/howto/solve_css_problems/highlight_first_para,null
learn_web_development/howto/solve_css_problems/highlight_para_after_h1,null
learn_web_development/howto/solve_css_problems/make_box_transparent,null
learn_web_development/howto/solve_css_problems/transition_button,null
learn_web_development/howto/solve_html_problems,null
learn_web_development/howto/solve_javascript_problems,null
learn_web_development/howto/tools_and_setup,null
learn_web_development/howto/tools_and_setup/available_text_editors,null
learn_web_development/howto/tools_and_setup/checking_that_your_web_site_is_working_properly,null
learn_web_development/howto/tools_and_setup/how_much_does_it_cost,null
learn_web_development/howto/tools_and_setup/set_up_a_local_testing_server,null
learn_web_development/howto/tools_and_setup/upload_files_to_a_web_server,null
learn_web_development/howto/tools_and_setup/using_github_pages,null
learn_web_development/howto/tools_and_setup/what_are_browser_developer_tools,null
learn_web_development/howto/tools_and_setup/what_software_do_i_need,null
learn_web_development/howto/web_mechanics,null
learn_web_development/howto/web_mechanics/file_browser_bugs,null
learn_web_development/howto/web_mechanics/how_does_the_internet_work,6
learn_web_development/howto/web_mechanics/what_are_hyperlinks,null
learn_web_development/howto/web_mechanics/what_is_a_domain_name,null
learn_web_development/howto/web_mechanics/what_is_a_url,null
learn_web_development/howto/web_mechanics/what_is_a_web_server,null
mdn,null
mdn/community,null
mdn/community/communication_channels,null
mdn/community/community_participation_guidelines,null
mdn/community/discussions,null
mdn/community/discussions/managing_and_resolving_discussions,null
mdn/community/getting_started,null
mdn/community/issues,null
mdn/community/issues/content_suggestions_feature_proposals,null
mdn/community/learn_forum,null
mdn/community/open_source_etiquette,null
mdn/community/our_repositories,null
mdn/community/pull_requests,null
mdn/community/roles_teams,null
mdn/community/translated_content,null
mdn/guides,null
mdn/kitchensink,null
mdn/tutorials,null
mdn/writing_guidelines,null
mdn/writing_guidelines/attrib_copyright_license,null
mdn/writing_guidelines/changelog,null
mdn/writing_guidelines/code_style_guide,null
mdn/writing_guidelines/code_style_guide/css,null
mdn/writing_guidelines/code_style_guide/html,null
mdn/writing_guidelines/code_style_guide/javascript,null
mdn/writing_guidelines/code_style_guide/shell,null
mdn/writing_guidelines/criteria_for_inclusion,null
mdn/writing_guidelines/experimental_deprecated_obsolete,null
mdn/writing_guidelines/howto,null
mdn/writing_guidelines/howto/creating_moving_deleting,null
mdn/writing_guidelines/howto/document_a_css_property,null
mdn/writing_guidelines/howto/document_an_http_header,null
mdn/writing_guidelines/howto/document_web_errors,null
mdn/writing_guidelines/howto/images_media,null
mdn/writing_guidelines/howto/json_structured_data,null
mdn/writing_guidelines/howto/markdown_in_mdn,null
mdn/writing_guidelines/howto/research_technology,null
mdn/writing_guidelines/howto/retiring_content,null
mdn/writing_guidelines/howto/retiring_content/retired_content,null
mdn/writing_guidelines/howto/write_a_new_entry_in_the_glossary,null
mdn/writing_guidelines/howto/write_an_api_reference,null
mdn/writing_guidelines/howto/write_an_api_reference/information_contained_in_a_webidl_file,null
mdn/writing_guidelines/howto/write_an_api_reference/sidebars,null
mdn/writing_guidelines/learning_content,null
mdn/writing_guidelines/page_structures,null
mdn/writing_guidelines/page_structures/banners_and_notices,null
mdn/writing_guidelines/page_structures/code_examples,null
mdn/writing_guidelines/page_structures/compatibility_tables,null
mdn/writing_guidelines/page_structures/feature_status,null
mdn/writing_guidelines/page_structures/links,null
mdn/writing_guidelines/page_structures/live_samples,null
mdn/writing_guidelines/page_structures/macros,null
mdn/writing_guidelines/page_structures/macros/commonly_used_macros,null
mdn/writing_guidelines/page_structures/macros/other,null
mdn/writing_guidelines/page_structures/page_types,null
mdn/writing_guidelines/page_structures/page_types/api_constructor_subpage_template,null
mdn/writing_guidelines/page_structures/page_types/api_event_subpage_template,null
mdn/writing_guidelines/page_structures/page_types/api_landing_page_template,null
mdn/writing_guidelines/page_structures/page_types/api_method_subpage_template,null
mdn/writing_guidelines/page_structures/page_types/api_property_subpage_template,null
mdn/writing_guidelines/page_structures/page_types/api_reference_page_template,null
mdn/writing_guidelines/page_structures/page_types/aria_page_template,null
mdn/writing_guidelines/page_structures/page_types/css_function_page_template,null
mdn/writing_guidelines/page_structures/page_types/css_module_page_template,null
mdn/writing_guidelines/page_structures/page_types/css_property_page_template,null
mdn/writing_guidelines/page_structures/page_types/css_selector_page_template,null
mdn/writing_guidelines/page_structures/page_types/glossary_page_template,null
mdn/writing_guidelines/page_structures/page_types/html_attribute_page_template,null
mdn/writing_guidelines/page_structures/page_types/html_element_page_template,null
mdn/writing_guidelines/page_structures/page_types/http_header_page_template,null
mdn/writing_guidelines/page_structures/page_types/page_type_key,null
mdn/writing_guidelines/page_structures/page_types/svg_element_page_template,null
mdn/writing_guidelines/page_structures/polyfills,null
mdn/writing_guidelines/page_structures/sidebars,null
mdn/writing_guidelines/page_structures/specification_tables,null
mdn/writing_guidelines/page_structures/syntax_sections,null
mdn/writing_guidelines/what_we_write,null
mdn/writing_guidelines/writing_style_guide,null
mozilla,null
mozilla/add-ons,null
mozilla/add-ons/contact_us,null
mozilla/add-ons/webextensions,null
mozilla/add-ons/webextensions/add_a_button_to_the_toolbar,null
mozilla/add-ons/webextensions/anatomy_of_a_webextension,null
mozilla/add-ons/webextensions/api,null
mozilla/add-ons/webextensions/api/action,null
mozilla/add-ons/webextensions/api/action/colorarray,null
mozilla/add-ons/webextensions/api/action/disable,null
mozilla/add-ons/webextensions/api/action/enable,null
mozilla/add-ons/webextensions/api/action/getbadgebackgroundcolor,null
mozilla/add-ons/webextensions/api/action/getbadgetext,null
mozilla/add-ons/webextensions/api/action/getbadgetextcolor,null
mozilla/add-ons/webextensions/api/action/getpopup,null
mozilla/add-ons/webextensions/api/action/gettitle,null
mozilla/add-ons/webextensions/api/action/getusersettings,null
mozilla/add-ons/webextensions/api/action/imagedatatype,null
mozilla/add-ons/webextensions/api/action/isenabled,null
mozilla/add-ons/webextensions/api/action/onclicked,null
mozilla/add-ons/webextensions/api/action/onusersettingschanged,null
mozilla/add-ons/webextensions/api/action/openpopup,null
mozilla/add-ons/webextensions/api/action/setbadgebackgroundcolor,null
mozilla/add-ons/webextensions/api/action/setbadgetext,null
mozilla/add-ons/webextensions/api/action/setbadgetextcolor,null
mozilla/add-ons/webextensions/api/action/seticon,null
mozilla/add-ons/webextensions/api/action/setpopup,null
mozilla/add-ons/webextensions/api/action/settitle,null
mozilla/add-ons/webextensions/api/alarms,null
mozilla/add-ons/webextensions/api/alarms/alarm,null
mozilla/add-ons/webextensions/api/alarms/clear,null
mozilla/add-ons/webextensions/api/alarms/clearall,null
mozilla/add-ons/webextensions/api/alarms/create,null
mozilla/add-ons/webextensions/api/alarms/get,null
mozilla/add-ons/webextensions/api/alarms/getall,null
mozilla/add-ons/webextensions/api/alarms/onalarm,null
mozilla/add-ons/webextensions/api/bookmarks,null
mozilla/add-ons/webextensions/api/bookmarks/bookmarktreenode,null
mozilla/add-ons/webextensions/api/bookmarks/bookmarktreenodetype,null
mozilla/add-ons/webextensions/api/bookmarks/bookmarktreenodeunmodifiable,null
mozilla/add-ons/webextensions/api/bookmarks/create,null
mozilla/add-ons/webextensions/api/bookmarks/createdetails,null
mozilla/add-ons/webextensions/api/bookmarks/get,null
mozilla/add-ons/webextensions/api/bookmarks/getchildren,null
mozilla/add-ons/webextensions/api/bookmarks/getrecent,null
mozilla/add-ons/webextensions/api/bookmarks/getsubtree,null
mozilla/add-ons/webextensions/api/bookmarks/gettree,null
mozilla/add-ons/webextensions/api/bookmarks/move,null
mozilla/add-ons/webextensions/api/bookmarks/onchanged,null
mozilla/add-ons/webextensions/api/bookmarks/onchildrenreordered,null
mozilla/add-ons/webextensions/api/bookmarks/oncreated,null
mozilla/add-ons/webextensions/api/bookmarks/onimportbegan,null
mozilla/add-ons/webextensions/api/bookmarks/onimportended,null
mozilla/add-ons/webextensions/api/bookmarks/onmoved,null
mozilla/add-ons/webextensions/api/bookmarks/onremoved,null
mozilla/add-ons/webextensions/api/bookmarks/remove,null
mozilla/add-ons/webextensions/api/bookmarks/removetree,null
mozilla/add-ons/webextensions/api/bookmarks/search,null
mozilla/add-ons/webextensions/api/bookmarks/update,null
mozilla/add-ons/webextensions/api/browseraction,null
mozilla/add-ons/webextensions/api/browseraction/colorarray,null
mozilla/add-ons/webextensions/api/browseraction/disable,null
mozilla/add-ons/webextensions/api/browseraction/enable,null
mozilla/add-ons/webextensions/api/browseraction/getbadgebackgroundcolor,null
mozilla/add-ons/webextensions/api/browseraction/getbadgetext,null
mozilla/add-ons/webextensions/api/browseraction/getbadgetextcolor,null
mozilla/add-ons/webextensions/api/browseraction/getpopup,null
mozilla/add-ons/webextensions/api/browseraction/gettitle,null
mozilla/add-ons/webextensions/api/browseraction/getusersettings,null
mozilla/add-ons/webextensions/api/browseraction/imagedatatype,null
mozilla/add-ons/webextensions/api/browseraction/isenabled,null
mozilla/add-ons/webextensions/api/browseraction/onclicked,null
mozilla/add-ons/webextensions/api/browseraction/onusersettingschanged,null
mozilla/add-ons/webextensions/api/browseraction/openpopup,null
mozilla/add-ons/webextensions/api/browseraction/setbadgebackgroundcolor,null
mozilla/add-ons/webextensions/api/browseraction/setbadgetext,null
mozilla/add-ons/webextensions/api/browseraction/setbadgetextcolor,null
mozilla/add-ons/webextensions/api/browseraction/seticon,null
mozilla/add-ons/webextensions/api/browseraction/setpopup,null
mozilla/add-ons/webextensions/api/browseraction/settitle,null
mozilla/add-ons/webextensions/api/browsersettings,null
mozilla/add-ons/webextensions/api/browsersettings/allowpopupsforuserevents,null
mozilla/add-ons/webextensions/api/browsersettings/cacheenabled,null
mozilla/add-ons/webextensions/api/browsersettings/closetabsbydoubleclick,null
mozilla/add-ons/webextensions/api/browsersettings/colormanagement,null
mozilla/add-ons/webextensions/api/browsersettings/contextmenushowevent,null
mozilla/add-ons/webextensions/api/browsersettings/ftpprotocolenabled,null
mozilla/add-ons/webextensions/api/browsersettings/homepageoverride,null
mozilla/add-ons/webextensions/api/browsersettings/imageanimationbehavior,null
mozilla/add-ons/webextensions/api/browsersettings/newtabpageoverride,null
mozilla/add-ons/webextensions/api/browsersettings/newtabposition,null
mozilla/add-ons/webextensions/api/browsersettings/openbookmarksinnewtabs,null
mozilla/add-ons/webextensions/api/browsersettings/opensearchresultsinnewtabs,null
mozilla/add-ons/webextensions/api/browsersettings/openurlbarresultsinnewtabs,null
mozilla/add-ons/webextensions/api/browsersettings/overridecontentcolorscheme,null
mozilla/add-ons/webextensions/api/browsersettings/overridedocumentcolors,null
mozilla/add-ons/webextensions/api/browsersettings/tlsversionrestrictionconfig,null
mozilla/add-ons/webextensions/api/browsersettings/usedocumentfonts,null
mozilla/add-ons/webextensions/api/browsersettings/verticaltabs,null
mozilla/add-ons/webextensions/api/browsersettings/webnotificationsdisabled,null
mozilla/add-ons/webextensions/api/browsersettings/zoomfullpage,null
mozilla/add-ons/webextensions/api/browsersettings/zoomsitespecific,null
mozilla/add-ons/webextensions/api/browsingdata,null
mozilla/add-ons/webextensions/api/browsingdata/datatypeset,null
mozilla/add-ons/webextensions/api/browsingdata/removaloptions,null
mozilla/add-ons/webextensions/api/browsingdata/remove,null
mozilla/add-ons/webextensions/api/browsingdata/removecache,null
mozilla/add-ons/webextensions/api/browsingdata/removecookies,null
mozilla/add-ons/webextensions/api/browsingdata/removedownloads,null
mozilla/add-ons/webextensions/api/browsingdata/removeformdata,null
mozilla/add-ons/webextensions/api/browsingdata/removehistory,null
mozilla/add-ons/webextensions/api/browsingdata/removelocalstorage,null
mozilla/add-ons/webextensions/api/browsingdata/removepasswords,null
mozilla/add-ons/webextensions/api/browsingdata/removeplugindata,null
mozilla/add-ons/webextensions/api/browsingdata/settings,null
mozilla/add-ons/webextensions/api/captiveportal,null
mozilla/add-ons/webextensions/api/captiveportal/canonicalurl,null
mozilla/add-ons/webextensions/api/captiveportal/getlastchecked,null
mozilla/add-ons/webextensions/api/captiveportal/getstate,null
mozilla/add-ons/webextensions/api/captiveportal/onconnectivityavailable,null
mozilla/add-ons/webextensions/api/captiveportal/onstatechanged,null
mozilla/add-ons/webextensions/api/clipboard,null
mozilla/add-ons/webextensions/api/clipboard/setimagedata,null
mozilla/add-ons/webextensions/api/commands,null
mozilla/add-ons/webextensions/api/commands/command,null
mozilla/add-ons/webextensions/api/commands/getall,null
mozilla/add-ons/webextensions/api/commands/onchanged,null
mozilla/add-ons/webextensions/api/commands/oncommand,null
mozilla/add-ons/webextensions/api/commands/openshortcutsettings,null
mozilla/add-ons/webextensions/api/commands/reset,null
mozilla/add-ons/webextensions/api/commands/update,null
mozilla/add-ons/webextensions/api/contentscripts,null
mozilla/add-ons/webextensions/api/contentscripts/register,null
mozilla/add-ons/webextensions/api/contentscripts/registeredcontentscript,null
mozilla/add-ons/webextensions/api/contentscripts/registeredcontentscript/unregister,null
mozilla/add-ons/webextensions/api/contextualidentities,null
mozilla/add-ons/webextensions/api/contextualidentities/contextualidentity,null
mozilla/add-ons/webextensions/api/contextualidentities/create,null
mozilla/add-ons/webextensions/api/contextualidentities/get,null
mozilla/add-ons/webextensions/api/contextualidentities/getsupportedcolors,null
mozilla/add-ons/webextensions/api/contextualidentities/getsupportedicons,null
mozilla/add-ons/webextensions/api/contextualidentities/move,null
mozilla/add-ons/webextensions/api/contextualidentities/oncreated,null
mozilla/add-ons/webextensions/api/contextualidentities/onremoved,null
mozilla/add-ons/webextensions/api/contextualidentities/onupdated,null
mozilla/add-ons/webextensions/api/contextualidentities/query,null
mozilla/add-ons/webextensions/api/contextualidentities/remove,null
mozilla/add-ons/webextensions/api/contextualidentities/update,null
mozilla/add-ons/webextensions/api/cookies,null
mozilla/add-ons/webextensions/api/cookies/cookie,null
mozilla/add-ons/webextensions/api/cookies/cookiestore,null
mozilla/add-ons/webextensions/api/cookies/get,null
mozilla/add-ons/webextensions/api/cookies/getall,null
mozilla/add-ons/webextensions/api/cookies/getallcookiestores,null
mozilla/add-ons/webextensions/api/cookies/onchanged,null
mozilla/add-ons/webextensions/api/cookies/onchangedcause,null
mozilla/add-ons/webextensions/api/cookies/remove,null
mozilla/add-ons/webextensions/api/cookies/samesitestatus,null
mozilla/add-ons/webextensions/api/cookies/set,null
mozilla/add-ons/webextensions/api/declarativenetrequest,null
mozilla/add-ons/webextensions/api/declarativenetrequest/dynamic_ruleset_id,null
mozilla/add-ons/webextensions/api/declarativenetrequest/getavailablestaticrulecount,null
mozilla/add-ons/webextensions/api/declarativenetrequest/getdisabledruleids,null
mozilla/add-ons/webextensions/api/declarativenetrequest/getdynamicrules,null
mozilla/add-ons/webextensions/api/declarativenetrequest/getenabledrulesets,null
mozilla/add-ons/webextensions/api/declarativenetrequest/getmatchedrules,null
mozilla/add-ons/webextensions/api/declarativenetrequest/getmatchedrules_quota_interval,null
mozilla/add-ons/webextensions/api/declarativenetrequest/getsessionrules,null
mozilla/add-ons/webextensions/api/declarativenetrequest/guaranteed_minimum_static_rules,null
mozilla/add-ons/webextensions/api/declarativenetrequest/headerinfo,null
mozilla/add-ons/webextensions/api/declarativenetrequest/isregexsupported,null
mozilla/add-ons/webextensions/api/declarativenetrequest/matchedrule,null
mozilla/add-ons/webextensions/api/declarativenetrequest/max_getmatchedrules_calls_per_interval,null
mozilla/add-ons/webextensions/api/declarativenetrequest/max_number_of_disabled_static_rules,null
mozilla/add-ons/webextensions/api/declarativenetrequest/max_number_of_dynamic_and_session_rules,null
mozilla/add-ons/webextensions/api/declarativenetrequest/max_number_of_dynamic_rules,null
mozilla/add-ons/webextensions/api/declarativenetrequest/max_number_of_enabled_static_rulesets,null
mozilla/add-ons/webextensions/api/declarativenetrequest/max_number_of_regex_rules,null
mozilla/add-ons/webextensions/api/declarativenetrequest/max_number_of_session_rules,null
mozilla/add-ons/webextensions/api/declarativenetrequest/max_number_of_static_rulesets,null
mozilla/add-ons/webextensions/api/declarativenetrequest/modifyheaderinfo,null
mozilla/add-ons/webextensions/api/declarativenetrequest/onrulematcheddebug,null
mozilla/add-ons/webextensions/api/declarativenetrequest/redirect,null
mozilla/add-ons/webextensions/api/declarativenetrequest/resourcetype,null
mozilla/add-ons/webextensions/api/declarativenetrequest/rule,null
mozilla/add-ons/webextensions/api/declarativenetrequest/ruleaction,null
mozilla/add-ons/webextensions/api/declarativenetrequest/rulecondition,null
mozilla/add-ons/webextensions/api/declarativenetrequest/session_ruleset_id,null
mozilla/add-ons/webextensions/api/declarativenetrequest/setextensionactionoptions,null
mozilla/add-ons/webextensions/api/declarativenetrequest/testmatchoutcome,null
mozilla/add-ons/webextensions/api/declarativenetrequest/updatedynamicrules,null
mozilla/add-ons/webextensions/api/declarativenetrequest/updateenabledrulesets,null
mozilla/add-ons/webextensions/api/declarativenetrequest/updatesessionrules,null
mozilla/add-ons/webextensions/api/declarativenetrequest/updatestaticrules,null
mozilla/add-ons/webextensions/api/declarativenetrequest/urltransform,null
mozilla/add-ons/webextensions/api/devtools,null
mozilla/add-ons/webextensions/api/devtools/inspectedwindow,null
mozilla/add-ons/webextensions/api/devtools/inspectedwindow/eval,null
mozilla/add-ons/webextensions/api/devtools/inspectedwindow/reload,null
mozilla/add-ons/webextensions/api/devtools/inspectedwindow/tabid,null
mozilla/add-ons/webextensions/api/devtools/network,null
mozilla/add-ons/webextensions/api/devtools/network/gethar,null
mozilla/add-ons/webextensions/api/devtools/network/onnavigated,null
mozilla/add-ons/webextensions/api/devtools/network/onrequestfinished,null
mozilla/add-ons/webextensions/api/devtools/panels,null
mozilla/add-ons/webextensions/api/devtools/panels/create,null
mozilla/add-ons/webextensions/api/devtools/panels/elements,null
mozilla/add-ons/webextensions/api/devtools/panels/elementspanel,null
mozilla/add-ons/webextensions/api/devtools/panels/elementspanel/createsidebarpane,null
mozilla/add-ons/webextensions/api/devtools/panels/elementspanel/onselectionchanged,null
mozilla/add-ons/webextensions/api/devtools/panels/extensionpanel,null
mozilla/add-ons/webextensions/api/devtools/panels/extensionsidebarpane,null
mozilla/add-ons/webextensions/api/devtools/panels/extensionsidebarpane/onhidden,null
mozilla/add-ons/webextensions/api/devtools/panels/extensionsidebarpane/onshown,null
mozilla/add-ons/webextensions/api/devtools/panels/extensionsidebarpane/setexpression,null
mozilla/add-ons/webextensions/api/devtools/panels/extensionsidebarpane/setobject,null
mozilla/add-ons/webextensions/api/devtools/panels/extensionsidebarpane/setpage,null
mozilla/add-ons/webextensions/api/devtools/panels/onthemechanged,null
mozilla/add-ons/webextensions/api/devtools/panels/themename,null
mozilla/add-ons/webextensions/api/dns,null
mozilla/add-ons/webextensions/api/dns/resolve,null
mozilla/add-ons/webextensions/api/dom,null
mozilla/add-ons/webextensions/api/dom/openorclosedshadowroot,null
mozilla/add-ons/webextensions/api/downloads,null
mozilla/add-ons/webextensions/api/downloads/acceptdanger,null
mozilla/add-ons/webextensions/api/downloads/booleandelta,null
mozilla/add-ons/webextensions/api/downloads/cancel,null
mozilla/add-ons/webextensions/api/downloads/dangertype,null
mozilla/add-ons/webextensions/api/downloads/doubledelta,null
mozilla/add-ons/webextensions/api/downloads/download,null
mozilla/add-ons/webextensions/api/downloads/downloaditem,null
mozilla/add-ons/webextensions/api/downloads/downloadquery,null
mozilla/add-ons/webextensions/api/downloads/downloadtime,null
mozilla/add-ons/webextensions/api/downloads/erase,null
mozilla/add-ons/webextensions/api/downloads/filenameconflictaction,null
mozilla/add-ons/webextensions/api/downloads/getfileicon,null
mozilla/add-ons/webextensions/api/downloads/interruptreason,null
mozilla/add-ons/webextensions/api/downloads/onchanged,null
mozilla/add-ons/webextensions/api/downloads/oncreated,null
mozilla/add-ons/webextensions/api/downloads/onerased,null
mozilla/add-ons/webextensions/api/downloads/open,null
mozilla/add-ons/webextensions/api/downloads/pause,null
mozilla/add-ons/webextensions/api/downloads/removefile,null
mozilla/add-ons/webextensions/api/downloads/resume,null
mozilla/add-ons/webextensions/api/downloads/search,null
mozilla/add-ons/webextensions/api/downloads/setshelfenabled,null
mozilla/add-ons/webextensions/api/downloads/show,null
mozilla/add-ons/webextensions/api/downloads/showdefaultfolder,null
mozilla/add-ons/webextensions/api/downloads/state,null
mozilla/add-ons/webextensions/api/downloads/stringdelta,null
mozilla/add-ons/webextensions/api/events,null
mozilla/add-ons/webextensions/api/events/event,null
mozilla/add-ons/webextensions/api/events/event/addlistener,null
mozilla/add-ons/webextensions/api/events/event/addrules,null
mozilla/add-ons/webextensions/api/events/event/getrules,null
mozilla/add-ons/webextensions/api/events/event/haslistener,null
mozilla/add-ons/webextensions/api/events/event/haslisteners,null
mozilla/add-ons/webextensions/api/events/event/removelistener,null
mozilla/add-ons/webextensions/api/events/event/removerules,null
mozilla/add-ons/webextensions/api/events/rule,null
mozilla/add-ons/webextensions/api/events/urlfilter,null
mozilla/add-ons/webextensions/api/extension,null
mozilla/add-ons/webextensions/api/extension/getbackgroundpage,null
mozilla/add-ons/webextensions/api/extension/getextensiontabs,null
mozilla/add-ons/webextensions/api/extension/geturl,null
mozilla/add-ons/webextensions/api/extension/getviews,null
mozilla/add-ons/webextensions/api/extension/inincognitocontext,null
mozilla/add-ons/webextensions/api/extension/isallowedfileschemeaccess,null
mozilla/add-ons/webextensions/api/extension/isallowedincognitoaccess,null
mozilla/add-ons/webextensions/api/extension/lasterror,null
mozilla/add-ons/webextensions/api/extension/onrequest,null
mozilla/add-ons/webextensions/api/extension/onrequestexternal,null
mozilla/add-ons/webextensions/api/extension/sendrequest,null
mozilla/add-ons/webextensions/api/extension/setupdateurldata,null
mozilla/add-ons/webextensions/api/extension/viewtype,null
mozilla/add-ons/webextensions/api/extensiontypes,null
mozilla/add-ons/webextensions/api/extensiontypes/imagedetails,null
mozilla/add-ons/webextensions/api/extensiontypes/imageformat,null
mozilla/add-ons/webextensions/api/extensiontypes/injectdetails,null
mozilla/add-ons/webextensions/api/extensiontypes/runat,null
mozilla/add-ons/webextensions/api/find,null
mozilla/add-ons/webextensions/api/find/find,null
mozilla/add-ons/webextensions/api/find/highlightresults,null
mozilla/add-ons/webextensions/api/find/removehighlighting,null
mozilla/add-ons/webextensions/api/history,null
mozilla/add-ons/webextensions/api/history/addurl,null
mozilla/add-ons/webextensions/api/history/deleteall,null
mozilla/add-ons/webextensions/api/history/deleterange,null
mozilla/add-ons/webextensions/api/history/deleteurl,null
mozilla/add-ons/webextensions/api/history/getvisits,null
mozilla/add-ons/webextensions/api/history/historyitem,null
mozilla/add-ons/webextensions/api/history/ontitlechanged,null
mozilla/add-ons/webextensions/api/history/onvisited,null
mozilla/add-ons/webextensions/api/history/onvisitremoved,null
mozilla/add-ons/webextensions/api/history/search,null
mozilla/add-ons/webextensions/api/history/transitiontype,null
mozilla/add-ons/webextensions/api/history/visititem,null
mozilla/add-ons/webextensions/api/i18n,null
mozilla/add-ons/webextensions/api/i18n/detectlanguage,null
mozilla/add-ons/webextensions/api/i18n/getacceptlanguages,null
mozilla/add-ons/webextensions/api/i18n/getmessage,null
mozilla/add-ons/webextensions/api/i18n/getpreferredsystemlanguages,null
mozilla/add-ons/webextensions/api/i18n/getsystemuilanguage,null
mozilla/add-ons/webextensions/api/i18n/getuilanguage,null
mozilla/add-ons/webextensions/api/i18n/languagecode,null
mozilla/add-ons/webextensions/api/i18n/locale-specific_message_reference,null
mozilla/add-ons/webextensions/api/identity,null
mozilla/add-ons/webextensions/api/identity/getredirecturl,null
mozilla/add-ons/webextensions/api/identity/launchwebauthflow,null
mozilla/add-ons/webextensions/api/idle,null
mozilla/add-ons/webextensions/api/idle/idlestate,null
mozilla/add-ons/webextensions/api/idle/onstatechanged,null
mozilla/add-ons/webextensions/api/idle/querystate,null
mozilla/add-ons/webextensions/api/idle/setdetectioninterval,null
mozilla/add-ons/webextensions/api/management,null
mozilla/add-ons/webextensions/api/management/extensioninfo,null
mozilla/add-ons/webextensions/api/management/get,null
mozilla/add-ons/webextensions/api/management/getall,null
mozilla/add-ons/webextensions/api/management/getpermissionwarningsbyid,null
mozilla/add-ons/webextensions/api/management/getpermissionwarningsbymanifest,null
mozilla/add-ons/webextensions/api/management/getself,null
mozilla/add-ons/webextensions/api/management/install,null
mozilla/add-ons/webextensions/api/management/ondisabled,null
mozilla/add-ons/webextensions/api/management/onenabled,null
mozilla/add-ons/webextensions/api/management/oninstalled,null
mozilla/add-ons/webextensions/api/management/onuninstalled,null
mozilla/add-ons/webextensions/api/management/setenabled,null
mozilla/add-ons/webextensions/api/management/uninstall,null
mozilla/add-ons/webextensions/api/management/uninstallself,null
mozilla/add-ons/webextensions/api/menus,null
mozilla/add-ons/webextensions/api/menus/action_menu_top_level_limit,null
mozilla/add-ons/webextensions/api/menus/contexttype,null
mozilla/add-ons/webextensions/api/menus/create,null
mozilla/add-ons/webextensions/api/menus/gettargetelement,null
mozilla/add-ons/webextensions/api/menus/itemtype,null
mozilla/add-ons/webextensions/api/menus/onclickdata,null
mozilla/add-ons/webextensions/api/menus/onclicked,null
mozilla/add-ons/webextensions/api/menus/onhidden,null
mozilla/add-ons/webextensions/api/menus/onshown,null
mozilla/add-ons/webextensions/api/menus/overridecontext,null
mozilla/add-ons/webextensions/api/menus/refresh,null
mozilla/add-ons/webextensions/api/menus/remove,null
mozilla/add-ons/webextensions/api/menus/removeall,null
mozilla/add-ons/webextensions/api/menus/update,null
mozilla/add-ons/webextensions/api/notifications,null
mozilla/add-ons/webextensions/api/notifications/clear,null
mozilla/add-ons/webextensions/api/notifications/create,null
mozilla/add-ons/webextensions/api/notifications/getall,null
mozilla/add-ons/webextensions/api/notifications/notificationoptions,null
mozilla/add-ons/webextensions/api/notifications/onbuttonclicked,null
mozilla/add-ons/webextensions/api/notifications/onclicked,null
mozilla/add-ons/webextensions/api/notifications/onclosed,null
mozilla/add-ons/webextensions/api/notifications/onshown,null
mozilla/add-ons/webextensions/api/notifications/templatetype,null
mozilla/add-ons/webextensions/api/notifications/update,null
mozilla/add-ons/webextensions/api/omnibox,null
mozilla/add-ons/webextensions/api/omnibox/ondeletesuggestion,null
mozilla/add-ons/webextensions/api/omnibox/oninputcancelled,null
mozilla/add-ons/webextensions/api/omnibox/oninputchanged,null
mozilla/add-ons/webextensions/api/omnibox/oninputentered,null
mozilla/add-ons/webextensions/api/omnibox/oninputentereddisposition,null
mozilla/add-ons/webextensions/api/omnibox/oninputstarted,null
mozilla/add-ons/webextensions/api/omnibox/setdefaultsuggestion,null
mozilla/add-ons/webextensions/api/omnibox/suggestresult,null
mozilla/add-ons/webextensions/api/pageaction,null
mozilla/add-ons/webextensions/api/pageaction/getpopup,null
mozilla/add-ons/webextensions/api/pageaction/gettitle,null
mozilla/add-ons/webextensions/api/pageaction/hide,null
mozilla/add-ons/webextensions/api/pageaction/imagedatatype,null
mozilla/add-ons/webextensions/api/pageaction/isshown,null
mozilla/add-ons/webextensions/api/pageaction/onclicked,null
mozilla/add-ons/webextensions/api/pageaction/openpopup,null
mozilla/add-ons/webextensions/api/pageaction/seticon,null
mozilla/add-ons/webextensions/api/pageaction/setpopup,null
mozilla/add-ons/webextensions/api/pageaction/settitle,null
mozilla/add-ons/webextensions/api/pageaction/show,null
mozilla/add-ons/webextensions/api/permissions,null
mozilla/add-ons/webextensions/api/permissions/contains,null
mozilla/add-ons/webextensions/api/permissions/getall,null
mozilla/add-ons/webextensions/api/permissions/onadded,null
mozilla/add-ons/webextensions/api/permissions/onremoved,null
mozilla/add-ons/webextensions/api/permissions/permissions,null
mozilla/add-ons/webextensions/api/permissions/remove,null
mozilla/add-ons/webextensions/api/permissions/request,null
mozilla/add-ons/webextensions/api/pkcs11,null
mozilla/add-ons/webextensions/api/pkcs11/getmoduleslots,null
mozilla/add-ons/webextensions/api/pkcs11/installmodule,null
mozilla/add-ons/webextensions/api/pkcs11/ismoduleinstalled,null
mozilla/add-ons/webextensions/api/pkcs11/uninstallmodule,null
mozilla/add-ons/webextensions/api/privacy,null
mozilla/add-ons/webextensions/api/privacy/network,null
mozilla/add-ons/webextensions/api/privacy/services,null
mozilla/add-ons/webextensions/api/privacy/websites,null
mozilla/add-ons/webextensions/api/proxy,null
mozilla/add-ons/webextensions/api/proxy/onerror,null
mozilla/add-ons/webextensions/api/proxy/onrequest,null
mozilla/add-ons/webextensions/api/proxy/proxyinfo,null
mozilla/add-ons/webextensions/api/proxy/requestdetails,null
mozilla/add-ons/webextensions/api/proxy/settings,null
mozilla/add-ons/webextensions/api/publicsuffix,null
mozilla/add-ons/webextensions/api/publicsuffix/domainencoding,null
mozilla/add-ons/webextensions/api/publicsuffix/getdomain,null
mozilla/add-ons/webextensions/api/publicsuffix/getknownsuffix,null
mozilla/add-ons/webextensions/api/publicsuffix/isknownsuffix,null
mozilla/add-ons/webextensions/api/runtime,null
mozilla/add-ons/webextensions/api/runtime/connect,null
mozilla/add-ons/webextensions/api/runtime/connectnative,null
mozilla/add-ons/webextensions/api/runtime/getbackgroundpage,null
mozilla/add-ons/webextensions/api/runtime/getbrowserinfo,null
mozilla/add-ons/webextensions/api/runtime/getcontexts,null
mozilla/add-ons/webextensions/api/runtime/getdocumentid,null
mozilla/add-ons/webextensions/api/runtime/getframeid,null
mozilla/add-ons/webextensions/api/runtime/getmanifest,null
mozilla/add-ons/webextensions/api/runtime/getpackagedirectoryentry,null
mozilla/add-ons/webextensions/api/runtime/getplatforminfo,null
mozilla/add-ons/webextensions/api/runtime/geturl,null
mozilla/add-ons/webextensions/api/runtime/getversion,null
mozilla/add-ons/webextensions/api/runtime/id,null
mozilla/add-ons/webextensions/api/runtime/lasterror,null
mozilla/add-ons/webextensions/api/runtime/messagesender,null
mozilla/add-ons/webextensions/api/runtime/onbrowserupdateavailable,null
mozilla/add-ons/webextensions/api/runtime/onconnect,null
mozilla/add-ons/webextensions/api/runtime/onconnectexternal,null
mozilla/add-ons/webextensions/api/runtime/oninstalled,null
mozilla/add-ons/webextensions/api/runtime/oninstalledreason,null
mozilla/add-ons/webextensions/api/runtime/onmessage,null
mozilla/add-ons/webextensions/api/runtime/onmessageexternal,null
mozilla/add-ons/webextensions/api/runtime/onperformancewarning,null
mozilla/add-ons/webextensions/api/runtime/onperformancewarningcategory,null
mozilla/add-ons/webextensions/api/runtime/onperformancewarningseverity,null
mozilla/add-ons/webextensions/api/runtime/onrestartrequired,null
mozilla/add-ons/webextensions/api/runtime/onrestartrequiredreason,null
mozilla/add-ons/webextensions/api/runtime/onstartup,null
mozilla/add-ons/webextensions/api/runtime/onsuspend,null
mozilla/add-ons/webextensions/api/runtime/onsuspendcanceled,null
mozilla/add-ons/webextensions/api/runtime/onupdateavailable,null
mozilla/add-ons/webextensions/api/runtime/onuserscriptconnect,null
mozilla/add-ons/webextensions/api/runtime/onuserscriptmessage,null
mozilla/add-ons/webextensions/api/runtime/openoptionspage,null
mozilla/add-ons/webextensions/api/runtime/platformarch,null
mozilla/add-ons/webextensions/api/runtime/platforminfo,null
mozilla/add-ons/webextensions/api/runtime/platformnaclarch,null
mozilla/add-ons/webextensions/api/runtime/platformos,null
mozilla/add-ons/webextensions/api/runtime/port,null
mozilla/add-ons/webextensions/api/runtime/reload,null
mozilla/add-ons/webextensions/api/runtime/requestupdatecheck,null
mozilla/add-ons/webextensions/api/runtime/requestupdatecheckstatus,null
mozilla/add-ons/webextensions/api/runtime/sendmessage,null
mozilla/add-ons/webextensions/api/runtime/sendnativemessage,null
mozilla/add-ons/webextensions/api/runtime/setuninstallurl,null
mozilla/add-ons/webextensions/api/scripting,null
mozilla/add-ons/webextensions/api/scripting/contentscriptfilter,null
mozilla/add-ons/webextensions/api/scripting/executescript,null
mozilla/add-ons/webextensions/api/scripting/executionworld,null
mozilla/add-ons/webextensions/api/scripting/getregisteredcontentscripts,null
mozilla/add-ons/webextensions/api/scripting/injectiontarget,null
mozilla/add-ons/webextensions/api/scripting/insertcss,null
mozilla/add-ons/webextensions/api/scripting/registercontentscripts,null
mozilla/add-ons/webextensions/api/scripting/registeredcontentscript,null
mozilla/add-ons/webextensions/api/scripting/removecss,null
mozilla/add-ons/webextensions/api/scripting/unregistercontentscripts,null
mozilla/add-ons/webextensions/api/scripting/updatecontentscripts,null
mozilla/add-ons/webextensions/api/search,null
mozilla/add-ons/webextensions/api/search/get,null
mozilla/add-ons/webextensions/api/search/query,null
mozilla/add-ons/webextensions/api/search/search,null
mozilla/add-ons/webextensions/api/sessions,null
mozilla/add-ons/webextensions/api/sessions/filter,null
mozilla/add-ons/webextensions/api/sessions/forgetclosedtab,null
mozilla/add-ons/webextensions/api/sessions/forgetclosedwindow,null
mozilla/add-ons/webextensions/api/sessions/getrecentlyclosed,null
mozilla/add-ons/webextensions/api/sessions/gettabvalue,null
mozilla/add-ons/webextensions/api/sessions/getwindowvalue,null
mozilla/add-ons/webextensions/api/sessions/max_session_results,null
mozilla/add-ons/webextensions/api/sessions/onchanged,null
mozilla/add-ons/webextensions/api/sessions/removetabvalue,null
mozilla/add-ons/webextensions/api/sessions/removewindowvalue,null
mozilla/add-ons/webextensions/api/sessions/restore,null
mozilla/add-ons/webextensions/api/sessions/session,null
mozilla/add-ons/webextensions/api/sessions/settabvalue,null
mozilla/add-ons/webextensions/api/sessions/setwindowvalue,null
mozilla/add-ons/webextensions/api/sidebaraction,null
mozilla/add-ons/webextensions/api/sidebaraction/close,null
mozilla/add-ons/webextensions/api/sidebaraction/getpanel,null
mozilla/add-ons/webextensions/api/sidebaraction/gettitle,null
mozilla/add-ons/webextensions/api/sidebaraction/imagedatatype,null
mozilla/add-ons/webextensions/api/sidebaraction/isopen,null
mozilla/add-ons/webextensions/api/sidebaraction/open,null
mozilla/add-ons/webextensions/api/sidebaraction/seticon,null
mozilla/add-ons/webextensions/api/sidebaraction/setpanel,null
mozilla/add-ons/webextensions/api/sidebaraction/settitle,null
mozilla/add-ons/webextensions/api/sidebaraction/toggle,null
mozilla/add-ons/webextensions/api/storage,null
mozilla/add-ons/webextensions/api/storage/local,null
mozilla/add-ons/webextensions/api/storage/managed,null
mozilla/add-ons/webextensions/api/storage/onchanged,null
mozilla/add-ons/webextensions/api/storage/session,null
mozilla/add-ons/webextensions/api/storage/session/quota_bytes,null
mozilla/add-ons/webextensions/api/storage/storagearea,null
mozilla/add-ons/webextensions/api/storage/storagearea/clear,null
mozilla/add-ons/webextensions/api/storage/storagearea/get,null
mozilla/add-ons/webextensions/api/storage/storagearea/getbytesinuse,null
mozilla/add-ons/webextensions/api/storage/storagearea/getkeys,null
mozilla/add-ons/webextensions/api/storage/storagearea/onchanged,null
mozilla/add-ons/webextensions/api/storage/storagearea/remove,null
mozilla/add-ons/webextensions/api/storage/storagearea/set,null
mozilla/add-ons/webextensions/api/storage/storagearea/setaccesslevel,null
mozilla/add-ons/webextensions/api/storage/storagechange,null
mozilla/add-ons/webextensions/api/storage/sync,null
mozilla/add-ons/webextensions/api/tabgroups,null
mozilla/add-ons/webextensions/api/tabgroups/color,null
mozilla/add-ons/webextensions/api/tabgroups/get,null
mozilla/add-ons/webextensions/api/tabgroups/move,null
mozilla/add-ons/webextensions/api/tabgroups/oncreated,null
mozilla/add-ons/webextensions/api/tabgroups/onmoved,null
mozilla/add-ons/webextensions/api/tabgroups/onremoved,null
mozilla/add-ons/webextensions/api/tabgroups/onupdated,null
mozilla/add-ons/webextensions/api/tabgroups/query,null
mozilla/add-ons/webextensions/api/tabgroups/tab_group_id_none,null
mozilla/add-ons/webextensions/api/tabgroups/tabgroup,null
mozilla/add-ons/webextensions/api/tabgroups/update,null
mozilla/add-ons/webextensions/api/tabs,null
mozilla/add-ons/webextensions/api/tabs/capturetab,null
mozilla/add-ons/webextensions/api/tabs/capturevisibletab,null
mozilla/add-ons/webextensions/api/tabs/connect,null
mozilla/add-ons/webextensions/api/tabs/create,null
mozilla/add-ons/webextensions/api/tabs/detectlanguage,null
mozilla/add-ons/webextensions/api/tabs/discard,null
mozilla/add-ons/webextensions/api/tabs/duplicate,null
mozilla/add-ons/webextensions/api/tabs/executescript,null
mozilla/add-ons/webextensions/api/tabs/get,null
mozilla/add-ons/webextensions/api/tabs/getallinwindow,null
mozilla/add-ons/webextensions/api/tabs/getcurrent,null
mozilla/add-ons/webextensions/api/tabs/getselected,null
mozilla/add-ons/webextensions/api/tabs/getzoom,null
mozilla/add-ons/webextensions/api/tabs/getzoomsettings,null
mozilla/add-ons/webextensions/api/tabs/goback,null
mozilla/add-ons/webextensions/api/tabs/goforward,null
mozilla/add-ons/webextensions/api/tabs/group,null
mozilla/add-ons/webextensions/api/tabs/hide,null
mozilla/add-ons/webextensions/api/tabs/highlight,null
mozilla/add-ons/webextensions/api/tabs/insertcss,null
mozilla/add-ons/webextensions/api/tabs/move,null
mozilla/add-ons/webextensions/api/tabs/moveinsuccession,null
mozilla/add-ons/webextensions/api/tabs/mutedinfo,null
mozilla/add-ons/webextensions/api/tabs/mutedinforeason,null
mozilla/add-ons/webextensions/api/tabs/onactivated,null
mozilla/add-ons/webextensions/api/tabs/onactivechanged,null
mozilla/add-ons/webextensions/api/tabs/onattached,null
mozilla/add-ons/webextensions/api/tabs/oncreated,null
mozilla/add-ons/webextensions/api/tabs/ondetached,null
mozilla/add-ons/webextensions/api/tabs/onhighlightchanged,null
mozilla/add-ons/webextensions/api/tabs/onhighlighted,null
mozilla/add-ons/webextensions/api/tabs/onmoved,null
mozilla/add-ons/webextensions/api/tabs/onremoved,null
mozilla/add-ons/webextensions/api/tabs/onreplaced,null
mozilla/add-ons/webextensions/api/tabs/onselectionchanged,null
mozilla/add-ons/webextensions/api/tabs/onupdated,null
mozilla/add-ons/webextensions/api/tabs/onzoomchange,null
mozilla/add-ons/webextensions/api/tabs/pagesettings,null
mozilla/add-ons/webextensions/api/tabs/print,null
mozilla/add-ons/webextensions/api/tabs/printpreview,null
mozilla/add-ons/webextensions/api/tabs/query,null
mozilla/add-ons/webextensions/api/tabs/reload,null
mozilla/add-ons/webextensions/api/tabs/remove,null
mozilla/add-ons/webextensions/api/tabs/removecss,null
mozilla/add-ons/webextensions/api/tabs/saveaspdf,null
mozilla/add-ons/webextensions/api/tabs/sendmessage,null
mozilla/add-ons/webextensions/api/tabs/sendrequest,null
mozilla/add-ons/webextensions/api/tabs/setzoom,null
mozilla/add-ons/webextensions/api/tabs/setzoomsettings,null
mozilla/add-ons/webextensions/api/tabs/show,null
mozilla/add-ons/webextensions/api/tabs/split_view_id_none,null
mozilla/add-ons/webextensions/api/tabs/tab,null
mozilla/add-ons/webextensions/api/tabs/tab_id_none,null
mozilla/add-ons/webextensions/api/tabs/tabstatus,null
mozilla/add-ons/webextensions/api/tabs/togglereadermode,null
mozilla/add-ons/webextensions/api/tabs/ungroup,null
mozilla/add-ons/webextensions/api/tabs/update,null
mozilla/add-ons/webextensions/api/tabs/warmup,null
mozilla/add-ons/webextensions/api/tabs/windowtype,null
mozilla/add-ons/webextensions/api/tabs/zoomsettings,null
mozilla/add-ons/webextensions/api/tabs/zoomsettingsmode,null
mozilla/add-ons/webextensions/api/tabs/zoomsettingsscope,null
mozilla/add-ons/webextensions/api/theme,null
mozilla/add-ons/webextensions/api/theme/getcurrent,null
mozilla/add-ons/webextensions/api/theme/onupdated,null
mozilla/add-ons/webextensions/api/theme/reset,null
mozilla/add-ons/webextensions/api/theme/theme,null
mozilla/add-ons/webextensions/api/theme/update,null
mozilla/add-ons/webextensions/api/topsites,null
mozilla/add-ons/webextensions/api/topsites/get,null
mozilla/add-ons/webextensions/api/topsites/mostvisitedurl,null
mozilla/add-ons/webextensions/api/types,null
mozilla/add-ons/webextensions/api/types/browsersetting,null
mozilla/add-ons/webextensions/api/types/browsersetting/clear,null
mozilla/add-ons/webextensions/api/types/browsersetting/get,null
mozilla/add-ons/webextensions/api/types/browsersetting/onchange,null
mozilla/add-ons/webextensions/api/types/browsersetting/set,null
mozilla/add-ons/webextensions/api/userscripts,null
mozilla/add-ons/webextensions/api/userscripts/configureworld,null
mozilla/add-ons/webextensions/api/userscripts/execute,null
mozilla/add-ons/webextensions/api/userscripts/executionworld,null
mozilla/add-ons/webextensions/api/userscripts/getscripts,null
mozilla/add-ons/webextensions/api/userscripts/getworldconfigurations,null
mozilla/add-ons/webextensions/api/userscripts/register,null
mozilla/add-ons/webextensions/api/userscripts/registereduserscript,null
mozilla/add-ons/webextensions/api/userscripts/resetworldconfiguration,null
mozilla/add-ons/webextensions/api/userscripts/scriptsource,null
mozilla/add-ons/webextensions/api/userscripts/unregister,null
mozilla/add-ons/webextensions/api/userscripts/update,null
mozilla/add-ons/webextensions/api/userscripts/userscriptfilter,null
mozilla/add-ons/webextensions/api/userscripts/worldproperties,null
mozilla/add-ons/webextensions/api/userscripts_legacy,null
mozilla/add-ons/webextensions/api/userscripts_legacy/onbeforescript,null
mozilla/add-ons/webextensions/api/userscripts_legacy/register,null
mozilla/add-ons/webextensions/api/userscripts_legacy/registereduserscript,null
mozilla/add-ons/webextensions/api/userscripts_legacy/registereduserscript/unregister,null
mozilla/add-ons/webextensions/api/userscripts_legacy/userscriptoptions,null
mozilla/add-ons/webextensions/api/userscripts_legacy/working_with_userscripts,null
mozilla/add-ons/webextensions/api/webnavigation,null
mozilla/add-ons/webextensions/api/webnavigation/getallframes,null
mozilla/add-ons/webextensions/api/webnavigation/getframe,null
mozilla/add-ons/webextensions/api/webnavigation/onbeforenavigate,null
mozilla/add-ons/webextensions/api/webnavigation/oncommitted,null
mozilla/add-ons/webextensions/api/webnavigation/oncompleted,null
mozilla/add-ons/webextensions/api/webnavigation/oncreatednavigationtarget,null
mozilla/add-ons/webextensions/api/webnavigation/ondomcontentloaded,null
mozilla/add-ons/webextensions/api/webnavigation/onerroroccurred,null
mozilla/add-ons/webextensions/api/webnavigation/onhistorystateupdated,null
mozilla/add-ons/webextensions/api/webnavigation/onreferencefragmentupdated,null
mozilla/add-ons/webextensions/api/webnavigation/ontabreplaced,null
mozilla/add-ons/webextensions/api/webnavigation/transitionqualifier,null
mozilla/add-ons/webextensions/api/webnavigation/transitiontype,null
mozilla/add-ons/webextensions/api/webrequest,null
mozilla/add-ons/webextensions/api/webrequest/blockingresponse,null
mozilla/add-ons/webextensions/api/webrequest/certificateinfo,null
mozilla/add-ons/webextensions/api/webrequest/filterresponsedata,null
mozilla/add-ons/webextensions/api/webrequest/getsecurityinfo,null
mozilla/add-ons/webextensions/api/webrequest/handlerbehaviorchanged,null
mozilla/add-ons/webextensions/api/webrequest/httpheaders,null
mozilla/add-ons/webextensions/api/webrequest/max_handler_behavior_changed_calls_per_10_minutes,null
mozilla/add-ons/webextensions/api/webrequest/onauthrequired,null
mozilla/add-ons/webextensions/api/webrequest/onbeforeredirect,null
mozilla/add-ons/webextensions/api/webrequest/onbeforerequest,null
mozilla/add-ons/webextensions/api/webrequest/onbeforesendheaders,null
mozilla/add-ons/webextensions/api/webrequest/oncompleted,null
mozilla/add-ons/webextensions/api/webrequest/onerroroccurred,null
mozilla/add-ons/webextensions/api/webrequest/onheadersreceived,null
mozilla/add-ons/webextensions/api/webrequest/onresponsestarted,null
mozilla/add-ons/webextensions/api/webrequest/onsendheaders,null
mozilla/add-ons/webextensions/api/webrequest/requestfilter,null
mozilla/add-ons/webextensions/api/webrequest/resourcetype,null
mozilla/add-ons/webextensions/api/webrequest/securityinfo,null
mozilla/add-ons/webextensions/api/webrequest/streamfilter,null
mozilla/add-ons/webextensions/api/webrequest/streamfilter/close,null
mozilla/add-ons/webextensions/api/webrequest/streamfilter/disconnect,null
mozilla/add-ons/webextensions/api/webrequest/streamfilter/error,null
mozilla/add-ons/webextensions/api/webrequest/streamfilter/ondata,null
mozilla/add-ons/webextensions/api/webrequest/streamfilter/onerror,null
mozilla/add-ons/webextensions/api/webrequest/streamfilter/onstart,null
mozilla/add-ons/webextensions/api/webrequest/streamfilter/onstop,null
mozilla/add-ons/webextensions/api/webrequest/streamfilter/resume,null
mozilla/add-ons/webextensions/api/webrequest/streamfilter/status,null
mozilla/add-ons/webextensions/api/webrequest/streamfilter/suspend,null
mozilla/add-ons/webextensions/api/webrequest/streamfilter/write,null
mozilla/add-ons/webextensions/api/webrequest/uploaddata,null
mozilla/add-ons/webextensions/api/windows,null
mozilla/add-ons/webextensions/api/windows/create,null
mozilla/add-ons/webextensions/api/windows/createtype,null
mozilla/add-ons/webextensions/api/windows/get,null
mozilla/add-ons/webextensions/api/windows/getall,null
mozilla/add-ons/webextensions/api/windows/getcurrent,null
mozilla/add-ons/webextensions/api/windows/getlastfocused,null
mozilla/add-ons/webextensions/api/windows/onboundschanged,null
mozilla/add-ons/webextensions/api/windows/oncreated,null
mozilla/add-ons/webextensions/api/windows/onfocuschanged,null
mozilla/add-ons/webextensions/api/windows/onremoved,null
mozilla/add-ons/webextensions/api/windows/remove,null
mozilla/add-ons/webextensions/api/windows/update,null
mozilla/add-ons/webextensions/api/windows/window,null
mozilla/add-ons/webextensions/api/windows/window_id_current,null
mozilla/add-ons/webextensions/api/windows/window_id_none,null
mozilla/add-ons/webextensions/api/windows/windowstate,null
mozilla/add-ons/webextensions/api/windows/windowtype,null
mozilla/add-ons/webextensions/background_scripts,null
mozilla/add-ons/webextensions/browser_support_for_javascript_apis,null
mozilla/add-ons/webextensions/build_a_cross_browser_extension,null
mozilla/add-ons/webextensions/chrome_incompatibilities,null
mozilla/add-ons/webextensions/content_scripts,null
mozilla/add-ons/webextensions/content_scripts/cloneinto,null
mozilla/add-ons/webextensions/content_scripts/exportfunction,null
mozilla/add-ons/webextensions/content_security_policy,null
mozilla/add-ons/webextensions/developing_webextensions_for_thunderbird,null
mozilla/add-ons/webextensions/differences_between_api_implementations,null
mozilla/add-ons/webextensions/examples,null
mozilla/add-ons/webextensions/extending_the_developer_tools,null
mozilla/add-ons/webextensions/implement_a_settings_page,null
mozilla/add-ons/webextensions/interact_with_the_clipboard,null
mozilla/add-ons/webextensions/intercept_http_requests,null
mozilla/add-ons/webextensions/internationalization,null
mozilla/add-ons/webextensions/manifest.json,null
mozilla/add-ons/webextensions/manifest.json/action,null
mozilla/add-ons/webextensions/manifest.json/author,null
mozilla/add-ons/webextensions/manifest.json/background,null
mozilla/add-ons/webextensions/manifest.json/browser_action,null
mozilla/add-ons/webextensions/manifest.json/browser_specific_settings,null
mozilla/add-ons/webextensions/manifest.json/chrome_settings_overrides,null
mozilla/add-ons/webextensions/manifest.json/chrome_url_overrides,null
mozilla/add-ons/webextensions/manifest.json/commands,null
mozilla/add-ons/webextensions/manifest.json/content_scripts,null
mozilla/add-ons/webextensions/manifest.json/content_security_policy,null
mozilla/add-ons/webextensions/manifest.json/dark_theme,null
mozilla/add-ons/webextensions/manifest.json/declarative_net_request,null
mozilla/add-ons/webextensions/manifest.json/default_locale,null
mozilla/add-ons/webextensions/manifest.json/description,null
mozilla/add-ons/webextensions/manifest.json/developer,null
mozilla/add-ons/webextensions/manifest.json/devtools_page,null
mozilla/add-ons/webextensions/manifest.json/dictionaries,null
mozilla/add-ons/webextensions/manifest.json/externally_connectable,null
mozilla/add-ons/webextensions/manifest.json/homepage_url,null
mozilla/add-ons/webextensions/manifest.json/host_permissions,null
mozilla/add-ons/webextensions/manifest.json/icons,null
mozilla/add-ons/webextensions/manifest.json/incognito,null
mozilla/add-ons/webextensions/manifest.json/manifest_version,1
mozilla/add-ons/webextensions/manifest.json/name,null
mozilla/add-ons/webextensions/manifest.json/offline_enabled,null
mozilla/add-ons/webextensions/manifest.json/omnibox,null
mozilla/add-ons/webextensions/manifest.json/optional_host_permissions,null
mozilla/add-ons/webextensions/manifest.json/optional_permissions,null
mozilla/add-ons/webextensions/manifest.json/options_page,null
mozilla/add-ons/webextensions/manifest.json/options_ui,null
mozilla/add-ons/webextensions/manifest.json/page_action,null
mozilla/add-ons/webextensions/manifest.json/permissions,null
mozilla/add-ons/webextensions/manifest.json/protocol_handlers,null
mozilla/add-ons/webextensions/manifest.json/short_name,null
mozilla/add-ons/webextensions/manifest.json/sidebar_action,null
mozilla/add-ons/webextensions/manifest.json/storage,null
mozilla/add-ons/webextensions/manifest.json/theme,null
mozilla/add-ons/webextensions/manifest.json/theme_experiment,null
mozilla/add-ons/webextensions/manifest.json/user_scripts,null
mozilla/add-ons/webextensions/manifest.json/version,null
mozilla/add-ons/webextensions/manifest.json/version/format,null
mozilla/add-ons/webextensions/manifest.json/version_name,null
mozilla/add-ons/webextensions/manifest.json/web_accessible_resources,null
mozilla/add-ons/webextensions/match_patterns,null
mozilla/add-ons/webextensions/modify_a_web_page,null
mozilla/add-ons/webextensions/native_manifests,null
mozilla/add-ons/webextensions/native_messaging,null
mozilla/add-ons/webextensions/safely_inserting_external_content_into_a_page,null
mozilla/add-ons/webextensions/sharing_objects_with_page_scripts,null
mozilla/add-ons/webextensions/use_the_web_authn_api,null
mozilla/add-ons/webextensions/user_actions,null
mozilla/add-ons/webextensions/user_interface,null
mozilla/add-ons/webextensions/user_interface/browser_styles,null
mozilla/add-ons/webextensions/user_interface/context_menu_items,null
mozilla/add-ons/webextensions/user_interface/devtools_panels,null
mozilla/add-ons/webextensions/user_interface/extension_pages,null
mozilla/add-ons/webextensions/user_interface/notifications,null
mozilla/add-ons/webextensions/user_interface/omnibox,null
mozilla/add-ons/webextensions/user_interface/options_pages,null
mozilla/add-ons/webextensions/user_interface/page_actions,null
mozilla/add-ons/webextensions/user_interface/popups,null
mozilla/add-ons/webextensions/user_interface/sidebars,null
mozilla/add-ons/webextensions/user_interface/toolbar_button,null
mozilla/add-ons/webextensions/what_are_webextensions,null
mozilla/add-ons/webextensions/what_next,null
mozilla/add-ons/webextensions/work_with_contextual_identities,null
mozilla/add-ons/webextensions/work_with_documentid,null
mozilla/add-ons/webextensions/work_with_the_bookmarks_api,null
mozilla/add-ons/webextensions/work_with_the_cookies_api,null
mozilla/add-ons/webextensions/working_with_files,null
mozilla/add-ons/webextensions/working_with_the_tabs_api,null
mozilla/add-ons/webextensions/your_first_webextension,8
mozilla/add-ons/webextensions/your_second_webextension,null
mozilla/firefox,null
mozilla/firefox/experimental_features,null
mozilla/firefox/releases,null
mozilla/firefox/releases/1.5,null
mozilla/firefox/releases/1.5/changing_the_priority_of_http_requests,null
mozilla/firefox/releases/1.5/using_firefox_1.5_caching,null
mozilla/firefox/releases/1.5/what_s_new_in_1.5_alpha,null
mozilla/firefox/releases/10,null
mozilla/firefox/releases/10/updating_add-ons,null
mozilla/firefox/releases/100,null
mozilla/firefox/releases/101,null
mozilla/firefox/releases/102,null
mozilla/firefox/releases/103,null
mozilla/firefox/releases/104,null
mozilla/firefox/releases/105,null
mozilla/firefox/releases/106,null
mozilla/firefox/releases/107,null
mozilla/firefox/releases/108,null
mozilla/firefox/releases/109,null
mozilla/firefox/releases/11,null
mozilla/firefox/releases/110,null
mozilla/firefox/releases/111,null
mozilla/firefox/releases/112,null
mozilla/firefox/releases/113,null
mozilla/firefox/releases/114,null
mozilla/firefox/releases/115,null
mozilla/firefox/releases/116,null
mozilla/firefox/releases/117,null
mozilla/firefox/releases/118,null
mozilla/firefox/releases/119,null
mozilla/firefox/releases/12,null
mozilla/firefox/releases/120,null
mozilla/firefox/releases/121,null
mozilla/firefox/releases/122,null
mozilla/firefox/releases/123,null
mozilla/firefox/releases/124,null
mozilla/firefox/releases/125,null
mozilla/firefox/releases/126,null
mozilla/firefox/releases/127,null
mozilla/firefox/releases/128,null
mozilla/firefox/releases/129,null
mozilla/firefox/releases/13,null
mozilla/firefox/releases/130,null
mozilla/firefox/releases/131,null
mozilla/firefox/releases/132,null
mozilla/firefox/releases/133,null
mozilla/firefox/releases/134,null
mozilla/firefox/releases/135,null
mozilla/firefox/releases/136,null
mozilla/firefox/releases/137,null
mozilla/firefox/releases/138,null
mozilla/firefox/releases/139,null
mozilla/firefox/releases/14,null
mozilla/firefox/releases/140,null
mozilla/firefox/releases/141,null
mozilla/firefox/releases/142,null
mozilla/firefox/releases/143,null
mozilla/firefox/releases/144,null
mozilla/firefox/releases/145,null
mozilla/firefox/releases/146,null
mozilla/firefox/releases/147,null
mozilla/firefox/releases/148,null
mozilla/firefox/releases/149,null
mozilla/firefox/releases/15,null
mozilla/firefox/releases/150,null
mozilla/firefox/releases/151,null
mozilla/firefox/releases/152,null
mozilla/firefox/releases/153,null
mozilla/firefox/releases/154,null
mozilla/firefox/releases/16,null
mozilla/firefox/releases/17,null
mozilla/firefox/releases/18,null
mozilla/firefox/releases/19,null
mozilla/firefox/releases/2,null
mozilla/firefox/releases/2/adding_feed_readers_to_firefox,null
mozilla/firefox/releases/2/security_changes,null
mozilla/firefox/releases/2/updating_extensions,null
mozilla/firefox/releases/20,null
mozilla/firefox/releases/21,null
mozilla/firefox/releases/22,null
mozilla/firefox/releases/23,null
mozilla/firefox/releases/24,null
mozilla/firefox/releases/25,null
mozilla/firefox/releases/26,null
mozilla/firefox/releases/27,null
mozilla/firefox/releases/28,null
mozilla/firefox/releases/29,null
mozilla/firefox/releases/3,null
mozilla/firefox/releases/3.5,null
mozilla/firefox/releases/3.5/icc_color_correction_in_firefox,null
mozilla/firefox/releases/3.5/security_changes,null
mozilla/firefox/releases/3.5/updating_extensions,null
mozilla/firefox/releases/3.6,null
mozilla/firefox/releases/3.6/interfaces_moved,null
mozilla/firefox/releases/3.6/updating_extensions,null
mozilla/firefox/releases/3.6/updating_plug-ins,null
mozilla/firefox/releases/3.6/updating_themes,null
mozilla/firefox/releases/3/dom_improvements,null
mozilla/firefox/releases/3/full_page_zoom,null
mozilla/firefox/releases/3/notable_bugs_fixed,null
mozilla/firefox/releases/3/site_compatibility,null
mozilla/firefox/releases/3/svg_improvements,null
mozilla/firefox/releases/3/templates,null
mozilla/firefox/releases/3/updating_extensions,null
mozilla/firefox/releases/3/updating_web_applications,null
mozilla/firefox/releases/3/using_an_external_spell_checker,null
mozilla/firefox/releases/3/wai_aria_live_regions_api_support,null
mozilla/firefox/releases/3/xul_improvements_in_firefox_3,null
mozilla/firefox/releases/30,null
mozilla/firefox/releases/31,null
mozilla/firefox/releases/32,null
mozilla/firefox/releases/33,null
mozilla/firefox/releases/34,null
mozilla/firefox/releases/35,null
mozilla/firefox/releases/36,null
mozilla/firefox/releases/37,null
mozilla/firefox/releases/38,null
mozilla/firefox/releases/39,null
mozilla/firefox/releases/4,null
mozilla/firefox/releases/4/the_add-on_bar,null
mozilla/firefox/releases/4/updating_extensions_for_firefox_4,null
mozilla/firefox/releases/40,null
mozilla/firefox/releases/41,null
mozilla/firefox/releases/42,null
mozilla/firefox/releases/43,null
mozilla/firefox/releases/44,null
mozilla/firefox/releases/45,null
mozilla/firefox/releases/46,null
mozilla/firefox/releases/47,null
mozilla/firefox/releases/48,null
mozilla/firefox/releases/49,null
mozilla/firefox/releases/5,null
mozilla/firefox/releases/5/updating_add-ons,null
mozilla/firefox/releases/50,null
mozilla/firefox/releases/51,null
mozilla/firefox/releases/52,null
mozilla/firefox/releases/53,null
mozilla/firefox/releases/54,null
mozilla/firefox/releases/55,null
mozilla/firefox/releases/56,null
mozilla/firefox/releases/57,null
mozilla/firefox/releases/58,null
mozilla/firefox/releases/59,null
mozilla/firefox/releases/6,null
mozilla/firefox/releases/6/updating_add-ons,null
mozilla/firefox/releases/60,null
mozilla/firefox/releases/61,null
mozilla/firefox/releases/62,null
mozilla/firefox/releases/63,null
mozilla/firefox/releases/64,null
mozilla/firefox/releases/65,null
mozilla/firefox/releases/66,null
mozilla/firefox/releases/67,null
mozilla/firefox/releases/68,null
mozilla/firefox/releases/69,null
mozilla/firefox/releases/7,null
mozilla/firefox/releases/7/updating_extensions,null
mozilla/firefox/releases/70,null
mozilla/firefox/releases/71,null
mozilla/firefox/releases/72,null
mozilla/firefox/releases/73,null
mozilla/firefox/releases/74,null
mozilla/firefox/releases/75,null
mozilla/firefox/releases/76,null
mozilla/firefox/releases/77,null
mozilla/firefox/releases/78,null
mozilla/firefox/releases/79,null
mozilla/firefox/releases/8,null
mozilla/firefox/releases/8/updating_add-ons,null
mozilla/firefox/releases/80,null
mozilla/firefox/releases/81,null
mozilla/firefox/releases/82,null
mozilla/firefox/releases/83,null
mozilla/firefox/releases/84,null
mozilla/firefox/releases/85,null
mozilla/firefox/releases/86,null
mozilla/firefox/releases/87,null
mozilla/firefox/releases/88,null
mozilla/firefox/releases/89,null
mozilla/firefox/releases/9,null
mozilla/firefox/releases/9/updating_add-ons,null
mozilla/firefox/releases/90,null
mozilla/firefox/releases/91,null
mozilla/firefox/releases/92,null
mozilla/firefox/releases/93,null
mozilla/firefox/releases/94,null
mozilla/firefox/releases/95,null
mozilla/firefox/releases/96,null
mozilla/firefox/releases/97,null
mozilla/firefox/releases/98,null
mozilla/firefox/releases/99,null
related,null
related/imsc,null
related/imsc/basics,null
related/imsc/imsc_and_other_standards,null
related/imsc/mapping_video_time_codes_to_imsc,null
related/imsc/namespaces,null
related/imsc/styling,null
related/imsc/subtitle_placement,null
related/imsc/timing_in_imsc,null
related/imsc/using_the_imscjs_polyfill,null
web,null
web/accessibility,null
web/accessibility/aria,null
web/accessibility/aria/guides,null
web/accessibility/aria/guides/live_regions,null
web/accessibility/aria/guides/multipart_labels,null
web/accessibility/aria/guides/screen_reader_implementors,null
web/accessibility/aria/guides/techniques,null
web/accessibility/aria/reference,null
web/accessibility/aria/reference/attributes,null
web/accessibility/aria/reference/attributes/aria-activedescendant,null
web/accessibility/aria/reference/attributes/aria-atomic,null
web/accessibility/aria/reference/attributes/aria-autocomplete,null
web/accessibility/aria/reference/attributes/aria-braillelabel,null
web/accessibility/aria/reference/attributes/aria-brailleroledescription,null
web/accessibility/aria/reference/attributes/aria-busy,null
web/accessibility/aria/reference/attributes/aria-checked,null
web/accessibility/aria/reference/attributes/aria-colcount,null
web/accessibility/aria/reference/attributes/aria-colindex,null
web/accessibility/aria/reference/attributes/aria-colindextext,null
web/accessibility/aria/reference/attributes/aria-colspan,null
web/accessibility/aria/reference/attributes/aria-controls,null
web/accessibility/aria/reference/attributes/aria-current,null
web/accessibility/aria/reference/attributes/aria-describedby,null
web/accessibility/aria/reference/attributes/aria-description,null
web/accessibility/aria/reference/attributes/aria-details,null
web/accessibility/aria/reference/attributes/aria-disabled,null
web/accessibility/aria/reference/attributes/aria-dropeffect,null
web/accessibility/aria/reference/attributes/aria-errormessage,null
web/accessibility/aria/reference/attributes/aria-expanded,null
web/accessibility/aria/reference/attributes/aria-flowto,null
web/accessibility/aria/reference/attributes/aria-grabbed,null
web/accessibility/aria/reference/attributes/aria-haspopup,null
web/accessibility/aria/reference/attributes/aria-hidden,null
web/accessibility/aria/reference/attributes/aria-invalid,null
web/accessibility/aria/reference/attributes/aria-keyshortcuts,null
web/accessibility/aria/reference/attributes/aria-label,null
web/accessibility/aria/reference/attributes/aria-labelledby,null
web/accessibility/aria/reference/attributes/aria-level,null
web/accessibility/aria/reference/attributes/aria-live,null
web/accessibility/aria/reference/attributes/aria-modal,null
web/accessibility/aria/reference/attributes/aria-multiline,null
web/accessibility/aria/reference/attributes/aria-multiselectable,null
web/accessibility/aria/reference/attributes/aria-orientation,null
web/accessibility/aria/reference/attributes/aria-owns,null
web/accessibility/aria/reference/attributes/aria-placeholder,null
web/accessibility/aria/reference/attributes/aria-posinset,null
web/accessibility/aria/reference/attributes/aria-pressed,null
web/accessibility/aria/reference/attributes/aria-readonly,null
web/accessibility/aria/reference/attributes/aria-relevant,null
web/accessibility/aria/reference/attributes/aria-required,null
web/accessibility/aria/reference/attributes/aria-roledescription,null
web/accessibility/aria/reference/attributes/aria-rowcount,null
web/accessibility/aria/reference/attributes/aria-rowindex,null
web/accessibility/aria/reference/attributes/aria-rowindextext,null
web/accessibility/aria/reference/attributes/aria-rowspan,null
web/accessibility/aria/reference/attributes/aria-selected,null
web/accessibility/aria/reference/attributes/aria-setsize,null
web/accessibility/aria/reference/attributes/aria-sort,null
web/accessibility/aria/reference/attributes/aria-valuemax,null
web/accessibility/aria/reference/attributes/aria-valuemin,null
web/accessibility/aria/reference/attributes/aria-valuenow,null
web/accessibility/aria/reference/attributes/aria-valuetext,null
web/accessibility/aria/reference/roles,null
web/accessibility/aria/reference/roles/alert_role,null
web/accessibility/aria/reference/roles/alertdialog_role,null
web/accessibility/aria/reference/roles/application_role,null
web/accessibility/aria/reference/roles/article_role,null
web/accessibility/aria/reference/roles/banner_role,null
web/accessibility/aria/reference/roles/button_role,null
web/accessibility/aria/reference/roles/cell_role,null
web/accessibility/aria/reference/roles/checkbox_role,null
web/accessibility/aria/reference/roles/columnheader_role,null
web/accessibility/aria/reference/roles/combobox_role,null
web/accessibility/aria/reference/roles/command_role,null
web/accessibility/aria/reference/roles/comment_role,null
web/accessibility/aria/reference/roles/complementary_role,null
web/accessibility/aria/reference/roles/composite_role,null
web/accessibility/aria/reference/roles/contentinfo_role,null
web/accessibility/aria/reference/roles/definition_role,null
web/accessibility/aria/reference/roles/dialog_role,null
web/accessibility/aria/reference/roles/directory_role,null
web/accessibility/aria/reference/roles/document_role,null
web/accessibility/aria/reference/roles/feed_role,null
web/accessibility/aria/reference/roles/figure_role,null
web/accessibility/aria/reference/roles/form_role,null
web/accessibility/aria/reference/roles/generic_role,null
web/accessibility/aria/reference/roles/grid_role,null
web/accessibility/aria/reference/roles/gridcell_role,null
web/accessibility/aria/reference/roles/group_role,null
web/accessibility/aria/reference/roles/heading_role,null
web/accessibility/aria/reference/roles/img_role,null
web/accessibility/aria/reference/roles/input_role,null
web/accessibility/aria/reference/roles/landmark_role,null
web/accessibility/aria/reference/roles/link_role,null
web/accessibility/aria/reference/roles/list_role,null
web/accessibility/aria/reference/roles/listbox_role,null
web/accessibility/aria/reference/roles/listitem_role,null
web/accessibility/aria/reference/roles/log_role,null
web/accessibility/aria/reference/roles/main_role,null
web/accessibility/aria/reference/roles/mark_role,null
web/accessibility/aria/reference/roles/marquee_role,null
web/accessibility/aria/reference/roles/math_role,null
web/accessibility/aria/reference/roles/menu_role,null
web/accessibility/aria/reference/roles/menubar_role,null
web/accessibility/aria/reference/roles/menuitem_role,null
web/accessibility/aria/reference/roles/menuitemcheckbox_role,null
web/accessibility/aria/reference/roles/menuitemradio_role,null
web/accessibility/aria/reference/roles/meter_role,null
web/accessibility/aria/reference/roles/navigation_role,null
web/accessibility/aria/reference/roles/none_role,null
web/accessibility/aria/reference/roles/note_role,null
web/accessibility/aria/reference/roles/option_role,null
web/accessibility/aria/reference/roles/presentation_role,null
web/accessibility/aria/reference/roles/progressbar_role,null
web/accessibility/aria/reference/roles/radio_role,null
web/accessibility/aria/reference/roles/radiogroup_role,null
web/accessibility/aria/reference/roles/range_role,null
web/accessibility/aria/reference/roles/region_role,null
web/accessibility/aria/reference/roles/roletype_role,null
web/accessibility/aria/reference/roles/row_role,null
web/accessibility/aria/reference/roles/rowgroup_role,null
web/accessibility/aria/reference/roles/rowheader_role,null
web/accessibility/aria/reference/roles/scrollbar_role,null
web/accessibility/aria/reference/roles/search_role,null
web/accessibility/aria/reference/roles/searchbox_role,null
web/accessibility/aria/reference/roles/section_role,null
web/accessibility/aria/reference/roles/sectionhead_role,null
web/accessibility/aria/reference/roles/select_role,null
web/accessibility/aria/reference/roles/separator_role,null
web/accessibility/aria/reference/roles/slider_role,null
web/accessibility/aria/reference/roles/spinbutton_role,null
web/accessibility/aria/reference/roles/status_role,null
web/accessibility/aria/reference/roles/structural_roles,null
web/accessibility/aria/reference/roles/structure_role,null
web/accessibility/aria/reference/roles/suggestion_role,null
web/accessibility/aria/reference/roles/switch_role,null
web/accessibility/aria/reference/roles/tab_role,null
web/accessibility/aria/reference/roles/table_role,null
web/accessibility/aria/reference/roles/tablist_role,null
web/accessibility/aria/reference/roles/tabpanel_role,null
web/accessibility/aria/reference/roles/term_role,null
web/accessibility/aria/reference/roles/textbox_role,null
web/accessibility/aria/reference/roles/timer_role,null
web/accessibility/aria/reference/roles/toolbar_role,null
web/accessibility/aria/reference/roles/tooltip_role,null
web/accessibility/aria/reference/roles/tree_role,null
web/accessibility/aria/reference/roles/treegrid_role,null
web/accessibility/aria/reference/roles/treeitem_role,null
web/accessibility/aria/reference/roles/widget_role,null
web/accessibility/aria/reference/roles/window_role,null
web/accessibility/guides,null
web/accessibility/guides/accessibility_and_spatial_patterns,null
web/accessibility/guides/accessible_web_applications_and_widgets,null
web/accessibility/guides/browsing_safely,null
web/accessibility/guides/cognitive_accessibility,null
web/accessibility/guides/colors_and_luminance,null
web/accessibility/guides/information_for_web_authors,null
web/accessibility/guides/keyboard-navigable_javascript_widgets,null
web/accessibility/guides/mobile_accessibility_checklist,null
web/accessibility/guides/seizure_disorders,null
web/accessibility/guides/understanding_wcag,null
web/accessibility/guides/understanding_wcag/keyboard,null
web/accessibility/guides/understanding_wcag/operable,null
web/accessibility/guides/understanding_wcag/perceivable,null
web/accessibility/guides/understanding_wcag/perceivable/color_contrast,null
web/accessibility/guides/understanding_wcag/perceivable/use_of_color,null
web/accessibility/guides/understanding_wcag/robust,null
web/accessibility/guides/understanding_wcag/text_labels_and_names,null
web/accessibility/guides/understanding_wcag/understandable,null
web/api,null
web/api/abortcontroller,null
web/api/abortcontroller/abort,null
web/api/abortcontroller/abortcontroller,null
web/api/abortcontroller/signal,null
web/api/abortsignal,null
web/api/abortsignal/abort_event,null
web/api/abortsignal/abort_static,null
web/api/abortsignal/aborted,null
web/api/abortsignal/any_static,null
web/api/abortsignal/reason,null
web/api/abortsignal/throwifaborted,null
web/api/abortsignal/timeout_static,null
web/api/absoluteorientationsensor,null
web/api/absoluteorientationsensor/absoluteorientationsensor,null
web/api/abstractrange,null
web/api/abstractrange/collapsed,null
web/api/abstractrange/endcontainer,null
web/api/abstractrange/endoffset,null
web/api/abstractrange/startcontainer,null
web/api/abstractrange/startoffset,null
web/api/accelerometer,null
web/api/accelerometer/accelerometer,null
web/api/accelerometer/x,null
web/api/accelerometer/y,null
web/api/accelerometer/z,null
web/api/aescbcparams,null
web/api/aesctrparams,null
web/api/aesderivedkeyparams,null
web/api/aesgcmparams,null
web/api/aeskeygenparams,null
web/api/ambientlightsensor,null
web/api/ambientlightsensor/ambientlightsensor,null
web/api/ambientlightsensor/illuminance,null
web/api/analysernode,null
web/api/analysernode/analysernode,null
web/api/analysernode/fftsize,null
web/api/analysernode/frequencybincount,null
web/api/analysernode/getbytefrequencydata,null
web/api/analysernode/getbytetimedomaindata,null
web/api/analysernode/getfloatfrequencydata,null
web/api/analysernode/getfloattimedomaindata,null
web/api/analysernode/maxdecibels,null
web/api/analysernode/mindecibels,null
web/api/analysernode/smoothingtimeconstant,null
web/api/angle_instanced_arrays,null
web/api/angle_instanced_arrays/drawarraysinstancedangle,null
web/api/angle_instanced_arrays/drawelementsinstancedangle,null
web/api/angle_instanced_arrays/vertexattribdivisorangle,null
web/api/animation,null
web/api/animation/animation,null
web/api/animation/cancel,1
web/api/animation/cancel_event,null
web/api/animation/commitstyles,null
web/api/animation/currenttime,null
web/api/animation/effect,null
web/api/animation/finish,null
web/api/animation/finish_event,null
web/api/animation/finished,null
web/api/animation/id,null
web/api/animation/overallprogress,null
web/api/animation/pause,null
web/api/animation/pending,null
web/api/animation/persist,null
web/api/animation/play,null
web/api/animation/playbackrate,null
web/api/animation/playstate,null
web/api/animation/ready,null
web/api/animation/remove_event,null
web/api/animation/replacestate,null
web/api/animation/reverse,null
web/api/animation/starttime,null
web/api/animation/timeline,null
web/api/animation/updateplaybackrate,null
web/api/animationeffect,null
web/api/animationeffect/getcomputedtiming,null
web/api/animationeffect/gettiming,null
web/api/animationeffect/updatetiming,null
web/api/animationevent,null
web/api/animationevent/animation,null
web/api/animationevent/animationevent,null
web/api/animationevent/animationname,null
web/api/animationevent/elapsedtime,null
web/api/animationevent/pseudoelement,null
web/api/animationplaybackevent,null
web/api/animationplaybackevent/animationplaybackevent,null
web/api/animationplaybackevent/currenttime,null
web/api/animationplaybackevent/timelinetime,null
web/api/animationtimeline,null
web/api/animationtimeline/currenttime,null
web/api/animationtimeline/duration,null
web/api/attr,null
web/api/attr/localname,null
web/api/attr/name,null
web/api/attr/namespaceuri,null
web/api/attr/ownerelement,null
web/api/attr/prefix,null
web/api/attr/specified,null
web/api/attr/value,null
web/api/attribution_reporting_api,null
web/api/attribution_reporting_api/generating_reports,null
web/api/attribution_reporting_api/registering_sources,null
web/api/attribution_reporting_api/registering_triggers,null
web/api/audio_output_devices_api,null
web/api/audio_session_api,null
web/api/audiobuffer,null
web/api/audiobuffer/audiobuffer,null
web/api/audiobuffer/copyfromchannel,null
web/api/audiobuffer/copytochannel,null
web/api/audiobuffer/duration,null
web/api/audiobuffer/getchanneldata,null
web/api/audiobuffer/length,null
web/api/audiobuffer/numberofchannels,null
web/api/audiobuffer/samplerate,null
web/api/audiobuffersourcenode,null
web/api/audiobuffersourcenode/audiobuffersourcenode,null
web/api/audiobuffersourcenode/buffer,null
web/api/audiobuffersourcenode/detune,null
web/api/audiobuffersourcenode/loop,null
web/api/audiobuffersourcenode/loopend,null
web/api/audiobuffersourcenode/loopstart,null
web/api/audiobuffersourcenode/playbackrate,null
web/api/audiobuffersourcenode/start,null
web/api/audiocontext,null
web/api/audiocontext/audiocontext,null
web/api/audiocontext/baselatency,null
web/api/audiocontext/close,null
web/api/audiocontext/createmediaelementsource,null
web/api/audiocontext/createmediastreamdestination,null
web/api/audiocontext/createmediastreamsource,null
web/api/audiocontext/createmediastreamtracksource,null
web/api/audiocontext/getoutputtimestamp,null
web/api/audiocontext/outputlatency,null
web/api/audiocontext/playbackstats,null
web/api/audiocontext/resume,null
web/api/audiocontext/setsinkid,null
web/api/audiocontext/sinkchange_event,null
web/api/audiocontext/sinkid,null
web/api/audiocontext/suspend,null
web/api/audiodata,null
web/api/audiodata/allocationsize,null
web/api/audiodata/audiodata,null
web/api/audiodata/clone,null
web/api/audiodata/close,null
web/api/audiodata/copyto,null
web/api/audiodata/duration,null
web/api/audiodata/format,null
web/api/audiodata/numberofchannels,null
web/api/audiodata/numberofframes,null
web/api/audiodata/samplerate,null
web/api/audiodata/timestamp,null
web/api/audiodecoder,null
web/api/audiodecoder/audiodecoder,null
web/api/audiodecoder/close,null
web/api/audiodecoder/configure,null
web/api/audiodecoder/decode,null
web/api/audiodecoder/decodequeuesize,null
web/api/audiodecoder/dequeue_event,null
web/api/audiodecoder/flush,null
web/api/audiodecoder/isconfigsupported_static,null
web/api/audiodecoder/reset,null
web/api/audiodecoder/state,null
web/api/audiodestinationnode,null
web/api/audiodestinationnode/maxchannelcount,null
web/api/audioencoder,null
web/api/audioencoder/audioencoder,null
web/api/audioencoder/close,null
web/api/audioencoder/configure,null
web/api/audioencoder/dequeue_event,null
web/api/audioencoder/encode,null
web/api/audioencoder/encodequeuesize,null
web/api/audioencoder/flush,null
web/api/audioencoder/isconfigsupported_static,null
web/api/audioencoder/reset,null
web/api/audioencoder/state,null
web/api/audiolistener,null
web/api/audiolistener/forwardx,null
web/api/audiolistener/forwardy,null
web/api/audiolistener/forwardz,null
web/api/audiolistener/positionx,null
web/api/audiolistener/positiony,null
web/api/audiolistener/positionz,null
web/api/audiolistener/setorientation,null
web/api/audiolistener/setposition,null
web/api/audiolistener/upx,null
web/api/audiolistener/upy,null
web/api/audiolistener/upz,null
web/api/audionode,null
web/api/audionode/channelcount,null
web/api/audionode/channelcountmode,null
web/api/audionode/channelinterpretation,null
web/api/audionode/connect,null
web/api/audionode/context,null
web/api/audionode/disconnect,null
web/api/audionode/numberofinputs,null
web/api/audionode/numberofoutputs,null
web/api/audioparam,null
web/api/audioparam/cancelandholdattime,null
web/api/audioparam/cancelscheduledvalues,null
web/api/audioparam/defaultvalue,null
web/api/audioparam/exponentialramptovalueattime,null
web/api/audioparam/linearramptovalueattime,null
web/api/audioparam/maxvalue,null
web/api/audioparam/minvalue,null
web/api/audioparam/settargetattime,null
web/api/audioparam/setvalueattime,null
web/api/audioparam/setvaluecurveattime,null
web/api/audioparam/value,null
web/api/audioparamdescriptor,null
web/api/audioparammap,null
web/api/audioplaybackstats,null
web/api/audioplaybackstats/averagelatency,null
web/api/audioplaybackstats/maximumlatency,null
web/api/audioplaybackstats/minimumlatency,null
web/api/audioplaybackstats/resetlatency,null
web/api/audioplaybackstats/tojson,null
web/api/audioplaybackstats/totalduration,null
web/api/audioplaybackstats/underrunduration,null
web/api/audioplaybackstats/underrunevents,null
web/api/audioprocessingevent,null
web/api/audioprocessingevent/audioprocessingevent,null
web/api/audioprocessingevent/inputbuffer,null
web/api/audioprocessingevent/outputbuffer,null
web/api/audioprocessingevent/playbacktime,null
web/api/audioscheduledsourcenode,null
web/api/audioscheduledsourcenode/ended_event,null
web/api/audioscheduledsourcenode/start,null
web/api/audioscheduledsourcenode/stop,null
web/api/audiosession,null
web/api/audiosession/type,null
web/api/audiosinkinfo,null
web/api/audiosinkinfo/type,null
web/api/audiotrack,null
web/api/audiotrack/enabled,null
web/api/audiotrack/id,null
web/api/audiotrack/kind,null
web/api/audiotrack/label,null
web/api/audiotrack/language,null
web/api/audiotrack/sourcebuffer,null
web/api/audiotracklist,null
web/api/audiotracklist/addtrack_event,null
web/api/audiotracklist/change_event,null
web/api/audiotracklist/gettrackbyid,null
web/api/audiotracklist/length,null
web/api/audiotracklist/removetrack_event,null
web/api/audioworklet,null
web/api/audioworklet/port,null
web/api/audioworkletglobalscope,null
web/api/audioworkletglobalscope/currentframe,null
web/api/audioworkletglobalscope/currenttime,null
web/api/audioworkletglobalscope/port,null
web/api/audioworkletglobalscope/registerprocessor,null
web/api/audioworkletglobalscope/samplerate,null
web/api/audioworkletnode,null
web/api/audioworkletnode/audioworkletnode,null
web/api/audioworkletnode/parameters,null
web/api/audioworkletnode/port,null
web/api/audioworkletnode/processorerror_event,null
web/api/audioworkletprocessor,null
web/api/audioworkletprocessor/audioworkletprocessor,null
web/api/audioworkletprocessor/parameterdescriptors_static,null
web/api/audioworkletprocessor/port,null
web/api/audioworkletprocessor/process,null
web/api/authenticatorassertionresponse,null
web/api/authenticatorassertionresponse/authenticatordata,null
web/api/authenticatorassertionresponse/signature,null
web/api/authenticatorassertionresponse/userhandle,null
web/api/authenticatorattestationresponse,null
web/api/authenticatorattestationresponse/attestationobject,null
web/api/authenticatorattestationresponse/getauthenticatordata,null
web/api/authenticatorattestationresponse/getpublickey,null
web/api/authenticatorattestationresponse/getpublickeyalgorithm,null
web/api/authenticatorattestationresponse/gettransports,null
web/api/authenticatorresponse,null
web/api/authenticatorresponse/clientdatajson,null
web/api/background_fetch_api,null
web/api/background_synchronization_api,null
web/api/background_tasks_api,null
web/api/backgroundfetchevent,null
web/api/backgroundfetchevent/backgroundfetchevent,null
web/api/backgroundfetchevent/registration,null
web/api/backgroundfetchmanager,null
web/api/backgroundfetchmanager/fetch,null
web/api/backgroundfetchmanager/get,null
web/api/backgroundfetchmanager/getids,null
web/api/backgroundfetchrecord,null
web/api/backgroundfetchrecord/request,null
web/api/backgroundfetchrecord/responseready,null
web/api/backgroundfetchregistration,7
web/api/backgroundfetchregistration/abort,4
web/api/backgroundfetchregistration/downloaded,3
web/api/backgroundfetchregistration/downloadtotal,3
web/api/backgroundfetchregistration/failurereason,2
web/api/backgroundfetchregistration/id,2
web/api/backgroundfetchregistration/match,9
web/api/backgroundfetchregistration/matchall,8
web/api/backgroundfetchregistration/progress_event,4
web/api/backgroundfetchregistration/recordsavailable,4
web/api/backgroundfetchregistration/result,2
web/api/backgroundfetchregistration/uploaded,3
web/api/backgroundfetchregistration/uploadtotal,4
web/api/backgroundfetchupdateuievent,null
web/api/backgroundfetchupdateuievent/backgroundfetchupdateuievent,null
web/api/backgroundfetchupdateuievent/updateui,null
web/api/badging_api,null
web/api/barcode_detection_api,null
web/api/barcodedetector,null
web/api/barcodedetector/barcodedetector,null
web/api/barcodedetector/detect,null
web/api/barcodedetector/getsupportedformats_static,null
web/api/barprop,null
web/api/barprop/visible,null
web/api/baseaudiocontext,null
web/api/baseaudiocontext/audioworklet,null
web/api/baseaudiocontext/createanalyser,null
web/api/baseaudiocontext/createbiquadfilter,null
web/api/baseaudiocontext/createbuffer,null
web/api/baseaudiocontext/createbuffersource,null
web/api/baseaudiocontext/createchannelmerger,null
web/api/baseaudiocontext/createchannelsplitter,null
web/api/baseaudiocontext/createconstantsource,null
web/api/baseaudiocontext/createconvolver,null
web/api/baseaudiocontext/createdelay,null
web/api/baseaudiocontext/createdynamicscompressor,null
web/api/baseaudiocontext/creategain,null
web/api/baseaudiocontext/createiirfilter,null
web/api/baseaudiocontext/createoscillator,null
web/api/baseaudiocontext/createpanner,null
web/api/baseaudiocontext/createperiodicwave,null
web/api/baseaudiocontext/createscriptprocessor,null
web/api/baseaudiocontext/createstereopanner,null
web/api/baseaudiocontext/createwaveshaper,null
web/api/baseaudiocontext/currenttime,1
web/api/baseaudiocontext/decodeaudiodata,null
web/api/baseaudiocontext/destination,null
web/api/baseaudiocontext/listener,null
web/api/baseaudiocontext/samplerate,null
web/api/baseaudiocontext/state,null
web/api/baseaudiocontext/statechange_event,null
web/api/battery_status_api,null
web/api/batterymanager,null
web/api/batterymanager/charging,null
web/api/batterymanager/chargingchange_event,null
web/api/batterymanager/chargingtime,null
web/api/batterymanager/chargingtimechange_event,null
web/api/batterymanager/dischargingtime,null
web/api/batterymanager/dischargingtimechange_event,null
web/api/batterymanager/level,null
web/api/batterymanager/levelchange_event,null
web/api/beacon_api,null
web/api/beforeinstallpromptevent,null
web/api/beforeinstallpromptevent/beforeinstallpromptevent,null
web/api/beforeinstallpromptevent/platforms,null
web/api/beforeinstallpromptevent/prompt,null
web/api/beforeinstallpromptevent/userchoice,null
web/api/beforeunloadevent,null
web/api/beforeunloadevent/returnvalue,null
web/api/biquadfilternode,null
web/api/biquadfilternode/biquadfilternode,null
web/api/biquadfilternode/detune,null
web/api/biquadfilternode/frequency,null
web/api/biquadfilternode/gain,null
web/api/biquadfilternode/getfrequencyresponse,null
web/api/biquadfilternode/q,null
web/api/biquadfilternode/type,null
web/api/blob,null
web/api/blob/arraybuffer,null
web/api/blob/blob,null
web/api/blob/bytes,null
web/api/blob/size,null
web/api/blob/slice,null
web/api/blob/stream,null
web/api/blob/text,null
web/api/blob/type,null
web/api/blobevent,null
web/api/blobevent/blobevent,null
web/api/blobevent/data,null
web/api/blobevent/timecode,null
web/api/bluetooth,null
web/api/bluetooth/getavailability,null
web/api/bluetooth/getdevices,null
web/api/bluetooth/requestdevice,null
web/api/bluetoothcharacteristicproperties,null
web/api/bluetoothcharacteristicproperties/authenticatedsignedwrites,null
web/api/bluetoothcharacteristicproperties/broadcast,null
web/api/bluetoothcharacteristicproperties/indicate,null
web/api/bluetoothcharacteristicproperties/notify,null
web/api/bluetoothcharacteristicproperties/read,null
web/api/bluetoothcharacteristicproperties/reliablewrite,null
web/api/bluetoothcharacteristicproperties/writableauxiliaries,null
web/api/bluetoothcharacteristicproperties/write,null
web/api/bluetoothcharacteristicproperties/writewithoutresponse,null
web/api/bluetoothdevice,null
web/api/bluetoothdevice/gatt,null
web/api/bluetoothdevice/id,null
web/api/bluetoothdevice/name,null
web/api/bluetoothremotegattcharacteristic,null
web/api/bluetoothremotegattcharacteristic/getdescriptor,null
web/api/bluetoothremotegattcharacteristic/getdescriptors,null
web/api/bluetoothremotegattcharacteristic/properties,null
web/api/bluetoothremotegattcharacteristic/readvalue,null
web/api/bluetoothremotegattcharacteristic/service,null
web/api/bluetoothremotegattcharacteristic/startnotifications,null
web/api/bluetoothremotegattcharacteristic/stopnotifications,null
web/api/bluetoothremotegattcharacteristic/uuid,null
web/api/bluetoothremotegattcharacteristic/value,null
web/api/bluetoothremotegattcharacteristic/writevalue,null
web/api/bluetoothremotegattcharacteristic/writevaluewithoutresponse,null
web/api/bluetoothremotegattcharacteristic/writevaluewithresponse,null
web/api/bluetoothremotegattdescriptor,null
web/api/bluetoothremotegattdescriptor/characteristic,null
web/api/bluetoothremotegattdescriptor/readvalue,null
web/api/bluetoothremotegattdescriptor/uuid,null
web/api/bluetoothremotegattdescriptor/value,null
web/api/bluetoothremotegattdescriptor/writevalue,null
web/api/bluetoothremotegattserver,null
web/api/bluetoothremotegattserver/connect,null
web/api/bluetoothremotegattserver/connected,null
web/api/bluetoothremotegattserver/device,null
web/api/bluetoothremotegattserver/disconnect,null
web/api/bluetoothremotegattserver/getprimaryservice,null
web/api/bluetoothremotegattserver/getprimaryservices,null
web/api/bluetoothremotegattservice,null
web/api/bluetoothremotegattservice/device,null
web/api/bluetoothremotegattservice/getcharacteristic,null
web/api/bluetoothremotegattservice/getcharacteristics,null
web/api/bluetoothremotegattservice/isprimary,null
web/api/bluetoothremotegattservice/uuid,null
web/api/bluetoothuuid,null
web/api/bluetoothuuid/canonicaluuid_static,null
web/api/bluetoothuuid/getcharacteristic_static,null
web/api/bluetoothuuid/getdescriptor_static,null
web/api/bluetoothuuid/getservice_static,null
web/api/broadcast_channel_api,null
web/api/broadcastchannel,null
web/api/broadcastchannel/broadcastchannel,null
web/api/broadcastchannel/close,null
web/api/broadcastchannel/message_event,null
web/api/broadcastchannel/messageerror_event,null
web/api/broadcastchannel/name,null
web/api/broadcastchannel/postmessage,null
web/api/browsercapturemediastreamtrack,null
web/api/browsercapturemediastreamtrack/clone,null
web/api/browsercapturemediastreamtrack/cropto,null
web/api/browsercapturemediastreamtrack/restrictto,null
web/api/bufferedchangeevent,null
web/api/bufferedchangeevent/addedranges,null
web/api/bufferedchangeevent/bufferedchangeevent,null
web/api/bufferedchangeevent/removedranges,null
web/api/bytelengthqueuingstrategy,null
web/api/bytelengthqueuingstrategy/bytelengthqueuingstrategy,null
web/api/bytelengthqueuingstrategy/highwatermark,null
web/api/bytelengthqueuingstrategy/size,null
web/api/cache,null
web/api/cache/add,null
web/api/cache/addall,null
web/api/cache/delete,null
web/api/cache/keys,null
web/api/cache/match,null
web/api/cache/matchall,null
web/api/cache/put,null
web/api/cachestorage,null
web/api/cachestorage/delete,null
web/api/cachestorage/has,null
web/api/cachestorage/keys,null
web/api/cachestorage/match,null
web/api/cachestorage/open,null
web/api/canmakepaymentevent,null
web/api/canmakepaymentevent/canmakepaymentevent,null
web/api/canmakepaymentevent/respondwith,null
web/api/canvas_api,null
web/api/canvas_api/manipulating_video_using_canvas,null
web/api/canvas_api/tutorial,null
web/api/canvas_api/tutorial/advanced_animations,null
web/api/canvas_api/tutorial/applying_styles_and_colors,null
web/api/canvas_api/tutorial/basic_animations,null
web/api/canvas_api/tutorial/basic_usage,null
web/api/canvas_api/tutorial/compositing,null
web/api/canvas_api/tutorial/drawing_shapes,null
web/api/canvas_api/tutorial/drawing_text,null
web/api/canvas_api/tutorial/finale,null
web/api/canvas_api/tutorial/optimizing_canvas,null
web/api/canvas_api/tutorial/pixel_manipulation_with_canvas,null
web/api/canvas_api/tutorial/transformations,null
web/api/canvas_api/tutorial/using_images,null
web/api/canvascapturemediastreamtrack,null
web/api/canvascapturemediastreamtrack/canvas,null
web/api/canvascapturemediastreamtrack/requestframe,null
web/api/canvasgradient,null
web/api/canvasgradient/addcolorstop,null
web/api/canvaspattern,null
web/api/canvaspattern/settransform,null
web/api/canvasrenderingcontext2d,null
web/api/canvasrenderingcontext2d/arc,null
web/api/canvasrenderingcontext2d/arcto,null
web/api/canvasrenderingcontext2d/beginpath,null
web/api/canvasrenderingcontext2d/beziercurveto,null
web/api/canvasrenderingcontext2d/canvas,null
web/api/canvasrenderingcontext2d/clearrect,null
web/api/canvasrenderingcontext2d/clip,null
web/api/canvasrenderingcontext2d/closepath,null
web/api/canvasrenderingcontext2d/createconicgradient,null
web/api/canvasrenderingcontext2d/createimagedata,null
web/api/canvasrenderingcontext2d/createlineargradient,null
web/api/canvasrenderingcontext2d/createpattern,null
web/api/canvasrenderingcontext2d/createradialgradient,null
web/api/canvasrenderingcontext2d/direction,null
web/api/canvasrenderingcontext2d/drawfocusifneeded,null
web/api/canvasrenderingcontext2d/drawimage,null
web/api/canvasrenderingcontext2d/ellipse,null
web/api/canvasrenderingcontext2d/fill,null
web/api/canvasrenderingcontext2d/fillrect,null
web/api/canvasrenderingcontext2d/fillstyle,null
web/api/canvasrenderingcontext2d/filltext,null
web/api/canvasrenderingcontext2d/filter,null
web/api/canvasrenderingcontext2d/font,null
web/api/canvasrenderingcontext2d/fontkerning,null
web/api/canvasrenderingcontext2d/fontstretch,null
web/api/canvasrenderingcontext2d/fontvariantcaps,null
web/api/canvasrenderingcontext2d/getcontextattributes,null
web/api/canvasrenderingcontext2d/getimagedata,null
web/api/canvasrenderingcontext2d/getlinedash,null
web/api/canvasrenderingcontext2d/gettransform,null
web/api/canvasrenderingcontext2d/globalalpha,null
web/api/canvasrenderingcontext2d/globalcompositeoperation,null
web/api/canvasrenderingcontext2d/imagesmoothingenabled,null
web/api/canvasrenderingcontext2d/imagesmoothingquality,null
web/api/canvasrenderingcontext2d/iscontextlost,null
web/api/canvasrenderingcontext2d/ispointinpath,null
web/api/canvasrenderingcontext2d/ispointinstroke,null
web/api/canvasrenderingcontext2d/lang,null
web/api/canvasrenderingcontext2d/letterspacing,null
web/api/canvasrenderingcontext2d/linecap,null
web/api/canvasrenderingcontext2d/linedashoffset,null
web/api/canvasrenderingcontext2d/linejoin,null
web/api/canvasrenderingcontext2d/lineto,null
web/api/canvasrenderingcontext2d/linewidth,null
web/api/canvasrenderingcontext2d/measuretext,null
web/api/canvasrenderingcontext2d/miterlimit,null
web/api/canvasrenderingcontext2d/moveto,null
web/api/canvasrenderingcontext2d/putimagedata,null
web/api/canvasrenderingcontext2d/quadraticcurveto,null
web/api/canvasrenderingcontext2d/rect,null
web/api/canvasrenderingcontext2d/reset,null
web/api/canvasrenderingcontext2d/resettransform,null
web/api/canvasrenderingcontext2d/restore,null
web/api/canvasrenderingcontext2d/rotate,null
web/api/canvasrenderingcontext2d/roundrect,null
web/api/canvasrenderingcontext2d/save,null
web/api/canvasrenderingcontext2d/scale,null
web/api/canvasrenderingcontext2d/setlinedash,null
web/api/canvasrenderingcontext2d/settransform,null
web/api/canvasrenderingcontext2d/shadowblur,null
web/api/canvasrenderingcontext2d/shadowcolor,null
web/api/canvasrenderingcontext2d/shadowoffsetx,null
web/api/canvasrenderingcontext2d/shadowoffsety,null
web/api/canvasrenderingcontext2d/stroke,null
web/api/canvasrenderingcontext2d/strokerect,null
web/api/canvasrenderingcontext2d/strokestyle,null
web/api/canvasrenderingcontext2d/stroketext,null
web/api/canvasrenderingcontext2d/textalign,null
web/api/canvasrenderingcontext2d/textbaseline,null
web/api/canvasrenderingcontext2d/textrendering,null
web/api/canvasrenderingcontext2d/transform,null
web/api/canvasrenderingcontext2d/translate,null
web/api/canvasrenderingcontext2d/wordspacing,null
web/api/capturecontroller,null
web/api/capturecontroller/capturecontroller,null
web/api/capturecontroller/decreasezoomlevel,null
web/api/capturecontroller/forwardwheel,null
web/api/capturecontroller/getsupportedzoomlevels,null
web/api/capturecontroller/increasezoomlevel,null
web/api/capturecontroller/resetzoomlevel,null
web/api/capturecontroller/setfocusbehavior,null
web/api/capturecontroller/zoomlevel,null
web/api/capturecontroller/zoomlevelchange_event,null
web/api/caretposition,null
web/api/caretposition/getclientrect,null
web/api/caretposition/offset,null
web/api/caretposition/offsetnode,null
web/api/cdatasection,null
web/api/channel_messaging_api,null
web/api/channel_messaging_api/using_channel_messaging,null
web/api/channelmergernode,null
web/api/channelmergernode/channelmergernode,null
web/api/channelsplitternode,null
web/api/channelsplitternode/channelsplitternode,null
web/api/chapterinformation,null
web/api/chapterinformation/artwork,null
web/api/chapterinformation/starttime,null
web/api/chapterinformation/title,null
web/api/characterboundsupdateevent,null
web/api/characterboundsupdateevent/characterboundsupdateevent,null
web/api/characterboundsupdateevent/rangeend,null
web/api/characterboundsupdateevent/rangestart,null
web/api/characterdata,null
web/api/characterdata/after,null
web/api/characterdata/appenddata,null
web/api/characterdata/before,null
web/api/characterdata/data,null
web/api/characterdata/deletedata,null
web/api/characterdata/insertdata,null
web/api/characterdata/length,null
web/api/characterdata/nextelementsibling,null
web/api/characterdata/previouselementsibling,null
web/api/characterdata/remove,null
web/api/characterdata/replacedata,null
web/api/characterdata/replacewith,null
web/api/characterdata/substringdata,null
web/api/client,null
web/api/client/frametype,null
web/api/client/id,null
web/api/client/postmessage,null
web/api/client/type,null
web/api/client/url,null
web/api/clients,null
web/api/clients/claim,null
web/api/clients/get,null
web/api/clients/matchall,null
web/api/clients/openwindow,null
web/api/clipboard,null
web/api/clipboard/clipboardchange_event,null
web/api/clipboard/read,null
web/api/clipboard/readtext,null
web/api/clipboard/write,null
web/api/clipboard/writetext,null
web/api/clipboard_api,null
web/api/clipboardchangeevent,null
web/api/clipboardchangeevent/changeid,null
web/api/clipboardchangeevent/clipboardchangeevent,null
web/api/clipboardchangeevent/types,null
web/api/clipboardevent,null
web/api/clipboardevent/clipboarddata,null
web/api/clipboardevent/clipboardevent,null
web/api/clipboarditem,null
web/api/clipboarditem/clipboarditem,null
web/api/clipboarditem/gettype,null
web/api/clipboarditem/presentationstyle,null
web/api/clipboarditem/supports_static,null
web/api/clipboarditem/types,null
web/api/closeevent,null
web/api/closeevent/closeevent,null
web/api/closeevent/code,null
web/api/closeevent/reason,null
web/api/closeevent/wasclean,null
web/api/closewatcher,null
web/api/closewatcher/cancel_event,null
web/api/closewatcher/close,null
web/api/closewatcher/close_event,null
web/api/closewatcher/closewatcher,null
web/api/closewatcher/destroy,null
web/api/closewatcher/requestclose,null
web/api/coepviolationreport,null
web/api/commandevent,null
web/api/commandevent/command,null
web/api/commandevent/commandevent,null
web/api/commandevent/source,null
web/api/comment,null
web/api/comment/comment,null
web/api/compositionevent,null
web/api/compositionevent/compositionevent,null
web/api/compositionevent/data,null
web/api/compositionevent/initcompositionevent,null
web/api/compositionevent/locale,null
web/api/compression_streams_api,null
web/api/compressionstream,null
web/api/compressionstream/compressionstream,null
web/api/compressionstream/readable,null
web/api/compressionstream/writable,null
web/api/compute_pressure_api,null
web/api/console,null
web/api/console/assert_static,null
web/api/console/clear_static,null
web/api/console/count_static,null
web/api/console/countreset_static,null
web/api/console/debug_static,null
web/api/console/dir_static,8
web/api/console/dirxml_static,null
web/api/console/error_static,null
web/api/console/group_static,7
web/api/console/groupcollapsed_static,null
web/api/console/groupend_static,null
web/api/console/info_static,null
web/api/console/log_static,null
web/api/console/profile_static,null
web/api/console/profileend_static,null
web/api/console/table_static,null
web/api/console/time_static,null
web/api/console/timeend_static,null
web/api/console/timelog_static,null
web/api/console/timestamp_static,6
web/api/console/trace_static,null
web/api/console/warn_static,null
web/api/console_api,null
web/api/constantsourcenode,null
web/api/constantsourcenode/constantsourcenode,null
web/api/constantsourcenode/offset,null
web/api/contact_picker_api,null
web/api/contactaddress,null
web/api/contactaddress/addressline,null
web/api/contactaddress/city,null
web/api/contactaddress/country,null
web/api/contactaddress/dependentlocality,null
web/api/contactaddress/organization,null
web/api/contactaddress/phone,null
web/api/contactaddress/postalcode,null
web/api/contactaddress/recipient,null
web/api/contactaddress/region,null
web/api/contactaddress/sortingcode,null
web/api/contactaddress/tojson,null
web/api/contactsmanager,null
web/api/contactsmanager/getproperties,null
web/api/contactsmanager/select,null
web/api/content_index_api,null
web/api/contentindex,null
web/api/contentindex/add,null
web/api/contentindex/delete,null
web/api/contentindex/getall,null
web/api/contentindexevent,null
web/api/contentindexevent/contentindexevent,null
web/api/contentindexevent/id,null
web/api/contentvisibilityautostatechangeevent,null
web/api/contentvisibilityautostatechangeevent/contentvisibilityautostatechangeevent,null
web/api/contentvisibilityautostatechangeevent/skipped,null
web/api/convolvernode,null
web/api/convolvernode/buffer,null
web/api/convolvernode/convolvernode,null
web/api/convolvernode/normalize,null
web/api/cookie_store_api,null
web/api/cookiechangeevent,null
web/api/cookiechangeevent/changed,null
web/api/cookiechangeevent/cookiechangeevent,null
web/api/cookiechangeevent/deleted,null
web/api/cookiestore,null
web/api/cookiestore/change_event,null
web/api/cookiestore/delete,null
web/api/cookiestore/get,null
web/api/cookiestore/getall,null
web/api/cookiestore/set,null
web/api/cookiestoremanager,null
web/api/cookiestoremanager/getsubscriptions,null
web/api/cookiestoremanager/subscribe,null
web/api/cookiestoremanager/unsubscribe,null
web/api/countqueuingstrategy,null
web/api/countqueuingstrategy/countqueuingstrategy,null
web/api/countqueuingstrategy/highwatermark,null
web/api/countqueuingstrategy/size,null
web/api/crashreport,null
web/api/crashreportcontext,null
web/api/crashreportcontext/delete,null
web/api/crashreportcontext/initialize,null
web/api/crashreportcontext/set,null
web/api/createmonitor,null
web/api/createmonitor/downloadprogress_event,null
web/api/credential,null
web/api/credential/id,null
web/api/credential/isconditionalmediationavailable_static,null
web/api/credential/type,null
web/api/credential_management_api,null
web/api/credential_management_api/credential_types,null
web/api/credentialscontainer,null
web/api/credentialscontainer/create,null
web/api/credentialscontainer/get,null
web/api/credentialscontainer/preventsilentaccess,null
web/api/credentialscontainer/store,null
web/api/croptarget,null
web/api/croptarget/fromelement_static,null
web/api/crypto,null
web/api/crypto/getrandomvalues,null
web/api/crypto/randomuuid,null
web/api/crypto/subtle,null
web/api/cryptokey,null
web/api/cryptokey/algorithm,null
web/api/cryptokey/extractable,null
web/api/cryptokey/type,null
web/api/cryptokey/usages,null
web/api/cryptokeypair,null
web/api/cspviolationreport,null
web/api/cspviolationreport/blockedurl,null
web/api/cspviolationreport/columnnumber,null
web/api/cspviolationreport/disposition,null
web/api/cspviolationreport/documenturl,null
web/api/cspviolationreport/effectivedirective,null
web/api/cspviolationreport/linenumber,null
web/api/cspviolationreport/originalpolicy,null
web/api/cspviolationreport/referrer,null
web/api/cspviolationreport/sample,null
web/api/cspviolationreport/sourcefile,null
web/api/cspviolationreport/statuscode,null
web/api/css,null
web/api/css/escape_static,null
web/api/css/factory_functions_static,null
web/api/css/highlights_static,null
web/api/css/paintworklet_static,null
web/api/css/registerproperty_static,null
web/api/css/supports_static,null
web/api/css_custom_highlight_api,null
web/api/css_font_loading_api,null
web/api/css_object_model,null
web/api/css_object_model/css_declaration,null
web/api/css_object_model/css_declaration_block,null
web/api/css_object_model/css_value_serialization,null
web/api/css_object_model/determining_the_dimensions_of_elements,null
web/api/css_object_model/managing_screen_orientation,null
web/api/css_object_model/using_dynamic_styling_information,null
web/api/css_painting_api,null
web/api/css_painting_api/guide,null
web/api/css_properties_and_values_api,null
web/api/css_properties_and_values_api/guide,null
web/api/css_typed_om_api,null
web/api/css_typed_om_api/guide,null
web/api/cssanimation,null
web/api/cssanimation/animationname,null
web/api/cssconditionrule,null
web/api/cssconditionrule/conditiontext,null
web/api/csscontainerrule,null
web/api/csscontainerrule/conditions,null
web/api/csscontainerrule/containername,null
web/api/csscontainerrule/containerquery,null
web/api/csscounterstylerule,null
web/api/csscounterstylerule/additivesymbols,null
web/api/csscounterstylerule/fallback,null
web/api/csscounterstylerule/name,null
web/api/csscounterstylerule/negative,null
web/api/csscounterstylerule/pad,null
web/api/csscounterstylerule/prefix,null
web/api/csscounterstylerule/range,null
web/api/csscounterstylerule/speakas,null
web/api/csscounterstylerule/suffix,null
web/api/csscounterstylerule/symbols,null
web/api/csscounterstylerule/system,null
web/api/cssfontfacedescriptors,null
web/api/cssfontfacerule,null
web/api/cssfontfacerule/style,null
web/api/cssfontfeaturevaluesmap,null
web/api/cssfontfeaturevaluesmap/clear,null
web/api/cssfontfeaturevaluesmap/delete,null
web/api/cssfontfeaturevaluesmap/entries,null
web/api/cssfontfeaturevaluesmap/foreach,null
web/api/cssfontfeaturevaluesmap/get,null
web/api/cssfontfeaturevaluesmap/has,null
web/api/cssfontfeaturevaluesmap/keys,null
web/api/cssfontfeaturevaluesmap/set,null
web/api/cssfontfeaturevaluesmap/size,null
web/api/cssfontfeaturevaluesmap/symbol.iterator,null
web/api/cssfontfeaturevaluesmap/values,null
web/api/cssfontfeaturevaluesrule,null
web/api/cssfontfeaturevaluesrule/annotation,null
web/api/cssfontfeaturevaluesrule/charactervariant,null
web/api/cssfontfeaturevaluesrule/fontfamily,null
web/api/cssfontfeaturevaluesrule/ornaments,null
web/api/cssfontfeaturevaluesrule/styleset,null
web/api/cssfontfeaturevaluesrule/stylistic,null
web/api/cssfontfeaturevaluesrule/swash,null
web/api/cssfontpalettevaluesrule,null
web/api/cssfontpalettevaluesrule/basepalette,null
web/api/cssfontpalettevaluesrule/fontfamily,null
web/api/cssfontpalettevaluesrule/name,null
web/api/cssfontpalettevaluesrule/overridecolors,null
web/api/cssfunctiondeclarations,null
web/api/cssfunctiondeclarations/style,null
web/api/cssfunctiondescriptors,null
web/api/cssfunctiondescriptors/result,null
web/api/cssfunctionrule,null
web/api/cssfunctionrule/getparameters,null
web/api/cssfunctionrule/name,null
web/api/cssfunctionrule/returntype,null
web/api/cssgroupingrule,null
web/api/cssgroupingrule/cssrules,null
web/api/cssgroupingrule/deleterule,null
web/api/cssgroupingrule/insertrule,null
web/api/cssimagevalue,null
web/api/cssimportrule,null
web/api/cssimportrule/href,null
web/api/cssimportrule/layername,null
web/api/cssimportrule/media,null
web/api/cssimportrule/stylesheet,null
web/api/cssimportrule/supportstext,null
web/api/csskeyframerule,null
web/api/csskeyframerule/keytext,null
web/api/csskeyframerule/style,null
web/api/csskeyframesrule,null
web/api/csskeyframesrule/appendrule,null
web/api/csskeyframesrule/cssrules,null
web/api/csskeyframesrule/deleterule,null
web/api/csskeyframesrule/findrule,null
web/api/csskeyframesrule/length,null
web/api/csskeyframesrule/name,null
web/api/csskeywordvalue,null
web/api/csskeywordvalue/csskeywordvalue,null
web/api/csskeywordvalue/value,null
web/api/csslayerblockrule,null
web/api/csslayerblockrule/name,null
web/api/csslayerstatementrule,null
web/api/csslayerstatementrule/namelist,null
web/api/cssmathclamp,null
web/api/cssmathclamp/cssmathclamp,null
web/api/cssmathclamp/lower,null
web/api/cssmathclamp/upper,null
web/api/cssmathclamp/value,null
web/api/cssmathinvert,null
web/api/cssmathinvert/cssmathinvert,null
web/api/cssmathinvert/value,null
web/api/cssmathmax,null
web/api/cssmathmax/cssmathmax,null
web/api/cssmathmax/values,null
web/api/cssmathmin,null
web/api/cssmathmin/cssmathmin,null
web/api/cssmathmin/values,null
web/api/cssmathnegate,null
web/api/cssmathnegate/cssmathnegate,null
web/api/cssmathnegate/value,null
web/api/cssmathproduct,null
web/api/cssmathproduct/cssmathproduct,null
web/api/cssmathproduct/values,null
web/api/cssmathsum,null
web/api/cssmathsum/cssmathsum,null
web/api/cssmathsum/values,null
web/api/cssmathvalue,null
web/api/cssmathvalue/operator,null
web/api/cssmatrixcomponent,null
web/api/cssmatrixcomponent/cssmatrixcomponent,null
web/api/cssmatrixcomponent/matrix,null
web/api/cssmediarule,null
web/api/cssmediarule/media,null
web/api/cssnamespacerule,null
web/api/cssnamespacerule/namespaceuri,null
web/api/cssnamespacerule/prefix,null
web/api/cssnesteddeclarations,null
web/api/cssnesteddeclarations/style,null
web/api/cssnumericarray,null
web/api/cssnumericarray/length,null
web/api/cssnumericvalue,null
web/api/cssnumericvalue/add,null
web/api/cssnumericvalue/div,null
web/api/cssnumericvalue/equals,null
web/api/cssnumericvalue/max,null
web/api/cssnumericvalue/min,null
web/api/cssnumericvalue/mul,null
web/api/cssnumericvalue/parse_static,null
web/api/cssnumericvalue/sub,null
web/api/cssnumericvalue/to,null
web/api/cssnumericvalue/tosum,null
web/api/cssnumericvalue/type,null
web/api/cssom_view_api,null
web/api/cssom_view_api/coordinate_systems,null
web/api/csspagedescriptors,null
web/api/csspagerule,null
web/api/csspagerule/selectortext,null
web/api/csspagerule/style,null
web/api/cssperspective,null
web/api/cssperspective/cssperspective,null
web/api/cssperspective/length,null
web/api/csspositiontrydescriptors,null
web/api/csspositiontryrule,null
web/api/csspositiontryrule/name,null
web/api/csspositiontryrule/style,null
web/api/csspositionvalue,null
web/api/csspositionvalue/csspositionvalue,null
web/api/csspositionvalue/x,null
web/api/csspositionvalue/y,null
web/api/cssprimitivevalue,null
web/api/cssprimitivevalue/getcountervalue,null
web/api/cssprimitivevalue/getfloatvalue,null
web/api/cssprimitivevalue/getrectvalue,null
web/api/cssprimitivevalue/getrgbcolorvalue,null
web/api/cssprimitivevalue/getstringvalue,null
web/api/cssprimitivevalue/primitivetype,null
web/api/cssprimitivevalue/setfloatvalue,null
web/api/cssprimitivevalue/setstringvalue,null
web/api/csspropertyrule,null
web/api/csspropertyrule/inherits,null
web/api/csspropertyrule/initialvalue,null
web/api/csspropertyrule/name,null
web/api/csspropertyrule/syntax,null
web/api/csspseudoelement,null
web/api/csspseudoelement/element,null
web/api/csspseudoelement/parent,null
web/api/csspseudoelement/pseudo,null
web/api/csspseudoelement/type,null
web/api/cssrotate,null
web/api/cssrotate/angle,null
web/api/cssrotate/cssrotate,null
web/api/cssrotate/x,null
web/api/cssrotate/y,null
web/api/cssrotate/z,null
web/api/cssrule,6
web/api/cssrule/csstext,null
web/api/cssrule/parentrule,null
web/api/cssrule/parentstylesheet,null
web/api/cssrule/type,null
web/api/cssrulelist,null
web/api/cssrulelist/item,null
web/api/cssrulelist/length,null
web/api/cssscale,null
web/api/cssscale/cssscale,null
web/api/cssscale/x,null
web/api/cssscale/y,null
web/api/cssscale/z,null
web/api/cssscoperule,null
web/api/cssscoperule/end,null
web/api/cssscoperule/start,null
web/api/cssskew,null
web/api/cssskew/ax,null
web/api/cssskew/ay,null
web/api/cssskew/cssskew,null
web/api/cssskewx,null
web/api/cssskewx/ax,null
web/api/cssskewx/cssskewx,null
web/api/cssskewy,null
web/api/cssskewy/ay,null
web/api/cssskewy/cssskewy,null
web/api/cssstartingstylerule,null
web/api/cssstyledeclaration,null
web/api/cssstyledeclaration/cssfloat,null
web/api/cssstyledeclaration/csstext,null
web/api/cssstyledeclaration/getpropertycssvalue,null
web/api/cssstyledeclaration/getpropertypriority,null
web/api/cssstyledeclaration/getpropertyvalue,null
web/api/cssstyledeclaration/item,null
web/api/cssstyledeclaration/length,null
web/api/cssstyledeclaration/parentrule,null
web/api/cssstyledeclaration/removeproperty,null
web/api/cssstyledeclaration/setproperty,null
web/api/cssstyleproperties,null
web/api/cssstyleproperties/cssfloat,null
web/api/cssstylerule,null
web/api/cssstylerule/selectortext,null
web/api/cssstylerule/style,null
web/api/cssstylerule/stylemap,null
web/api/cssstylesheet,null
web/api/cssstylesheet/addrule,null
web/api/cssstylesheet/cssrules,null
web/api/cssstylesheet/cssstylesheet,null
web/api/cssstylesheet/deleterule,null
web/api/cssstylesheet/insertrule,null
web/api/cssstylesheet/ownerrule,null
web/api/cssstylesheet/removerule,null
web/api/cssstylesheet/replace,null
web/api/cssstylesheet/replacesync,null
web/api/cssstylesheet/rules,null
web/api/cssstylevalue,null
web/api/cssstylevalue/parse_static,null
web/api/cssstylevalue/parseall_static,null
web/api/csssupportsrule,null
web/api/csstransformcomponent,null
web/api/csstransformcomponent/is2d,null
web/api/csstransformcomponent/tomatrix,null
web/api/csstransformcomponent/tostring,null
web/api/csstransformvalue,null
web/api/csstransformvalue/csstransformvalue,null
web/api/csstransformvalue/entries,null
web/api/csstransformvalue/foreach,null
web/api/csstransformvalue/is2d,null
web/api/csstransformvalue/keys,null
web/api/csstransformvalue/length,null
web/api/csstransformvalue/tomatrix,null
web/api/csstransformvalue/values,null
web/api/csstransition,null
web/api/csstransition/transitionproperty,null
web/api/csstranslate,null
web/api/csstranslate/csstranslate,null
web/api/csstranslate/x,null
web/api/csstranslate/y,null
web/api/csstranslate/z,null
web/api/cssunitvalue,null
web/api/cssunitvalue/cssunitvalue,null
web/api/cssunitvalue/unit,null
web/api/cssunitvalue/value,null
web/api/cssunparsedvalue,null
web/api/cssunparsedvalue/cssunparsedvalue,null
web/api/cssunparsedvalue/entries,null
web/api/cssunparsedvalue/foreach,null
web/api/cssunparsedvalue/keys,null
web/api/cssunparsedvalue/length,null
web/api/cssunparsedvalue/values,null
web/api/cssvalue,null
web/api/cssvalue/csstext,null
web/api/cssvalue/cssvaluetype,null
web/api/cssvaluelist,null
web/api/cssvaluelist/item,null
web/api/cssvaluelist/length,null
web/api/cssvariablereferencevalue,null
web/api/cssvariablereferencevalue/cssvariablereferencevalue,null
web/api/cssvariablereferencevalue/fallback,null
web/api/cssvariablereferencevalue/variable,null
web/api/cssviewtransitionrule,null
web/api/cssviewtransitionrule/navigation,null
web/api/cssviewtransitionrule/types,null
web/api/customelementregistry,null
web/api/customelementregistry/customelementregistry,null
web/api/customelementregistry/define,null
web/api/customelementregistry/get,null
web/api/customelementregistry/getname,null
web/api/customelementregistry/initialize,null
web/api/customelementregistry/upgrade,null
web/api/customelementregistry/whendefined,null
web/api/customevent,null
web/api/customevent/customevent,null
web/api/customevent/detail,null
web/api/customevent/initcustomevent,null
web/api/customstateset,null
web/api/customstateset/add,null
web/api/customstateset/clear,null
web/api/customstateset/delete,null
web/api/customstateset/entries,null
web/api/customstateset/foreach,null
web/api/customstateset/has,null
web/api/customstateset/keys,null
web/api/customstateset/size,null
web/api/customstateset/values,null
web/api/datacue,null
web/api/datacue/datacue,null
web/api/datacue/type,null
web/api/datacue/value,null
web/api/datatransfer,null
web/api/datatransfer/addelement,null
web/api/datatransfer/cleardata,null
web/api/datatransfer/datatransfer,null
web/api/datatransfer/dropeffect,null
web/api/datatransfer/effectallowed,null
web/api/datatransfer/files,null
web/api/datatransfer/getdata,null
web/api/datatransfer/items,null
web/api/datatransfer/setdata,null
web/api/datatransfer/setdragimage,null
web/api/datatransfer/types,null
web/api/datatransferitem,null
web/api/datatransferitem/getasfile,null
web/api/datatransferitem/getasfilesystemhandle,null
web/api/datatransferitem/getasstring,null
web/api/datatransferitem/kind,null
web/api/datatransferitem/type,null
web/api/datatransferitem/webkitgetasentry,null
web/api/datatransferitemlist,null
web/api/datatransferitemlist/add,null
web/api/datatransferitemlist/clear,null
web/api/datatransferitemlist/length,null
web/api/datatransferitemlist/remove,null
web/api/decompressionstream,null
web/api/decompressionstream/decompressionstream,null
web/api/decompressionstream/readable,null
web/api/decompressionstream/writable,null
web/api/dedicatedworkerglobalscope,null
web/api/dedicatedworkerglobalscope/cancelanimationframe,null
web/api/dedicatedworkerglobalscope/close,null
web/api/dedicatedworkerglobalscope/message_event,null
web/api/dedicatedworkerglobalscope/messageerror_event,null
web/api/dedicatedworkerglobalscope/name,null
web/api/dedicatedworkerglobalscope/postmessage,null
web/api/dedicatedworkerglobalscope/requestanimationframe,null
web/api/dedicatedworkerglobalscope/rtctransform_event,null
web/api/deferredrequestinit,null
web/api/delaynode,null
web/api/delaynode/delaynode,null
web/api/delaynode/delaytime,null
web/api/delegatedinktrailpresenter,null
web/api/delegatedinktrailpresenter/expectedimprovement,null
web/api/delegatedinktrailpresenter/presentationarea,null
web/api/delegatedinktrailpresenter/updateinktrailstartpoint,null
web/api/deprecationreport,null
web/api/device_memory_api,null
web/api/device_orientation_events,null
web/api/device_orientation_events/detecting_device_orientation,null
web/api/device_orientation_events/orientation_and_motion_data_explained,null
web/api/device_orientation_events/using_device_orientation_with_3d_transforms,null
web/api/device_posture_api,null
web/api/devicemotionevent,null
web/api/devicemotionevent/acceleration,null
web/api/devicemotionevent/accelerationincludinggravity,null
web/api/devicemotionevent/devicemotionevent,null
web/api/devicemotionevent/interval,null
web/api/devicemotionevent/requestpermission_static,null
web/api/devicemotionevent/rotationrate,null
web/api/devicemotioneventacceleration,null
web/api/devicemotioneventacceleration/x,null
web/api/devicemotioneventacceleration/y,null
web/api/devicemotioneventacceleration/z,null
web/api/devicemotioneventrotationrate,null
web/api/devicemotioneventrotationrate/alpha,null
web/api/devicemotioneventrotationrate/beta,null
web/api/devicemotioneventrotationrate/gamma,null
web/api/deviceorientationevent,null
web/api/deviceorientationevent/absolute,null
web/api/deviceorientationevent/alpha,null
web/api/deviceorientationevent/beta,null
web/api/deviceorientationevent/deviceorientationevent,null
web/api/deviceorientationevent/gamma,null
web/api/deviceorientationevent/requestpermission_static,null
web/api/deviceposture,null
web/api/deviceposture/change_event,null
web/api/deviceposture/type,null
web/api/directoryentrysync,null
web/api/directoryreadersync,null
web/api/document,null
web/api/document/activeelement,null
web/api/document/activeviewtransition,null
web/api/document/adoptedstylesheets,null
web/api/document/adoptnode,null
web/api/document/afterscriptexecute_event,null
web/api/document/alinkcolor,null
web/api/document/all,null
web/api/document/anchors,null
web/api/document/append,null
web/api/document/applets,1
web/api/document/arianotify,null
web/api/document/beforescriptexecute_event,null
web/api/document/bgcolor,null
web/api/document/body,null
web/api/document/browsingtopics,null
web/api/document/caretpositionfrompoint,null
web/api/document/caretrangefrompoint,null
web/api/document/characterset,null
web/api/document/childelementcount,null
web/api/document/children,null
web/api/document/clear,null
web/api/document/close,null
web/api/document/compatmode,null
web/api/document/contenttype,null
web/api/document/cookie,null
web/api/document/createattribute,4
web/api/document/createattributens,null
web/api/document/createcdatasection,null
web/api/document/createcomment,null
web/api/document/createdocumentfragment,null
web/api/document/createelement,null
web/api/document/createelementns,null
web/api/document/createevent,null
web/api/document/createexpression,null
web/api/document/createnodeiterator,null
web/api/document/creatensresolver,null
web/api/document/createprocessinginstruction,null
web/api/document/createrange,1
web/api/document/createtextnode,null
web/api/document/createtouch,null
web/api/document/createtouchlist,null
web/api/document/createtreewalker,null
web/api/document/currentscript,0
web/api/document/customelementregistry,null
web/api/document/defaultview,1
web/api/document/designmode,2
web/api/document/dir,1
web/api/document/doctype,null
web/api/document/document,null
web/api/document/documentelement,null
web/api/document/documenturi,null
web/api/document/domain,null
web/api/document/domcontentloaded_event,null
web/api/document/elementfrompoint,null
web/api/document/elementsfrompoint,0
web/api/document/embeds,1
web/api/document/enablestylesheetsforset,null
web/api/document/evaluate,null
web/api/document/execcommand,null
web/api/document/exitfullscreen,null
web/api/document/exitpictureinpicture,null
web/api/document/exitpointerlock,null
web/api/document/featurepolicy,null
web/api/document/fgcolor,null
web/api/document/firstelementchild,null
web/api/document/fonts,null
web/api/document/forms,null
web/api/document/fragmentdirective,null
web/api/document/fullscreen,null
web/api/document/fullscreenchange_event,null
web/api/document/fullscreenelement,null
web/api/document/fullscreenenabled,null
web/api/document/fullscreenerror_event,null
web/api/document/getanimations,null
web/api/document/getelementbyid,null
web/api/document/getelementsbyclassname,null
web/api/document/getelementsbyname,null
web/api/document/getelementsbytagname,null
web/api/document/getelementsbytagnamens,null
web/api/document/getselection,null
web/api/document/hasfocus,null
web/api/document/hasprivatetoken,null
web/api/document/hasredemptionrecord,null
web/api/document/hasstorageaccess,null
web/api/document/hasunpartitionedcookieaccess,null
web/api/document/head,null
web/api/document/hidden,0
web/api/document/images,0
web/api/document/implementation,null
web/api/document/importnode,null
web/api/document/lastelementchild,null
web/api/document/lastmodified,null
web/api/document/laststylesheetset,null
web/api/document/linkcolor,null
web/api/document/links,null
web/api/document/location,1
web/api/document/movebefore,null
web/api/document/mozsetimageelement,null
web/api/document/open,null
web/api/document/parsehtml_static,null
web/api/document/parsehtmlunsafe_static,null
web/api/document/pictureinpictureelement,null
web/api/document/pictureinpictureenabled,null
web/api/document/plugins,null
web/api/document/pointerlockchange_event,null
web/api/document/pointerlockelement,null
web/api/document/pointerlockerror_event,null
web/api/document/preferredstylesheetset,null
web/api/document/prepend,null
web/api/document/prerendering,null
web/api/document/prerenderingchange_event,null
web/api/document/querycommandenabled,null
web/api/document/querycommandstate,null
web/api/document/querycommandsupported,null
web/api/document/queryselector,null
web/api/document/queryselectorall,null
web/api/document/readystate,null
web/api/document/readystatechange_event,null
web/api/document/referrer,null
web/api/document/releasecapture,null
web/api/document/replacechildren,null
web/api/document/requeststorageaccess,null
web/api/document/requeststorageaccessfor,null
web/api/document/rootelement,null
web/api/document/scripts,null
web/api/document/scroll_event,null
web/api/document/scrollend_event,null
web/api/document/scrollingelement,null
web/api/document/scrollsnapchange_event,null
web/api/document/scrollsnapchanging_event,null
web/api/document/securitypolicyviolation_event,null
web/api/document/selectedstylesheetset,null
web/api/document/selectionchange_event,null
web/api/document/startviewtransition,null
web/api/document/stylesheets,null
web/api/document/stylesheetsets,null
web/api/document/timeline,null
web/api/document/title,null
web/api/document/url,null
web/api/document/visibilitychange_event,null
web/api/document/visibilitystate,null
web/api/document/vlinkcolor,null
web/api/document/write,null
web/api/document/writeln,null
web/api/document/xmlencoding,null
web/api/document/xmlversion,null
web/api/document_object_model,null
web/api/document_object_model/anatomy_of_the_dom,null
web/api/document_object_model/building_and_updating_the_dom_tree,null
web/api/document_object_model/events,null
web/api/document_object_model/reflected_attributes,null
web/api/document_object_model/selection_and_traversal_on_the_dom_tree,null
web/api/document_picture-in-picture_api,null
web/api/document_picture-in-picture_api/using,null
web/api/documentfragment,null
web/api/documentfragment/append,null
web/api/documentfragment/childelementcount,null
web/api/documentfragment/children,null
web/api/documentfragment/documentfragment,null
web/api/documentfragment/firstelementchild,null
web/api/documentfragment/getelementbyid,null
web/api/documentfragment/lastelementchild,null
web/api/documentfragment/movebefore,null
web/api/documentfragment/prepend,null
web/api/documentfragment/queryselector,null
web/api/documentfragment/queryselectorall,null
web/api/documentfragment/replacechildren,null
web/api/documentpictureinpicture,null
web/api/documentpictureinpicture/enter_event,null
web/api/documentpictureinpicture/requestwindow,null
web/api/documentpictureinpicture/window,null
web/api/documentpictureinpictureevent,null
web/api/documentpictureinpictureevent/documentpictureinpictureevent,null
web/api/documentpictureinpictureevent/window,null
web/api/documenttimeline,null
web/api/documenttimeline/documenttimeline,null
web/api/documenttype,null
web/api/documenttype/after,null
web/api/documenttype/before,null
web/api/documenttype/name,null
web/api/documenttype/publicid,null
web/api/documenttype/remove,null
web/api/documenttype/replacewith,null
web/api/documenttype/systemid,null
web/api/domerror,null
web/api/domexception,null
web/api/domexception/code,null
web/api/domexception/domexception,null
web/api/domexception/message,null
web/api/domexception/name,null
web/api/domhighrestimestamp,null
web/api/domimplementation,null
web/api/domimplementation/createdocument,null
web/api/domimplementation/createdocumenttype,null
web/api/domimplementation/createhtmldocument,null
web/api/domimplementation/hasfeature,null
web/api/dommatrix,null
web/api/dommatrix/dommatrix,null
web/api/dommatrix/fromfloat32array_static,null
web/api/dommatrix/fromfloat64array_static,null
web/api/dommatrix/frommatrix_static,null
web/api/dommatrix/invertself,null
web/api/dommatrix/multiplyself,null
web/api/dommatrix/premultiplyself,null
web/api/dommatrix/rotateaxisangleself,null
web/api/dommatrix/rotatefromvectorself,null
web/api/dommatrix/rotateself,null
web/api/dommatrix/scale3dself,null
web/api/dommatrix/scaleself,null
web/api/dommatrix/setmatrixvalue,null
web/api/dommatrix/skewxself,null
web/api/dommatrix/skewyself,null
web/api/dommatrix/translateself,null
web/api/dommatrixreadonly,null
web/api/dommatrixreadonly/dommatrixreadonly,null
web/api/dommatrixreadonly/flipx,null
web/api/dommatrixreadonly/flipy,null
web/api/dommatrixreadonly/fromfloat32array_static,null
web/api/dommatrixreadonly/fromfloat64array_static,null
web/api/dommatrixreadonly/frommatrix_static,null
web/api/dommatrixreadonly/inverse,null
web/api/dommatrixreadonly/is2d,null
web/api/dommatrixreadonly/isidentity,null
web/api/dommatrixreadonly/multiply,null
web/api/dommatrixreadonly/rotate,null
web/api/dommatrixreadonly/rotateaxisangle,null
web/api/dommatrixreadonly/rotatefromvector,null
web/api/dommatrixreadonly/scale,null
web/api/dommatrixreadonly/scale3d,null
web/api/dommatrixreadonly/skewx,null
web/api/dommatrixreadonly/skewy,null
web/api/dommatrixreadonly/tofloat32array,null
web/api/dommatrixreadonly/tofloat64array,null
web/api/dommatrixreadonly/tojson,null
web/api/dommatrixreadonly/tostring,null
web/api/dommatrixreadonly/transformpoint,null
web/api/dommatrixreadonly/translate,null
web/api/domparser,null
web/api/domparser/domparser,null
web/api/domparser/parsefromstring,null
web/api/dompoint,null
web/api/dompoint/dompoint,null
web/api/dompoint/frompoint_static,null
web/api/dompoint/w,null
web/api/dompoint/x,null
web/api/dompoint/y,null
web/api/dompoint/z,null
web/api/dompointreadonly,null
web/api/dompointreadonly/dompointreadonly,null
web/api/dompointreadonly/frompoint_static,null
web/api/dompointreadonly/matrixtransform,null
web/api/dompointreadonly/tojson,null
web/api/dompointreadonly/w,null
web/api/dompointreadonly/x,null
web/api/dompointreadonly/y,null
web/api/dompointreadonly/z,null
web/api/domquad,null
web/api/domquad/domquad,null
web/api/domquad/fromquad_static,null
web/api/domquad/fromrect_static,null
web/api/domquad/getbounds,null
web/api/domquad/p1,null
web/api/domquad/p2,null
web/api/domquad/p3,null
web/api/domquad/p4,null
web/api/domquad/tojson,null
web/api/domrect,null
web/api/domrect/domrect,null
web/api/domrect/fromrect_static,null
web/api/domrect/height,null
web/api/domrect/width,null
web/api/domrect/x,null
web/api/domrect/y,null
web/api/domrectlist,null
web/api/domrectlist/item,null
web/api/domrectlist/length,null
web/api/domrectreadonly,null
web/api/domrectreadonly/bottom,null
web/api/domrectreadonly/domrectreadonly,null
web/api/domrectreadonly/fromrect_static,null
web/api/domrectreadonly/height,null
web/api/domrectreadonly/left,null
web/api/domrectreadonly/right,null
web/api/domrectreadonly/tojson,null
web/api/domrectreadonly/top,null
web/api/domrectreadonly/width,null
web/api/domrectreadonly/x,null
web/api/domrectreadonly/y,null
web/api/domstringlist,null
web/api/domstringlist/contains,null
web/api/domstringlist/item,null
web/api/domstringlist/length,null
web/api/domstringmap,null
web/api/domtokenlist,null
web/api/domtokenlist/add,null
web/api/domtokenlist/contains,null
web/api/domtokenlist/entries,null
web/api/domtokenlist/foreach,null
web/api/domtokenlist/item,null
web/api/domtokenlist/keys,null
web/api/domtokenlist/length,null
web/api/domtokenlist/remove,null
web/api/domtokenlist/replace,null
web/api/domtokenlist/supports,null
web/api/domtokenlist/toggle,null
web/api/domtokenlist/tostring,null
web/api/domtokenlist/value,null
web/api/domtokenlist/values,null
web/api/dragevent,null
web/api/dragevent/datatransfer,null
web/api/dragevent/dragevent,null
web/api/dynamicscompressornode,null
web/api/dynamicscompressornode/attack,null
web/api/dynamicscompressornode/dynamicscompressornode,null
web/api/dynamicscompressornode/knee,null
web/api/dynamicscompressornode/ratio,null
web/api/dynamicscompressornode/reduction,null
web/api/dynamicscompressornode/release,null
web/api/dynamicscompressornode/threshold,null
web/api/ecdhkeyderiveparams,null
web/api/ecdsaparams,null
web/api/eckeygenparams,null
web/api/eckeyimportparams,null
web/api/editcontext,null
web/api/editcontext/attachedelements,null
web/api/editcontext/characterbounds,null
web/api/editcontext/characterboundsrangestart,null
web/api/editcontext/characterboundsupdate_event,null
web/api/editcontext/compositionend_event,null
web/api/editcontext/compositionstart_event,null
web/api/editcontext/editcontext,null
web/api/editcontext/selectionend,null
web/api/editcontext/selectionstart,null
web/api/editcontext/text,null
web/api/editcontext/textformatupdate_event,null
web/api/editcontext/textupdate_event,null
web/api/editcontext/updatecharacterbounds,null
web/api/editcontext/updatecontrolbounds,null
web/api/editcontext/updateselection,null
web/api/editcontext/updateselectionbounds,null
web/api/editcontext/updatetext,null
web/api/editcontext_api,null
web/api/editcontext_api/guide,null
web/api/element,null
web/api/element/activeviewtransition,null
web/api/element/after,null
web/api/element/afterscriptexecute_event,null
web/api/element/animate,10
web/api/element/animationcancel_event,null
web/api/element/animationend_event,null
web/api/element/animationiteration_event,null
web/api/element/animationstart_event,null
web/api/element/append,null
web/api/element/ariaactivedescendantelement,null
web/api/element/ariaatomic,null
web/api/element/ariaautocomplete,null
web/api/element/ariabraillelabel,null
web/api/element/ariabrailleroledescription,null
web/api/element/ariabusy,null
web/api/element/ariachecked,null
web/api/element/ariacolcount,null
web/api/element/ariacolindex,null
web/api/element/ariacolindextext,null
web/api/element/ariacolspan,null
web/api/element/ariacontrolselements,null
web/api/element/ariacurrent,null
web/api/element/ariadescribedbyelements,null
web/api/element/ariadescription,null
web/api/element/ariadetailselements,null
web/api/element/ariadisabled,null
web/api/element/ariaerrormessageelements,null
web/api/element/ariaexpanded,null
web/api/element/ariaflowtoelements,null
web/api/element/ariahaspopup,null
web/api/element/ariahidden,null
web/api/element/ariainvalid,null
web/api/element/ariakeyshortcuts,null
web/api/element/arialabel,null
web/api/element/arialabelledbyelements,null
web/api/element/arialevel,null
web/api/element/arialive,null
web/api/element/ariamodal,null
web/api/element/ariamultiline,null
web/api/element/ariamultiselectable,null
web/api/element/arianotify,null
web/api/element/ariaorientation,null
web/api/element/ariaownselements,null
web/api/element/ariaplaceholder,null
web/api/element/ariaposinset,null
web/api/element/ariapressed,null
web/api/element/ariareadonly,null
web/api/element/ariarelevant,null
web/api/element/ariarequired,null
web/api/element/ariaroledescription,null
web/api/element/ariarowcount,null
web/api/element/ariarowindex,null
web/api/element/ariarowindextext,null
web/api/element/ariarowspan,null
web/api/element/ariaselected,null
web/api/element/ariasetsize,null
web/api/element/ariasort,null
web/api/element/ariavaluemax,null
web/api/element/ariavaluemin,null
web/api/element/ariavaluenow,null
web/api/element/ariavaluetext,null
web/api/element/assignedslot,null
web/api/element/attachshadow,null
web/api/element/attributes,null
web/api/element/auxclick_event,null
web/api/element/before,null
web/api/element/beforeinput_event,null
web/api/element/beforematch_event,null
web/api/element/beforescriptexecute_event,null
web/api/element/beforexrselect_event,null
web/api/element/blur_event,null
web/api/element/checkvisibility,null
web/api/element/childelementcount,null
web/api/element/children,null
web/api/element/classlist,3
web/api/element/classname,null
web/api/element/click_event,null
web/api/element/clientheight,null
web/api/element/clientleft,null
web/api/element/clienttop,null
web/api/element/clientwidth,null
web/api/element/closest,null
web/api/element/compositionend_event,null
web/api/element/compositionstart_event,null
web/api/element/compositionupdate_event,null
web/api/element/computedstylemap,null
web/api/element/contentvisibilityautostatechange_event,null
web/api/element/contextmenu_event,null
web/api/element/copy_event,null
web/api/element/currentcsszoom,null
web/api/element/customelementregistry,null
web/api/element/cut_event,null
web/api/element/dblclick_event,null
web/api/element/domactivate_event,null
web/api/element/dommousescroll_event,null
web/api/element/elementtiming,null
web/api/element/firstelementchild,null
web/api/element/focus_event,null
web/api/element/focusin_event,null
web/api/element/focusout_event,null
web/api/element/fullscreenchange_event,null
web/api/element/fullscreenerror_event,null
web/api/element/gesturechange_event,null
web/api/element/gestureend_event,null
web/api/element/gesturestart_event,null
web/api/element/getanimations,null
web/api/element/getattribute,7
web/api/element/getattributenames,null
web/api/element/getattributenode,null
web/api/element/getattributenodens,null
web/api/element/getattributens,null
web/api/element/getboundingclientrect,null
web/api/element/getclientrects,null
web/api/element/getelementsbyclassname,null
web/api/element/getelementsbytagname,null
web/api/element/getelementsbytagnamens,null
web/api/element/gethtml,null
web/api/element/gotpointercapture_event,null
web/api/element/hasattribute,0
web/api/element/hasattributens,null
web/api/element/hasattributes,0
web/api/element/haspointercapture,null
web/api/element/id,3
web/api/element/innerhtml,null
web/api/element/input_event,null
web/api/element/insertadjacentelement,null
web/api/element/insertadjacenthtml,null
web/api/element/insertadjacenttext,null
web/api/element/keydown_event,null
web/api/element/keypress_event,null
web/api/element/keyup_event,null
web/api/element/lastelementchild,null
web/api/element/localname,null
web/api/element/lostpointercapture_event,null
web/api/element/matches,null
web/api/element/mousedown_event,null
web/api/element/mouseenter_event,null
web/api/element/mouseleave_event,null
web/api/element/mousemove_event,null
web/api/element/mouseout_event,null
web/api/element/mouseover_event,null
web/api/element/mouseup_event,9
web/api/element/mousewheel_event,null
web/api/element/movebefore,null
web/api/element/mozmousepixelscroll_event,null
web/api/element/namespaceuri,null
web/api/element/nextelementsibling,null
web/api/element/outerhtml,null
web/api/element/part,null
web/api/element/paste_event,null
web/api/element/pointercancel_event,null
web/api/element/pointerdown_event,null
web/api/element/pointerenter_event,null
web/api/element/pointerleave_event,null
web/api/element/pointermove_event,null
web/api/element/pointerout_event,null
web/api/element/pointerover_event,null
web/api/element/pointerrawupdate_event,null
web/api/element/pointerup_event,null
web/api/element/prefix,null
web/api/element/prepend,null
web/api/element/previouselementsibling,null
web/api/element/pseudo,null
web/api/element/queryselector,null
web/api/element/queryselectorall,null
web/api/element/releasepointercapture,null
web/api/element/remove,null
web/api/element/removeattribute,null
web/api/element/removeattributenode,null
web/api/element/removeattributens,null
web/api/element/replacechildren,null
web/api/element/replacewith,null
web/api/element/requestfullscreen,null
web/api/element/requestpointerlock,null
web/api/element/role,null
web/api/element/scroll,null
web/api/element/scroll_event,null
web/api/element/scrollby,null
web/api/element/scrollend_event,null
web/api/element/scrollheight,null
web/api/element/scrollintoview,null
web/api/element/scrollintoviewifneeded,null
web/api/element/scrollleft,null
web/api/element/scrollleftmax,null
web/api/element/scrollsnapchange_event,null
web/api/element/scrollsnapchanging_event,null
web/api/element/scrollto,null
web/api/element/scrolltop,4
web/api/element/scrolltopmax,null
web/api/element/scrollwidth,null
web/api/element/securitypolicyviolation_event,null
web/api/element/setattribute,null
web/api/element/setattributenode,null
web/api/element/setattributenodens,null
web/api/element/setattributens,null
web/api/element/setcapture,null
web/api/element/sethtml,null
web/api/element/sethtmlunsafe,null
web/api/element/setpointercapture,null
web/api/element/shadowroot,null
web/api/element/slot,null
web/api/element/startviewtransition,null
web/api/element/tagname,null
web/api/element/toggleattribute,null
web/api/element/touchcancel_event,null
web/api/element/touchend_event,null
web/api/element/touchmove_event,null
web/api/element/touchstart_event,null
web/api/element/transitioncancel_event,null
web/api/element/transitionend_event,null
web/api/element/transitionrun_event,null
web/api/element/transitionstart_event,null
web/api/element/webkitmouseforcechanged_event,null
web/api/element/webkitmouseforcedown_event,null
web/api/element/webkitmouseforceup_event,null
web/api/element/webkitmouseforcewillbegin_event,null
web/api/element/wheel_event,null
web/api/elementinternals,null
web/api/elementinternals/ariaactivedescendantelement,null
web/api/elementinternals/ariaatomic,null
web/api/elementinternals/ariaautocomplete,null
web/api/elementinternals/ariabraillelabel,null
web/api/elementinternals/ariabrailleroledescription,null
web/api/elementinternals/ariabusy,null
web/api/elementinternals/ariachecked,null
web/api/elementinternals/ariacolcount,null
web/api/elementinternals/ariacolindex,null
web/api/elementinternals/ariacolindextext,null
web/api/elementinternals/ariacolspan,null
web/api/elementinternals/ariacontrolselements,null
web/api/elementinternals/ariacurrent,null
web/api/elementinternals/ariadescribedbyelements,null
web/api/elementinternals/ariadescription,null
web/api/elementinternals/ariadetailselements,null
web/api/elementinternals/ariadisabled,null
web/api/elementinternals/ariaerrormessageelements,null
web/api/elementinternals/ariaexpanded,null
web/api/elementinternals/ariaflowtoelements,null
web/api/elementinternals/ariahaspopup,null
web/api/elementinternals/ariahidden,null
web/api/elementinternals/ariainvalid,null
web/api/elementinternals/ariakeyshortcuts,null
web/api/elementinternals/arialabel,null
web/api/elementinternals/arialabelledbyelements,null
web/api/elementinternals/arialevel,null
web/api/elementinternals/arialive,null
web/api/elementinternals/ariamodal,null
web/api/elementinternals/ariamultiline,null
web/api/elementinternals/ariamultiselectable,null
web/api/elementinternals/ariaorientation,null
web/api/elementinternals/ariaownselements,null
web/api/elementinternals/ariaplaceholder,null
web/api/elementinternals/ariaposinset,null
web/api/elementinternals/ariapressed,null
web/api/elementinternals/ariareadonly,null
web/api/elementinternals/ariarelevant,null
web/api/elementinternals/ariarequired,null
web/api/elementinternals/ariaroledescription,null
web/api/elementinternals/ariarowcount,null
web/api/elementinternals/ariarowindex,null
web/api/elementinternals/ariarowindextext,null
web/api/elementinternals/ariarowspan,null
web/api/elementinternals/ariaselected,null
web/api/elementinternals/ariasetsize,null
web/api/elementinternals/ariasort,null
web/api/elementinternals/ariavaluemax,null
web/api/elementinternals/ariavaluemin,null
web/api/elementinternals/ariavaluenow,null
web/api/elementinternals/ariavaluetext,null
web/api/elementinternals/checkvalidity,null
web/api/elementinternals/form,null
web/api/elementinternals/labels,null
web/api/elementinternals/reportvalidity,null
web/api/elementinternals/role,null
web/api/elementinternals/setformvalue,null
web/api/elementinternals/setvalidity,null
web/api/elementinternals/shadowroot,null
web/api/elementinternals/states,null
web/api/elementinternals/validationmessage,null
web/api/elementinternals/validity,null
web/api/elementinternals/willvalidate,null
web/api/encodedaudiochunk,null
web/api/encodedaudiochunk/bytelength,null
web/api/encodedaudiochunk/copyto,null
web/api/encodedaudiochunk/duration,null
web/api/encodedaudiochunk/encodedaudiochunk,null
web/api/encodedaudiochunk/timestamp,null
web/api/encodedaudiochunk/type,null
web/api/encodedvideochunk,null
web/api/encodedvideochunk/bytelength,null
web/api/encodedvideochunk/copyto,null
web/api/encodedvideochunk/duration,null
web/api/encodedvideochunk/encodedvideochunk,null
web/api/encodedvideochunk/timestamp,null
web/api/encodedvideochunk/type,null
web/api/encoding_api,null
web/api/encoding_api/encodings,null
web/api/encrypted_media_extensions_api,null
web/api/errorevent,null
web/api/errorevent/colno,null
web/api/errorevent/error,null
web/api/errorevent/errorevent,null
web/api/errorevent/filename,null
web/api/errorevent/lineno,null
web/api/errorevent/message,null
web/api/event,null
web/api/event/bubbles,null
web/api/event/cancelable,null
web/api/event/cancelbubble,null
web/api/event/composed,null
web/api/event/composedpath,null
web/api/event/currenttarget,4
web/api/event/defaultprevented,null
web/api/event/event,null
web/api/event/eventphase,null
web/api/event/explicitoriginaltarget,null
web/api/event/initevent,null
web/api/event/istrusted,null
web/api/event/originaltarget,null
web/api/event/preventdefault,null
web/api/event/returnvalue,null
web/api/event/srcelement,0
web/api/event/stopimmediatepropagation,null
web/api/event/stoppropagation,null
web/api/event/target,1
web/api/event/timestamp,null
web/api/event/type,null
web/api/eventcounts,null
web/api/eventsource,3
web/api/eventsource/close,null
web/api/eventsource/error_event,null
web/api/eventsource/eventsource,null
web/api/eventsource/message_event,null
web/api/eventsource/open_event,null
web/api/eventsource/readystate,null
web/api/eventsource/url,null
web/api/eventsource/withcredentials,null
web/api/eventtarget,null
web/api/eventtarget/addeventlistener,null
web/api/eventtarget/dispatchevent,null
web/api/eventtarget/eventtarget,null
web/api/eventtarget/removeeventlistener,4
web/api/ext_blend_minmax,null
web/api/ext_color_buffer_float,null
web/api/ext_color_buffer_half_float,null
web/api/ext_disjoint_timer_query,null
web/api/ext_disjoint_timer_query/beginqueryext,null
web/api/ext_disjoint_timer_query/createqueryext,null
web/api/ext_disjoint_timer_query/deletequeryext,null
web/api/ext_disjoint_timer_query/endqueryext,null
web/api/ext_disjoint_timer_query/getqueryext,null
web/api/ext_disjoint_timer_query/getqueryobjectext,null
web/api/ext_disjoint_timer_query/isqueryext,null
web/api/ext_disjoint_timer_query/querycounterext,null
web/api/ext_float_blend,null
web/api/ext_frag_depth,null
web/api/ext_shader_texture_lod,null
web/api/ext_srgb,null
web/api/ext_texture_compression_bptc,null
web/api/ext_texture_compression_rgtc,null
web/api/ext_texture_filter_anisotropic,null
web/api/ext_texture_norm16,null
web/api/extendablecookiechangeevent,null
web/api/extendablecookiechangeevent/changed,null
web/api/extendablecookiechangeevent/deleted,null
web/api/extendablecookiechangeevent/extendablecookiechangeevent,null
web/api/extendableevent,null
web/api/extendableevent/extendableevent,null
web/api/extendableevent/waituntil,null
web/api/extendablemessageevent,null
web/api/extendablemessageevent/data,null
web/api/extendablemessageevent/extendablemessageevent,null
web/api/extendablemessageevent/lasteventid,null
web/api/extendablemessageevent/origin,null
web/api/extendablemessageevent/ports,null
web/api/extendablemessageevent/source,null
web/api/eyedropper,null
web/api/eyedropper/eyedropper,null
web/api/eyedropper/open,null
web/api/eyedropper_api,null
web/api/featurepolicy,null
web/api/featurepolicy/allowedfeatures,null
web/api/featurepolicy/allowsfeature,null
web/api/featurepolicy/features,null
web/api/featurepolicy/getallowlistforfeature,null
web/api/fedcm_api,null
web/api/fedcm_api/idp_integration,null
web/api/fedcm_api/rp_sign-in,null
web/api/federatedcredential,null
web/api/federatedcredential/federatedcredential,null
web/api/federatedcredential/protocol,null
web/api/federatedcredential/provider,null
web/api/federatedcredentialinit,null
web/api/fence,null
web/api/fence/getnestedconfigs,null
web/api/fence/reportevent,null
web/api/fence/setreporteventdataforautomaticbeacons,null
web/api/fenced_frame_api,null
web/api/fenced_frame_api/communication_with_embedded_frames,null
web/api/fencedframeconfig,null
web/api/fencedframeconfig/setsharedstoragecontext,null
web/api/fetch_api,null
web/api/fetch_api/using_deferred_fetch,null
web/api/fetch_api/using_fetch,null
web/api/fetchevent,null
web/api/fetchevent/clientid,null
web/api/fetchevent/fetchevent,null
web/api/fetchevent/handled,null
web/api/fetchevent/isreload,null
web/api/fetchevent/preloadresponse,null
web/api/fetchevent/replacesclientid,null
web/api/fetchevent/request,null
web/api/fetchevent/respondwith,null
web/api/fetchevent/resultingclientid,null
web/api/fetchlaterresult,null
web/api/fetchlaterresult/activated,null
web/api/file,null
web/api/file/file,null
web/api/file/lastmodified,null
web/api/file/lastmodifieddate,null
web/api/file/name,null
web/api/file/webkitrelativepath,null
web/api/file_and_directory_entries_api,null
web/api/file_api,null
web/api/file_api/using_files_from_web_applications,null
web/api/file_system_api,null
web/api/file_system_api/origin_private_file_system,null
web/api/fileentrysync,null
web/api/filelist,null
web/api/filelist/item,null
web/api/filelist/length,null
web/api/filereader,null
web/api/filereader/abort,null
web/api/filereader/abort_event,null
web/api/filereader/error,null
web/api/filereader/error_event,null
web/api/filereader/filereader,null
web/api/filereader/load_event,null
web/api/filereader/loadend_event,null
web/api/filereader/loadstart_event,null
web/api/filereader/progress_event,null
web/api/filereader/readasarraybuffer,null
web/api/filereader/readasbinarystring,null
web/api/filereader/readasdataurl,7
web/api/filereader/readastext,null
web/api/filereader/readystate,null
web/api/filereader/result,null
web/api/filereadersync,null
web/api/filereadersync/filereadersync,null
web/api/filereadersync/readasarraybuffer,null
web/api/filereadersync/readasbinarystring,null
web/api/filereadersync/readasdataurl,null
web/api/filereadersync/readastext,null
web/api/filesystem,null
web/api/filesystem/name,null
web/api/filesystem/root,null
web/api/filesystemchangerecord,null
web/api/filesystemdirectoryentry,null
web/api/filesystemdirectoryentry/createreader,null
web/api/filesystemdirectoryentry/getdirectory,null
web/api/filesystemdirectoryentry/getfile,null
web/api/filesystemdirectoryentry/removerecursively,null
web/api/filesystemdirectoryhandle,null
web/api/filesystemdirectoryhandle/entries,null
web/api/filesystemdirectoryhandle/getdirectoryhandle,null
web/api/filesystemdirectoryhandle/getfilehandle,null
web/api/filesystemdirectoryhandle/keys,null
web/api/filesystemdirectoryhandle/removeentry,null
web/api/filesystemdirectoryhandle/resolve,null
web/api/filesystemdirectoryhandle/values,null
web/api/filesystemdirectoryreader,null
web/api/filesystemdirectoryreader/readentries,null
web/api/filesystementry,null
web/api/filesystementry/copyto,null
web/api/filesystementry/filesystem,null
web/api/filesystementry/fullpath,null
web/api/filesystementry/getmetadata,null
web/api/filesystementry/getparent,null
web/api/filesystementry/isdirectory,null
web/api/filesystementry/isfile,null
web/api/filesystementry/moveto,null
web/api/filesystementry/name,null
web/api/filesystementry/remove,null
web/api/filesystementry/tourl,null
web/api/filesystemfileentry,null
web/api/filesystemfileentry/createwriter,null
web/api/filesystemfileentry/file,null
web/api/filesystemfilehandle,null
web/api/filesystemfilehandle/createsyncaccesshandle,null
web/api/filesystemfilehandle/createwritable,null
web/api/filesystemfilehandle/getfile,null
web/api/filesystemhandle,null
web/api/filesystemhandle/issameentry,null
web/api/filesystemhandle/kind,null
web/api/filesystemhandle/name,null
web/api/filesystemhandle/querypermission,null
web/api/filesystemhandle/remove,null
web/api/filesystemhandle/requestpermission,null
web/api/filesystemobserver,null
web/api/filesystemobserver/disconnect,null
web/api/filesystemobserver/filesystemobserver,null
web/api/filesystemobserver/observe,null
web/api/filesystemsync,null
web/api/filesystemsyncaccesshandle,null
web/api/filesystemsyncaccesshandle/close,null
web/api/filesystemsyncaccesshandle/flush,null
web/api/filesystemsyncaccesshandle/getsize,null
web/api/filesystemsyncaccesshandle/read,null
web/api/filesystemsyncaccesshandle/truncate,null
web/api/filesystemsyncaccesshandle/write,null
web/api/filesystemwritablefilestream,null
web/api/filesystemwritablefilestream/seek,null
web/api/filesystemwritablefilestream/truncate,null
web/api/filesystemwritablefilestream/write,null
web/api/focusevent,null
web/api/focusevent/focusevent,null
web/api/focusevent/relatedtarget,null
web/api/fontdata,null
web/api/fontdata/blob,null
web/api/fontdata/family,null
web/api/fontdata/fullname,null
web/api/fontdata/postscriptname,null
web/api/fontdata/style,null
web/api/fontface,null
web/api/fontface/ascentoverride,null
web/api/fontface/descentoverride,null
web/api/fontface/display,null
web/api/fontface/family,null
web/api/fontface/featuresettings,null
web/api/fontface/fontface,null
web/api/fontface/linegapoverride,null
web/api/fontface/load,null
web/api/fontface/loaded,null
web/api/fontface/status,null
web/api/fontface/stretch,null
web/api/fontface/style,null
web/api/fontface/unicoderange,null
web/api/fontface/variant,null
web/api/fontface/variationsettings,null
web/api/fontface/weight,null
web/api/fontfaceset,null
web/api/fontfaceset/add,null
web/api/fontfaceset/check,null
web/api/fontfaceset/clear,null
web/api/fontfaceset/delete,null
web/api/fontfaceset/entries,null
web/api/fontfaceset/foreach,null
web/api/fontfaceset/has,null
web/api/fontfaceset/keys,null
web/api/fontfaceset/load,null
web/api/fontfaceset/loading_event,null
web/api/fontfaceset/loadingdone_event,null
web/api/fontfaceset/loadingerror_event,null
web/api/fontfaceset/ready,null
web/api/fontfaceset/size,null
web/api/fontfaceset/status,null
web/api/fontfaceset/values,null
web/api/fontfacesetloadevent,null
web/api/fontfacesetloadevent/fontfaces,null
web/api/fontfacesetloadevent/fontfacesetloadevent,null
web/api/force_touch_events,null
web/api/formdata,null
web/api/formdata/append,null
web/api/formdata/delete,null
web/api/formdata/entries,null
web/api/formdata/formdata,null
web/api/formdata/get,null
web/api/formdata/getall,null
web/api/formdata/has,null
web/api/formdata/keys,null
web/api/formdata/set,null
web/api/formdata/values,null
web/api/formdataevent,null
web/api/formdataevent/formdata,null
web/api/formdataevent/formdataevent,null
web/api/fragmentdirective,null
web/api/fullscreen_api,null
web/api/fullscreen_api/guide,null
web/api/gainnode,null
web/api/gainnode/gain,null
web/api/gainnode/gainnode,null
web/api/gamepad,null
web/api/gamepad/axes,null
web/api/gamepad/buttons,null
web/api/gamepad/connected,null
web/api/gamepad/displayid,null
web/api/gamepad/hand,null
web/api/gamepad/hapticactuators,null
web/api/gamepad/id,null
web/api/gamepad/index,null
web/api/gamepad/mapping,null
web/api/gamepad/pose,null
web/api/gamepad/timestamp,null
web/api/gamepad/vibrationactuator,null
web/api/gamepad_api,null
web/api/gamepad_api/using_the_gamepad_api,null
web/api/gamepadbutton,null
web/api/gamepadbutton/pressed,null
web/api/gamepadbutton/touched,null
web/api/gamepadbutton/value,null
web/api/gamepadevent,null
web/api/gamepadevent/gamepad,null
web/api/gamepadevent/gamepadevent,null
web/api/gamepadhapticactuator,null
web/api/gamepadhapticactuator/effects,null
web/api/gamepadhapticactuator/playeffect,null
web/api/gamepadhapticactuator/pulse,null
web/api/gamepadhapticactuator/reset,null
web/api/gamepadhapticactuator/type,null
web/api/gamepadpose,null
web/api/gamepadpose/angularacceleration,null
web/api/gamepadpose/angularvelocity,null
web/api/gamepadpose/hasorientation,null
web/api/gamepadpose/hasposition,null
web/api/gamepadpose/linearacceleration,null
web/api/gamepadpose/linearvelocity,null
web/api/gamepadpose/orientation,null
web/api/gamepadpose/position,null
web/api/geolocation,null
web/api/geolocation/clearwatch,null
web/api/geolocation/getcurrentposition,null
web/api/geolocation/watchposition,null
web/api/geolocation_api,null
web/api/geolocation_api/using_the_geolocation_api,null
web/api/geolocationcoordinates,null
web/api/geolocationcoordinates/accuracy,null
web/api/geolocationcoordinates/altitude,null
web/api/geolocationcoordinates/altitudeaccuracy,null
web/api/geolocationcoordinates/heading,null
web/api/geolocationcoordinates/latitude,null
web/api/geolocationcoordinates/longitude,null
web/api/geolocationcoordinates/speed,null
web/api/geolocationcoordinates/tojson,null
web/api/geolocationposition,null
web/api/geolocationposition/coords,null
web/api/geolocationposition/timestamp,null
web/api/geolocationposition/tojson,null
web/api/geolocationpositionerror,null
web/api/geolocationpositionerror/code,null
web/api/geolocationpositionerror/message,null
web/api/geometry_interfaces,null
web/api/gestureevent,null
web/api/gpu,null
web/api/gpu/getpreferredcanvasformat,null
web/api/gpu/requestadapter,null
web/api/gpu/wgsllanguagefeatures,null
web/api/gpuadapter,null
web/api/gpuadapter/features,null
web/api/gpuadapter/info,null
web/api/gpuadapter/isfallbackadapter,null
web/api/gpuadapter/limits,null
web/api/gpuadapter/requestadapterinfo,null
web/api/gpuadapter/requestdevice,null
web/api/gpuadapterinfo,null
web/api/gpuadapterinfo/architecture,null
web/api/gpuadapterinfo/description,null
web/api/gpuadapterinfo/device,null
web/api/gpuadapterinfo/isfallbackadapter,null
web/api/gpuadapterinfo/subgroupmaxsize,null
web/api/gpuadapterinfo/subgroupminsize,null
web/api/gpuadapterinfo/vendor,null
web/api/gpubindgroup,null
web/api/gpubindgroup/label,null
web/api/gpubindgrouplayout,null
web/api/gpubindgrouplayout/label,null
web/api/gpubuffer,null
web/api/gpubuffer/destroy,null
web/api/gpubuffer/getmappedrange,null
web/api/gpubuffer/label,null
web/api/gpubuffer/mapasync,null
web/api/gpubuffer/mapstate,null
web/api/gpubuffer/size,null
web/api/gpubuffer/unmap,null
web/api/gpubuffer/usage,null
web/api/gpucanvascontext,null
web/api/gpucanvascontext/canvas,null
web/api/gpucanvascontext/configure,null
web/api/gpucanvascontext/getconfiguration,null
web/api/gpucanvascontext/getcurrenttexture,null
web/api/gpucanvascontext/unconfigure,null
web/api/gpucommandbuffer,null
web/api/gpucommandbuffer/label,null
web/api/gpucommandencoder,null
web/api/gpucommandencoder/begincomputepass,null
web/api/gpucommandencoder/beginrenderpass,null
web/api/gpucommandencoder/clearbuffer,null
web/api/gpucommandencoder/copybuffertobuffer,null
web/api/gpucommandencoder/copybuffertotexture,null
web/api/gpucommandencoder/copytexturetobuffer,null
web/api/gpucommandencoder/copytexturetotexture,null
web/api/gpucommandencoder/finish,null
web/api/gpucommandencoder/insertdebugmarker,null
web/api/gpucommandencoder/label,null
web/api/gpucommandencoder/popdebuggroup,null
web/api/gpucommandencoder/pushdebuggroup,null
web/api/gpucommandencoder/resolvequeryset,null
web/api/gpucommandencoder/writetimestamp,null
web/api/gpucompilationinfo,null
web/api/gpucompilationinfo/messages,null
web/api/gpucompilationmessage,null
web/api/gpucompilationmessage/length,null
web/api/gpucompilationmessage/linenum,null
web/api/gpucompilationmessage/linepos,null
web/api/gpucompilationmessage/message,null
web/api/gpucompilationmessage/offset,null
web/api/gpucompilationmessage/type,null
web/api/gpucomputepassencoder,null
web/api/gpucomputepassencoder/dispatchworkgroups,null
web/api/gpucomputepassencoder/dispatchworkgroupsindirect,null
web/api/gpucomputepassencoder/end,null
web/api/gpucomputepassencoder/insertdebugmarker,null
web/api/gpucomputepassencoder/label,null
web/api/gpucomputepassencoder/popdebuggroup,null
web/api/gpucomputepassencoder/pushdebuggroup,null
web/api/gpucomputepassencoder/setbindgroup,null
web/api/gpucomputepassencoder/setpipeline,null
web/api/gpucomputepipeline,null
web/api/gpucomputepipeline/getbindgrouplayout,null
web/api/gpucomputepipeline/label,null
web/api/gpudevice,null
web/api/gpudevice/adapterinfo,null
web/api/gpudevice/createbindgroup,null
web/api/gpudevice/createbindgrouplayout,null
web/api/gpudevice/createbuffer,null
web/api/gpudevice/createcommandencoder,null
web/api/gpudevice/createcomputepipeline,null
web/api/gpudevice/createcomputepipelineasync,null
web/api/gpudevice/createpipelinelayout,null
web/api/gpudevice/createqueryset,null
web/api/gpudevice/createrenderbundleencoder,null
web/api/gpudevice/createrenderpipeline,null
web/api/gpudevice/createrenderpipelineasync,null
web/api/gpudevice/createsampler,null
web/api/gpudevice/createshadermodule,null
web/api/gpudevice/createtexture,null
web/api/gpudevice/destroy,null
web/api/gpudevice/features,null
web/api/gpudevice/importexternaltexture,null
web/api/gpudevice/label,null
web/api/gpudevice/limits,null
web/api/gpudevice/lost,null
web/api/gpudevice/poperrorscope,null
web/api/gpudevice/pusherrorscope,null
web/api/gpudevice/queue,null
web/api/gpudevice/uncapturederror_event,null
web/api/gpudevicelostinfo,null
web/api/gpudevicelostinfo/message,null
web/api/gpudevicelostinfo/reason,null
web/api/gpuerror,null
web/api/gpuerror/message,null
web/api/gpuexternaltexture,null
web/api/gpuexternaltexture/label,null
web/api/gpuinternalerror,null
web/api/gpuinternalerror/gpuinternalerror,null
web/api/gpuoutofmemoryerror,null
web/api/gpuoutofmemoryerror/gpuoutofmemoryerror,null
web/api/gpupipelineerror,null
web/api/gpupipelineerror/gpupipelineerror,null
web/api/gpupipelineerror/reason,null
web/api/gpupipelinelayout,null
web/api/gpupipelinelayout/label,null
web/api/gpuqueryset,null
web/api/gpuqueryset/count,null
web/api/gpuqueryset/destroy,null
web/api/gpuqueryset/label,null
web/api/gpuqueryset/type,null
web/api/gpuqueue,null
web/api/gpuqueue/copyexternalimagetotexture,null
web/api/gpuqueue/label,null
web/api/gpuqueue/onsubmittedworkdone,null
web/api/gpuqueue/submit,null
web/api/gpuqueue/writebuffer,null
web/api/gpuqueue/writetexture,null
web/api/gpurenderbundle,null
web/api/gpurenderbundle/label,null
web/api/gpurenderbundleencoder,null
web/api/gpurenderbundleencoder/draw,null
web/api/gpurenderbundleencoder/drawindexed,null
web/api/gpurenderbundleencoder/drawindexedindirect,null
web/api/gpurenderbundleencoder/drawindirect,null
web/api/gpurenderbundleencoder/finish,null
web/api/gpurenderbundleencoder/insertdebugmarker,null
web/api/gpurenderbundleencoder/label,null
web/api/gpurenderbundleencoder/popdebuggroup,null
web/api/gpurenderbundleencoder/pushdebuggroup,null
web/api/gpurenderbundleencoder/setbindgroup,null
web/api/gpurenderbundleencoder/setindexbuffer,null
web/api/gpurenderbundleencoder/setpipeline,null
web/api/gpurenderbundleencoder/setvertexbuffer,null
web/api/gpurenderpassencoder,null
web/api/gpurenderpassencoder/beginocclusionquery,null
web/api/gpurenderpassencoder/draw,null
web/api/gpurenderpassencoder/drawindexed,null
web/api/gpurenderpassencoder/drawindexedindirect,null
web/api/gpurenderpassencoder/drawindirect,null
web/api/gpurenderpassencoder/end,null
web/api/gpurenderpassencoder/endocclusionquery,null
web/api/gpurenderpassencoder/executebundles,null
web/api/gpurenderpassencoder/insertdebugmarker,null
web/api/gpurenderpassencoder/label,null
web/api/gpurenderpassencoder/popdebuggroup,null
web/api/gpurenderpassencoder/pushdebuggroup,null
web/api/gpurenderpassencoder/setbindgroup,null
web/api/gpurenderpassencoder/setblendconstant,null
web/api/gpurenderpassencoder/setindexbuffer,null
web/api/gpurenderpassencoder/setpipeline,null
web/api/gpurenderpassencoder/setscissorrect,null
web/api/gpurenderpassencoder/setstencilreference,null
web/api/gpurenderpassencoder/setvertexbuffer,null
web/api/gpurenderpassencoder/setviewport,null
web/api/gpurenderpipeline,null
web/api/gpurenderpipeline/getbindgrouplayout,null
web/api/gpurenderpipeline/label,null
web/api/gpusampler,null
web/api/gpusampler/label,null
web/api/gpushadermodule,null
web/api/gpushadermodule/getcompilationinfo,null
web/api/gpushadermodule/label,null
web/api/gpusupportedfeatures,null
web/api/gpusupportedlimits,null
web/api/gputexture,null
web/api/gputexture/createview,null
web/api/gputexture/depthorarraylayers,null
web/api/gputexture/destroy,null
web/api/gputexture/dimension,null
web/api/gputexture/format,null
web/api/gputexture/height,null
web/api/gputexture/label,null
web/api/gputexture/miplevelcount,null
web/api/gputexture/samplecount,null
web/api/gputexture/usage,null
web/api/gputexture/width,null
web/api/gputextureview,null
web/api/gputextureview/label,null
web/api/gpuuncapturederrorevent,null
web/api/gpuuncapturederrorevent/error,null
web/api/gpuuncapturederrorevent/gpuuncapturederrorevent,null
web/api/gpuvalidationerror,null
web/api/gpuvalidationerror/gpuvalidationerror,null
web/api/gravitysensor,null
web/api/gravitysensor/gravitysensor,null
web/api/gyroscope,null
web/api/gyroscope/gyroscope,null
web/api/gyroscope/x,null
web/api/gyroscope/y,null
web/api/gyroscope/z,null
web/api/hashchangeevent,null
web/api/hashchangeevent/hashchangeevent,null
web/api/hashchangeevent/newurl,null
web/api/hashchangeevent/oldurl,null
web/api/headers,null
web/api/headers/append,null
web/api/headers/delete,null
web/api/headers/entries,null
web/api/headers/foreach,null
web/api/headers/get,null
web/api/headers/getsetcookie,null
web/api/headers/has,null
web/api/headers/headers,null
web/api/headers/keys,null
web/api/headers/set,null
web/api/headers/values,null
web/api/hid,null
web/api/hid/connect_event,null
web/api/hid/disconnect_event,null
web/api/hid/getdevices,null
web/api/hid/requestdevice,null
web/api/hidconnectionevent,null
web/api/hidconnectionevent/device,null
web/api/hidconnectionevent/hidconnectionevent,null
web/api/hiddevice,null
web/api/hiddevice/close,null
web/api/hiddevice/collections,null
web/api/hiddevice/forget,null
web/api/hiddevice/inputreport_event,null
web/api/hiddevice/open,null
web/api/hiddevice/opened,null
web/api/hiddevice/productid,null
web/api/hiddevice/productname,null
web/api/hiddevice/receivefeaturereport,null
web/api/hiddevice/sendfeaturereport,null
web/api/hiddevice/sendreport,null
web/api/hiddevice/vendorid,null
web/api/hidinputreportevent,null
web/api/hidinputreportevent/data,null
web/api/hidinputreportevent/device,null
web/api/hidinputreportevent/reportid,null
web/api/highlight,null
web/api/highlight/add,null
web/api/highlight/clear,null
web/api/highlight/delete,null
web/api/highlight/entries,null
web/api/highlight/foreach,null
web/api/highlight/has,null
web/api/highlight/highlight,null
web/api/highlight/keys,null
web/api/highlight/priority,null
web/api/highlight/size,null
web/api/highlight/type,null
web/api/highlight/values,null
web/api/highlightregistry,null
web/api/highlightregistry/clear,null
web/api/highlightregistry/delete,null
web/api/highlightregistry/entries,null
web/api/highlightregistry/foreach,null
web/api/highlightregistry/get,null
web/api/highlightregistry/has,null
web/api/highlightregistry/highlightsfrompoint,null
web/api/highlightregistry/keys,null
web/api/highlightregistry/set,null
web/api/highlightregistry/size,null
web/api/highlightregistry/values,null
web/api/history,null
web/api/history/back,null
web/api/history/forward,null
web/api/history/go,null
web/api/history/length,null
web/api/history/pushstate,null
web/api/history/replacestate,null
web/api/history/scrollrestoration,null
web/api/history/state,null
web/api/history_api,null
web/api/history_api/working_with_the_history_api,null
web/api/hkdfparams,null
web/api/hmacimportparams,null
web/api/hmackeygenparams,null
web/api/hmdvrdevice,null
web/api/hmdvrdevice/geteyeparameters,null
web/api/hmdvrdevice/setfieldofview,null
web/api/houdini_apis,null
web/api/html_dom_api,null
web/api/html_dom_api/microtask_guide,null
web/api/html_dom_api/microtask_guide/in_depth,null
web/api/html_drag_and_drop_api,null
web/api/html_drag_and_drop_api/drag_data_store,null
web/api/html_drag_and_drop_api/drag_operations,null
web/api/html_drag_and_drop_api/file_drag_and_drop,null
web/api/html_drag_and_drop_api/kanban_board,null
web/api/html_sanitizer_api,null
web/api/html_sanitizer_api/default_sanitizer_configuration,null
web/api/html_sanitizer_api/using_the_html_sanitizer_api,null
web/api/htmlallcollection,null
web/api/htmlallcollection/item,null
web/api/htmlallcollection/length,null
web/api/htmlallcollection/nameditem,null
web/api/htmlanchorelement,7
web/api/htmlanchorelement/attributionsourceid,null
web/api/htmlanchorelement/attributionsrc,null
web/api/htmlanchorelement/download,null
web/api/htmlanchorelement/hash,1
web/api/htmlanchorelement/host,null
web/api/htmlanchorelement/hostname,null
web/api/htmlanchorelement/href,1
web/api/htmlanchorelement/hreflang,null
web/api/htmlanchorelement/interestforelement,null
web/api/htmlanchorelement/origin,null
web/api/htmlanchorelement/password,1
web/api/htmlanchorelement/pathname,0
web/api/htmlanchorelement/ping,null
web/api/htmlanchorelement/port,2
web/api/htmlanchorelement/protocol,2
web/api/htmlanchorelement/referrerpolicy,null
web/api/htmlanchorelement/rel,null
web/api/htmlanchorelement/rellist,null
web/api/htmlanchorelement/search,null
web/api/htmlanchorelement/target,null
web/api/htmlanchorelement/text,null
web/api/htmlanchorelement/tostring,null
web/api/htmlanchorelement/type,null
web/api/htmlanchorelement/username,null
web/api/htmlareaelement,null
web/api/htmlareaelement/alt,null
web/api/htmlareaelement/coords,null
web/api/htmlareaelement/download,null
web/api/htmlareaelement/hash,null
web/api/htmlareaelement/host,null
web/api/htmlareaelement/hostname,null
web/api/htmlareaelement/href,null
web/api/htmlareaelement/interestforelement,null
web/api/htmlareaelement/origin,null
web/api/htmlareaelement/password,null
web/api/htmlareaelement/pathname,null
web/api/htmlareaelement/ping,null
web/api/htmlareaelement/port,null
web/api/htmlareaelement/protocol,null
web/api/htmlareaelement/referrerpolicy,null
web/api/htmlareaelement/rel,null
web/api/htmlareaelement/rellist,null
web/api/htmlareaelement/search,null
web/api/htmlareaelement/shape,null
web/api/htmlareaelement/target,null
web/api/htmlareaelement/tostring,null
web/api/htmlareaelement/username,null
web/api/htmlaudioelement,null
web/api/htmlaudioelement/audio,null
web/api/htmlbaseelement,null
web/api/htmlbaseelement/href,null
web/api/htmlbaseelement/target,null
web/api/htmlbodyelement,null
web/api/htmlbrelement,null
web/api/htmlbuttonelement,null
web/api/htmlbuttonelement/checkvalidity,null
web/api/htmlbuttonelement/command,null
web/api/htmlbuttonelement/commandforelement,null
web/api/htmlbuttonelement/disabled,null
web/api/htmlbuttonelement/form,null
web/api/htmlbuttonelement/formaction,null
web/api/htmlbuttonelement/formenctype,null
web/api/htmlbuttonelement/formmethod,null
web/api/htmlbuttonelement/formnovalidate,null
web/api/htmlbuttonelement/formtarget,null
web/api/htmlbuttonelement/interestforelement,null
web/api/htmlbuttonelement/labels,null
web/api/htmlbuttonelement/name,null
web/api/htmlbuttonelement/popovertargetaction,null
web/api/htmlbuttonelement/popovertargetelement,null
web/api/htmlbuttonelement/reportvalidity,null
web/api/htmlbuttonelement/setcustomvalidity,null
web/api/htmlbuttonelement/type,null
web/api/htmlbuttonelement/validationmessage,null
web/api/htmlbuttonelement/validity,null
web/api/htmlbuttonelement/value,null
web/api/htmlbuttonelement/willvalidate,null
web/api/htmlcanvaselement,null
web/api/htmlcanvaselement/capturestream,null
web/api/htmlcanvaselement/contextlost_event,null
web/api/htmlcanvaselement/contextrestored_event,null
web/api/htmlcanvaselement/getcontext,null
web/api/htmlcanvaselement/height,null
web/api/htmlcanvaselement/mozopaque,null
web/api/htmlcanvaselement/toblob,null
web/api/htmlcanvaselement/todataurl,null
web/api/htmlcanvaselement/transfercontroltooffscreen,null
web/api/htmlcanvaselement/webglcontextcreationerror_event,null
web/api/htmlcanvaselement/webglcontextlost_event,null
web/api/htmlcanvaselement/webglcontextrestored_event,null
web/api/htmlcanvaselement/width,null
web/api/htmlcollection,null
web/api/htmlcollection/item,null
web/api/htmlcollection/length,null
web/api/htmlcollection/nameditem,null
web/api/htmldataelement,null
web/api/htmldataelement/value,null
web/api/htmldatalistelement,null
web/api/htmldatalistelement/options,null
web/api/htmldetailselement,null
web/api/htmldetailselement/name,null
web/api/htmldetailselement/open,null
web/api/htmldialogelement,null
web/api/htmldialogelement/cancel_event,null
web/api/htmldialogelement/close,null
web/api/htmldialogelement/close_event,null
web/api/htmldialogelement/closedby,null
web/api/htmldialogelement/open,null
web/api/htmldialogelement/requestclose,null
web/api/htmldialogelement/returnvalue,null
web/api/htmldialogelement/show,null
web/api/htmldialogelement/showmodal,null
web/api/htmldivelement,null
web/api/htmldlistelement,null
web/api/htmldlistelement/compact,null
web/api/htmldocument,null
web/api/htmlelement,null
web/api/htmlelement/accesskey,null
web/api/htmlelement/accesskeylabel,null
web/api/htmlelement/anchorelement,null
web/api/htmlelement/attachinternals,null
web/api/htmlelement/attributestylemap,null
web/api/htmlelement/autocapitalize,null
web/api/htmlelement/autocorrect,null
web/api/htmlelement/autofocus,null
web/api/htmlelement/beforetoggle_event,null
web/api/htmlelement/blur,null
web/api/htmlelement/change_event,null
web/api/htmlelement/click,null
web/api/htmlelement/command_event,null
web/api/htmlelement/contenteditable,null
web/api/htmlelement/dataset,null
web/api/htmlelement/dir,null
web/api/htmlelement/drag_event,null
web/api/htmlelement/dragend_event,null
web/api/htmlelement/dragenter_event,null
web/api/htmlelement/draggable,null
web/api/htmlelement/dragleave_event,null
web/api/htmlelement/dragover_event,null
web/api/htmlelement/dragstart_event,null
web/api/htmlelement/drop_event,null
web/api/htmlelement/editcontext,null
web/api/htmlelement/enterkeyhint,null
web/api/htmlelement/error_event,null
web/api/htmlelement/focus,null
web/api/htmlelement/hidden,null
web/api/htmlelement/hidepopover,null
web/api/htmlelement/inert,null
web/api/htmlelement/innertext,null
web/api/htmlelement/inputmode,null
web/api/htmlelement/interest_event,null
web/api/htmlelement/iscontenteditable,null
web/api/htmlelement/lang,null
web/api/htmlelement/load_event,null
web/api/htmlelement/loseinterest_event,null
web/api/htmlelement/nonce,2
web/api/htmlelement/offsetheight,null
web/api/htmlelement/offsetleft,null
web/api/htmlelement/offsetparent,null
web/api/htmlelement/offsettop,null
web/api/htmlelement/offsetwidth,null
web/api/htmlelement/outertext,null
web/api/htmlelement/popover,null
web/api/htmlelement/showpopover,null
web/api/htmlelement/spellcheck,null
web/api/htmlelement/style,null
web/api/htmlelement/tabindex,null
web/api/htmlelement/title,null
web/api/htmlelement/toggle_event,null
web/api/htmlelement/togglepopover,null
web/api/htmlelement/translate,null
web/api/htmlelement/virtualkeyboardpolicy,null
web/api/htmlelement/writingsuggestions,null
web/api/htmlembedelement,null
web/api/htmlembedelement/getsvgdocument,null
web/api/htmlembedelement/height,null
web/api/htmlembedelement/src,null
web/api/htmlembedelement/type,null
web/api/htmlembedelement/width,null
web/api/htmlfencedframeelement,null
web/api/htmlfencedframeelement/allow,null
web/api/htmlfencedframeelement/config,null
web/api/htmlfencedframeelement/height,null
web/api/htmlfencedframeelement/width,null
web/api/htmlfieldsetelement,null
web/api/htmlfieldsetelement/checkvalidity,null
web/api/htmlfieldsetelement/disabled,null
web/api/htmlfieldsetelement/elements,null
web/api/htmlfieldsetelement/form,null
web/api/htmlfieldsetelement/name,null
web/api/htmlfieldsetelement/reportvalidity,null
web/api/htmlfieldsetelement/setcustomvalidity,null
web/api/htmlfieldsetelement/type,null
web/api/htmlfieldsetelement/validationmessage,null
web/api/htmlfieldsetelement/validity,null
web/api/htmlfieldsetelement/willvalidate,null
web/api/htmlfontelement,null
web/api/htmlfontelement/color,null
web/api/htmlfontelement/face,null
web/api/htmlfontelement/size,null
web/api/htmlformcontrolscollection,null
web/api/htmlformcontrolscollection/nameditem,null
web/api/htmlformelement,null
web/api/htmlformelement/acceptcharset,null
web/api/htmlformelement/action,null
web/api/htmlformelement/autocomplete,null
web/api/htmlformelement/checkvalidity,null
web/api/htmlformelement/elements,7
web/api/htmlformelement/encoding,null
web/api/htmlformelement/enctype,null
web/api/htmlformelement/formdata_event,null
web/api/htmlformelement/length,null
web/api/htmlformelement/method,null
web/api/htmlformelement/name,null
web/api/htmlformelement/novalidate,null
web/api/htmlformelement/rel,null
web/api/htmlformelement/rellist,null
web/api/htmlformelement/reportvalidity,null
web/api/htmlformelement/requestsubmit,null
web/api/htmlformelement/reset,null
web/api/htmlformelement/reset_event,null
web/api/htmlformelement/submit,null
web/api/htmlformelement/submit_event,null
web/api/htmlformelement/target,null
web/api/htmlframesetelement,null
web/api/htmlgeolocationelement,null
web/api/htmlgeolocationelement/autolocate,null
web/api/htmlgeolocationelement/error,null
web/api/htmlgeolocationelement/htmlgeolocationelement,null
web/api/htmlgeolocationelement/initialpermissionstatus,null
web/api/htmlgeolocationelement/invalidreason,null
web/api/htmlgeolocationelement/isvalid,null
web/api/htmlgeolocationelement/location_event,null
web/api/htmlgeolocationelement/permissionstatus,null
web/api/htmlgeolocationelement/position,null
web/api/htmlgeolocationelement/promptaction_event,null
web/api/htmlgeolocationelement/promptdismiss_event,null
web/api/htmlgeolocationelement/validationstatuschange_event,null
web/api/htmlgeolocationelement/watch,null
web/api/htmlheadelement,null
web/api/htmlheadingelement,null
web/api/htmlhrelement,null
web/api/htmlhtmlelement,null
web/api/htmlhtmlelement/version,null
web/api/htmliframeelement,null
web/api/htmliframeelement/allow,null
web/api/htmliframeelement/allowfullscreen,null
web/api/htmliframeelement/allowpaymentrequest,null
web/api/htmliframeelement/browsingtopics,null
web/api/htmliframeelement/contentdocument,null
web/api/htmliframeelement/contentwindow,null
web/api/htmliframeelement/credentialless,null
web/api/htmliframeelement/csp,null
web/api/htmliframeelement/featurepolicy,null
web/api/htmliframeelement/getsvgdocument,null
web/api/htmliframeelement/height,null
web/api/htmliframeelement/loading,null
web/api/htmliframeelement/name,null
web/api/htmliframeelement/privatetoken,null
web/api/htmliframeelement/referrerpolicy,null
web/api/htmliframeelement/sandbox,null
web/api/htmliframeelement/src,null
web/api/htmliframeelement/srcdoc,null
web/api/htmliframeelement/width,null
web/api/htmlimageelement,null
web/api/htmlimageelement/align,null
web/api/htmlimageelement/alt,null
web/api/htmlimageelement/attributionsrc,null
web/api/htmlimageelement/border,null
web/api/htmlimageelement/complete,null
web/api/htmlimageelement/crossorigin,null
web/api/htmlimageelement/currentsrc,null
web/api/htmlimageelement/decode,null
web/api/htmlimageelement/decoding,null
web/api/htmlimageelement/fetchpriority,null
web/api/htmlimageelement/height,null
web/api/htmlimageelement/hspace,null
web/api/htmlimageelement/image,null
web/api/htmlimageelement/ismap,null
web/api/htmlimageelement/loading,null
web/api/htmlimageelement/longdesc,null
web/api/htmlimageelement/name,null
web/api/htmlimageelement/naturalheight,null
web/api/htmlimageelement/naturalwidth,null
web/api/htmlimageelement/referrerpolicy,null
web/api/htmlimageelement/sizes,null
web/api/htmlimageelement/src,null
web/api/htmlimageelement/srcset,null
web/api/htmlimageelement/usemap,null
web/api/htmlimageelement/vspace,null
web/api/htmlimageelement/width,null
web/api/htmlimageelement/x,null
web/api/htmlimageelement/y,null
web/api/htmlinputelement,null
web/api/htmlinputelement/accept,null
web/api/htmlinputelement/alpha,null
web/api/htmlinputelement/alt,null
web/api/htmlinputelement/autocomplete,null
web/api/htmlinputelement/cancel_event,null
web/api/htmlinputelement/capture,null
web/api/htmlinputelement/checked,null
web/api/htmlinputelement/checkvalidity,null
web/api/htmlinputelement/colorspace,null
web/api/htmlinputelement/defaultchecked,null
web/api/htmlinputelement/defaultvalue,null
web/api/htmlinputelement/dirname,null
web/api/htmlinputelement/disabled,null
web/api/htmlinputelement/files,null
web/api/htmlinputelement/form,null
web/api/htmlinputelement/formaction,null
web/api/htmlinputelement/formenctype,null
web/api/htmlinputelement/formmethod,null
web/api/htmlinputelement/formnovalidate,null
web/api/htmlinputelement/formtarget,null
web/api/htmlinputelement/height,null
web/api/htmlinputelement/indeterminate,null
web/api/htmlinputelement/invalid_event,null
web/api/htmlinputelement/labels,null
web/api/htmlinputelement/list,null
web/api/htmlinputelement/max,null
web/api/htmlinputelement/maxlength,null
web/api/htmlinputelement/min,null
web/api/htmlinputelement/minlength,null
web/api/htmlinputelement/multiple,null
web/api/htmlinputelement/name,null
web/api/htmlinputelement/pattern,null
web/api/htmlinputelement/placeholder,null
web/api/htmlinputelement/popovertargetaction,null
web/api/htmlinputelement/popovertargetelement,null
web/api/htmlinputelement/readonly,null
web/api/htmlinputelement/reportvalidity,null
web/api/htmlinputelement/required,null
web/api/htmlinputelement/search_event,null
web/api/htmlinputelement/select,null
web/api/htmlinputelement/select_event,null
web/api/htmlinputelement/selectionchange_event,null
web/api/htmlinputelement/selectiondirection,null
web/api/htmlinputelement/selectionend,null
web/api/htmlinputelement/selectionstart,null
web/api/htmlinputelement/setcustomvalidity,null
web/api/htmlinputelement/setrangetext,null
web/api/htmlinputelement/setselectionrange,null
web/api/htmlinputelement/showpicker,null
web/api/htmlinputelement/size,null
web/api/htmlinputelement/src,null
web/api/htmlinputelement/step,null
web/api/htmlinputelement/stepdown,null
web/api/htmlinputelement/stepup,null
web/api/htmlinputelement/type,null
web/api/htmlinputelement/validationmessage,null
web/api/htmlinputelement/validity,null
web/api/htmlinputelement/value,null
web/api/htmlinputelement/valueasdate,null
web/api/htmlinputelement/valueasnumber,null
web/api/htmlinputelement/webkitdirectory,null
web/api/htmlinputelement/webkitentries,null
web/api/htmlinputelement/width,null
web/api/htmlinputelement/willvalidate,null
web/api/htmllabelelement,null
web/api/htmllabelelement/control,null
web/api/htmllabelelement/form,null
web/api/htmllabelelement/htmlfor,null
web/api/htmllegendelement,null
web/api/htmllegendelement/form,null
web/api/htmllielement,null
web/api/htmllielement/value,null
web/api/htmllinkelement,null
web/api/htmllinkelement/as,null
web/api/htmllinkelement/blocking,null
web/api/htmllinkelement/crossorigin,null
web/api/htmllinkelement/disabled,null
web/api/htmllinkelement/fetchpriority,null
web/api/htmllinkelement/href,null
web/api/htmllinkelement/hreflang,null
web/api/htmllinkelement/imagesizes,null
web/api/htmllinkelement/imagesrcset,null
web/api/htmllinkelement/integrity,null
web/api/htmllinkelement/media,null
web/api/htmllinkelement/referrerpolicy,null
web/api/htmllinkelement/rel,null
web/api/htmllinkelement/rellist,null
web/api/htmllinkelement/sheet,null
web/api/htmllinkelement/sizes,null
web/api/htmllinkelement/type,null
web/api/htmlmapelement,null
web/api/htmlmapelement/areas,null
web/api/htmlmapelement/name,null
web/api/htmlmarqueeelement,null
web/api/htmlmediaelement,null
web/api/htmlmediaelement/abort_event,null
web/api/htmlmediaelement/addtexttrack,null
web/api/htmlmediaelement/audiotracks,null
web/api/htmlmediaelement/autoplay,null
web/api/htmlmediaelement/buffered,null
web/api/htmlmediaelement/canplay_event,null
web/api/htmlmediaelement/canplaythrough_event,null
web/api/htmlmediaelement/canplaytype,null
web/api/htmlmediaelement/capturestream,null
web/api/htmlmediaelement/controller,null
web/api/htmlmediaelement/controls,null
web/api/htmlmediaelement/controlslist,null
web/api/htmlmediaelement/crossorigin,null
web/api/htmlmediaelement/currentsrc,null
web/api/htmlmediaelement/currenttime,null
web/api/htmlmediaelement/defaultmuted,null
web/api/htmlmediaelement/defaultplaybackrate,null
web/api/htmlmediaelement/disableremoteplayback,null
web/api/htmlmediaelement/duration,null
web/api/htmlmediaelement/durationchange_event,null
web/api/htmlmediaelement/emptied_event,null
web/api/htmlmediaelement/encrypted_event,null
web/api/htmlmediaelement/ended,null
web/api/htmlmediaelement/ended_event,null
web/api/htmlmediaelement/error,null
web/api/htmlmediaelement/error_event,null
web/api/htmlmediaelement/fastseek,null
web/api/htmlmediaelement/getstartdate,null
web/api/htmlmediaelement/load,null
web/api/htmlmediaelement/loadeddata_event,null
web/api/htmlmediaelement/loadedmetadata_event,null
web/api/htmlmediaelement/loading,null
web/api/htmlmediaelement/loadstart_event,null
web/api/htmlmediaelement/loop,null
web/api/htmlmediaelement/mediagroup,null
web/api/htmlmediaelement/mediakeys,null
web/api/htmlmediaelement/muted,null
web/api/htmlmediaelement/networkstate,null
web/api/htmlmediaelement/pause,null
web/api/htmlmediaelement/pause_event,null
web/api/htmlmediaelement/paused,null
web/api/htmlmediaelement/play,null
web/api/htmlmediaelement/play_event,null
web/api/htmlmediaelement/playbackrate,null
web/api/htmlmediaelement/played,null
web/api/htmlmediaelement/playing_event,null
web/api/htmlmediaelement/preload,null
web/api/htmlmediaelement/preservespitch,null
web/api/htmlmediaelement/progress_event,null
web/api/htmlmediaelement/ratechange_event,null
web/api/htmlmediaelement/readystate,null
web/api/htmlmediaelement/remote,null
web/api/htmlmediaelement/seekable,null
web/api/htmlmediaelement/seeked_event,null
web/api/htmlmediaelement/seeking,null
web/api/htmlmediaelement/seeking_event,null
web/api/htmlmediaelement/seektonextframe,null
web/api/htmlmediaelement/setmediakeys,null
web/api/htmlmediaelement/setsinkid,null
web/api/htmlmediaelement/sinkid,null
web/api/htmlmediaelement/src,null
web/api/htmlmediaelement/srcobject,null
web/api/htmlmediaelement/stalled_event,null
web/api/htmlmediaelement/suspend_event,null
web/api/htmlmediaelement/texttracks,null
web/api/htmlmediaelement/timeupdate_event,null
web/api/htmlmediaelement/videotracks,null
web/api/htmlmediaelement/volume,null
web/api/htmlmediaelement/volumechange_event,null
web/api/htmlmediaelement/waiting_event,null
web/api/htmlmediaelement/waitingforkey_event,null
web/api/htmlmenuelement,null
web/api/htmlmenuelement/compact,null
web/api/htmlmetaelement,null
web/api/htmlmetaelement/content,null
web/api/htmlmetaelement/httpequiv,null
web/api/htmlmetaelement/media,null
web/api/htmlmetaelement/name,null
web/api/htmlmetaelement/scheme,null
web/api/htmlmeterelement,null
web/api/htmlmeterelement/high,null
web/api/htmlmeterelement/labels,null
web/api/htmlmeterelement/low,null
web/api/htmlmeterelement/max,null
web/api/htmlmeterelement/min,null
web/api/htmlmeterelement/optimum,null
web/api/htmlmeterelement/value,null
web/api/htmlmodelement,null
web/api/htmlmodelement/cite,null
web/api/htmlmodelement/datetime,null
web/api/htmlobjectelement,null
web/api/htmlobjectelement/checkvalidity,null
web/api/htmlobjectelement/contentdocument,null
web/api/htmlobjectelement/contentwindow,null
web/api/htmlobjectelement/data,null
web/api/htmlobjectelement/form,null
web/api/htmlobjectelement/getsvgdocument,null
web/api/htmlobjectelement/height,null
web/api/htmlobjectelement/name,null
web/api/htmlobjectelement/reportvalidity,null
web/api/htmlobjectelement/setcustomvalidity,null
web/api/htmlobjectelement/type,null
web/api/htmlobjectelement/usemap,null
web/api/htmlobjectelement/validationmessage,null
web/api/htmlobjectelement/validity,null
web/api/htmlobjectelement/width,null
web/api/htmlobjectelement/willvalidate,null
web/api/htmlolistelement,null
web/api/htmlolistelement/compact,null
web/api/htmlolistelement/reversed,null
web/api/htmlolistelement/start,null
web/api/htmlolistelement/type,null
web/api/htmloptgroupelement,null
web/api/htmloptgroupelement/disabled,null
web/api/htmloptgroupelement/label,null
web/api/htmloptionelement,null
web/api/htmloptionelement/defaultselected,null
web/api/htmloptionelement/disabled,null
web/api/htmloptionelement/form,null
web/api/htmloptionelement/index,null
web/api/htmloptionelement/label,null
web/api/htmloptionelement/option,null
web/api/htmloptionelement/selected,null
web/api/htmloptionelement/text,null
web/api/htmloptionelement/value,null
web/api/htmloptionscollection,null
web/api/htmloptionscollection/add,null
web/api/htmloptionscollection/length,null
web/api/htmloptionscollection/remove,null
web/api/htmloptionscollection/selectedindex,null
web/api/htmloutputelement,null
web/api/htmloutputelement/checkvalidity,null
web/api/htmloutputelement/defaultvalue,null
web/api/htmloutputelement/form,null
web/api/htmloutputelement/htmlfor,null
web/api/htmloutputelement/htmloutputelement,null
web/api/htmloutputelement/labels,null
web/api/htmloutputelement/name,null
web/api/htmloutputelement/reportvalidity,null
web/api/htmloutputelement/setcustomvalidity,null
web/api/htmloutputelement/type,null
web/api/htmloutputelement/validationmessage,null
web/api/htmloutputelement/validity,null
web/api/htmloutputelement/value,null
web/api/htmloutputelement/willvalidate,null
web/api/htmlparagraphelement,null
web/api/htmlparamelement,null
web/api/htmlpictureelement,null
web/api/htmlpreelement,null
web/api/htmlprogresselement,null
web/api/htmlprogresselement/labels,null
web/api/htmlprogresselement/max,null
web/api/htmlprogresselement/position,null
web/api/htmlprogresselement/value,null
web/api/htmlquoteelement,null
web/api/htmlquoteelement/cite,null
web/api/htmlscriptelement,null
web/api/htmlscriptelement/async,null
web/api/htmlscriptelement/attributionsrc,null
web/api/htmlscriptelement/blocking,null
web/api/htmlscriptelement/crossorigin,null
web/api/htmlscriptelement/defer,null
web/api/htmlscriptelement/fetchpriority,null
web/api/htmlscriptelement/innertext,null
web/api/htmlscriptelement/integrity,null
web/api/htmlscriptelement/nomodule,null
web/api/htmlscriptelement/referrerpolicy,null
web/api/htmlscriptelement/src,null
web/api/htmlscriptelement/supports_static,null
web/api/htmlscriptelement/text,null
web/api/htmlscriptelement/textcontent,null
web/api/htmlscriptelement/type,null
web/api/htmlselectedcontentelement,null
web/api/htmlselectelement,null
web/api/htmlselectelement/add,null
web/api/htmlselectelement/autocomplete,null
web/api/htmlselectelement/checkvalidity,null
web/api/htmlselectelement/disabled,null
web/api/htmlselectelement/form,null
web/api/htmlselectelement/item,null
web/api/htmlselectelement/labels,null
web/api/htmlselectelement/length,null
web/api/htmlselectelement/multiple,null
web/api/htmlselectelement/name,null
web/api/htmlselectelement/nameditem,null
web/api/htmlselectelement/options,null
web/api/htmlselectelement/remove,null
web/api/htmlselectelement/reportvalidity,null
web/api/htmlselectelement/required,null
web/api/htmlselectelement/selectedindex,null
web/api/htmlselectelement/selectedoptions,null
web/api/htmlselectelement/setcustomvalidity,null
web/api/htmlselectelement/showpicker,null
web/api/htmlselectelement/size,null
web/api/htmlselectelement/type,null
web/api/htmlselectelement/validationmessage,null
web/api/htmlselectelement/validity,null
web/api/htmlselectelement/value,null
web/api/htmlselectelement/willvalidate,null
web/api/htmlslotelement,null
web/api/htmlslotelement/assign,null
web/api/htmlslotelement/assignedelements,null
web/api/htmlslotelement/assignednodes,null
web/api/htmlslotelement/name,null
web/api/htmlslotelement/slotchange_event,null
web/api/htmlsourceelement,null
web/api/htmlsourceelement/height,null
web/api/htmlsourceelement/media,null
web/api/htmlsourceelement/sizes,null
web/api/htmlsourceelement/src,null
web/api/htmlsourceelement/srcset,null
web/api/htmlsourceelement/type,null
web/api/htmlsourceelement/width,null
web/api/htmlspanelement,null
web/api/htmlstyleelement,null
web/api/htmlstyleelement/blocking,null
web/api/htmlstyleelement/disabled,null
web/api/htmlstyleelement/media,null
web/api/htmlstyleelement/sheet,null
web/api/htmlstyleelement/type,null
web/api/htmltablecaptionelement,null
web/api/htmltablecaptionelement/align,null
web/api/htmltablecellelement,null
web/api/htmltablecellelement/abbr,null
web/api/htmltablecellelement/align,null
web/api/htmltablecellelement/bgcolor,null
web/api/htmltablecellelement/cellindex,null
web/api/htmltablecellelement/ch,null
web/api/htmltablecellelement/choff,null
web/api/htmltablecellelement/colspan,null
web/api/htmltablecellelement/headers,null
web/api/htmltablecellelement/nowrap,null
web/api/htmltablecellelement/rowspan,null
web/api/htmltablecellelement/scope,null
web/api/htmltablecellelement/valign,null
web/api/htmltablecolelement,null
web/api/htmltablecolelement/align,null
web/api/htmltablecolelement/ch,null
web/api/htmltablecolelement/choff,null
web/api/htmltablecolelement/span,null
web/api/htmltablecolelement/valign,null
web/api/htmltableelement,null
web/api/htmltableelement/align,null
web/api/htmltableelement/bgcolor,null
web/api/htmltableelement/border,null
web/api/htmltableelement/caption,null
web/api/htmltableelement/cellpadding,null
web/api/htmltableelement/cellspacing,null
web/api/htmltableelement/createcaption,null
web/api/htmltableelement/createtbody,null
web/api/htmltableelement/createtfoot,null
web/api/htmltableelement/createthead,null
web/api/htmltableelement/deletecaption,null
web/api/htmltableelement/deleterow,null
web/api/htmltableelement/deletetfoot,null
web/api/htmltableelement/deletethead,null
web/api/htmltableelement/frame,null
web/api/htmltableelement/insertrow,null
web/api/htmltableelement/rows,null
web/api/htmltableelement/rules,null
web/api/htmltableelement/summary,null
web/api/htmltableelement/tbodies,null
web/api/htmltableelement/tfoot,null
web/api/htmltableelement/thead,null
web/api/htmltableelement/width,null
web/api/htmltablerowelement,null
web/api/htmltablerowelement/align,null
web/api/htmltablerowelement/bgcolor,null
web/api/htmltablerowelement/cells,null
web/api/htmltablerowelement/ch,null
web/api/htmltablerowelement/choff,null
web/api/htmltablerowelement/deletecell,null
web/api/htmltablerowelement/insertcell,null
web/api/htmltablerowelement/rowindex,null
web/api/htmltablerowelement/sectionrowindex,null
web/api/htmltablerowelement/valign,null
web/api/htmltablesectionelement,null
web/api/htmltablesectionelement/align,null
web/api/htmltablesectionelement/ch,null
web/api/htmltablesectionelement/choff,null
web/api/htmltablesectionelement/deleterow,null
web/api/htmltablesectionelement/insertrow,null
web/api/htmltablesectionelement/rows,null
web/api/htmltablesectionelement/valign,null
web/api/htmltemplateelement,null
web/api/htmltemplateelement/content,null
web/api/htmltemplateelement/shadowrootclonable,null
web/api/htmltemplateelement/shadowrootcustomelementregistry,null
web/api/htmltemplateelement/shadowrootdelegatesfocus,null
web/api/htmltemplateelement/shadowrootmode,null
web/api/htmltemplateelement/shadowrootserializable,null
web/api/htmltemplateelement/shadowrootslotassignment,null
web/api/htmltextareaelement,null
web/api/htmltextareaelement/autocomplete,null
web/api/htmltextareaelement/checkvalidity,null
web/api/htmltextareaelement/cols,null
web/api/htmltextareaelement/defaultvalue,null
web/api/htmltextareaelement/dirname,null
web/api/htmltextareaelement/disabled,null
web/api/htmltextareaelement/form,null
web/api/htmltextareaelement/labels,null
web/api/htmltextareaelement/maxlength,null
web/api/htmltextareaelement/minlength,null
web/api/htmltextareaelement/name,null
web/api/htmltextareaelement/placeholder,null
web/api/htmltextareaelement/readonly,null
web/api/htmltextareaelement/reportvalidity,null
web/api/htmltextareaelement/required,null
web/api/htmltextareaelement/rows,null
web/api/htmltextareaelement/select,null
web/api/htmltextareaelement/select_event,null
web/api/htmltextareaelement/selectionchange_event,null
web/api/htmltextareaelement/selectiondirection,null
web/api/htmltextareaelement/selectionend,null
web/api/htmltextareaelement/selectionstart,null
web/api/htmltextareaelement/setcustomvalidity,null
web/api/htmltextareaelement/setrangetext,null
web/api/htmltextareaelement/setselectionrange,null
web/api/htmltextareaelement/textlength,null
web/api/htmltextareaelement/type,null
web/api/htmltextareaelement/validationmessage,null
web/api/htmltextareaelement/validity,null
web/api/htmltextareaelement/value,null
web/api/htmltextareaelement/willvalidate,null
web/api/htmltextareaelement/wrap,null
web/api/htmltimeelement,null
web/api/htmltimeelement/datetime,null
web/api/htmltitleelement,null
web/api/htmltitleelement/text,null
web/api/htmltrackelement,null
web/api/htmltrackelement/cuechange_event,null
web/api/htmltrackelement/default,null
web/api/htmltrackelement/kind,null
web/api/htmltrackelement/label,null
web/api/htmltrackelement/readystate,null
web/api/htmltrackelement/src,null
web/api/htmltrackelement/srclang,null
web/api/htmltrackelement/track,null
web/api/htmlulistelement,null
web/api/htmlulistelement/compact,null
web/api/htmlunknownelement,null
web/api/htmlvideoelement,null
web/api/htmlvideoelement/cancelvideoframecallback,null
web/api/htmlvideoelement/disablepictureinpicture,null
web/api/htmlvideoelement/enterpictureinpicture_event,null
web/api/htmlvideoelement/getvideoplaybackquality,null
web/api/htmlvideoelement/height,null
web/api/htmlvideoelement/leavepictureinpicture_event,null
web/api/htmlvideoelement/poster,null
web/api/htmlvideoelement/requestpictureinpicture,null
web/api/htmlvideoelement/requestvideoframecallback,null
web/api/htmlvideoelement/resize_event,null
web/api/htmlvideoelement/videoheight,null
web/api/htmlvideoelement/videowidth,null
web/api/htmlvideoelement/width,null
web/api/idbcursor,null
web/api/idbcursor/advance,null
web/api/idbcursor/continue,null
web/api/idbcursor/continueprimarykey,null
web/api/idbcursor/delete,null
web/api/idbcursor/direction,null
web/api/idbcursor/key,null
web/api/idbcursor/primarykey,null
web/api/idbcursor/request,null
web/api/idbcursor/source,null
web/api/idbcursor/update,null
web/api/idbcursorwithvalue,null
web/api/idbcursorwithvalue/value,null
web/api/idbdatabase,null
web/api/idbdatabase/close,null
web/api/idbdatabase/close_event,null
web/api/idbdatabase/createobjectstore,null
web/api/idbdatabase/deleteobjectstore,null
web/api/idbdatabase/name,null
web/api/idbdatabase/objectstorenames,null
web/api/idbdatabase/transaction,null
web/api/idbdatabase/version,null
web/api/idbdatabase/versionchange_event,null
web/api/idbfactory,null
web/api/idbfactory/cmp,null
web/api/idbfactory/databases,null
web/api/idbfactory/deletedatabase,null
web/api/idbfactory/open,null
web/api/idbindex,null
web/api/idbindex/count,null
web/api/idbindex/get,null
web/api/idbindex/getall,null
web/api/idbindex/getallkeys,null
web/api/idbindex/getallrecords,null
web/api/idbindex/getkey,null
web/api/idbindex/isautolocale,null
web/api/idbindex/keypath,null
web/api/idbindex/locale,null
web/api/idbindex/multientry,null
web/api/idbindex/name,null
web/api/idbindex/objectstore,null
web/api/idbindex/opencursor,null
web/api/idbindex/openkeycursor,null
web/api/idbindex/unique,null
web/api/idbkeyrange,null
web/api/idbkeyrange/bound_static,null
web/api/idbkeyrange/includes,null
web/api/idbkeyrange/lower,null
web/api/idbkeyrange/lowerbound_static,null
web/api/idbkeyrange/loweropen,null
web/api/idbkeyrange/only_static,null
web/api/idbkeyrange/upper,null
web/api/idbkeyrange/upperbound_static,null
web/api/idbkeyrange/upperopen,null
web/api/idbobjectstore,null
web/api/idbobjectstore/add,null
web/api/idbobjectstore/autoincrement,null
web/api/idbobjectstore/clear,null
web/api/idbobjectstore/count,null
web/api/idbobjectstore/createindex,null
web/api/idbobjectstore/delete,null
web/api/idbobjectstore/deleteindex,null
web/api/idbobjectstore/get,null
web/api/idbobjectstore/getall,null
web/api/idbobjectstore/getallkeys,null
web/api/idbobjectstore/getallrecords,null
web/api/idbobjectstore/getkey,null
web/api/idbobjectstore/index,null
web/api/idbobjectstore/indexnames,null
web/api/idbobjectstore/keypath,null
web/api/idbobjectstore/name,null
web/api/idbobjectstore/opencursor,null
web/api/idbobjectstore/openkeycursor,null
web/api/idbobjectstore/put,null
web/api/idbobjectstore/transaction,null
web/api/idbopendbrequest,null
web/api/idbopendbrequest/blocked_event,null
web/api/idbopendbrequest/upgradeneeded_event,null
web/api/idbrequest,null
web/api/idbrequest/error,null
web/api/idbrequest/error_event,null
web/api/idbrequest/readystate,null
web/api/idbrequest/result,null
web/api/idbrequest/source,null
web/api/idbrequest/success_event,null
web/api/idbrequest/transaction,null
web/api/idbtransaction,null
web/api/idbtransaction/abort,null
web/api/idbtransaction/abort_event,null
web/api/idbtransaction/commit,null
web/api/idbtransaction/complete_event,null
web/api/idbtransaction/db,null
web/api/idbtransaction/durability,null
web/api/idbtransaction/error,null
web/api/idbtransaction/error_event,null
web/api/idbtransaction/mode,null
web/api/idbtransaction/objectstore,null
web/api/idbtransaction/objectstorenames,null
web/api/idbversionchangeevent,null
web/api/idbversionchangeevent/idbversionchangeevent,null
web/api/idbversionchangeevent/newversion,null
web/api/idbversionchangeevent/oldversion,null
web/api/identitycredential,null
web/api/identitycredential/configurl,null
web/api/identitycredential/disconnect_static,null
web/api/identitycredential/isautoselected,null
web/api/identitycredential/token,null
web/api/identitycredentialerror,null
web/api/identitycredentialerror/error,null
web/api/identitycredentialerror/identitycredentialerror,null
web/api/identitycredentialerror/url,null
web/api/identitycredentialrequestoptions,null
web/api/identityprovider,null
web/api/identityprovider/close_static,null
web/api/identityprovider/getuserinfo_static,null
web/api/idle_detection_api,null
web/api/idledeadline,null
web/api/idledeadline/didtimeout,null
web/api/idledeadline/timeremaining,null
web/api/idledetector,null
web/api/idledetector/change_event,null
web/api/idledetector/idledetector,null
web/api/idledetector/requestpermission_static,null
web/api/idledetector/screenstate,null
web/api/idledetector/start,null
web/api/idledetector/userstate,null
web/api/iirfilternode,null
web/api/iirfilternode/getfrequencyresponse,null
web/api/iirfilternode/iirfilternode,null
web/api/imagebitmap,null
web/api/imagebitmap/close,null
web/api/imagebitmap/height,null
web/api/imagebitmap/width,null
web/api/imagebitmaprenderingcontext,null
web/api/imagebitmaprenderingcontext/canvas,null
web/api/imagebitmaprenderingcontext/transferfromimagebitmap,null
web/api/imagecapture,null
web/api/imagecapture/getphotocapabilities,null
web/api/imagecapture/getphotosettings,null
web/api/imagecapture/grabframe,null
web/api/imagecapture/imagecapture,null
web/api/imagecapture/takephoto,null
web/api/imagecapture/track,null
web/api/imagedata,null
web/api/imagedata/colorspace,null
web/api/imagedata/data,null
web/api/imagedata/height,null
web/api/imagedata/imagedata,null
web/api/imagedata/pixelformat,null
web/api/imagedata/width,null
web/api/imagedecoder,null
web/api/imagedecoder/close,null
web/api/imagedecoder/complete,null
web/api/imagedecoder/completed,null
web/api/imagedecoder/decode,null
web/api/imagedecoder/imagedecoder,null
web/api/imagedecoder/istypesupported_static,null
web/api/imagedecoder/reset,null
web/api/imagedecoder/tracks,null
web/api/imagedecoder/type,null
web/api/imagetrack,null
web/api/imagetrack/animated,null
web/api/imagetrack/framecount,null
web/api/imagetrack/repetitioncount,null
web/api/imagetrack/selected,null
web/api/imagetracklist,null
web/api/imagetracklist/length,null
web/api/imagetracklist/ready,null
web/api/imagetracklist/selectedindex,null
web/api/imagetracklist/selectedtrack,null
web/api/indexeddb_api,null
web/api/indexeddb_api/basic_terminology,null
web/api/indexeddb_api/checking_when_a_deadline_is_due,null
web/api/indexeddb_api/using_indexeddb,null
web/api/ink,null
web/api/ink/requestpresenter,null
web/api/ink_api,null
web/api/inputdevicecapabilities,null
web/api/inputdevicecapabilities/firestouchevents,null
web/api/inputdevicecapabilities/inputdevicecapabilities,null
web/api/inputdevicecapabilities_api,null
web/api/inputdeviceinfo,null
web/api/inputdeviceinfo/getcapabilities,null
web/api/inputevent,null
web/api/inputevent/data,null
web/api/inputevent/datatransfer,null
web/api/inputevent/gettargetranges,null
web/api/inputevent/inputevent,null
web/api/inputevent/inputtype,null
web/api/inputevent/iscomposing,null
web/api/insertable_streams_for_mediastreamtrack_api,null
web/api/installevent,null
web/api/installevent/addroutes,null
web/api/installevent/installevent,null
web/api/integrityviolationreport,null
web/api/interestevent,null
web/api/interestevent/interestevent,null
web/api/interestevent/source,null
web/api/intersection_observer_api,null
web/api/intersection_observer_api/timing_element_visibility,null
web/api/intersectionobserver,null
web/api/intersectionobserver/delay,null
web/api/intersectionobserver/disconnect,null
web/api/intersectionobserver/intersectionobserver,null
web/api/intersectionobserver/observe,null
web/api/intersectionobserver/root,null
web/api/intersectionobserver/rootmargin,null
web/api/intersectionobserver/scrollmargin,null
web/api/intersectionobserver/takerecords,null
web/api/intersectionobserver/thresholds,null
web/api/intersectionobserver/trackvisibility,null
web/api/intersectionobserver/unobserve,null
web/api/intersectionobserverentry,null
web/api/intersectionobserverentry/boundingclientrect,null
web/api/intersectionobserverentry/intersectionobserverentry,null
web/api/intersectionobserverentry/intersectionratio,null
web/api/intersectionobserverentry/intersectionrect,null
web/api/intersectionobserverentry/isintersecting,null
web/api/intersectionobserverentry/rootbounds,null
web/api/intersectionobserverentry/target,null
web/api/intersectionobserverentry/time,null
web/api/interventionreport,null
web/api/invoker_commands_api,null
web/api/js_self-profiling_api,null
web/api/js_self-profiling_api/profile_content_and_format,null
web/api/keyboard,null
web/api/keyboard/getlayoutmap,null
web/api/keyboard/lock,null
web/api/keyboard/unlock,null
web/api/keyboard_api,null
web/api/keyboardevent,null
web/api/keyboardevent/altkey,null
web/api/keyboardevent/charcode,null
web/api/keyboardevent/code,null
web/api/keyboardevent/ctrlkey,null
web/api/keyboardevent/getmodifierstate,null
web/api/keyboardevent/initkeyboardevent,null
web/api/keyboardevent/iscomposing,null
web/api/keyboardevent/key,null
web/api/keyboardevent/keyboardevent,null
web/api/keyboardevent/keycode,null
web/api/keyboardevent/keyidentifier,null
web/api/keyboardevent/location,null
web/api/keyboardevent/metakey,null
web/api/keyboardevent/repeat,null
web/api/keyboardevent/shiftkey,null
web/api/keyboardlayoutmap,null
web/api/keyboardlayoutmap/entries,null
web/api/keyboardlayoutmap/foreach,null
web/api/keyboardlayoutmap/get,null
web/api/keyboardlayoutmap/has,null
web/api/keyboardlayoutmap/keys,null
web/api/keyboardlayoutmap/size,null
web/api/keyboardlayoutmap/values,null
web/api/keyframeeffect,null
web/api/keyframeeffect/composite,null
web/api/keyframeeffect/getkeyframes,null
web/api/keyframeeffect/iterationcomposite,null
web/api/keyframeeffect/keyframeeffect,null
web/api/keyframeeffect/pseudoelement,null
web/api/keyframeeffect/setkeyframes,null
web/api/keyframeeffect/target,null
web/api/khr_parallel_shader_compile,null
web/api/languagedetector,null
web/api/languagedetector/availability_static,null
web/api/languagedetector/create_static,null
web/api/languagedetector/destroy,null
web/api/languagedetector/detect,null
web/api/languagedetector/expectedinputlanguages,null
web/api/languagedetector/inputquota,null
web/api/languagedetector/measureinputusage,null
web/api/largestcontentfulpaint,null
web/api/largestcontentfulpaint/element,null
web/api/largestcontentfulpaint/id,null
web/api/largestcontentfulpaint/loadtime,null
web/api/largestcontentfulpaint/painttime,null
web/api/largestcontentfulpaint/presentationtime,null
web/api/largestcontentfulpaint/rendertime,null
web/api/largestcontentfulpaint/size,null
web/api/largestcontentfulpaint/tojson,null
web/api/largestcontentfulpaint/url,null
web/api/launch_handler_api,null
web/api/launchparams,null
web/api/launchparams/files,null
web/api/launchparams/targeturl,null
web/api/launchqueue,null
web/api/launchqueue/setconsumer,null
web/api/layoutshift,null
web/api/layoutshift/hadrecentinput,null
web/api/layoutshift/lastinputtime,null
web/api/layoutshift/sources,null
web/api/layoutshift/tojson,null
web/api/layoutshift/value,null
web/api/layoutshiftattribution,null
web/api/layoutshiftattribution/currentrect,null
web/api/layoutshiftattribution/node,null
web/api/layoutshiftattribution/previousrect,null
web/api/layoutshiftattribution/tojson,null
web/api/linearaccelerationsensor,null
web/api/linearaccelerationsensor/linearaccelerationsensor,null
web/api/local_font_access_api,null
web/api/location,null
web/api/location/ancestororigins,null
web/api/location/assign,null
web/api/location/hash,null
web/api/location/host,null
web/api/location/hostname,null
web/api/location/href,null
web/api/location/origin,null
web/api/location/pathname,null
web/api/location/port,null
web/api/location/protocol,null
web/api/location/reload,null
web/api/location/replace,null
web/api/location/search,null
web/api/location/tostring,null
web/api/lock,null
web/api/lock/mode,null
web/api/lock/name,null
web/api/lockmanager,null
web/api/lockmanager/query,null
web/api/lockmanager/request,null
web/api/magnetometer,null
web/api/magnetometer/magnetometer,null
web/api/magnetometer/x,null
web/api/magnetometer/y,null
web/api/magnetometer/z,null
web/api/managedmediasource,null
web/api/managedmediasource/endstreaming_event,null
web/api/managedmediasource/managedmediasource,null
web/api/managedmediasource/startstreaming_event,null
web/api/managedmediasource/streaming,null
web/api/managedsourcebuffer,null
web/api/managedsourcebuffer/bufferedchange_event,null
web/api/mathmlelement,null
web/api/mathmlelement/attributestylemap,null
web/api/mathmlelement/autofocus,null
web/api/mathmlelement/blur,null
web/api/mathmlelement/dataset,null
web/api/mathmlelement/focus,null
web/api/mathmlelement/nonce,null
web/api/mathmlelement/style,null
web/api/mathmlelement/tabindex,null
web/api/media_capabilities_api,null
web/api/media_capabilities_api/using_the_media_capabilities_api,null
web/api/media_capture_and_streams_api,null
web/api/media_capture_and_streams_api/constraints,null
web/api/media_capture_and_streams_api/taking_still_photos,null
web/api/media_session_api,null
web/api/media_source_extensions_api,null
web/api/media_source_extensions_api/dash_adaptive_streaming,null
web/api/media_source_extensions_api/transcoding_assets_for_mse,null
web/api/mediacapabilities,null
web/api/mediacapabilities/decodinginfo,null
web/api/mediacapabilities/encodinginfo,null
web/api/mediadeviceinfo,null
web/api/mediadeviceinfo/deviceid,null
web/api/mediadeviceinfo/groupid,null
web/api/mediadeviceinfo/kind,null
web/api/mediadeviceinfo/label,null
web/api/mediadeviceinfo/tojson,null
web/api/mediadevices,null
web/api/mediadevices/devicechange_event,null
web/api/mediadevices/enumeratedevices,null
web/api/mediadevices/getdisplaymedia,null
web/api/mediadevices/getsupportedconstraints,null
web/api/mediadevices/getusermedia,null
web/api/mediadevices/selectaudiooutput,null
web/api/mediaelementaudiosourcenode,null
web/api/mediaelementaudiosourcenode/mediaelement,null
web/api/mediaelementaudiosourcenode/mediaelementaudiosourcenode,null
web/api/mediaencryptedevent,null
web/api/mediaencryptedevent/initdata,null
web/api/mediaencryptedevent/initdatatype,null
web/api/mediaencryptedevent/mediaencryptedevent,null
web/api/mediaerror,0
web/api/mediaerror/code,null
web/api/mediaerror/message,null
web/api/mediakeymessageevent,null
web/api/mediakeymessageevent/mediakeymessageevent,null
web/api/mediakeymessageevent/message,null
web/api/mediakeymessageevent/messagetype,null
web/api/mediakeys,null
web/api/mediakeys/createsession,null
web/api/mediakeys/getstatusforpolicy,null
web/api/mediakeys/setservercertificate,null
web/api/mediakeysession,null
web/api/mediakeysession/close,null
web/api/mediakeysession/closed,null
web/api/mediakeysession/expiration,null
web/api/mediakeysession/generaterequest,null
web/api/mediakeysession/keystatuses,null
web/api/mediakeysession/keystatuseschange_event,null
web/api/mediakeysession/load,null
web/api/mediakeysession/message_event,null
web/api/mediakeysession/remove,null
web/api/mediakeysession/sessionid,null
web/api/mediakeysession/update,null
web/api/mediakeystatusmap,null
web/api/mediakeystatusmap/entries,null
web/api/mediakeystatusmap/foreach,null
web/api/mediakeystatusmap/get,null
web/api/mediakeystatusmap/has,null
web/api/mediakeystatusmap/keys,null
web/api/mediakeystatusmap/size,null
web/api/mediakeystatusmap/values,null
web/api/mediakeysystemaccess,null
web/api/mediakeysystemaccess/createmediakeys,null
web/api/mediakeysystemaccess/getconfiguration,null
web/api/mediakeysystemaccess/keysystem,null
web/api/medialist,null
web/api/medialist/appendmedium,null
web/api/medialist/deletemedium,null
web/api/medialist/item,null
web/api/medialist/length,null
web/api/medialist/mediatext,null
web/api/medialist/tostring,null
web/api/mediametadata,null
web/api/mediametadata/album,null
web/api/mediametadata/artist,null
web/api/mediametadata/artwork,null
web/api/mediametadata/chapterinfo,null
web/api/mediametadata/mediametadata,null
web/api/mediametadata/title,null
web/api/mediaquerylist,null
web/api/mediaquerylist/addlistener,null
web/api/mediaquerylist/change_event,null
web/api/mediaquerylist/matches,null
web/api/mediaquerylist/media,null
web/api/mediaquerylist/removelistener,null
web/api/mediaquerylistevent,null
web/api/mediaquerylistevent/matches,null
web/api/mediaquerylistevent/media,null
web/api/mediaquerylistevent/mediaquerylistevent,null
web/api/mediarecorder,null
web/api/mediarecorder/audiobitratemode,null
web/api/mediarecorder/audiobitspersecond,null
web/api/mediarecorder/dataavailable_event,null
web/api/mediarecorder/error_event,null
web/api/mediarecorder/istypesupported_static,null
web/api/mediarecorder/mediarecorder,null
web/api/mediarecorder/mimetype,null
web/api/mediarecorder/pause,null
web/api/mediarecorder/pause_event,null
web/api/mediarecorder/requestdata,null
web/api/mediarecorder/resume,null
web/api/mediarecorder/resume_event,null
web/api/mediarecorder/start,null
web/api/mediarecorder/start_event,null
web/api/mediarecorder/state,null
web/api/mediarecorder/stop,null
web/api/mediarecorder/stop_event,null
web/api/mediarecorder/stream,null
web/api/mediarecorder/videobitspersecond,null
web/api/mediarecordererrorevent,null
web/api/mediarecordererrorevent/error,null
web/api/mediarecordererrorevent/mediarecordererrorevent,null
web/api/mediasession,null
web/api/mediasession/metadata,null
web/api/mediasession/playbackstate,null
web/api/mediasession/setactionhandler,null
web/api/mediasession/setcameraactive,null
web/api/mediasession/setmicrophoneactive,null
web/api/mediasession/setpositionstate,null
web/api/mediasession/setscreenshareactive,null
web/api/mediasource,null
web/api/mediasource/activesourcebuffers,null
web/api/mediasource/addsourcebuffer,null
web/api/mediasource/canconstructindedicatedworker_static,null
web/api/mediasource/clearliveseekablerange,null
web/api/mediasource/duration,null
web/api/mediasource/endofstream,null
web/api/mediasource/handle,null
web/api/mediasource/istypesupported_static,null
web/api/mediasource/mediasource,null
web/api/mediasource/readystate,null
web/api/mediasource/removesourcebuffer,null
web/api/mediasource/setliveseekablerange,null
web/api/mediasource/sourcebuffers,null
web/api/mediasource/sourceclose_event,null
web/api/mediasource/sourceended_event,null
web/api/mediasource/sourceopen_event,null
web/api/mediasourcehandle,null
web/api/mediastream,null
web/api/mediastream/active,null
web/api/mediastream/addtrack,null
web/api/mediastream/addtrack_event,null
web/api/mediastream/clone,null
web/api/mediastream/getaudiotracks,null
web/api/mediastream/gettrackbyid,null
web/api/mediastream/gettracks,null
web/api/mediastream/getvideotracks,null
web/api/mediastream/id,null
web/api/mediastream/mediastream,null
web/api/mediastream/removetrack,null
web/api/mediastream/removetrack_event,null
web/api/mediastream_image_capture_api,null
web/api/mediastream_recording_api,null
web/api/mediastream_recording_api/recording_a_media_element,null
web/api/mediastream_recording_api/using_the_mediastream_recording_api,null
web/api/mediastreamaudiodestinationnode,null
web/api/mediastreamaudiodestinationnode/mediastreamaudiodestinationnode,null
web/api/mediastreamaudiodestinationnode/stream,null
web/api/mediastreamaudiosourcenode,null
web/api/mediastreamaudiosourcenode/mediastream,null
web/api/mediastreamaudiosourcenode/mediastreamaudiosourcenode,null
web/api/mediastreamevent,null
web/api/mediastreamevent/mediastreamevent,null
web/api/mediastreamevent/stream,null
web/api/mediastreamtrack,null
web/api/mediastreamtrack/applyconstraints,null
web/api/mediastreamtrack/clone,null
web/api/mediastreamtrack/contenthint,null
web/api/mediastreamtrack/enabled,null
web/api/mediastreamtrack/ended_event,null
web/api/mediastreamtrack/getcapabilities,null
web/api/mediastreamtrack/getconstraints,null
web/api/mediastreamtrack/getsettings,null
web/api/mediastreamtrack/id,null
web/api/mediastreamtrack/kind,null
web/api/mediastreamtrack/label,null
web/api/mediastreamtrack/mute_event,null
web/api/mediastreamtrack/muted,null
web/api/mediastreamtrack/readystate,null
web/api/mediastreamtrack/stop,null
web/api/mediastreamtrack/unmute_event,null
web/api/mediastreamtrackaudiosourcenode,null
web/api/mediastreamtrackaudiosourcenode/mediastreamtrackaudiosourcenode,null
web/api/mediastreamtrackevent,null
web/api/mediastreamtrackevent/mediastreamtrackevent,null
web/api/mediastreamtrackevent/track,null
web/api/mediastreamtrackgenerator,null
web/api/mediastreamtrackgenerator/mediastreamtrackgenerator,null
web/api/mediastreamtrackgenerator/writable,null
web/api/mediastreamtrackprocessor,null
web/api/mediastreamtrackprocessor/mediastreamtrackprocessor,null
web/api/mediastreamtrackprocessor/readable,null
web/api/mediatrackconstraints,null
web/api/mediatrackconstraints/aspectratio,null
web/api/mediatrackconstraints/autogaincontrol,null
web/api/mediatrackconstraints/channelcount,null
web/api/mediatrackconstraints/deviceid,null
web/api/mediatrackconstraints/displaysurface,null
web/api/mediatrackconstraints/echocancellation,null
web/api/mediatrackconstraints/facingmode,null
web/api/mediatrackconstraints/framerate,null
web/api/mediatrackconstraints/groupid,null
web/api/mediatrackconstraints/height,null
web/api/mediatrackconstraints/latency,null
web/api/mediatrackconstraints/logicalsurface,null
web/api/mediatrackconstraints/noisesuppression,null
web/api/mediatrackconstraints/restrictownaudio,null
web/api/mediatrackconstraints/samplerate,null
web/api/mediatrackconstraints/samplesize,null
web/api/mediatrackconstraints/suppresslocalaudioplayback,null
web/api/mediatrackconstraints/volume,null
web/api/mediatrackconstraints/width,null
web/api/mediatracksettings,null
web/api/mediatracksettings/aspectratio,null
web/api/mediatracksettings/autogaincontrol,null
web/api/mediatracksettings/channelcount,null
web/api/mediatracksettings/cursor,null
web/api/mediatracksettings/deviceid,null
web/api/mediatracksettings/displaysurface,null
web/api/mediatracksettings/echocancellation,null
web/api/mediatracksettings/facingmode,null
web/api/mediatracksettings/framerate,null
web/api/mediatracksettings/groupid,null
web/api/mediatracksettings/height,null
web/api/mediatracksettings/latency,null
web/api/mediatracksettings/logicalsurface,null
web/api/mediatracksettings/noisesuppression,null
web/api/mediatracksettings/restrictownaudio,null
web/api/mediatracksettings/samplerate,null
web/api/mediatracksettings/samplesize,null
web/api/mediatracksettings/screenpixelratio,null
web/api/mediatracksettings/suppresslocalaudioplayback,null
web/api/mediatracksettings/volume,null
web/api/mediatracksettings/width,null
web/api/mediatracksupportedconstraints,null
web/api/mediatracksupportedconstraints/aspectratio,null
web/api/mediatracksupportedconstraints/autogaincontrol,null
web/api/mediatracksupportedconstraints/channelcount,null
web/api/mediatracksupportedconstraints/deviceid,null
web/api/mediatracksupportedconstraints/displaysurface,null
web/api/mediatracksupportedconstraints/echocancellation,null
web/api/mediatracksupportedconstraints/facingmode,null
web/api/mediatracksupportedconstraints/framerate,null
web/api/mediatracksupportedconstraints/groupid,null
web/api/mediatracksupportedconstraints/height,null
web/api/mediatracksupportedconstraints/latency,null
web/api/mediatracksupportedconstraints/logicalsurface,null
web/api/mediatracksupportedconstraints/noisesuppression,null
web/api/mediatracksupportedconstraints/restrictownaudio,null
web/api/mediatracksupportedconstraints/samplerate,null
web/api/mediatracksupportedconstraints/samplesize,null
web/api/mediatracksupportedconstraints/suppresslocalaudioplayback,null
web/api/mediatracksupportedconstraints/volume,null
web/api/mediatracksupportedconstraints/width,null
web/api/merchantvalidationevent,null
web/api/merchantvalidationevent/complete,null
web/api/merchantvalidationevent/merchantvalidationevent,null
web/api/merchantvalidationevent/methodname,null
web/api/merchantvalidationevent/validationurl,null
web/api/messagechannel,null
web/api/messagechannel/messagechannel,null
web/api/messagechannel/port1,null
web/api/messagechannel/port2,null
web/api/messageevent,null
web/api/messageevent/data,null
web/api/messageevent/lasteventid,null
web/api/messageevent/messageevent,null
web/api/messageevent/origin,null
web/api/messageevent/ports,null
web/api/messageevent/source,null
web/api/messageport,null
web/api/messageport/close,null
web/api/messageport/message_event,null
web/api/messageport/messageerror_event,null
web/api/messageport/postmessage,null
web/api/messageport/start,null
web/api/metadata,null
web/api/metadata/modificationtime,null
web/api/metadata/size,null
web/api/midiaccess,null
web/api/midiaccess/inputs,null
web/api/midiaccess/outputs,null
web/api/midiaccess/statechange_event,null
web/api/midiaccess/sysexenabled,null
web/api/midiconnectionevent,null
web/api/midiconnectionevent/midiconnectionevent,null
web/api/midiconnectionevent/port,null
web/api/midiinput,null
web/api/midiinput/midimessage_event,null
web/api/midiinputmap,null
web/api/midimessageevent,null
web/api/midimessageevent/data,null
web/api/midimessageevent/midimessageevent,null
web/api/midioutput,null
web/api/midioutput/clear,null
web/api/midioutput/send,null
web/api/midioutputmap,null
web/api/midiport,null
web/api/midiport/close,null
web/api/midiport/connection,null
web/api/midiport/id,null
web/api/midiport/manufacturer,null
web/api/midiport/name,null
web/api/midiport/open,null
web/api/midiport/state,null
web/api/midiport/statechange_event,null
web/api/midiport/type,null
web/api/midiport/version,null
web/api/mimetype,null
web/api/mimetypearray,null
web/api/mouseevent,null
web/api/mouseevent/altkey,null
web/api/mouseevent/button,null
web/api/mouseevent/buttons,null
web/api/mouseevent/clientx,null
web/api/mouseevent/clienty,null
web/api/mouseevent/ctrlkey,null
web/api/mouseevent/getmodifierstate,null
web/api/mouseevent/initmouseevent,null
web/api/mouseevent/layerx,null
web/api/mouseevent/layery,null
web/api/mouseevent/metakey,null
web/api/mouseevent/mouseevent,null
web/api/mouseevent/movementx,null
web/api/mouseevent/movementy,null
web/api/mouseevent/mozinputsource,null
web/api/mouseevent/offsetx,null
web/api/mouseevent/offsety,null
web/api/mouseevent/pagex,null
web/api/mouseevent/pagey,null
web/api/mouseevent/relatedtarget,null
web/api/mouseevent/screenx,null
web/api/mouseevent/screeny,null
web/api/mouseevent/shiftkey,null
web/api/mouseevent/webkit_force_at_force_mouse_down_static,null
web/api/mouseevent/webkit_force_at_mouse_down_static,null
web/api/mouseevent/webkitforce,null
web/api/mouseevent/x,null
web/api/mouseevent/y,null
web/api/mousescrollevent,null
web/api/mutationevent,null
web/api/mutationevent/attrchange,null
web/api/mutationevent/attrname,null
web/api/mutationevent/initmutationevent,null
web/api/mutationevent/newvalue,null
web/api/mutationevent/prevvalue,null
web/api/mutationevent/relatednode,null
web/api/mutationobserver,null
web/api/mutationobserver/disconnect,null
web/api/mutationobserver/mutationobserver,null
web/api/mutationobserver/observe,null
web/api/mutationobserver/takerecords,null
web/api/mutationrecord,null
web/api/mutationrecord/addednodes,null
web/api/mutationrecord/attributename,null
web/api/mutationrecord/attributenamespace,null
web/api/mutationrecord/nextsibling,null
web/api/mutationrecord/oldvalue,null
web/api/mutationrecord/previoussibling,null
web/api/mutationrecord/removednodes,null
web/api/mutationrecord/target,null
web/api/mutationrecord/type,null
web/api/namednodemap,null
web/api/namednodemap/getnameditem,null
web/api/namednodemap/getnameditemns,null
web/api/namednodemap/item,null
web/api/namednodemap/length,null
web/api/namednodemap/removenameditem,null
web/api/namednodemap/removenameditemns,null
web/api/namednodemap/setnameditem,null
web/api/namednodemap/setnameditemns,null
web/api/navigateevent,null
web/api/navigateevent/canintercept,null
web/api/navigateevent/destination,null
web/api/navigateevent/downloadrequest,null
web/api/navigateevent/formdata,null
web/api/navigateevent/hashchange,null
web/api/navigateevent/hasuavisualtransition,null
web/api/navigateevent/info,null
web/api/navigateevent/intercept,null
web/api/navigateevent/navigateevent,null
web/api/navigateevent/navigationtype,null
web/api/navigateevent/scroll,null
web/api/navigateevent/signal,null
web/api/navigateevent/sourceelement,null
web/api/navigateevent/userinitiated,null
web/api/navigation,null
web/api/navigation/activation,null
web/api/navigation/back,null
web/api/navigation/cangoback,null
web/api/navigation/cangoforward,null
web/api/navigation/currententry,null
web/api/navigation/currententrychange_event,null
web/api/navigation/entries,null
web/api/navigation/forward,null
web/api/navigation/navigate,null
web/api/navigation/navigate_event,null
web/api/navigation/navigateerror_event,null
web/api/navigation/navigatesuccess_event,null
web/api/navigation/reload,null
web/api/navigation/transition,null
web/api/navigation/traverseto,null
web/api/navigation/updatecurrententry,null
web/api/navigation_api,null
web/api/navigationactivation,null
web/api/navigationactivation/entry,null
web/api/navigationactivation/from,null
web/api/navigationactivation/navigationtype,null
web/api/navigationcurrententrychangeevent,null
web/api/navigationcurrententrychangeevent/from,null
web/api/navigationcurrententrychangeevent/navigationcurrententrychangeevent,null
web/api/navigationcurrententrychangeevent/navigationtype,null
web/api/navigationdestination,null
web/api/navigationdestination/getstate,null
web/api/navigationdestination/id,null
web/api/navigationdestination/index,null
web/api/navigationdestination/key,null
web/api/navigationdestination/samedocument,null
web/api/navigationdestination/url,null
web/api/navigationhistoryentry,null
web/api/navigationhistoryentry/dispose_event,null
web/api/navigationhistoryentry/getstate,null
web/api/navigationhistoryentry/id,null
web/api/navigationhistoryentry/index,null
web/api/navigationhistoryentry/key,null
web/api/navigationhistoryentry/samedocument,null
web/api/navigationhistoryentry/url,null
web/api/navigationprecommitcontroller,null
web/api/navigationprecommitcontroller/addhandler,null
web/api/navigationprecommitcontroller/redirect,null
web/api/navigationpreloadmanager,null
web/api/navigationpreloadmanager/disable,null
web/api/navigationpreloadmanager/enable,null
web/api/navigationpreloadmanager/getstate,null
web/api/navigationpreloadmanager/setheadervalue,null
web/api/navigationtransition,null
web/api/navigationtransition/committed,null
web/api/navigationtransition/finished,null
web/api/navigationtransition/from,null
web/api/navigationtransition/navigationtype,null
web/api/navigationtransition/to,null
web/api/navigator,null
web/api/navigator/activevrdisplays,null
web/api/navigator/appcodename,3
web/api/navigator/appname,3
web/api/navigator/appversion,4
web/api/navigator/audiosession,null
web/api/navigator/bluetooth,null
web/api/navigator/buildid,null
web/api/navigator/canshare,null
web/api/navigator/clearappbadge,null
web/api/navigator/clipboard,null
web/api/navigator/connection,null
web/api/navigator/contacts,null
web/api/navigator/cookieenabled,3
web/api/navigator/credentials,null
web/api/navigator/deprecatedreplaceinurn,null
web/api/navigator/devicememory,null
web/api/navigator/deviceposture,null
web/api/navigator/donottrack,3
web/api/navigator/geolocation,null
web/api/navigator/getautoplaypolicy,null
web/api/navigator/getbattery,3
web/api/navigator/getgamepads,null
web/api/navigator/getinstalledrelatedapps,null
web/api/navigator/getusermedia,null
web/api/navigator/getvrdisplays,2
web/api/navigator/globalprivacycontrol,null
web/api/navigator/gpu,null
web/api/navigator/hardwareconcurrency,null
web/api/navigator/hid,null
web/api/navigator/ink,null
web/api/navigator/javaenabled,1
web/api/navigator/keyboard,null
web/api/navigator/language,5
web/api/navigator/languages,3
web/api/navigator/locks,null
web/api/navigator/login,null
web/api/navigator/maxtouchpoints,null
web/api/navigator/mediacapabilities,null
web/api/navigator/mediadevices,null
web/api/navigator/mediasession,null
web/api/navigator/mimetypes,null
web/api/navigator/online,null
web/api/navigator/oscpu,null
web/api/navigator/pdfviewerenabled,null
web/api/navigator/permissions,null
web/api/navigator/platform,0
web/api/navigator/plugins,null
web/api/navigator/preferences,null
web/api/navigator/presentation,null
web/api/navigator/product,3
web/api/navigator/productsub,null
web/api/navigator/registerprotocolhandler,null
web/api/navigator/requestmediakeysystemaccess,null
web/api/navigator/requestmidiaccess,null
web/api/navigator/scheduling,null
web/api/navigator/sendbeacon,null
web/api/navigator/serial,null
web/api/navigator/serviceworker,null
web/api/navigator/setappbadge,null
web/api/navigator/share,null
web/api/navigator/storage,null
web/api/navigator/taintenabled,1
web/api/navigator/unregisterprotocolhandler,null
web/api/navigator/usb,null
web/api/navigator/useractivation,null
web/api/navigator/useragent,null
web/api/navigator/useragentdata,null
web/api/navigator/vendor,null
web/api/navigator/vendorsub,null
web/api/navigator/vibrate,null
web/api/navigator/virtualkeyboard,null
web/api/navigator/wakelock,null
web/api/navigator/webdriver,null
web/api/navigator/windowcontrolsoverlay,null
web/api/navigator/xr,null
web/api/navigatorlogin,null
web/api/navigatorlogin/setstatus,null
web/api/navigatoruadata,null
web/api/navigatoruadata/brands,null
web/api/navigatoruadata/gethighentropyvalues,null
web/api/navigatoruadata/mobile,null
web/api/navigatoruadata/platform,null
web/api/navigatoruadata/tojson,null
web/api/ndefmessage,null
web/api/ndefmessage/ndefmessage,null
web/api/ndefmessage/records,null
web/api/ndefreader,null
web/api/ndefreader/ndefreader,null
web/api/ndefreader/reading_event,null
web/api/ndefreader/readingerror_event,null
web/api/ndefreader/scan,null
web/api/ndefreader/write,null
web/api/ndefreadingevent,null
web/api/ndefreadingevent/message,null
web/api/ndefreadingevent/ndefreadingevent,null
web/api/ndefreadingevent/serialnumber,null
web/api/ndefrecord,null
web/api/ndefrecord/data,null
web/api/ndefrecord/encoding,null
web/api/ndefrecord/id,null
web/api/ndefrecord/lang,null
web/api/ndefrecord/mediatype,null
web/api/ndefrecord/ndefrecord,null
web/api/ndefrecord/recordtype,null
web/api/ndefrecord/torecords,null
web/api/network_information_api,null
web/api/networkinformation,null
web/api/networkinformation/change_event,null
web/api/networkinformation/downlink,null
web/api/networkinformation/downlinkmax,null
web/api/networkinformation/effectivetype,null
web/api/networkinformation/rtt,null
web/api/networkinformation/savedata,null
web/api/networkinformation/type,null
web/api/node,null
web/api/node/appendchild,null
web/api/node/baseuri,null
web/api/node/childnodes,null
web/api/node/clonenode,null
web/api/node/comparedocumentposition,2
web/api/node/contains,null
web/api/node/firstchild,null
web/api/node/getrootnode,null
web/api/node/haschildnodes,null
web/api/node/insertbefore,null
web/api/node/isconnected,null
web/api/node/isdefaultnamespace,null
web/api/node/isequalnode,null
web/api/node/issamenode,null
web/api/node/lastchild,2
web/api/node/lookupnamespaceuri,null
web/api/node/lookupprefix,null
web/api/node/nextsibling,null
web/api/node/nodename,null
web/api/node/nodetype,null
web/api/node/nodevalue,null
web/api/node/normalize,null
web/api/node/ownerdocument,null
web/api/node/parentelement,null
web/api/node/parentnode,null
web/api/node/previoussibling,null
web/api/node/removechild,null
web/api/node/replacechild,null
web/api/node/selectstart_event,null
web/api/node/textcontent,null
web/api/nodeiterator,null
web/api/nodeiterator/detach,null
web/api/nodeiterator/filter,null
web/api/nodeiterator/nextnode,null
web/api/nodeiterator/pointerbeforereferencenode,null
web/api/nodeiterator/previousnode,null
web/api/nodeiterator/referencenode,null
web/api/nodeiterator/root,null
web/api/nodeiterator/whattoshow,null
web/api/nodelist,null
web/api/nodelist/entries,null
web/api/nodelist/foreach,null
web/api/nodelist/item,null
web/api/nodelist/keys,null
web/api/nodelist/length,null
web/api/nodelist/values,null
web/api/notification,null
web/api/notification/actions,null
web/api/notification/badge,null
web/api/notification/body,null
web/api/notification/click_event,null
web/api/notification/close,null
web/api/notification/close_event,null
web/api/notification/data,null
web/api/notification/dir,null
web/api/notification/error_event,null
web/api/notification/icon,null
web/api/notification/image,null
web/api/notification/lang,null
web/api/notification/maxactions_static,null
web/api/notification/navigate,null
web/api/notification/notification,null
web/api/notification/permission_static,null
web/api/notification/renotify,null
web/api/notification/requestpermission_static,null
web/api/notification/requireinteraction,null
web/api/notification/show_event,null
web/api/notification/silent,null
web/api/notification/tag,null
web/api/notification/timestamp,null
web/api/notification/title,null
web/api/notification/vibrate,null
web/api/notificationevent,null
web/api/notificationevent/action,null
web/api/notificationevent/notification,null
web/api/notificationevent/notificationevent,null
web/api/notifications_api,null
web/api/notifications_api/using_the_notifications_api,null
web/api/notrestoredreasondetails,null
web/api/notrestoredreasondetails/reason,null
web/api/notrestoredreasondetails/tojson,null
web/api/notrestoredreasons,null
web/api/notrestoredreasons/children,null
web/api/notrestoredreasons/id,null
web/api/notrestoredreasons/name,null
web/api/notrestoredreasons/reasons,null
web/api/notrestoredreasons/src,null
web/api/notrestoredreasons/tojson,null
web/api/notrestoredreasons/url,null
web/api/oes_draw_buffers_indexed,null
web/api/oes_draw_buffers_indexed/blendequationioes,null
web/api/oes_draw_buffers_indexed/blendequationseparateioes,null
web/api/oes_draw_buffers_indexed/blendfuncioes,null
web/api/oes_draw_buffers_indexed/blendfuncseparateioes,null
web/api/oes_draw_buffers_indexed/colormaskioes,null
web/api/oes_draw_buffers_indexed/disableioes,null
web/api/oes_draw_buffers_indexed/enableioes,null
web/api/oes_element_index_uint,null
web/api/oes_fbo_render_mipmap,null
web/api/oes_standard_derivatives,null
web/api/oes_texture_float,null
web/api/oes_texture_float_linear,null
web/api/oes_texture_half_float,null
web/api/oes_texture_half_float_linear,null
web/api/oes_vertex_array_object,null
web/api/oes_vertex_array_object/bindvertexarrayoes,null
web/api/oes_vertex_array_object/createvertexarrayoes,null
web/api/oes_vertex_array_object/deletevertexarrayoes,null
web/api/oes_vertex_array_object/isvertexarrayoes,null
web/api/offlineaudiocompletionevent,null
web/api/offlineaudiocompletionevent/offlineaudiocompletionevent,null
web/api/offlineaudiocompletionevent/renderedbuffer,null
web/api/offlineaudiocontext,null
web/api/offlineaudiocontext/complete_event,null
web/api/offlineaudiocontext/length,null
web/api/offlineaudiocontext/offlineaudiocontext,null
web/api/offlineaudiocontext/resume,null
web/api/offlineaudiocontext/startrendering,null
web/api/offlineaudiocontext/suspend,null
web/api/offscreencanvas,null
web/api/offscreencanvas/contextlost_event,null
web/api/offscreencanvas/contextrestored_event,null
web/api/offscreencanvas/converttoblob,null
web/api/offscreencanvas/getcontext,null
web/api/offscreencanvas/height,null
web/api/offscreencanvas/offscreencanvas,null
web/api/offscreencanvas/transfertoimagebitmap,null
web/api/offscreencanvas/width,null
web/api/offscreencanvasrenderingcontext2d,null
web/api/offscreencanvasrenderingcontext2d/commit,null
web/api/orientationsensor,null
web/api/orientationsensor/populatematrix,null
web/api/orientationsensor/quaternion,null
web/api/oscillatornode,null
web/api/oscillatornode/detune,null
web/api/oscillatornode/frequency,null
web/api/oscillatornode/oscillatornode,null
web/api/oscillatornode/setperiodicwave,null
web/api/oscillatornode/type,null
web/api/otpcredential,null
web/api/otpcredential/code,null
web/api/overconstrainederror,null
web/api/overconstrainederror/constraint,null
web/api/overconstrainederror/overconstrainederror,null
web/api/ovr_multiview2,null
web/api/ovr_multiview2/framebuffertexturemultiviewovr,null
web/api/page_visibility_api,null
web/api/pagerevealevent,null
web/api/pagerevealevent/pagerevealevent,null
web/api/pagerevealevent/viewtransition,null
web/api/pageswapevent,null
web/api/pageswapevent/activation,null
web/api/pageswapevent/pageswapevent,null
web/api/pageswapevent/viewtransition,null
web/api/pagetransitionevent,null
web/api/pagetransitionevent/pagetransitionevent,null
web/api/pagetransitionevent/persisted,null
web/api/paintrenderingcontext2d,null
web/api/paintsize,null
web/api/paintsize/height,null
web/api/paintsize/width,null
web/api/paintworkletglobalscope,null
web/api/paintworkletglobalscope/devicepixelratio,null
web/api/paintworkletglobalscope/registerpaint,null
web/api/pannernode,null
web/api/pannernode/coneinnerangle,null
web/api/pannernode/coneouterangle,null
web/api/pannernode/coneoutergain,null
web/api/pannernode/distancemodel,null
web/api/pannernode/maxdistance,null
web/api/pannernode/orientationx,null
web/api/pannernode/orientationy,null
web/api/pannernode/orientationz,null
web/api/pannernode/pannernode,null
web/api/pannernode/panningmodel,null
web/api/pannernode/positionx,null
web/api/pannernode/positiony,null
web/api/pannernode/positionz,null
web/api/pannernode/refdistance,null
web/api/pannernode/rollofffactor,null
web/api/pannernode/setorientation,null
web/api/pannernode/setposition,null
web/api/passwordcredential,null
web/api/passwordcredential/iconurl,null
web/api/passwordcredential/name,null
web/api/passwordcredential/password,null
web/api/passwordcredential/passwordcredential,null
web/api/passwordcredentialinit,null
web/api/path2d,null
web/api/path2d/addpath,null
web/api/path2d/path2d,null
web/api/payment_request_api,null
web/api/payment_request_api/concepts,null
web/api/payment_request_api/using_secure_payment_confirmation,null
web/api/payment_request_api/using_the_payment_request_api,null
web/api/paymentaddress,null
web/api/paymentaddress/addressline,null
web/api/paymentaddress/city,null
web/api/paymentaddress/country,null
web/api/paymentaddress/dependentlocality,null
web/api/paymentaddress/organization,null
web/api/paymentaddress/phone,null
web/api/paymentaddress/postalcode,null
web/api/paymentaddress/recipient,null
web/api/paymentaddress/region,null
web/api/paymentaddress/sortingcode,null
web/api/paymentaddress/tojson,null
web/api/paymentmanager,null
web/api/paymentmanager/enabledelegations,null
web/api/paymentmanager/userhint,null
web/api/paymentmethodchangeevent,null
web/api/paymentmethodchangeevent/methoddetails,null
web/api/paymentmethodchangeevent/methodname,null
web/api/paymentmethodchangeevent/paymentmethodchangeevent,null
web/api/paymentrequest,null
web/api/paymentrequest/abort,null
web/api/paymentrequest/canmakepayment,null
web/api/paymentrequest/id,null
web/api/paymentrequest/merchantvalidation_event,null
web/api/paymentrequest/paymentmethodchange_event,null
web/api/paymentrequest/paymentrequest,null
web/api/paymentrequest/securepaymentconfirmationavailability_static,null
web/api/paymentrequest/shippingaddress,null
web/api/paymentrequest/shippingaddresschange_event,null
web/api/paymentrequest/shippingoption,null
web/api/paymentrequest/shippingoptionchange_event,null
web/api/paymentrequest/shippingtype,null
web/api/paymentrequest/show,null
web/api/paymentrequestevent,null
web/api/paymentrequestevent/changepaymentmethod,null
web/api/paymentrequestevent/methoddata,null
web/api/paymentrequestevent/modifiers,null
web/api/paymentrequestevent/openwindow,null
web/api/paymentrequestevent/paymentrequestevent,null
web/api/paymentrequestevent/paymentrequestid,null
web/api/paymentrequestevent/paymentrequestorigin,null
web/api/paymentrequestevent/respondwith,null
web/api/paymentrequestevent/toporigin,null
web/api/paymentrequestevent/total,null
web/api/paymentrequestupdateevent,null
web/api/paymentrequestupdateevent/paymentrequestupdateevent,null
web/api/paymentrequestupdateevent/updatewith,null
web/api/paymentresponse,null
web/api/paymentresponse/complete,null
web/api/paymentresponse/details,null
web/api/paymentresponse/methodname,null
web/api/paymentresponse/payerdetailchange_event,null
web/api/paymentresponse/payeremail,null
web/api/paymentresponse/payername,null
web/api/paymentresponse/payerphone,null
web/api/paymentresponse/requestid,null
web/api/paymentresponse/retry,null
web/api/paymentresponse/shippingaddress,null
web/api/paymentresponse/shippingoption,null
web/api/paymentresponse/tojson,null
web/api/pbkdf2params,null
web/api/performance,null
web/api/performance/clearmarks,null
web/api/performance/clearmeasures,null
web/api/performance/clearresourcetimings,null
web/api/performance/eventcounts,null
web/api/performance/getentries,null
web/api/performance/getentriesbyname,null
web/api/performance/getentriesbytype,null
web/api/performance/interactioncount,null
web/api/performance/mark,null
web/api/performance/measure,null
web/api/performance/measureuseragentspecificmemory,null
web/api/performance/memory,null
web/api/performance/navigation,null
web/api/performance/now,null
web/api/performance/resourcetimingbufferfull_event,null
web/api/performance/setresourcetimingbuffersize,null
web/api/performance/timeorigin,null
web/api/performance/timing,null
web/api/performance/tojson,null
web/api/performance_api,null
web/api/performance_api/high_precision_timing,null
web/api/performance_api/long_animation_frame_timing,null
web/api/performance_api/monitoring_bfcache_blocking_reasons,null
web/api/performance_api/navigation_timing,null
web/api/performance_api/performance_data,null
web/api/performance_api/resource_timing,null
web/api/performance_api/server_timing,null
web/api/performance_api/user_timing,null
web/api/performanceelementtiming,null
web/api/performanceelementtiming/element,null
web/api/performanceelementtiming/id,null
web/api/performanceelementtiming/identifier,null
web/api/performanceelementtiming/intersectionrect,null
web/api/performanceelementtiming/loadtime,null
web/api/performanceelementtiming/naturalheight,null
web/api/performanceelementtiming/naturalwidth,null
web/api/performanceelementtiming/painttime,null
web/api/performanceelementtiming/presentationtime,null
web/api/performanceelementtiming/rendertime,null
web/api/performanceelementtiming/tojson,null
web/api/performanceelementtiming/url,null
web/api/performanceentry,null
web/api/performanceentry/duration,null
web/api/performanceentry/entrytype,null
web/api/performanceentry/name,null
web/api/performanceentry/starttime,null
web/api/performanceentry/tojson,null
web/api/performanceeventtiming,null
web/api/performanceeventtiming/cancelable,null
web/api/performanceeventtiming/interactionid,null
web/api/performanceeventtiming/processingend,null
web/api/performanceeventtiming/processingstart,null
web/api/performanceeventtiming/target,null
web/api/performanceeventtiming/tojson,null
web/api/performancelonganimationframetiming,null
web/api/performancelonganimationframetiming/blockingduration,null
web/api/performancelonganimationframetiming/firstuieventtimestamp,null
web/api/performancelonganimationframetiming/painttime,null
web/api/performancelonganimationframetiming/presentationtime,null
web/api/performancelonganimationframetiming/renderstart,null
web/api/performancelonganimationframetiming/scripts,null
web/api/performancelonganimationframetiming/styleandlayoutstart,null
web/api/performancelonganimationframetiming/tojson,null
web/api/performancelongtasktiming,null
web/api/performancelongtasktiming/attribution,null
web/api/performancelongtasktiming/tojson,null
web/api/performancemark,null
web/api/performancemark/detail,null
web/api/performancemark/performancemark,null
web/api/performancemeasure,null
web/api/performancemeasure/detail,null
web/api/performancenavigation,null
web/api/performancenavigation/redirectcount,null
web/api/performancenavigation/tojson,null
web/api/performancenavigation/type,null
web/api/performancenavigationtiming,null
web/api/performancenavigationtiming/activationstart,null
web/api/performancenavigationtiming/confidence,null
web/api/performancenavigationtiming/criticalchrestart,null
web/api/performancenavigationtiming/domcomplete,null
web/api/performancenavigationtiming/domcontentloadedeventend,null
web/api/performancenavigationtiming/domcontentloadedeventstart,null
web/api/performancenavigationtiming/dominteractive,null
web/api/performancenavigationtiming/loadeventend,null
web/api/performancenavigationtiming/loadeventstart,null
web/api/performancenavigationtiming/notrestoredreasons,null
web/api/performancenavigationtiming/redirectcount,null
web/api/performancenavigationtiming/tojson,null
web/api/performancenavigationtiming/type,null
web/api/performancenavigationtiming/unloadeventend,null
web/api/performancenavigationtiming/unloadeventstart,null
web/api/performanceobserver,null
web/api/performanceobserver/disconnect,null
web/api/performanceobserver/observe,null
web/api/performanceobserver/performanceobserver,null
web/api/performanceobserver/supportedentrytypes_static,null
web/api/performanceobserver/takerecords,null
web/api/performanceobserverentrylist,null
web/api/performanceobserverentrylist/getentries,null
web/api/performanceobserverentrylist/getentriesbyname,null
web/api/performanceobserverentrylist/getentriesbytype,null
web/api/performancepainttiming,null
web/api/performancepainttiming/painttime,null
web/api/performancepainttiming/presentationtime,null
web/api/performancepainttiming/tojson,null
web/api/performanceresourcetiming,null
web/api/performanceresourcetiming/connectend,null
web/api/performanceresourcetiming/connectstart,null
web/api/performanceresourcetiming/contenttype,null
web/api/performanceresourcetiming/decodedbodysize,null
web/api/performanceresourcetiming/deliverytype,null
web/api/performanceresourcetiming/domainlookupend,null
web/api/performanceresourcetiming/domainlookupstart,null
web/api/performanceresourcetiming/encodedbodysize,null
web/api/performanceresourcetiming/fetchstart,null
web/api/performanceresourcetiming/finalresponseheadersstart,null
web/api/performanceresourcetiming/firstinterimresponsestart,null
web/api/performanceresourcetiming/initiatortype,null
web/api/performanceresourcetiming/nexthopprotocol,null
web/api/performanceresourcetiming/redirectend,null
web/api/performanceresourcetiming/redirectstart,null
web/api/performanceresourcetiming/renderblockingstatus,null
web/api/performanceresourcetiming/requeststart,null
web/api/performanceresourcetiming/responseend,null
web/api/performanceresourcetiming/responsestart,null
web/api/performanceresourcetiming/responsestatus,null
web/api/performanceresourcetiming/secureconnectionstart,null
web/api/performanceresourcetiming/servertiming,null
web/api/performanceresourcetiming/tojson,null
web/api/performanceresourcetiming/transfersize,null
web/api/performanceresourcetiming/workerstart,null
web/api/performancescripttiming,null
web/api/performancescripttiming/executionstart,null
web/api/performancescripttiming/forcedstyleandlayoutduration,null
web/api/performancescripttiming/invoker,null
web/api/performancescripttiming/invokertype,null
web/api/performancescripttiming/pauseduration,null
web/api/performancescripttiming/sourcecharposition,null
web/api/performancescripttiming/sourcefunctionname,null
web/api/performancescripttiming/sourceurl,null
web/api/performancescripttiming/tojson,null
web/api/performancescripttiming/window,null
web/api/performancescripttiming/windowattribution,null
web/api/performanceservertiming,null
web/api/performanceservertiming/description,null
web/api/performanceservertiming/duration,null
web/api/performanceservertiming/name,null
web/api/performanceservertiming/tojson,null
web/api/performancetiming,null
web/api/performancetiming/connectend,null
web/api/performancetiming/connectstart,null
web/api/performancetiming/domainlookupend,null
web/api/performancetiming/domainlookupstart,null
web/api/performancetiming/domcomplete,null
web/api/performancetiming/domcontentloadedeventend,null
web/api/performancetiming/domcontentloadedeventstart,null
web/api/performancetiming/dominteractive,null
web/api/performancetiming/domloading,null
web/api/performancetiming/fetchstart,null
web/api/performancetiming/loadeventend,null
web/api/performancetiming/loadeventstart,null
web/api/performancetiming/navigationstart,null
web/api/performancetiming/redirectend,null
web/api/performancetiming/redirectstart,null
web/api/performancetiming/requeststart,null
web/api/performancetiming/responseend,null
web/api/performancetiming/responsestart,null
web/api/performancetiming/secureconnectionstart,null
web/api/performancetiming/tojson,null
web/api/performancetiming/unloadeventend,null
web/api/performancetiming/unloadeventstart,null
web/api/performancetimingconfidence,null
web/api/performancetimingconfidence/randomizedtriggerrate,null
web/api/performancetimingconfidence/tojson,null
web/api/performancetimingconfidence/value,null
web/api/periodicsyncevent,null
web/api/periodicsyncevent/periodicsyncevent,null
web/api/periodicsyncevent/tag,null
web/api/periodicsyncmanager,null
web/api/periodicsyncmanager/gettags,null
web/api/periodicsyncmanager/register,null
web/api/periodicsyncmanager/unregister,null
web/api/periodicwave,null
web/api/periodicwave/periodicwave,null
web/api/permissions,null
web/api/permissions/query,null
web/api/permissions/revoke,null
web/api/permissions_api,null
web/api/permissions_api/using_the_permissions_api,null
web/api/permissionspolicyviolationreport,null
web/api/permissionstatus,null
web/api/permissionstatus/change_event,null
web/api/permissionstatus/name,null
web/api/permissionstatus/state,null
web/api/picture-in-picture_api,null
web/api/pictureinpictureevent,null
web/api/pictureinpictureevent/pictureinpictureevent,null
web/api/pictureinpictureevent/pictureinpicturewindow,null
web/api/pictureinpicturewindow,null
web/api/pictureinpicturewindow/height,null
web/api/pictureinpicturewindow/resize_event,null
web/api/pictureinpicturewindow/width,null
web/api/plugin,null
web/api/pluginarray,null
web/api/pointer_events,null
web/api/pointer_events/multi-touch_interaction,null
web/api/pointer_events/pinch_zoom_gestures,null
web/api/pointer_events/using_pointer_events,null
web/api/pointer_lock_api,null
web/api/pointerevent,null
web/api/pointerevent/altitudeangle,null
web/api/pointerevent/azimuthangle,null
web/api/pointerevent/getcoalescedevents,null
web/api/pointerevent/getpredictedevents,null
web/api/pointerevent/height,null
web/api/pointerevent/isprimary,null
web/api/pointerevent/persistentdeviceid,null
web/api/pointerevent/pointerevent,null
web/api/pointerevent/pointerid,null
web/api/pointerevent/pointertype,null
web/api/pointerevent/pressure,null
web/api/pointerevent/tangentialpressure,null
web/api/pointerevent/tiltx,null
web/api/pointerevent/tilty,null
web/api/pointerevent/twist,null
web/api/pointerevent/width,null
web/api/popover_api,null
web/api/popover_api/using,null
web/api/popover_api/using_interest_invokers,null
web/api/popstateevent,null
web/api/popstateevent/hasuavisualtransition,null
web/api/popstateevent/popstateevent,null
web/api/popstateevent/state,null
web/api/positionsensorvrdevice,null
web/api/positionsensorvrdevice/getimmediatestate,null
web/api/positionsensorvrdevice/getstate,null
web/api/positionsensorvrdevice/resetsensor,null
web/api/preferencemanager,null
web/api/preferencemanager/colorscheme,null
web/api/preferencemanager/contrast,null
web/api/preferencemanager/reduceddata,null
web/api/preferencemanager/reducedmotion,null
web/api/preferencemanager/reducedtransparency,null
web/api/preferenceobject,null
web/api/preferenceobject/change_event,null
web/api/preferenceobject/clearoverride,null
web/api/preferenceobject/override,null
web/api/preferenceobject/requestoverride,null
web/api/preferenceobject/validvalues,null
web/api/preferenceobject/value,null
web/api/presentation,null
web/api/presentation/defaultrequest,null
web/api/presentation/receiver,null
web/api/presentation_api,null
web/api/presentationavailability,null
web/api/presentationavailability/value,null
web/api/presentationconnection,null
web/api/presentationconnection/binarytype,null
web/api/presentationconnection/close,null
web/api/presentationconnection/id,null
web/api/presentationconnection/send,null
web/api/presentationconnection/state,null
web/api/presentationconnection/terminate,null
web/api/presentationconnection/url,null
web/api/presentationconnectionavailableevent,null
web/api/presentationconnectionavailableevent/connection,null
web/api/presentationconnectionavailableevent/presentationconnectionavailableevent,null
web/api/presentationconnectioncloseevent,null
web/api/presentationconnectionlist,null
web/api/presentationreceiver,null
web/api/presentationrequest,null
web/api/presentationrequest/getavailability,null
web/api/presentationrequest/presentationrequest,null
web/api/presentationrequest/reconnect,null
web/api/presentationrequest/start,null
web/api/pressureobserver,null
web/api/pressureobserver/disconnect,null
web/api/pressureobserver/knownsources_static,null
web/api/pressureobserver/observe,null
web/api/pressureobserver/pressureobserver,null
web/api/pressureobserver/takerecords,null
web/api/pressureobserver/unobserve,null
web/api/pressurerecord,null
web/api/pressurerecord/source,null
web/api/pressurerecord/state,null
web/api/pressurerecord/time,null
web/api/pressurerecord/tojson,null
web/api/prioritized_task_scheduling_api,null
web/api/private_state_token_api,null
web/api/private_state_token_api/using,null
web/api/processinginstruction,null
web/api/processinginstruction/sheet,null
web/api/processinginstruction/target,null
web/api/profiler,null
web/api/profiler/profiler,null
web/api/profiler/samplebufferfull_event,null
web/api/profiler/stop,null
web/api/progressevent,null
web/api/progressevent/lengthcomputable,null
web/api/progressevent/loaded,null
web/api/progressevent/progressevent,null
web/api/progressevent/total,null
web/api/promiserejectionevent,null
web/api/promiserejectionevent/promise,null
web/api/promiserejectionevent/promiserejectionevent,null
web/api/promiserejectionevent/reason,null
web/api/publickeycredential,null
web/api/publickeycredential/authenticatorattachment,null
web/api/publickeycredential/getclientcapabilities_static,null
web/api/publickeycredential/getclientextensionresults,null
web/api/publickeycredential/id,null
web/api/publickeycredential/isconditionalmediationavailable_static,null
web/api/publickeycredential/isuserverifyingplatformauthenticatoravailable_static,null
web/api/publickeycredential/parsecreationoptionsfromjson_static,null
web/api/publickeycredential/parserequestoptionsfromjson_static,null
web/api/publickeycredential/rawid,null
web/api/publickeycredential/response,null
web/api/publickeycredential/signalallacceptedcredentials_static,null
web/api/publickeycredential/signalcurrentuserdetails_static,null
web/api/publickeycredential/signalunknowncredential_static,null
web/api/publickeycredential/tojson,null
web/api/publickeycredentialcreationoptions,null
web/api/publickeycredentialrequestoptions,null
web/api/push_api,null
web/api/push_api/best_practices,null
web/api/pushevent,null
web/api/pushevent/data,null
web/api/pushevent/pushevent,null
web/api/pushmanager,null
web/api/pushmanager/getsubscription,null
web/api/pushmanager/haspermission,null
web/api/pushmanager/permissionstate,null
web/api/pushmanager/register,null
web/api/pushmanager/registrations,null
web/api/pushmanager/subscribe,null
web/api/pushmanager/supportedcontentencodings_static,null
web/api/pushmanager/unregister,null
web/api/pushmessagedata,null
web/api/pushmessagedata/arraybuffer,null
web/api/pushmessagedata/blob,null
web/api/pushmessagedata/bytes,null
web/api/pushmessagedata/json,null
web/api/pushmessagedata/text,null
web/api/pushsubscription,null
web/api/pushsubscription/endpoint,null
web/api/pushsubscription/expirationtime,null
web/api/pushsubscription/getkey,null
web/api/pushsubscription/options,null
web/api/pushsubscription/subscriptionid,null
web/api/pushsubscription/tojson,null
web/api/pushsubscription/unsubscribe,null
web/api/pushsubscriptionoptions,null
web/api/pushsubscriptionoptions/applicationserverkey,null
web/api/pushsubscriptionoptions/uservisibleonly,null
web/api/quotaexceedederror,null
web/api/quotaexceedederror/quota,null
web/api/quotaexceedederror/quotaexceedederror,null
web/api/quotaexceedederror/requested,null
web/api/radionodelist,null
web/api/radionodelist/value,null
web/api/range,null
web/api/range/clonecontents,null
web/api/range/clonerange,null
web/api/range/collapse,null
web/api/range/commonancestorcontainer,null
web/api/range/compareboundarypoints,null
web/api/range/comparenode,null
web/api/range/comparepoint,null
web/api/range/createcontextualfragment,null
web/api/range/deletecontents,null
web/api/range/detach,null
web/api/range/extractcontents,null
web/api/range/getboundingclientrect,null
web/api/range/getclientrects,null
web/api/range/insertnode,null
web/api/range/intersectsnode,null
web/api/range/ispointinrange,null
web/api/range/range,null
web/api/range/selectnode,null
web/api/range/selectnodecontents,null
web/api/range/setend,null
web/api/range/setendafter,null
web/api/range/setendbefore,null
web/api/range/setstart,null
web/api/range/setstartafter,null
web/api/range/setstartbefore,null
web/api/range/surroundcontents,null
web/api/range/tostring,null
web/api/readablebytestreamcontroller,null
web/api/readablebytestreamcontroller/byobrequest,null
web/api/readablebytestreamcontroller/close,null
web/api/readablebytestreamcontroller/desiredsize,null
web/api/readablebytestreamcontroller/enqueue,null
web/api/readablebytestreamcontroller/error,null
web/api/readablestream,null
web/api/readablestream/cancel,null
web/api/readablestream/from_static,null
web/api/readablestream/getreader,null
web/api/readablestream/locked,null
web/api/readablestream/pipethrough,null
web/api/readablestream/pipeto,null
web/api/readablestream/readablestream,null
web/api/readablestream/tee,null
web/api/readablestreambyobreader,null
web/api/readablestreambyobreader/cancel,null
web/api/readablestreambyobreader/closed,null
web/api/readablestreambyobreader/read,null
web/api/readablestreambyobreader/readablestreambyobreader,null
web/api/readablestreambyobreader/releaselock,null
web/api/readablestreambyobrequest,null
web/api/readablestreambyobrequest/respond,null
web/api/readablestreambyobrequest/respondwithnewview,null
web/api/readablestreambyobrequest/view,null
web/api/readablestreamdefaultcontroller,null
web/api/readablestreamdefaultcontroller/close,null
web/api/readablestreamdefaultcontroller/desiredsize,null
web/api/readablestreamdefaultcontroller/enqueue,null
web/api/readablestreamdefaultcontroller/error,null
web/api/readablestreamdefaultreader,null
web/api/readablestreamdefaultreader/cancel,null
web/api/readablestreamdefaultreader/closed,null
web/api/readablestreamdefaultreader/read,null
web/api/readablestreamdefaultreader/readablestreamdefaultreader,null
web/api/readablestreamdefaultreader/releaselock,null
web/api/relativeorientationsensor,null
web/api/relativeorientationsensor/relativeorientationsensor,null
web/api/remote_playback_api,null
web/api/remoteplayback,null
web/api/remoteplayback/cancelwatchavailability,null
web/api/remoteplayback/connect_event,null
web/api/remoteplayback/connecting_event,null
web/api/remoteplayback/disconnect_event,null
web/api/remoteplayback/prompt,null
web/api/remoteplayback/state,null
web/api/remoteplayback/watchavailability,null
web/api/reporting_api,null
web/api/reportingobserver,null
web/api/reportingobserver/disconnect,null
web/api/reportingobserver/observe,null
web/api/reportingobserver/reportingobserver,null
web/api/reportingobserver/takerecords,null
web/api/request,null
web/api/request/arraybuffer,null
web/api/request/blob,null
web/api/request/body,null
web/api/request/bodyused,null
web/api/request/bytes,null
web/api/request/cache,null
web/api/request/clone,null
web/api/request/credentials,null
web/api/request/destination,null
web/api/request/duplex,null
web/api/request/formdata,null
web/api/request/headers,null
web/api/request/integrity,null
web/api/request/ishistorynavigation,null
web/api/request/isreloadnavigation,null
web/api/request/json,null
web/api/request/keepalive,null
web/api/request/method,null
web/api/request/mode,null
web/api/request/redirect,null
web/api/request/referrer,null
web/api/request/referrerpolicy,null
web/api/request/request,null
web/api/request/signal,null
web/api/request/targetaddressspace,null
web/api/request/text,null
web/api/request/url,null
web/api/requestinit,null
web/api/resize_observer_api,null
web/api/resizeobserver,null
web/api/resizeobserver/disconnect,null
web/api/resizeobserver/observe,null
web/api/resizeobserver/resizeobserver,null
web/api/resizeobserver/unobserve,null
web/api/resizeobserverentry,null
web/api/resizeobserverentry/borderboxsize,null
web/api/resizeobserverentry/contentboxsize,null
web/api/resizeobserverentry/contentrect,null
web/api/resizeobserverentry/devicepixelcontentboxsize,null
web/api/resizeobserverentry/target,null
web/api/resizeobserversize,null
web/api/resizeobserversize/blocksize,null
web/api/resizeobserversize/inlinesize,null
web/api/response,null
web/api/response/arraybuffer,null
web/api/response/blob,null
web/api/response/body,4
web/api/response/bodyused,null
web/api/response/bytes,null
web/api/response/clone,null
web/api/response/error_static,null
web/api/response/formdata,null
web/api/response/headers,null
web/api/response/json,null
web/api/response/json_static,null
web/api/response/ok,5
web/api/response/redirect_static,null
web/api/response/redirected,null
web/api/response/response,null
web/api/response/status,5
web/api/response/statustext,3
web/api/response/text,null
web/api/response/type,6
web/api/response/url,3
web/api/restrictiontarget,null
web/api/restrictiontarget/fromelement_static,null
web/api/rsahashedimportparams,null
web/api/rsahashedkeygenparams,null
web/api/rsaoaepparams,null
web/api/rsapssparams,null
web/api/rtcaudiosourcestats,null
web/api/rtcaudiosourcestats/audiolevel,null
web/api/rtcaudiosourcestats/id,null
web/api/rtcaudiosourcestats/kind,null
web/api/rtcaudiosourcestats/timestamp,null
web/api/rtcaudiosourcestats/totalaudioenergy,null
web/api/rtcaudiosourcestats/totalsamplesduration,null
web/api/rtcaudiosourcestats/trackidentifier,null
web/api/rtcaudiosourcestats/type,null
web/api/rtccertificate,null
web/api/rtccertificate/expires,null
web/api/rtccertificate/getfingerprints,null
web/api/rtccertificatestats,null
web/api/rtccertificatestats/base64certificate,null
web/api/rtccertificatestats/fingerprint,null
web/api/rtccertificatestats/fingerprintalgorithm,null
web/api/rtccertificatestats/id,null
web/api/rtccertificatestats/timestamp,null
web/api/rtccertificatestats/type,null
web/api/rtccodecstats,null
web/api/rtccodecstats/channels,null
web/api/rtccodecstats/clockrate,null
web/api/rtccodecstats/id,null
web/api/rtccodecstats/mimetype,null
web/api/rtccodecstats/payloadtype,null
web/api/rtccodecstats/sdpfmtpline,null
web/api/rtccodecstats/timestamp,null
web/api/rtccodecstats/transportid,null
web/api/rtccodecstats/type,null
web/api/rtcdatachannel,null
web/api/rtcdatachannel/binarytype,null
web/api/rtcdatachannel/bufferedamount,null
web/api/rtcdatachannel/bufferedamountlow_event,null
web/api/rtcdatachannel/bufferedamountlowthreshold,null
web/api/rtcdatachannel/close,null
web/api/rtcdatachannel/close_event,null
web/api/rtcdatachannel/closing_event,null
web/api/rtcdatachannel/error_event,null
web/api/rtcdatachannel/id,null
web/api/rtcdatachannel/label,null
web/api/rtcdatachannel/maxpacketlifetime,null
web/api/rtcdatachannel/maxretransmits,null
web/api/rtcdatachannel/message_event,null
web/api/rtcdatachannel/negotiated,null
web/api/rtcdatachannel/open_event,null
web/api/rtcdatachannel/ordered,null
web/api/rtcdatachannel/priority,null
web/api/rtcdatachannel/protocol,null
web/api/rtcdatachannel/readystate,null
web/api/rtcdatachannel/reliable,null
web/api/rtcdatachannel/send,null
web/api/rtcdatachannelevent,null
web/api/rtcdatachannelevent/channel,null
web/api/rtcdatachannelevent/rtcdatachannelevent,null
web/api/rtcdatachannelstats,null
web/api/rtcdatachannelstats/bytesreceived,null
web/api/rtcdatachannelstats/bytessent,null
web/api/rtcdatachannelstats/datachannelidentifier,null
web/api/rtcdatachannelstats/id,null
web/api/rtcdatachannelstats/label,null
web/api/rtcdatachannelstats/messagesreceived,null
web/api/rtcdatachannelstats/messagessent,null
web/api/rtcdatachannelstats/protocol,null
web/api/rtcdatachannelstats/state,null
web/api/rtcdatachannelstats/timestamp,null
web/api/rtcdatachannelstats/type,null
web/api/rtcdtlstransport,null
web/api/rtcdtlstransport/error_event,null
web/api/rtcdtlstransport/icetransport,null
web/api/rtcdtlstransport/state,null
web/api/rtcdtlstransport/statechange_event,null
web/api/rtcdtmfsender,null
web/api/rtcdtmfsender/caninsertdtmf,null
web/api/rtcdtmfsender/insertdtmf,null
web/api/rtcdtmfsender/tonebuffer,null
web/api/rtcdtmfsender/tonechange_event,null
web/api/rtcdtmftonechangeevent,null
web/api/rtcdtmftonechangeevent/rtcdtmftonechangeevent,null
web/api/rtcdtmftonechangeevent/tone,null
web/api/rtcencodedaudioframe,null
web/api/rtcencodedaudioframe/data,null
web/api/rtcencodedaudioframe/getmetadata,null
web/api/rtcencodedaudioframe/rtcencodedaudioframe,null
web/api/rtcencodedaudioframe/timestamp,null
web/api/rtcencodedvideoframe,null
web/api/rtcencodedvideoframe/data,null
web/api/rtcencodedvideoframe/getmetadata,null
web/api/rtcencodedvideoframe/rtcencodedvideoframe,null
web/api/rtcencodedvideoframe/timestamp,null
web/api/rtcencodedvideoframe/type,null
web/api/rtcerror,null
web/api/rtcerror/errordetail,null
web/api/rtcerror/receivedalert,null
web/api/rtcerror/rtcerror,null
web/api/rtcerror/sctpcausecode,null
web/api/rtcerror/sdplinenumber,null
web/api/rtcerror/sentalert,null
web/api/rtcerrorevent,null
web/api/rtcerrorevent/error,null
web/api/rtcerrorevent/rtcerrorevent,null
web/api/rtcicecandidate,null
web/api/rtcicecandidate/address,null
web/api/rtcicecandidate/candidate,null
web/api/rtcicecandidate/component,null
web/api/rtcicecandidate/foundation,null
web/api/rtcicecandidate/port,null
web/api/rtcicecandidate/priority,null
web/api/rtcicecandidate/protocol,null
web/api/rtcicecandidate/relatedaddress,null
web/api/rtcicecandidate/relatedport,null
web/api/rtcicecandidate/rtcicecandidate,null
web/api/rtcicecandidate/sdpmid,null
web/api/rtcicecandidate/sdpmlineindex,null
web/api/rtcicecandidate/tcptype,null
web/api/rtcicecandidate/tojson,null
web/api/rtcicecandidate/type,null
web/api/rtcicecandidate/usernamefragment,null
web/api/rtcicecandidatepair,null
web/api/rtcicecandidatepair/local,null
web/api/rtcicecandidatepair/remote,null
web/api/rtcicecandidatepairstats,null
web/api/rtcicecandidatepairstats/availableincomingbitrate,null
web/api/rtcicecandidatepairstats/availableoutgoingbitrate,null
web/api/rtcicecandidatepairstats/bytesdiscardedonsend,null
web/api/rtcicecandidatepairstats/bytesreceived,null
web/api/rtcicecandidatepairstats/bytessent,null
web/api/rtcicecandidatepairstats/consentrequestssent,null
web/api/rtcicecandidatepairstats/currentroundtriptime,null
web/api/rtcicecandidatepairstats/id,null
web/api/rtcicecandidatepairstats/lastpacketreceivedtimestamp,null
web/api/rtcicecandidatepairstats/lastpacketsenttimestamp,null
web/api/rtcicecandidatepairstats/localcandidateid,null
web/api/rtcicecandidatepairstats/nominated,null
web/api/rtcicecandidatepairstats/packetsdiscardedonsend,null
web/api/rtcicecandidatepairstats/packetsreceived,null
web/api/rtcicecandidatepairstats/packetssent,null
web/api/rtcicecandidatepairstats/priority,null
web/api/rtcicecandidatepairstats/readable,null
web/api/rtcicecandidatepairstats/remotecandidateid,null
web/api/rtcicecandidatepairstats/requestsreceived,null
web/api/rtcicecandidatepairstats/requestssent,null
web/api/rtcicecandidatepairstats/responsesreceived,null
web/api/rtcicecandidatepairstats/responsessent,null
web/api/rtcicecandidatepairstats/selected,null
web/api/rtcicecandidatepairstats/state,null
web/api/rtcicecandidatepairstats/timestamp,null
web/api/rtcicecandidatepairstats/totalroundtriptime,null
web/api/rtcicecandidatepairstats/transportid,null
web/api/rtcicecandidatepairstats/type,null
web/api/rtcicecandidatepairstats/writable,null
web/api/rtcicecandidatestats,null
web/api/rtcicecandidatestats/address,null
web/api/rtcicecandidatestats/candidatetype,null
web/api/rtcicecandidatestats/deleted,null
web/api/rtcicecandidatestats/foundation,null
web/api/rtcicecandidatestats/id,null
web/api/rtcicecandidatestats/port,null
web/api/rtcicecandidatestats/priority,null
web/api/rtcicecandidatestats/protocol,null
web/api/rtcicecandidatestats/relayprotocol,null
web/api/rtcicecandidatestats/timestamp,null
web/api/rtcicecandidatestats/transportid,null
web/api/rtcicecandidatestats/type,null
web/api/rtcicecandidatestats/url,null
web/api/rtcicecandidatestats/usernamefragment,null
web/api/rtciceparameters,null
web/api/rtciceparameters/password,null
web/api/rtciceparameters/usernamefragment,null
web/api/rtcicetransport,null
web/api/rtcicetransport/component,null
web/api/rtcicetransport/gatheringstate,null
web/api/rtcicetransport/gatheringstatechange_event,null
web/api/rtcicetransport/getlocalcandidates,null
web/api/rtcicetransport/getlocalparameters,null
web/api/rtcicetransport/getremotecandidates,null
web/api/rtcicetransport/getremoteparameters,null
web/api/rtcicetransport/getselectedcandidatepair,null
web/api/rtcicetransport/role,null
web/api/rtcicetransport/selectedcandidatepairchange_event,null
web/api/rtcicetransport/state,null
web/api/rtcicetransport/statechange_event,null
web/api/rtcidentityassertion,null
web/api/rtcidentityassertion/idp,null
web/api/rtcidentityassertion/name,null
web/api/rtcinboundrtpstreamstats,null
web/api/rtcinboundrtpstreamstats/audiolevel,null
web/api/rtcinboundrtpstreamstats/bytesreceived,null
web/api/rtcinboundrtpstreamstats/codecid,null
web/api/rtcinboundrtpstreamstats/concealedsamples,null
web/api/rtcinboundrtpstreamstats/concealmentevents,null
web/api/rtcinboundrtpstreamstats/estimatedplayouttimestamp,null
web/api/rtcinboundrtpstreamstats/fecpacketsdiscarded,null
web/api/rtcinboundrtpstreamstats/fecpacketsreceived,null
web/api/rtcinboundrtpstreamstats/frameheight,null
web/api/rtcinboundrtpstreamstats/framesassembledfrommultiplepackets,null
web/api/rtcinboundrtpstreamstats/framesdecoded,null
web/api/rtcinboundrtpstreamstats/framespersecond,null
web/api/rtcinboundrtpstreamstats/framesreceived,null
web/api/rtcinboundrtpstreamstats/framewidth,null
web/api/rtcinboundrtpstreamstats/freezecount,null
web/api/rtcinboundrtpstreamstats/headerbytesreceived,null
web/api/rtcinboundrtpstreamstats/id,null
web/api/rtcinboundrtpstreamstats/insertedsamplesfordeceleration,null
web/api/rtcinboundrtpstreamstats/jitter,null
web/api/rtcinboundrtpstreamstats/jitterbufferdelay,null
web/api/rtcinboundrtpstreamstats/jitterbufferemittedcount,null
web/api/rtcinboundrtpstreamstats/jitterbufferminimumdelay,null
web/api/rtcinboundrtpstreamstats/jitterbuffertargetdelay,null
web/api/rtcinboundrtpstreamstats/keyframesdecoded,null
web/api/rtcinboundrtpstreamstats/kind,null
web/api/rtcinboundrtpstreamstats/lastpacketreceivedtimestamp,null
web/api/rtcinboundrtpstreamstats/mid,null
web/api/rtcinboundrtpstreamstats/nackcount,null
web/api/rtcinboundrtpstreamstats/packetsdiscarded,null
web/api/rtcinboundrtpstreamstats/packetslost,null
web/api/rtcinboundrtpstreamstats/packetsreceived,null
web/api/rtcinboundrtpstreamstats/pausecount,null
web/api/rtcinboundrtpstreamstats/playoutid,null
web/api/rtcinboundrtpstreamstats/qpsum,null
web/api/rtcinboundrtpstreamstats/remoteid,null
web/api/rtcinboundrtpstreamstats/removedsamplesforacceleration,null
web/api/rtcinboundrtpstreamstats/silentconcealedsamples,null
web/api/rtcinboundrtpstreamstats/ssrc,null
web/api/rtcinboundrtpstreamstats/timestamp,null
web/api/rtcinboundrtpstreamstats/totalassemblytime,null
web/api/rtcinboundrtpstreamstats/totalaudioenergy,null
web/api/rtcinboundrtpstreamstats/totaldecodetime,null
web/api/rtcinboundrtpstreamstats/totalfreezesduration,null
web/api/rtcinboundrtpstreamstats/totalinterframedelay,null
web/api/rtcinboundrtpstreamstats/totalpausesduration,null
web/api/rtcinboundrtpstreamstats/totalprocessingdelay,null
web/api/rtcinboundrtpstreamstats/totalsamplesduration,null
web/api/rtcinboundrtpstreamstats/totalsamplesreceived,null
web/api/rtcinboundrtpstreamstats/totalsquaredinterframedelay,null
web/api/rtcinboundrtpstreamstats/trackidentifier,null
web/api/rtcinboundrtpstreamstats/transportid,null
web/api/rtcinboundrtpstreamstats/type,null
web/api/rtcoutboundrtpstreamstats,null
web/api/rtcoutboundrtpstreamstats/active,null
web/api/rtcoutboundrtpstreamstats/bytessent,null
web/api/rtcoutboundrtpstreamstats/codecid,null
web/api/rtcoutboundrtpstreamstats/frameheight,null
web/api/rtcoutboundrtpstreamstats/framesencoded,null
web/api/rtcoutboundrtpstreamstats/framespersecond,null
web/api/rtcoutboundrtpstreamstats/framessent,null
web/api/rtcoutboundrtpstreamstats/framewidth,null
web/api/rtcoutboundrtpstreamstats/headerbytessent,null
web/api/rtcoutboundrtpstreamstats/id,null
web/api/rtcoutboundrtpstreamstats/keyframesencoded,null
web/api/rtcoutboundrtpstreamstats/kind,null
web/api/rtcoutboundrtpstreamstats/mediasourceid,null
web/api/rtcoutboundrtpstreamstats/mid,null
web/api/rtcoutboundrtpstreamstats/nackcount,null
web/api/rtcoutboundrtpstreamstats/packetssent,null
web/api/rtcoutboundrtpstreamstats/qpsum,null
web/api/rtcoutboundrtpstreamstats/qualitylimitationdurations,null
web/api/rtcoutboundrtpstreamstats/qualitylimitationreason,null
web/api/rtcoutboundrtpstreamstats/remoteid,null
web/api/rtcoutboundrtpstreamstats/retransmittedbytessent,null
web/api/rtcoutboundrtpstreamstats/retransmittedpacketssent,null
web/api/rtcoutboundrtpstreamstats/rid,null
web/api/rtcoutboundrtpstreamstats/scalabilitymode,null
web/api/rtcoutboundrtpstreamstats/ssrc,null
web/api/rtcoutboundrtpstreamstats/targetbitrate,null
web/api/rtcoutboundrtpstreamstats/timestamp,null
web/api/rtcoutboundrtpstreamstats/totalencodedbytestarget,null
web/api/rtcoutboundrtpstreamstats/totalencodetime,null
web/api/rtcoutboundrtpstreamstats/totalpacketsenddelay,null
web/api/rtcoutboundrtpstreamstats/transportid,null
web/api/rtcoutboundrtpstreamstats/type,null
web/api/rtcpeerconnection,null
web/api/rtcpeerconnection/addicecandidate,null
web/api/rtcpeerconnection/addstream,null
web/api/rtcpeerconnection/addstream_event,null
web/api/rtcpeerconnection/addtrack,null
web/api/rtcpeerconnection/addtransceiver,null
web/api/rtcpeerconnection/cantrickleicecandidates,null
web/api/rtcpeerconnection/close,null
web/api/rtcpeerconnection/connectionstate,null
web/api/rtcpeerconnection/connectionstatechange_event,null
web/api/rtcpeerconnection/createanswer,null
web/api/rtcpeerconnection/createdatachannel,null
web/api/rtcpeerconnection/createdtmfsender,null
web/api/rtcpeerconnection/createoffer,null
web/api/rtcpeerconnection/currentlocaldescription,null
web/api/rtcpeerconnection/currentremotedescription,null
web/api/rtcpeerconnection/datachannel_event,null
web/api/rtcpeerconnection/generatecertificate_static,null
web/api/rtcpeerconnection/getconfiguration,null
web/api/rtcpeerconnection/getidentityassertion,null
web/api/rtcpeerconnection/getreceivers,null
web/api/rtcpeerconnection/getsenders,null
web/api/rtcpeerconnection/getstats,null
web/api/rtcpeerconnection/gettransceivers,null
web/api/rtcpeerconnection/icecandidate_event,null
web/api/rtcpeerconnection/icecandidateerror_event,null
web/api/rtcpeerconnection/iceconnectionstate,null
web/api/rtcpeerconnection/iceconnectionstatechange_event,null
web/api/rtcpeerconnection/icegatheringstate,null
web/api/rtcpeerconnection/icegatheringstatechange_event,null
web/api/rtcpeerconnection/idploginurl,null
web/api/rtcpeerconnection/localdescription,null
web/api/rtcpeerconnection/negotiationneeded_event,null
web/api/rtcpeerconnection/peeridentity,null
web/api/rtcpeerconnection/pendinglocaldescription,null
web/api/rtcpeerconnection/pendingremotedescription,null
web/api/rtcpeerconnection/remotedescription,null
web/api/rtcpeerconnection/removestream,null
web/api/rtcpeerconnection/removestream_event,null
web/api/rtcpeerconnection/removetrack,null
web/api/rtcpeerconnection/restartice,null
web/api/rtcpeerconnection/rtcpeerconnection,null
web/api/rtcpeerconnection/sctp,null
web/api/rtcpeerconnection/setconfiguration,null
web/api/rtcpeerconnection/setidentityprovider,null
web/api/rtcpeerconnection/setlocaldescription,null
web/api/rtcpeerconnection/setremotedescription,null
web/api/rtcpeerconnection/signalingstate,null
web/api/rtcpeerconnection/signalingstatechange_event,null
web/api/rtcpeerconnection/track_event,null
web/api/rtcpeerconnectioniceerrorevent,null
web/api/rtcpeerconnectioniceerrorevent/address,null
web/api/rtcpeerconnectioniceerrorevent/errorcode,null
web/api/rtcpeerconnectioniceerrorevent/errortext,null
web/api/rtcpeerconnectioniceerrorevent/port,null
web/api/rtcpeerconnectioniceerrorevent/rtcpeerconnectioniceerrorevent,null
web/api/rtcpeerconnectioniceerrorevent/url,null
web/api/rtcpeerconnectioniceevent,null
web/api/rtcpeerconnectioniceevent/candidate,null
web/api/rtcpeerconnectioniceevent/rtcpeerconnectioniceevent,null
web/api/rtcpeerconnectioniceevent/url,null
web/api/rtcpeerconnectionstats,null
web/api/rtcpeerconnectionstats/datachannelsclosed,null
web/api/rtcpeerconnectionstats/datachannelsopened,null
web/api/rtcpeerconnectionstats/id,null
web/api/rtcpeerconnectionstats/timestamp,null
web/api/rtcpeerconnectionstats/type,null
web/api/rtcremoteinboundrtpstreamstats,null
web/api/rtcremoteinboundrtpstreamstats/codecid,null
web/api/rtcremoteinboundrtpstreamstats/fractionlost,null
web/api/rtcremoteinboundrtpstreamstats/id,null
web/api/rtcremoteinboundrtpstreamstats/jitter,null
web/api/rtcremoteinboundrtpstreamstats/kind,null
web/api/rtcremoteinboundrtpstreamstats/localid,null
web/api/rtcremoteinboundrtpstreamstats/packetslost,null
web/api/rtcremoteinboundrtpstreamstats/packetsreceived,null
web/api/rtcremoteinboundrtpstreamstats/roundtriptime,null
web/api/rtcremoteinboundrtpstreamstats/roundtriptimemeasurements,null
web/api/rtcremoteinboundrtpstreamstats/ssrc,null
web/api/rtcremoteinboundrtpstreamstats/timestamp,null
web/api/rtcremoteinboundrtpstreamstats/totalroundtriptime,null
web/api/rtcremoteinboundrtpstreamstats/transportid,null
web/api/rtcremoteinboundrtpstreamstats/type,null
web/api/rtcremoteoutboundrtpstreamstats,null
web/api/rtcremoteoutboundrtpstreamstats/codecid,null
web/api/rtcremoteoutboundrtpstreamstats/id,null
web/api/rtcremoteoutboundrtpstreamstats/kind,null
web/api/rtcremoteoutboundrtpstreamstats/localid,null
web/api/rtcremoteoutboundrtpstreamstats/remotetimestamp,null
web/api/rtcremoteoutboundrtpstreamstats/roundtriptimemeasurements,null
web/api/rtcremoteoutboundrtpstreamstats/ssrc,null
web/api/rtcremoteoutboundrtpstreamstats/timestamp,null
web/api/rtcremoteoutboundrtpstreamstats/totalroundtriptime,null
web/api/rtcremoteoutboundrtpstreamstats/transportid,null
web/api/rtcremoteoutboundrtpstreamstats/type,null
web/api/rtcrtpreceiver,null
web/api/rtcrtpreceiver/getcapabilities_static,null
web/api/rtcrtpreceiver/getcontributingsources,null
web/api/rtcrtpreceiver/getparameters,null
web/api/rtcrtpreceiver/getstats,null
web/api/rtcrtpreceiver/getsynchronizationsources,null
web/api/rtcrtpreceiver/jitterbuffertarget,null
web/api/rtcrtpreceiver/track,null
web/api/rtcrtpreceiver/transform,null
web/api/rtcrtpreceiver/transport,null
web/api/rtcrtpscripttransform,null
web/api/rtcrtpscripttransform/rtcrtpscripttransform,null
web/api/rtcrtpscripttransformer,null
web/api/rtcrtpscripttransformer/generatekeyframe,null
web/api/rtcrtpscripttransformer/options,null
web/api/rtcrtpscripttransformer/readable,null
web/api/rtcrtpscripttransformer/sendkeyframerequest,null
web/api/rtcrtpscripttransformer/writable,null
web/api/rtcrtpsender,null
web/api/rtcrtpsender/dtmf,null
web/api/rtcrtpsender/getcapabilities_static,null
web/api/rtcrtpsender/getparameters,null
web/api/rtcrtpsender/getstats,null
web/api/rtcrtpsender/replacetrack,null
web/api/rtcrtpsender/setparameters,null
web/api/rtcrtpsender/setstreams,null
web/api/rtcrtpsender/track,null
web/api/rtcrtpsender/transform,null
web/api/rtcrtpsender/transport,null
web/api/rtcrtptransceiver,null
web/api/rtcrtptransceiver/currentdirection,null
web/api/rtcrtptransceiver/direction,null
web/api/rtcrtptransceiver/mid,null
web/api/rtcrtptransceiver/receiver,null
web/api/rtcrtptransceiver/sender,null
web/api/rtcrtptransceiver/setcodecpreferences,null
web/api/rtcrtptransceiver/stop,null
web/api/rtcrtptransceiver/stopped,null
web/api/rtcsctptransport,null
web/api/rtcsctptransport/maxchannels,null
web/api/rtcsctptransport/maxmessagesize,null
web/api/rtcsctptransport/state,null
web/api/rtcsctptransport/statechange_event,null
web/api/rtcsctptransport/transport,null
web/api/rtcsessiondescription,null
web/api/rtcsessiondescription/rtcsessiondescription,null
web/api/rtcsessiondescription/sdp,null
web/api/rtcsessiondescription/tojson,null
web/api/rtcsessiondescription/type,null
web/api/rtcstatsreport,null
web/api/rtcstatsreport/entries,null
web/api/rtcstatsreport/foreach,null
web/api/rtcstatsreport/get,null
web/api/rtcstatsreport/has,null
web/api/rtcstatsreport/keys,null
web/api/rtcstatsreport/size,null
web/api/rtcstatsreport/symbol.iterator,null
web/api/rtcstatsreport/values,null
web/api/rtctrackevent,null
web/api/rtctrackevent/receiver,null
web/api/rtctrackevent/rtctrackevent,null
web/api/rtctrackevent/streams,null
web/api/rtctrackevent/track,null
web/api/rtctrackevent/transceiver,null
web/api/rtctransformevent,null
web/api/rtctransformevent/transformer,null
web/api/rtctransportstats,null
web/api/rtctransportstats/bytesreceived,null
web/api/rtctransportstats/bytessent,null
web/api/rtctransportstats/dtlscipher,null
web/api/rtctransportstats/dtlsrole,null
web/api/rtctransportstats/dtlsstate,null
web/api/rtctransportstats/icelocalusernamefragment,null
web/api/rtctransportstats/icerole,null
web/api/rtctransportstats/icestate,null
web/api/rtctransportstats/id,null
web/api/rtctransportstats/localcertificateid,null
web/api/rtctransportstats/packetsreceived,null
web/api/rtctransportstats/packetssent,null
web/api/rtctransportstats/remotecertificateid,null
web/api/rtctransportstats/selectedcandidatepairchanges,null
web/api/rtctransportstats/selectedcandidatepairid,null
web/api/rtctransportstats/srtpcipher,null
web/api/rtctransportstats/timestamp,null
web/api/rtctransportstats/tlsversion,null
web/api/rtctransportstats/type,null
web/api/rtcvideosourcestats,null
web/api/rtcvideosourcestats/frames,null
web/api/rtcvideosourcestats/framespersecond,null
web/api/rtcvideosourcestats/height,null
web/api/rtcvideosourcestats/id,null
web/api/rtcvideosourcestats/kind,null
web/api/rtcvideosourcestats/timestamp,null
web/api/rtcvideosourcestats/trackidentifier,null
web/api/rtcvideosourcestats/type,null
web/api/rtcvideosourcestats/width,null
web/api/sanitizer,null
web/api/sanitizer/allowattribute,null
web/api/sanitizer/allowelement,null
web/api/sanitizer/get,null
web/api/sanitizer/removeattribute,null
web/api/sanitizer/removeelement,null
web/api/sanitizer/removeunsafe,null
web/api/sanitizer/replaceelementwithchildren,null
web/api/sanitizer/sanitizer,null
web/api/sanitizer/setcomments,null
web/api/sanitizer/setdataattributes,null
web/api/sanitizerconfig,null
web/api/scheduler,null
web/api/scheduler/posttask,null
web/api/scheduler/yield,null
web/api/scheduling,null
web/api/scheduling/isinputpending,null
web/api/screen,3
web/api/screen/availheight,null
web/api/screen/availwidth,null
web/api/screen/change_event,null
web/api/screen/colordepth,null
web/api/screen/height,null
web/api/screen/isextended,null
web/api/screen/lockorientation,null
web/api/screen/mozbrightness,null
web/api/screen/mozenabled,null
web/api/screen/orientation,null
web/api/screen/orientationchange_event,null
web/api/screen/pixeldepth,null
web/api/screen/unlockorientation,null
web/api/screen/width,null
web/api/screen_capture_api,null
web/api/screen_capture_api/captured_surface_control,null
web/api/screen_capture_api/element_region_capture,null
web/api/screen_capture_api/using_screen_capture,null
web/api/screen_orientation_api,null
web/api/screen_wake_lock_api,null
web/api/screendetailed,null
web/api/screendetailed/availleft,null
web/api/screendetailed/availtop,null
web/api/screendetailed/devicepixelratio,null
web/api/screendetailed/isinternal,null
web/api/screendetailed/isprimary,null
web/api/screendetailed/label,null
web/api/screendetailed/left,null
web/api/screendetailed/top,null
web/api/screendetails,null
web/api/screendetails/currentscreen,null
web/api/screendetails/currentscreenchange_event,null
web/api/screendetails/screens,null
web/api/screendetails/screenschange_event,null
web/api/screenorientation,null
web/api/screenorientation/angle,null
web/api/screenorientation/change_event,null
web/api/screenorientation/lock,null
web/api/screenorientation/type,null
web/api/screenorientation/unlock,null
web/api/scriptprocessornode,null
web/api/scriptprocessornode/audioprocess_event,null
web/api/scriptprocessornode/buffersize,null
web/api/scrolltimeline,null
web/api/scrolltimeline/axis,null
web/api/scrolltimeline/scrolltimeline,null
web/api/scrolltimeline/source,null
web/api/securepaymentconfirmationrequest,null
web/api/securitypolicyviolationevent,null
web/api/securitypolicyviolationevent/blockeduri,null
web/api/securitypolicyviolationevent/columnnumber,null
web/api/securitypolicyviolationevent/disposition,null
web/api/securitypolicyviolationevent/documenturi,null
web/api/securitypolicyviolationevent/effectivedirective,null
web/api/securitypolicyviolationevent/linenumber,null
web/api/securitypolicyviolationevent/originalpolicy,null
web/api/securitypolicyviolationevent/referrer,null
web/api/securitypolicyviolationevent/sample,null
web/api/securitypolicyviolationevent/securitypolicyviolationevent,null
web/api/securitypolicyviolationevent/sourcefile,null
web/api/securitypolicyviolationevent/statuscode,null
web/api/securitypolicyviolationevent/violateddirective,null
web/api/selection,null
web/api/selection/addrange,null
web/api/selection/anchornode,null
web/api/selection/anchoroffset,null
web/api/selection/collapse,null
web/api/selection/collapsetoend,null
web/api/selection/collapsetostart,null
web/api/selection/containsnode,null
web/api/selection/deletefromdocument,null
web/api/selection/direction,null
web/api/selection/empty,null
web/api/selection/extend,null
web/api/selection/focusnode,null
web/api/selection/focusoffset,null
web/api/selection/getcomposedranges,null
web/api/selection/getrangeat,null
web/api/selection/iscollapsed,null
web/api/selection/modify,null
web/api/selection/rangecount,null
web/api/selection/removeallranges,null
web/api/selection/removerange,null
web/api/selection/selectallchildren,null
web/api/selection/setbaseandextent,null
web/api/selection/setposition,null
web/api/selection/tostring,null
web/api/selection/type,null
web/api/selection_api,null
web/api/sensor,2
web/api/sensor/activate_event,3
web/api/sensor/activated,2
web/api/sensor/error_event,2
web/api/sensor/hasreading,2
web/api/sensor/reading_event,3
web/api/sensor/start,2
web/api/sensor/stop,2
web/api/sensor/timestamp,2
web/api/sensor_apis,3
web/api/sensorerrorevent,null
web/api/sensorerrorevent/error,null
web/api/sensorerrorevent/sensorerrorevent,null
web/api/serial,null
web/api/serial/getports,null
web/api/serial/requestport,null
web/api/serialport,null
web/api/serialport/close,null
web/api/serialport/connect_event,null
web/api/serialport/connected,null
web/api/serialport/disconnect_event,null
web/api/serialport/forget,null
web/api/serialport/getinfo,null
web/api/serialport/getsignals,null
web/api/serialport/open,null
web/api/serialport/readable,null
web/api/serialport/setsignals,null
web/api/serialport/writable,null
web/api/server-sent_events,3
web/api/server-sent_events/using_server-sent_events,4
web/api/service_worker_api,null
web/api/service_worker_api/using_service_workers,null
web/api/serviceworker,null
web/api/serviceworker/error_event,null
web/api/serviceworker/postmessage,null
web/api/serviceworker/scripturl,null
web/api/serviceworker/state,null
web/api/serviceworker/statechange_event,null
web/api/serviceworkercontainer,null
web/api/serviceworkercontainer/controller,null
web/api/serviceworkercontainer/controllerchange_event,null
web/api/serviceworkercontainer/getregistration,null
web/api/serviceworkercontainer/getregistrations,null
web/api/serviceworkercontainer/message_event,null
web/api/serviceworkercontainer/messageerror_event,null
web/api/serviceworkercontainer/ready,null
web/api/serviceworkercontainer/register,null
web/api/serviceworkercontainer/startmessages,null
web/api/serviceworkerglobalscope,null
web/api/serviceworkerglobalscope/activate_event,null
web/api/serviceworkerglobalscope/backgroundfetchabort_event,null
web/api/serviceworkerglobalscope/backgroundfetchclick_event,null
web/api/serviceworkerglobalscope/backgroundfetchfail_event,null
web/api/serviceworkerglobalscope/backgroundfetchsuccess_event,null
web/api/serviceworkerglobalscope/canmakepayment_event,null
web/api/serviceworkerglobalscope/clients,null
web/api/serviceworkerglobalscope/contentdelete_event,null
web/api/serviceworkerglobalscope/cookiechange_event,null
web/api/serviceworkerglobalscope/cookiestore,null
web/api/serviceworkerglobalscope/fetch_event,null
web/api/serviceworkerglobalscope/install_event,null
web/api/serviceworkerglobalscope/message_event,null
web/api/serviceworkerglobalscope/messageerror_event,null
web/api/serviceworkerglobalscope/notificationclick_event,null
web/api/serviceworkerglobalscope/notificationclose_event,null
web/api/serviceworkerglobalscope/paymentrequest_event,null
web/api/serviceworkerglobalscope/periodicsync_event,null
web/api/serviceworkerglobalscope/push_event,null
web/api/serviceworkerglobalscope/pushsubscriptionchange_event,null
web/api/serviceworkerglobalscope/registration,null
web/api/serviceworkerglobalscope/serviceworker,null
web/api/serviceworkerglobalscope/skipwaiting,null
web/api/serviceworkerglobalscope/sync_event,null
web/api/serviceworkerregistration,null
web/api/serviceworkerregistration/active,null
web/api/serviceworkerregistration/backgroundfetch,null
web/api/serviceworkerregistration/cookies,null
web/api/serviceworkerregistration/getnotifications,null
web/api/serviceworkerregistration/index,null
web/api/serviceworkerregistration/installing,null
web/api/serviceworkerregistration/navigationpreload,null
web/api/serviceworkerregistration/paymentmanager,null
web/api/serviceworkerregistration/periodicsync,null
web/api/serviceworkerregistration/pushmanager,null
web/api/serviceworkerregistration/scope,null
web/api/serviceworkerregistration/shownotification,null
web/api/serviceworkerregistration/sync,null
web/api/serviceworkerregistration/unregister,null
web/api/serviceworkerregistration/update,null
web/api/serviceworkerregistration/updatefound_event,null
web/api/serviceworkerregistration/updateviacache,null
web/api/serviceworkerregistration/waiting,null
web/api/shadowroot,null
web/api/shadowroot/activeelement,null
web/api/shadowroot/adoptedstylesheets,null
web/api/shadowroot/clonable,null
web/api/shadowroot/customelementregistry,null
web/api/shadowroot/delegatesfocus,null
web/api/shadowroot/elementfrompoint,null
web/api/shadowroot/elementsfrompoint,null
web/api/shadowroot/fullscreenelement,null
web/api/shadowroot/getanimations,null
web/api/shadowroot/gethtml,null
web/api/shadowroot/host,null
web/api/shadowroot/innerhtml,null
web/api/shadowroot/mode,null
web/api/shadowroot/pictureinpictureelement,null
web/api/shadowroot/pointerlockelement,null
web/api/shadowroot/serializable,null
web/api/shadowroot/sethtml,null
web/api/shadowroot/sethtmlunsafe,null
web/api/shadowroot/slotassignment,null
web/api/shadowroot/stylesheets,null
web/api/shared_storage_api,null
web/api/sharedstorage,null
web/api/sharedstorage/append,null
web/api/sharedstorage/clear,null
web/api/sharedstorage/delete,null
web/api/sharedstorage/set,null
web/api/sharedstorageoperation,null
web/api/sharedstoragerunoperation,null
web/api/sharedstoragerunoperation/run,null
web/api/sharedstorageselecturloperation,null
web/api/sharedstorageselecturloperation/run,null
web/api/sharedstorageworklet,null
web/api/sharedstorageworkletglobalscope,null
web/api/sharedstorageworkletglobalscope/register,null
web/api/sharedstorageworkletglobalscope/sharedstorage,null
web/api/sharedworker,null
web/api/sharedworker/error_event,null
web/api/sharedworker/port,null
web/api/sharedworker/sharedworker,null
web/api/sharedworkerglobalscope,null
web/api/sharedworkerglobalscope/close,null
web/api/sharedworkerglobalscope/connect_event,null
web/api/sharedworkerglobalscope/name,null
web/api/snapevent,null
web/api/snapevent/snapevent,null
web/api/snapevent/snaptargetblock,null
web/api/snapevent/snaptargetinline,null
web/api/sourcebuffer,null
web/api/sourcebuffer/abort,null
web/api/sourcebuffer/abort_event,null
web/api/sourcebuffer/appendbuffer,null
web/api/sourcebuffer/appendbufferasync,null
web/api/sourcebuffer/appendwindowend,null
web/api/sourcebuffer/appendwindowstart,null
web/api/sourcebuffer/audiotracks,null
web/api/sourcebuffer/buffered,null
web/api/sourcebuffer/changetype,null
web/api/sourcebuffer/error_event,null
web/api/sourcebuffer/mode,null
web/api/sourcebuffer/remove,null
web/api/sourcebuffer/removeasync,null
web/api/sourcebuffer/texttracks,null
web/api/sourcebuffer/timestampoffset,null
web/api/sourcebuffer/update_event,null
web/api/sourcebuffer/updateend_event,null
web/api/sourcebuffer/updatestart_event,null
web/api/sourcebuffer/updating,null
web/api/sourcebuffer/videotracks,null
web/api/sourcebufferlist,null
web/api/sourcebufferlist/length,null
web/api/speculation_rules_api,null
web/api/speechgrammar,null
web/api/speechgrammar/speechgrammar,null
web/api/speechgrammar/src,null
web/api/speechgrammar/weight,null
web/api/speechgrammarlist,null
web/api/speechgrammarlist/addfromstring,null
web/api/speechgrammarlist/addfromuri,null
web/api/speechgrammarlist/item,null
web/api/speechgrammarlist/length,null
web/api/speechgrammarlist/speechgrammarlist,null
web/api/speechrecognition,null
web/api/speechrecognition/abort,null
web/api/speechrecognition/audioend_event,null
web/api/speechrecognition/audiostart_event,null
web/api/speechrecognition/available_static,null
web/api/speechrecognition/continuous,null
web/api/speechrecognition/end_event,null
web/api/speechrecognition/error_event,null
web/api/speechrecognition/grammars,null
web/api/speechrecognition/install_static,null
web/api/speechrecognition/interimresults,null
web/api/speechrecognition/lang,null
web/api/speechrecognition/maxalternatives,null
web/api/speechrecognition/nomatch_event,null
web/api/speechrecognition/phrases,null
web/api/speechrecognition/processlocally,null
web/api/speechrecognition/result_event,null
web/api/speechrecognition/soundend_event,null
web/api/speechrecognition/soundstart_event,null
web/api/speechrecognition/speechend_event,null
web/api/speechrecognition/speechrecognition,null
web/api/speechrecognition/speechstart_event,null
web/api/speechrecognition/start,null
web/api/speechrecognition/start_event,null
web/api/speechrecognition/stop,null
web/api/speechrecognitionalternative,null
web/api/speechrecognitionalternative/confidence,null
web/api/speechrecognitionalternative/transcript,null
web/api/speechrecognitionerrorevent,null
web/api/speechrecognitionerrorevent/error,null
web/api/speechrecognitionerrorevent/message,null
web/api/speechrecognitionerrorevent/speechrecognitionerrorevent,null
web/api/speechrecognitionevent,null
web/api/speechrecognitionevent/resultindex,null
web/api/speechrecognitionevent/results,null
web/api/speechrecognitionevent/speechrecognitionevent,null
web/api/speechrecognitionphrase,null
web/api/speechrecognitionphrase/boost,null
web/api/speechrecognitionphrase/phrase,null
web/api/speechrecognitionphrase/speechrecognitionphrase,null
web/api/speechrecognitionresult,null
web/api/speechrecognitionresult/isfinal,null
web/api/speechrecognitionresult/item,null
web/api/speechrecognitionresult/length,null
web/api/speechrecognitionresultlist,null
web/api/speechrecognitionresultlist/item,null
web/api/speechrecognitionresultlist/length,null
web/api/speechsynthesis,null
web/api/speechsynthesis/cancel,null
web/api/speechsynthesis/getvoices,null
web/api/speechsynthesis/pause,null
web/api/speechsynthesis/paused,null
web/api/speechsynthesis/pending,null
web/api/speechsynthesis/resume,null
web/api/speechsynthesis/speak,null
web/api/speechsynthesis/speaking,null
web/api/speechsynthesis/voiceschanged_event,null
web/api/speechsynthesiserrorevent,null
web/api/speechsynthesiserrorevent/error,null
web/api/speechsynthesiserrorevent/speechsynthesiserrorevent,null
web/api/speechsynthesisevent,null
web/api/speechsynthesisevent/charindex,null
web/api/speechsynthesisevent/charlength,null
web/api/speechsynthesisevent/elapsedtime,null
web/api/speechsynthesisevent/name,null
web/api/speechsynthesisevent/speechsynthesisevent,null
web/api/speechsynthesisevent/utterance,null
web/api/speechsynthesisutterance,null
web/api/speechsynthesisutterance/boundary_event,null
web/api/speechsynthesisutterance/end_event,null
web/api/speechsynthesisutterance/error_event,null
web/api/speechsynthesisutterance/lang,null
web/api/speechsynthesisutterance/mark_event,null
web/api/speechsynthesisutterance/pause_event,null
web/api/speechsynthesisutterance/pitch,null
web/api/speechsynthesisutterance/rate,null
web/api/speechsynthesisutterance/resume_event,null
web/api/speechsynthesisutterance/speechsynthesisutterance,null
web/api/speechsynthesisutterance/start_event,null
web/api/speechsynthesisutterance/text,null
web/api/speechsynthesisutterance/voice,null
web/api/speechsynthesisutterance/volume,null
web/api/speechsynthesisvoice,null
web/api/speechsynthesisvoice/default,null
web/api/speechsynthesisvoice/lang,null
web/api/speechsynthesisvoice/localservice,null
web/api/speechsynthesisvoice/name,null
web/api/speechsynthesisvoice/voiceuri,null
web/api/staticrange,null
web/api/staticrange/staticrange,null
web/api/stereopannernode,null
web/api/stereopannernode/pan,null
web/api/stereopannernode/stereopannernode,null
web/api/storage,null
web/api/storage/clear,null
web/api/storage/getitem,null
web/api/storage/key,null
web/api/storage/length,null
web/api/storage/removeitem,null
web/api/storage/setitem,null
web/api/storage_access_api,null
web/api/storage_access_api/using,null
web/api/storage_api,null
web/api/storage_api/storage_quotas_and_eviction_criteria,null
web/api/storageaccesshandle,null
web/api/storageaccesshandle/broadcastchannel,null
web/api/storageaccesshandle/caches,null
web/api/storageaccesshandle/createobjecturl,null
web/api/storageaccesshandle/estimate,null
web/api/storageaccesshandle/getdirectory,null
web/api/storageaccesshandle/indexeddb,null
web/api/storageaccesshandle/localstorage,null
web/api/storageaccesshandle/locks,null
web/api/storageaccesshandle/revokeobjecturl,null
web/api/storageaccesshandle/sessionstorage,null
web/api/storageaccesshandle/sharedworker,null
web/api/storageevent,null
web/api/storageevent/initstorageevent,null
web/api/storageevent/key,null
web/api/storageevent/newvalue,null
web/api/storageevent/oldvalue,null
web/api/storageevent/storagearea,null
web/api/storageevent/storageevent,null
web/api/storageevent/url,null
web/api/storagemanager,null
web/api/storagemanager/estimate,null
web/api/storagemanager/getdirectory,null
web/api/storagemanager/persist,null
web/api/storagemanager/persisted,null
web/api/streams_api,null
web/api/streams_api/concepts,null
web/api/streams_api/using_readable_byte_streams,null
web/api/streams_api/using_readable_streams,null
web/api/streams_api/using_writable_streams,null
web/api/stylepropertymap,null
web/api/stylepropertymap/append,null
web/api/stylepropertymap/clear,null
web/api/stylepropertymap/delete,null
web/api/stylepropertymap/set,null
web/api/stylepropertymapreadonly,null
web/api/stylepropertymapreadonly/entries,null
web/api/stylepropertymapreadonly/foreach,null
web/api/stylepropertymapreadonly/get,null
web/api/stylepropertymapreadonly/getall,null
web/api/stylepropertymapreadonly/has,null
web/api/stylepropertymapreadonly/keys,null
web/api/stylepropertymapreadonly/size,null
web/api/stylepropertymapreadonly/values,null
web/api/stylesheet,null
web/api/stylesheet/disabled,null
web/api/stylesheet/href,null
web/api/stylesheet/media,null
web/api/stylesheet/ownernode,null
web/api/stylesheet/parentstylesheet,null
web/api/stylesheet/title,null
web/api/stylesheet/type,null
web/api/stylesheetlist,null
web/api/stylesheetlist/item,null
web/api/stylesheetlist/length,null
web/api/submitevent,null
web/api/submitevent/submitevent,null
web/api/submitevent/submitter,null
web/api/subtlecrypto,null
web/api/subtlecrypto/decrypt,null
web/api/subtlecrypto/derivebits,null
web/api/subtlecrypto/derivekey,null
web/api/subtlecrypto/digest,null
web/api/subtlecrypto/encrypt,null
web/api/subtlecrypto/exportkey,null
web/api/subtlecrypto/generatekey,null
web/api/subtlecrypto/importkey,null
web/api/subtlecrypto/sign,null
web/api/subtlecrypto/unwrapkey,null
web/api/subtlecrypto/verify,null
web/api/subtlecrypto/wrapkey,null
web/api/summarizer,null
web/api/summarizer/availability_static,null
web/api/summarizer/create_static,null
web/api/summarizer/destroy,null
web/api/summarizer/expectedcontextlanguages,null
web/api/summarizer/expectedinputlanguages,null
web/api/summarizer/format,null
web/api/summarizer/inputquota,null
web/api/summarizer/length,null
web/api/summarizer/measureinputusage,null
web/api/summarizer/outputlanguage,null
web/api/summarizer/sharedcontext,null
web/api/summarizer/summarize,null
web/api/summarizer/summarizestreaming,null
web/api/summarizer/type,null
web/api/summarizer_api,null
web/api/summarizer_api/using,null
web/api/svg_api,null
web/api/svgaelement,null
web/api/svgaelement/download,null
web/api/svgaelement/hash,null
web/api/svgaelement/host,null
web/api/svgaelement/hostname,null
web/api/svgaelement/href,null
web/api/svgaelement/hreflang,null
web/api/svgaelement/interestforelement,null
web/api/svgaelement/origin,null
web/api/svgaelement/password,null
web/api/svgaelement/pathname,null
web/api/svgaelement/ping,null
web/api/svgaelement/port,null
web/api/svgaelement/protocol,null
web/api/svgaelement/referrerpolicy,null
web/api/svgaelement/rel,null
web/api/svgaelement/rellist,null
web/api/svgaelement/search,null
web/api/svgaelement/target,null
web/api/svgaelement/type,null
web/api/svgaelement/username,null
web/api/svgangle,null
web/api/svgangle/converttospecifiedunits,null
web/api/svgangle/newvaluespecifiedunits,null
web/api/svgangle/unittype,null
web/api/svgangle/value,null
web/api/svgangle/valueasstring,null
web/api/svgangle/valueinspecifiedunits,null
web/api/svganimatecolorelement,null
web/api/svganimatedangle,null
web/api/svganimatedangle/animval,null
web/api/svganimatedangle/baseval,null
web/api/svganimatedboolean,null
web/api/svganimatedboolean/animval,null
web/api/svganimatedboolean/baseval,null
web/api/svganimatedenumeration,null
web/api/svganimatedenumeration/animval,null
web/api/svganimatedenumeration/baseval,null
web/api/svganimatedinteger,null
web/api/svganimatedinteger/animval,null
web/api/svganimatedinteger/baseval,null
web/api/svganimatedlength,null
web/api/svganimatedlength/animval,null
web/api/svganimatedlength/baseval,null
web/api/svganimatedlengthlist,null
web/api/svganimatedlengthlist/animval,null
web/api/svganimatedlengthlist/baseval,null
web/api/svganimatednumber,null
web/api/svganimatednumber/animval,null
web/api/svganimatednumber/baseval,null
web/api/svganimatednumberlist,null
web/api/svganimatednumberlist/animval,null
web/api/svganimatednumberlist/baseval,null
web/api/svganimatedpreserveaspectratio,null
web/api/svganimatedpreserveaspectratio/animval,null
web/api/svganimatedpreserveaspectratio/baseval,null
web/api/svganimatedrect,null
web/api/svganimatedrect/animval,null
web/api/svganimatedrect/baseval,null
web/api/svganimatedstring,null
web/api/svganimatedstring/animval,null
web/api/svganimatedstring/baseval,null
web/api/svganimatedtransformlist,null
web/api/svganimatedtransformlist/animval,null
web/api/svganimatedtransformlist/baseval,null
web/api/svganimateelement,null
web/api/svganimatemotionelement,null
web/api/svganimatetransformelement,null
web/api/svganimationelement,null
web/api/svganimationelement/beginelement,null
web/api/svganimationelement/beginelementat,null
web/api/svganimationelement/beginevent_event,null
web/api/svganimationelement/endelement,null
web/api/svganimationelement/endelementat,null
web/api/svganimationelement/endevent_event,null
web/api/svganimationelement/getcurrenttime,null
web/api/svganimationelement/getsimpleduration,null
web/api/svganimationelement/getstarttime,null
web/api/svganimationelement/repeatevent_event,null
web/api/svganimationelement/requiredextensions,null
web/api/svganimationelement/systemlanguage,null
web/api/svganimationelement/targetelement,null
web/api/svgcircleelement,null
web/api/svgcircleelement/cx,null
web/api/svgcircleelement/cy,null
web/api/svgcircleelement/r,null
web/api/svgclippathelement,null
web/api/svgclippathelement/clippathunits,null
web/api/svgclippathelement/transform,null
web/api/svgcomponenttransferfunctionelement,null
web/api/svgcomponenttransferfunctionelement/amplitude,null
web/api/svgcomponenttransferfunctionelement/exponent,null
web/api/svgcomponenttransferfunctionelement/intercept,null
web/api/svgcomponenttransferfunctionelement/offset,null
web/api/svgcomponenttransferfunctionelement/slope,null
web/api/svgcomponenttransferfunctionelement/tablevalues,null
web/api/svgcomponenttransferfunctionelement/type,null
web/api/svgdefselement,null
web/api/svgdescelement,null
web/api/svgdiscardelement,null
web/api/svgelement,null
web/api/svgelement/attributestylemap,null
web/api/svgelement/autofocus,null
web/api/svgelement/blur,null
web/api/svgelement/dataset,null
web/api/svgelement/error_event,null
web/api/svgelement/focus,null
web/api/svgelement/load_event,null
web/api/svgelement/nonce,null
web/api/svgelement/ownersvgelement,null
web/api/svgelement/style,null
web/api/svgelement/tabindex,null
web/api/svgelement/viewportelement,null
web/api/svgellipseelement,null
web/api/svgellipseelement/cx,null
web/api/svgellipseelement/cy,null
web/api/svgellipseelement/rx,null
web/api/svgellipseelement/ry,null
web/api/svgfeblendelement,null
web/api/svgfeblendelement/height,null
web/api/svgfeblendelement/in1,null
web/api/svgfeblendelement/in2,null
web/api/svgfeblendelement/mode,null
web/api/svgfeblendelement/result,null
web/api/svgfeblendelement/width,null
web/api/svgfeblendelement/x,null
web/api/svgfeblendelement/y,null
web/api/svgfecolormatrixelement,null
web/api/svgfecolormatrixelement/height,null
web/api/svgfecolormatrixelement/in1,null
web/api/svgfecolormatrixelement/result,null
web/api/svgfecolormatrixelement/type,null
web/api/svgfecolormatrixelement/values,null
web/api/svgfecolormatrixelement/width,null
web/api/svgfecolormatrixelement/x,null
web/api/svgfecolormatrixelement/y,null
web/api/svgfecomponenttransferelement,null
web/api/svgfecomponenttransferelement/height,null
web/api/svgfecomponenttransferelement/in1,null
web/api/svgfecomponenttransferelement/result,null
web/api/svgfecomponenttransferelement/width,null
web/api/svgfecomponenttransferelement/x,null
web/api/svgfecomponenttransferelement/y,null
web/api/svgfecompositeelement,null
web/api/svgfecompositeelement/height,null
web/api/svgfecompositeelement/in1,null
web/api/svgfecompositeelement/in2,null
web/api/svgfecompositeelement/k1,null
web/api/svgfecompositeelement/k2,null
web/api/svgfecompositeelement/k3,null
web/api/svgfecompositeelement/k4,null
web/api/svgfecompositeelement/operator,null
web/api/svgfecompositeelement/result,null
web/api/svgfecompositeelement/width,null
web/api/svgfecompositeelement/x,null
web/api/svgfecompositeelement/y,null
web/api/svgfeconvolvematrixelement,null
web/api/svgfeconvolvematrixelement/bias,null
web/api/svgfeconvolvematrixelement/divisor,null
web/api/svgfeconvolvematrixelement/edgemode,null
web/api/svgfeconvolvematrixelement/height,null
web/api/svgfeconvolvematrixelement/in1,null
web/api/svgfeconvolvematrixelement/kernelmatrix,null
web/api/svgfeconvolvematrixelement/kernelunitlengthx,null
web/api/svgfeconvolvematrixelement/kernelunitlengthy,null
web/api/svgfeconvolvematrixelement/orderx,null
web/api/svgfeconvolvematrixelement/ordery,null
web/api/svgfeconvolvematrixelement/preservealpha,null
web/api/svgfeconvolvematrixelement/result,null
web/api/svgfeconvolvematrixelement/targetx,null
web/api/svgfeconvolvematrixelement/targety,null
web/api/svgfeconvolvematrixelement/width,null
web/api/svgfeconvolvematrixelement/x,null
web/api/svgfeconvolvematrixelement/y,null
web/api/svgfediffuselightingelement,null
web/api/svgfediffuselightingelement/diffuseconstant,null
web/api/svgfediffuselightingelement/height,null
web/api/svgfediffuselightingelement/in1,null
web/api/svgfediffuselightingelement/kernelunitlengthx,null
web/api/svgfediffuselightingelement/kernelunitlengthy,null
web/api/svgfediffuselightingelement/result,null
web/api/svgfediffuselightingelement/surfacescale,null
web/api/svgfediffuselightingelement/width,null
web/api/svgfediffuselightingelement/x,null
web/api/svgfediffuselightingelement/y,null
web/api/svgfedisplacementmapelement,null
web/api/svgfedisplacementmapelement/height,null
web/api/svgfedisplacementmapelement/in1,null
web/api/svgfedisplacementmapelement/in2,null
web/api/svgfedisplacementmapelement/result,null
web/api/svgfedisplacementmapelement/scale,null
web/api/svgfedisplacementmapelement/width,null
web/api/svgfedisplacementmapelement/x,null
web/api/svgfedisplacementmapelement/xchannelselector,null
web/api/svgfedisplacementmapelement/y,null
web/api/svgfedisplacementmapelement/ychannelselector,null
web/api/svgfedistantlightelement,null
web/api/svgfedistantlightelement/azimuth,null
web/api/svgfedistantlightelement/elevation,null
web/api/svgfedropshadowelement,null
web/api/svgfedropshadowelement/dx,null
web/api/svgfedropshadowelement/dy,null
web/api/svgfedropshadowelement/height,null
web/api/svgfedropshadowelement/in1,null
web/api/svgfedropshadowelement/result,null
web/api/svgfedropshadowelement/setstddeviation,null
web/api/svgfedropshadowelement/stddeviationx,null
web/api/svgfedropshadowelement/stddeviationy,null
web/api/svgfedropshadowelement/width,null
web/api/svgfedropshadowelement/x,null
web/api/svgfedropshadowelement/y,null
web/api/svgfefloodelement,null
web/api/svgfefloodelement/height,null
web/api/svgfefloodelement/result,null
web/api/svgfefloodelement/width,null
web/api/svgfefloodelement/x,null
web/api/svgfefloodelement/y,null
web/api/svgfefuncaelement,null
web/api/svgfefuncbelement,null
web/api/svgfefuncgelement,null
web/api/svgfefuncrelement,null
web/api/svgfegaussianblurelement,null
web/api/svgfegaussianblurelement/edgemode,null
web/api/svgfegaussianblurelement/height,null
web/api/svgfegaussianblurelement/in1,null
web/api/svgfegaussianblurelement/result,null
web/api/svgfegaussianblurelement/setstddeviation,null
web/api/svgfegaussianblurelement/stddeviationx,null
web/api/svgfegaussianblurelement/stddeviationy,null
web/api/svgfegaussianblurelement/width,null
web/api/svgfegaussianblurelement/x,null
web/api/svgfegaussianblurelement/y,null
web/api/svgfeimageelement,null
web/api/svgfeimageelement/height,null
web/api/svgfeimageelement/href,null
web/api/svgfeimageelement/preserveaspectratio,null
web/api/svgfeimageelement/result,null
web/api/svgfeimageelement/width,null
web/api/svgfeimageelement/x,null
web/api/svgfeimageelement/y,null
web/api/svgfemergeelement,null
web/api/svgfemergeelement/height,null
web/api/svgfemergeelement/result,null
web/api/svgfemergeelement/width,null
web/api/svgfemergeelement/x,null
web/api/svgfemergeelement/y,null
web/api/svgfemergenodeelement,null
web/api/svgfemergenodeelement/in1,null
web/api/svgfemorphologyelement,null
web/api/svgfemorphologyelement/height,null
web/api/svgfemorphologyelement/in1,null
web/api/svgfemorphologyelement/operator,null
web/api/svgfemorphologyelement/radiusx,null
web/api/svgfemorphologyelement/radiusy,null
web/api/svgfemorphologyelement/result,null
web/api/svgfemorphologyelement/width,null
web/api/svgfemorphologyelement/x,null
web/api/svgfemorphologyelement/y,null
web/api/svgfeoffsetelement,null
web/api/svgfeoffsetelement/dx,null
web/api/svgfeoffsetelement/dy,null
web/api/svgfeoffsetelement/height,null
web/api/svgfeoffsetelement/in1,null
web/api/svgfeoffsetelement/result,null
web/api/svgfeoffsetelement/width,null
web/api/svgfeoffsetelement/x,null
web/api/svgfeoffsetelement/y,null
web/api/svgfepointlightelement,null
web/api/svgfepointlightelement/x,null
web/api/svgfepointlightelement/y,null
web/api/svgfepointlightelement/z,null
web/api/svgfespecularlightingelement,null
web/api/svgfespecularlightingelement/height,null
web/api/svgfespecularlightingelement/in1,null
web/api/svgfespecularlightingelement/kernelunitlengthx,null
web/api/svgfespecularlightingelement/kernelunitlengthy,null
web/api/svgfespecularlightingelement/result,null
web/api/svgfespecularlightingelement/specularconstant,null
web/api/svgfespecularlightingelement/specularexponent,null
web/api/svgfespecularlightingelement/surfacescale,null
web/api/svgfespecularlightingelement/width,null
web/api/svgfespecularlightingelement/x,null
web/api/svgfespecularlightingelement/y,null
web/api/svgfespotlightelement,null
web/api/svgfespotlightelement/limitingconeangle,null
web/api/svgfespotlightelement/pointsatx,null
web/api/svgfespotlightelement/pointsaty,null
web/api/svgfespotlightelement/pointsatz,null
web/api/svgfespotlightelement/specularexponent,null
web/api/svgfespotlightelement/x,null
web/api/svgfespotlightelement/y,null
web/api/svgfespotlightelement/z,null
web/api/svgfetileelement,null
web/api/svgfetileelement/height,null
web/api/svgfetileelement/in1,null
web/api/svgfetileelement/result,null
web/api/svgfetileelement/width,null
web/api/svgfetileelement/x,null
web/api/svgfetileelement/y,null
web/api/svgfeturbulenceelement,null
web/api/svgfeturbulenceelement/basefrequencyx,null
web/api/svgfeturbulenceelement/basefrequencyy,null
web/api/svgfeturbulenceelement/height,null
web/api/svgfeturbulenceelement/numoctaves,null
web/api/svgfeturbulenceelement/result,null
web/api/svgfeturbulenceelement/seed,null
web/api/svgfeturbulenceelement/stitchtiles,null
web/api/svgfeturbulenceelement/type,null
web/api/svgfeturbulenceelement/width,null
web/api/svgfeturbulenceelement/x,null
web/api/svgfeturbulenceelement/y,null
web/api/svgfilterelement,null
web/api/svgfilterelement/filterunits,null
web/api/svgfilterelement/height,null
web/api/svgfilterelement/href,null
web/api/svgfilterelement/primitiveunits,null
web/api/svgfilterelement/width,null
web/api/svgfilterelement/x,null
web/api/svgfilterelement/y,null
web/api/svgforeignobjectelement,null
web/api/svgforeignobjectelement/height,null
web/api/svgforeignobjectelement/width,null
web/api/svgforeignobjectelement/x,null
web/api/svgforeignobjectelement/y,null
web/api/svggelement,null
web/api/svggeometryelement,null
web/api/svggeometryelement/getpointatlength,null
web/api/svggeometryelement/gettotallength,null
web/api/svggeometryelement/ispointinfill,null
web/api/svggeometryelement/ispointinstroke,null
web/api/svggeometryelement/pathlength,null
web/api/svggradientelement,null
web/api/svggradientelement/gradienttransform,null
web/api/svggradientelement/gradientunits,null
web/api/svggradientelement/href,null
web/api/svggradientelement/spreadmethod,null
web/api/svggraphicselement,null
web/api/svggraphicselement/getbbox,null
web/api/svggraphicselement/getctm,null
web/api/svggraphicselement/getscreenctm,null
web/api/svggraphicselement/requiredextensions,null
web/api/svggraphicselement/systemlanguage,null
web/api/svggraphicselement/transform,null
web/api/svgimageelement,null
web/api/svgimageelement/crossorigin,null
web/api/svgimageelement/decode,null
web/api/svgimageelement/decoding,null
web/api/svgimageelement/height,null
web/api/svgimageelement/href,null
web/api/svgimageelement/preserveaspectratio,null
web/api/svgimageelement/width,null
web/api/svgimageelement/x,null
web/api/svgimageelement/y,null
web/api/svglength,null
web/api/svglength/converttospecifiedunits,null
web/api/svglength/newvaluespecifiedunits,null
web/api/svglength/unittype,null
web/api/svglength/value,null
web/api/svglength/valueasstring,null
web/api/svglength/valueinspecifiedunits,null
web/api/svglengthlist,null
web/api/svglengthlist/appenditem,null
web/api/svglengthlist/clear,null
web/api/svglengthlist/getitem,null
web/api/svglengthlist/initialize,null
web/api/svglengthlist/insertitembefore,null
web/api/svglengthlist/length,null
web/api/svglengthlist/numberofitems,null
web/api/svglengthlist/removeitem,null
web/api/svglengthlist/replaceitem,null
web/api/svglineargradientelement,null
web/api/svglineargradientelement/x1,null
web/api/svglineargradientelement/x2,null
web/api/svglineargradientelement/y1,null
web/api/svglineargradientelement/y2,null
web/api/svglineelement,null
web/api/svglineelement/x1,null
web/api/svglineelement/x2,null
web/api/svglineelement/y1,null
web/api/svglineelement/y2,null
web/api/svgmarkerelement,null
web/api/svgmarkerelement/markerheight,null
web/api/svgmarkerelement/markerunits,null
web/api/svgmarkerelement/markerwidth,null
web/api/svgmarkerelement/orient,null
web/api/svgmarkerelement/orientangle,null
web/api/svgmarkerelement/orienttype,null
web/api/svgmarkerelement/preserveaspectratio,null
web/api/svgmarkerelement/refx,null
web/api/svgmarkerelement/refy,null
web/api/svgmarkerelement/setorienttoangle,null
web/api/svgmarkerelement/setorienttoauto,null
web/api/svgmarkerelement/viewbox,null
web/api/svgmaskelement,null
web/api/svgmaskelement/height,null
web/api/svgmaskelement/maskcontentunits,null
web/api/svgmaskelement/maskunits,null
web/api/svgmaskelement/width,null
web/api/svgmaskelement/x,null
web/api/svgmaskelement/y,null
web/api/svgmetadataelement,null
web/api/svgmpathelement,null
web/api/svgmpathelement/href,null
web/api/svgnumber,null
web/api/svgnumber/value,null
web/api/svgnumberlist,null
web/api/svgnumberlist/appenditem,null
web/api/svgnumberlist/clear,null
web/api/svgnumberlist/getitem,null
web/api/svgnumberlist/initialize,null
web/api/svgnumberlist/insertitembefore,null
web/api/svgnumberlist/length,null
web/api/svgnumberlist/numberofitems,null
web/api/svgnumberlist/removeitem,null
web/api/svgnumberlist/replaceitem,null
web/api/svgpathelement,null
web/api/svgpathelement/getpathdata,null
web/api/svgpathelement/getpathsegmentatlength,null
web/api/svgpathelement/getpointatlength,null
web/api/svgpathelement/gettotallength,null
web/api/svgpathelement/pathlength,null
web/api/svgpathelement/setpathdata,null
web/api/svgpatternelement,null
web/api/svgpatternelement/height,null
web/api/svgpatternelement/href,null
web/api/svgpatternelement/patterncontentunits,null
web/api/svgpatternelement/patterntransform,null
web/api/svgpatternelement/patternunits,null
web/api/svgpatternelement/preserveaspectratio,null
web/api/svgpatternelement/viewbox,null
web/api/svgpatternelement/width,null
web/api/svgpatternelement/x,null
web/api/svgpatternelement/y,null
web/api/svgpoint,null
web/api/svgpointlist,null
web/api/svgpointlist/appenditem,null
web/api/svgpointlist/clear,null
web/api/svgpointlist/getitem,null
web/api/svgpointlist/initialize,null
web/api/svgpointlist/insertitembefore,null
web/api/svgpointlist/length,null
web/api/svgpointlist/numberofitems,null
web/api/svgpointlist/removeitem,null
web/api/svgpointlist/replaceitem,null
web/api/svgpolygonelement,null
web/api/svgpolygonelement/animatedpoints,null
web/api/svgpolygonelement/points,null
web/api/svgpolylineelement,null
web/api/svgpolylineelement/animatedpoints,null
web/api/svgpolylineelement/points,null
web/api/svgpreserveaspectratio,null
web/api/svgpreserveaspectratio/align,null
web/api/svgpreserveaspectratio/meetorslice,null
web/api/svgradialgradientelement,null
web/api/svgradialgradientelement/cx,null
web/api/svgradialgradientelement/cy,null
web/api/svgradialgradientelement/fr,null
web/api/svgradialgradientelement/fx,null
web/api/svgradialgradientelement/fy,null
web/api/svgradialgradientelement/r,null
web/api/svgrect,null
web/api/svgrect/height,null
web/api/svgrect/width,null
web/api/svgrect/x,null
web/api/svgrect/y,null
web/api/svgrectelement,null
web/api/svgrectelement/height,null
web/api/svgrectelement/rx,null
web/api/svgrectelement/ry,null
web/api/svgrectelement/width,null
web/api/svgrectelement/x,null
web/api/svgrectelement/y,null
web/api/svgscriptelement,null
web/api/svgscriptelement/async,null
web/api/svgscriptelement/crossorigin,null
web/api/svgscriptelement/defer,null
web/api/svgscriptelement/href,null
web/api/svgscriptelement/type,null
web/api/svgsetelement,null
web/api/svgstopelement,null
web/api/svgstopelement/offset,null
web/api/svgstringlist,null
web/api/svgstringlist/appenditem,null
web/api/svgstringlist/clear,null
web/api/svgstringlist/getitem,null
web/api/svgstringlist/initialize,null
web/api/svgstringlist/insertitembefore,null
web/api/svgstringlist/length,null
web/api/svgstringlist/numberofitems,null
web/api/svgstringlist/removeitem,null
web/api/svgstringlist/replaceitem,null
web/api/svgstyleelement,null
web/api/svgstyleelement/disabled,null
web/api/svgstyleelement/media,null
web/api/svgstyleelement/sheet,null
web/api/svgstyleelement/title,null
web/api/svgstyleelement/type,null
web/api/svgsvgelement,null
web/api/svgsvgelement/animationspaused,null
web/api/svgsvgelement/checkenclosure,null
web/api/svgsvgelement/checkintersection,null
web/api/svgsvgelement/createsvgangle,null
web/api/svgsvgelement/createsvglength,null
web/api/svgsvgelement/createsvgmatrix,null
web/api/svgsvgelement/createsvgnumber,null
web/api/svgsvgelement/createsvgpoint,null
web/api/svgsvgelement/createsvgrect,null
web/api/svgsvgelement/createsvgtransform,null
web/api/svgsvgelement/createsvgtransformfrommatrix,null
web/api/svgsvgelement/currentscale,null
web/api/svgsvgelement/currenttranslate,null
web/api/svgsvgelement/deselectall,null
web/api/svgsvgelement/getcurrenttime,null
web/api/svgsvgelement/getelementbyid,null
web/api/svgsvgelement/height,null
web/api/svgsvgelement/pauseanimations,null
web/api/svgsvgelement/preserveaspectratio,null
web/api/svgsvgelement/setcurrenttime,null
web/api/svgsvgelement/unpauseanimations,null
web/api/svgsvgelement/viewbox,null
web/api/svgsvgelement/width,null
web/api/svgsvgelement/x,null
web/api/svgsvgelement/y,null
web/api/svgswitchelement,null
web/api/svgsymbolelement,null
web/api/svgsymbolelement/preserveaspectratio,null
web/api/svgsymbolelement/viewbox,null
web/api/svgtextcontentelement,null
web/api/svgtextcontentelement/getcharnumatposition,null
web/api/svgtextcontentelement/getcomputedtextlength,null
web/api/svgtextcontentelement/getendpositionofchar,null
web/api/svgtextcontentelement/getextentofchar,null
web/api/svgtextcontentelement/getnumberofchars,null
web/api/svgtextcontentelement/getrotationofchar,null
web/api/svgtextcontentelement/getstartpositionofchar,null
web/api/svgtextcontentelement/getsubstringlength,null
web/api/svgtextcontentelement/lengthadjust,null
web/api/svgtextcontentelement/textlength,null
web/api/svgtextelement,null
web/api/svgtextpathelement,null
web/api/svgtextpathelement/href,null
web/api/svgtextpathelement/method,null
web/api/svgtextpathelement/side,null
web/api/svgtextpathelement/spacing,null
web/api/svgtextpathelement/startoffset,null
web/api/svgtextpositioningelement,null
web/api/svgtextpositioningelement/dx,null
web/api/svgtextpositioningelement/dy,null
web/api/svgtextpositioningelement/rotate,null
web/api/svgtextpositioningelement/x,null
web/api/svgtextpositioningelement/y,null
web/api/svgtitleelement,null
web/api/svgtransform,null
web/api/svgtransform/angle,null
web/api/svgtransform/matrix,null
web/api/svgtransform/setmatrix,null
web/api/svgtransform/setrotate,null
web/api/svgtransform/setscale,null
web/api/svgtransform/setskewx,null
web/api/svgtransform/setskewy,null
web/api/svgtransform/settranslate,null
web/api/svgtransform/type,null
web/api/svgtransformlist,null
web/api/svgtransformlist/appenditem,null
web/api/svgtransformlist/clear,null
web/api/svgtransformlist/consolidate,null
web/api/svgtransformlist/createsvgtransformfrommatrix,null
web/api/svgtransformlist/getitem,null
web/api/svgtransformlist/initialize,null
web/api/svgtransformlist/insertitembefore,null
web/api/svgtransformlist/length,null
web/api/svgtransformlist/numberofitems,null
web/api/svgtransformlist/removeitem,null
web/api/svgtransformlist/replaceitem,null
web/api/svgtspanelement,null
web/api/svgunittypes,null
web/api/svguseelement,null
web/api/svguseelement/height,null
web/api/svguseelement/href,null
web/api/svguseelement/width,null
web/api/svguseelement/x,null
web/api/svguseelement/y,null
web/api/svgviewelement,null
web/api/svgviewelement/preserveaspectratio,null
web/api/svgviewelement/viewbox,null
web/api/syncevent,null
web/api/syncevent/lastchance,null
web/api/syncevent/syncevent,null
web/api/syncevent/tag,null
web/api/syncmanager,null
web/api/syncmanager/gettags,null
web/api/syncmanager/register,null
web/api/taskattributiontiming,null
web/api/taskattributiontiming/containerid,null
web/api/taskattributiontiming/containername,null
web/api/taskattributiontiming/containersrc,null
web/api/taskattributiontiming/containertype,null
web/api/taskattributiontiming/tojson,null
web/api/taskcontroller,null
web/api/taskcontroller/setpriority,null
web/api/taskcontroller/taskcontroller,null
web/api/taskprioritychangeevent,null
web/api/taskprioritychangeevent/previouspriority,null
web/api/taskprioritychangeevent/taskprioritychangeevent,null
web/api/tasksignal,null
web/api/tasksignal/any_static,null
web/api/tasksignal/priority,null
web/api/tasksignal/prioritychange_event,null
web/api/text,null
web/api/text/assignedslot,null
web/api/text/splittext,null
web/api/text/text,null
web/api/text/wholetext,null
web/api/textdecoder,null
web/api/textdecoder/decode,null
web/api/textdecoder/encoding,null
web/api/textdecoder/fatal,null
web/api/textdecoder/ignorebom,null
web/api/textdecoder/textdecoder,null
web/api/textdecoderstream,null
web/api/textdecoderstream/encoding,null
web/api/textdecoderstream/fatal,null
web/api/textdecoderstream/ignorebom,null
web/api/textdecoderstream/readable,null
web/api/textdecoderstream/textdecoderstream,null
web/api/textdecoderstream/writable,null
web/api/textencoder,null
web/api/textencoder/encode,null
web/api/textencoder/encodeinto,null
web/api/textencoder/encoding,null
web/api/textencoder/textencoder,null
web/api/textencoderstream,null
web/api/textencoderstream/encoding,null
web/api/textencoderstream/readable,null
web/api/textencoderstream/textencoderstream,null
web/api/textencoderstream/writable,null
web/api/textevent,null
web/api/textevent/data,null
web/api/textevent/inittextevent,null
web/api/textformat,null
web/api/textformat/rangeend,null
web/api/textformat/rangestart,null
web/api/textformat/textformat,null
web/api/textformat/underlinestyle,null
web/api/textformat/underlinethickness,null
web/api/textformatupdateevent,null
web/api/textformatupdateevent/gettextformats,null
web/api/textformatupdateevent/textformatupdateevent,null
web/api/textmetrics,null
web/api/textmetrics/actualboundingboxascent,null
web/api/textmetrics/actualboundingboxdescent,null
web/api/textmetrics/actualboundingboxleft,null
web/api/textmetrics/actualboundingboxright,null
web/api/textmetrics/alphabeticbaseline,null
web/api/textmetrics/emheightascent,null
web/api/textmetrics/emheightdescent,null
web/api/textmetrics/fontboundingboxascent,null
web/api/textmetrics/fontboundingboxdescent,null
web/api/textmetrics/hangingbaseline,null
web/api/textmetrics/ideographicbaseline,null
web/api/textmetrics/width,null
web/api/texttrack,null
web/api/texttrack/activecues,null
web/api/texttrack/addcue,null
web/api/texttrack/cuechange_event,null
web/api/texttrack/cues,null
web/api/texttrack/id,null
web/api/texttrack/inbandmetadatatrackdispatchtype,null
web/api/texttrack/kind,null
web/api/texttrack/label,null
web/api/texttrack/language,null
web/api/texttrack/mode,null
web/api/texttrack/removecue,null
web/api/texttrack/sourcebuffer,null
web/api/texttrackcue,null
web/api/texttrackcue/endtime,null
web/api/texttrackcue/enter_event,null
web/api/texttrackcue/exit_event,null
web/api/texttrackcue/id,null
web/api/texttrackcue/pauseonexit,null
web/api/texttrackcue/starttime,null
web/api/texttrackcue/track,null
web/api/texttrackcuelist,null
web/api/texttrackcuelist/getcuebyid,null
web/api/texttrackcuelist/length,null
web/api/texttracklist,null
web/api/texttracklist/addtrack_event,null
web/api/texttracklist/change_event,null
web/api/texttracklist/gettrackbyid,null
web/api/texttracklist/length,null
web/api/texttracklist/removetrack_event,null
web/api/textupdateevent,null
web/api/textupdateevent/selectionend,null
web/api/textupdateevent/selectionstart,null
web/api/textupdateevent/text,null
web/api/textupdateevent/textupdateevent,null
web/api/textupdateevent/updaterangeend,null
web/api/textupdateevent/updaterangestart,null
web/api/timeevent,null
web/api/timeevent/detail,null
web/api/timeevent/inittimeevent,null
web/api/timeevent/view,null
web/api/timeranges,null
web/api/timeranges/end,null
web/api/timeranges/length,null
web/api/timeranges/start,null
web/api/toggleevent,null
web/api/toggleevent/newstate,null
web/api/toggleevent/oldstate,null
web/api/toggleevent/source,null
web/api/toggleevent/toggleevent,null
web/api/topics_api,null
web/api/touch,null
web/api/touch/altitudeangle,null
web/api/touch/azimuthangle,null
web/api/touch/clientx,null
web/api/touch/clienty,null
web/api/touch/force,null
web/api/touch/identifier,null
web/api/touch/pagex,null
web/api/touch/pagey,null
web/api/touch/radiusx,null
web/api/touch/radiusy,null
web/api/touch/rotationangle,null
web/api/touch/screenx,null
web/api/touch/screeny,null
web/api/touch/target,null
web/api/touch/touch,null
web/api/touch/touchtype,null
web/api/touch_events,null
web/api/touch_events/multi-touch_interaction,null
web/api/touch_events/using_touch_events,null
web/api/touchevent,null
web/api/touchevent/altkey,null
web/api/touchevent/changedtouches,null
web/api/touchevent/ctrlkey,null
web/api/touchevent/metakey,null
web/api/touchevent/shiftkey,null
web/api/touchevent/targettouches,null
web/api/touchevent/touches,null
web/api/touchevent/touchevent,null
web/api/touchlist,null
web/api/touchlist/item,null
web/api/touchlist/length,null
web/api/trackevent,null
web/api/trackevent/track,null
web/api/trackevent/trackevent,null
web/api/transformstream,null
web/api/transformstream/readable,null
web/api/transformstream/transformstream,null
web/api/transformstream/writable,null
web/api/transformstreamdefaultcontroller,null
web/api/transformstreamdefaultcontroller/desiredsize,null
web/api/transformstreamdefaultcontroller/enqueue,null
web/api/transformstreamdefaultcontroller/error,null
web/api/transformstreamdefaultcontroller/terminate,null
web/api/transitionevent,null
web/api/transitionevent/animation,null
web/api/transitionevent/elapsedtime,null
web/api/transitionevent/propertyname,null
web/api/transitionevent/pseudoelement,null
web/api/transitionevent/transitionevent,null
web/api/translator,null
web/api/translator/availability_static,null
web/api/translator/create_static,null
web/api/translator/destroy,null
web/api/translator/inputquota,null
web/api/translator/measureinputusage,null
web/api/translator/sourcelanguage,null
web/api/translator/targetlanguage,null
web/api/translator/translate,null
web/api/translator/translatestreaming,null
web/api/translator_and_language_detector_apis,null
web/api/translator_and_language_detector_apis/using,null
web/api/treewalker,null
web/api/treewalker/currentnode,null
web/api/treewalker/filter,null
web/api/treewalker/firstchild,null
web/api/treewalker/lastchild,null
web/api/treewalker/nextnode,null
web/api/treewalker/nextsibling,null
web/api/treewalker/parentnode,null
web/api/treewalker/previousnode,null
web/api/treewalker/previoussibling,null
web/api/treewalker/root,null
web/api/treewalker/whattoshow,null
web/api/trusted_types_api,null
web/api/trustedhtml,null
web/api/trustedhtml/tojson,null
web/api/trustedhtml/tostring,null
web/api/trustedscript,null
web/api/trustedscript/tojson,null
web/api/trustedscript/tostring,null
web/api/trustedscripturl,null
web/api/trustedscripturl/tojson,null
web/api/trustedscripturl/tostring,null
web/api/trustedtypepolicy,null
web/api/trustedtypepolicy/createhtml,null
web/api/trustedtypepolicy/createscript,null
web/api/trustedtypepolicy/createscripturl,null
web/api/trustedtypepolicy/name,null
web/api/trustedtypepolicyfactory,null
web/api/trustedtypepolicyfactory/createpolicy,null
web/api/trustedtypepolicyfactory/defaultpolicy,null
web/api/trustedtypepolicyfactory/emptyhtml,null
web/api/trustedtypepolicyfactory/emptyscript,null
web/api/trustedtypepolicyfactory/getattributetype,null
web/api/trustedtypepolicyfactory/getpropertytype,null
web/api/trustedtypepolicyfactory/ishtml,null
web/api/trustedtypepolicyfactory/isscript,null
web/api/trustedtypepolicyfactory/isscripturl,null
web/api/ui_events,null
web/api/ui_events/keyboard_event_code_values,null
web/api/ui_events/keyboard_event_key_values,null
web/api/uievent,null
web/api/uievent/detail,null
web/api/uievent/inituievent,null
web/api/uievent/sourcecapabilities,null
web/api/uievent/uievent,null
web/api/uievent/view,null
web/api/uievent/which,2
web/api/url,null
web/api/url/canparse_static,null
web/api/url/createobjecturl_static,null
web/api/url/hash,null
web/api/url/host,null
web/api/url/hostname,null
web/api/url/href,null
web/api/url/origin,null
web/api/url/parse_static,null
web/api/url/password,null
web/api/url/pathname,null
web/api/url/port,null
web/api/url/protocol,null
web/api/url/revokeobjecturl_static,null
web/api/url/search,null
web/api/url/searchparams,null
web/api/url/tojson,null
web/api/url/tostring,null
web/api/url/url,null
web/api/url/username,null
web/api/url_api,null
web/api/url_api/resolving_relative_references,null
web/api/url_fragment_text_directives,null
web/api/url_pattern_api,null
web/api/urlpattern,null
web/api/urlpattern/exec,null
web/api/urlpattern/hash,null
web/api/urlpattern/hasregexpgroups,null
web/api/urlpattern/hostname,null
web/api/urlpattern/password,null
web/api/urlpattern/pathname,null
web/api/urlpattern/port,null
web/api/urlpattern/protocol,null
web/api/urlpattern/search,null
web/api/urlpattern/test,null
web/api/urlpattern/urlpattern,null
web/api/urlpattern/username,null
web/api/urlsearchparams,null
web/api/urlsearchparams/append,null
web/api/urlsearchparams/delete,null
web/api/urlsearchparams/entries,null
web/api/urlsearchparams/foreach,null
web/api/urlsearchparams/get,null
web/api/urlsearchparams/getall,null
web/api/urlsearchparams/has,null
web/api/urlsearchparams/keys,null
web/api/urlsearchparams/set,null
web/api/urlsearchparams/size,null
web/api/urlsearchparams/sort,null
web/api/urlsearchparams/tostring,null
web/api/urlsearchparams/urlsearchparams,null
web/api/urlsearchparams/values,null
web/api/usb,null
web/api/usb/connect_event,null
web/api/usb/disconnect_event,null
web/api/usb/getdevices,null
web/api/usb/requestdevice,null
web/api/usbalternateinterface,null
web/api/usbconfiguration,null
web/api/usbconfiguration/configurationname,null
web/api/usbconfiguration/configurationvalue,null
web/api/usbconfiguration/interfaces,null
web/api/usbconfiguration/usbconfiguration,null
web/api/usbconnectionevent,null
web/api/usbconnectionevent/device,null
web/api/usbconnectionevent/usbconnectionevent,null
web/api/usbdevice,null
web/api/usbdevice/claiminterface,null
web/api/usbdevice/clearhalt,null
web/api/usbdevice/close,null
web/api/usbdevice/configuration,null
web/api/usbdevice/configurations,null
web/api/usbdevice/controltransferin,null
web/api/usbdevice/controltransferout,null
web/api/usbdevice/deviceclass,null
web/api/usbdevice/deviceprotocol,null
web/api/usbdevice/devicesubclass,null
web/api/usbdevice/deviceversionmajor,null
web/api/usbdevice/deviceversionminor,null
web/api/usbdevice/deviceversionsubminor,null
web/api/usbdevice/forget,null
web/api/usbdevice/isochronoustransferin,null
web/api/usbdevice/isochronoustransferout,null
web/api/usbdevice/manufacturername,null
web/api/usbdevice/open,null
web/api/usbdevice/opened,null
web/api/usbdevice/productid,null
web/api/usbdevice/productname,null
web/api/usbdevice/releaseinterface,null
web/api/usbdevice/reset,null
web/api/usbdevice/selectalternateinterface,null
web/api/usbdevice/selectconfiguration,null
web/api/usbdevice/serialnumber,null
web/api/usbdevice/transferin,null
web/api/usbdevice/transferout,null
web/api/usbdevice/usbversionmajor,null
web/api/usbdevice/usbversionminor,null
web/api/usbdevice/usbversionsubminor,null
web/api/usbdevice/vendorid,null
web/api/usbendpoint,null
web/api/usbinterface,null
web/api/usbintransferresult,null
web/api/usbisochronousintransferpacket,null
web/api/usbisochronousintransferresult,null
web/api/usbisochronousouttransferpacket,null
web/api/usbisochronousouttransferresult,null
web/api/usbouttransferresult,null
web/api/user-agent_client_hints_api,null
web/api/user_preferences_api,null
web/api/useractivation,null
web/api/useractivation/hasbeenactive,null
web/api/useractivation/isactive,null
web/api/validitystate,null
web/api/validitystate/badinput,null
web/api/validitystate/customerror,null
web/api/validitystate/patternmismatch,null
web/api/validitystate/rangeoverflow,null
web/api/validitystate/rangeunderflow,null
web/api/validitystate/stepmismatch,null
web/api/validitystate/toolong,null
web/api/validitystate/tooshort,null
web/api/validitystate/typemismatch,null
web/api/validitystate/valid,null
web/api/validitystate/valuemissing,null
web/api/vibration_api,null
web/api/videocolorspace,null
web/api/videocolorspace/fullrange,null
web/api/videocolorspace/matrix,null
web/api/videocolorspace/primaries,null
web/api/videocolorspace/tojson,null
web/api/videocolorspace/transfer,null
web/api/videocolorspace/videocolorspace,null
web/api/videodecoder,null
web/api/videodecoder/close,null
web/api/videodecoder/configure,null
web/api/videodecoder/decode,null
web/api/videodecoder/decodequeuesize,null
web/api/videodecoder/dequeue_event,null
web/api/videodecoder/flush,null
web/api/videodecoder/isconfigsupported_static,null
web/api/videodecoder/reset,null
web/api/videodecoder/state,null
web/api/videodecoder/videodecoder,null
web/api/videoencoder,null
web/api/videoencoder/close,null
web/api/videoencoder/configure,null
web/api/videoencoder/dequeue_event,null
web/api/videoencoder/encode,null
web/api/videoencoder/encodequeuesize,null
web/api/videoencoder/flush,null
web/api/videoencoder/isconfigsupported_static,null
web/api/videoencoder/reset,null
web/api/videoencoder/state,null
web/api/videoencoder/videoencoder,null
web/api/videoframe,null
web/api/videoframe/allocationsize,null
web/api/videoframe/clone,null
web/api/videoframe/close,null
web/api/videoframe/codedheight,null
web/api/videoframe/codedrect,null
web/api/videoframe/codedwidth,null
web/api/videoframe/colorspace,null
web/api/videoframe/copyto,null
web/api/videoframe/displayheight,null
web/api/videoframe/displaywidth,null
web/api/videoframe/duration,null
web/api/videoframe/flip,null
web/api/videoframe/format,null
web/api/videoframe/metadata,null
web/api/videoframe/rotation,null
web/api/videoframe/timestamp,null
web/api/videoframe/videoframe,null
web/api/videoframe/visiblerect,null
web/api/videoplaybackquality,null
web/api/videoplaybackquality/corruptedvideoframes,null
web/api/videoplaybackquality/creationtime,null
web/api/videoplaybackquality/droppedvideoframes,null
web/api/videoplaybackquality/totalframedelay,null
web/api/videoplaybackquality/totalvideoframes,null
web/api/videotrack,null
web/api/videotrack/id,null
web/api/videotrack/kind,null
web/api/videotrack/label,null
web/api/videotrack/language,null
web/api/videotrack/selected,null
web/api/videotrack/sourcebuffer,null
web/api/videotrackgenerator,null
web/api/videotrackgenerator/muted,null
web/api/videotrackgenerator/track,null
web/api/videotrackgenerator/videotrackgenerator,null
web/api/videotrackgenerator/writable,null
web/api/videotracklist,null
web/api/videotracklist/addtrack_event,null
web/api/videotracklist/change_event,null
web/api/videotracklist/gettrackbyid,null
web/api/videotracklist/length,null
web/api/videotracklist/removetrack_event,null
web/api/videotracklist/selectedindex,null
web/api/view_transition_api,null
web/api/view_transition_api/using,null
web/api/view_transition_api/using_element-scoped,null
web/api/view_transition_api/using_types,null
web/api/viewport,null
web/api/viewport/segments,null
web/api/viewport_segments_api,null
web/api/viewport_segments_api/using,null
web/api/viewtimeline,null
web/api/viewtimeline/endoffset,null
web/api/viewtimeline/startoffset,null
web/api/viewtimeline/subject,null
web/api/viewtimeline/viewtimeline,null
web/api/viewtransition,null
web/api/viewtransition/finished,null
web/api/viewtransition/ready,null
web/api/viewtransition/skiptransition,null
web/api/viewtransition/transitionroot,null
web/api/viewtransition/types,null
web/api/viewtransition/updatecallbackdone,null
web/api/viewtransition/waituntil,null
web/api/viewtransitiontypeset,null
web/api/virtualkeyboard,null
web/api/virtualkeyboard/boundingrect,null
web/api/virtualkeyboard/geometrychange_event,null
web/api/virtualkeyboard/hide,null
web/api/virtualkeyboard/overlayscontent,null
web/api/virtualkeyboard/show,null
web/api/virtualkeyboard_api,null
web/api/visibilitystateentry,null
web/api/visualviewport,null
web/api/visualviewport/height,null
web/api/visualviewport/offsetleft,null
web/api/visualviewport/offsettop,null
web/api/visualviewport/pageleft,null
web/api/visualviewport/pagetop,null
web/api/visualviewport/resize_event,null
web/api/visualviewport/scale,null
web/api/visualviewport/scroll_event,null
web/api/visualviewport/scrollend_event,null
web/api/visualviewport/width,null
web/api/vrdisplay,null
web/api/vrdisplay/cancelanimationframe,null
web/api/vrdisplay/capabilities,null
web/api/vrdisplay/depthfar,null
web/api/vrdisplay/depthnear,null
web/api/vrdisplay/displayid,null
web/api/vrdisplay/displayname,null
web/api/vrdisplay/exitpresent,null
web/api/vrdisplay/geteyeparameters,null
web/api/vrdisplay/getframedata,null
web/api/vrdisplay/getimmediatepose,null
web/api/vrdisplay/getlayers,null
web/api/vrdisplay/getpose,null
web/api/vrdisplay/isconnected,null
web/api/vrdisplay/ispresenting,null
web/api/vrdisplay/requestanimationframe,null
web/api/vrdisplay/requestpresent,null
web/api/vrdisplay/resetpose,null
web/api/vrdisplay/stageparameters,null
web/api/vrdisplay/submitframe,null
web/api/vrdisplaycapabilities,null
web/api/vrdisplaycapabilities/canpresent,null
web/api/vrdisplaycapabilities/hasexternaldisplay,null
web/api/vrdisplaycapabilities/hasorientation,null
web/api/vrdisplaycapabilities/hasposition,3
web/api/vrdisplaycapabilities/maxlayers,null
web/api/vrdisplayevent,null
web/api/vrdisplayevent/display,2
web/api/vrdisplayevent/reason,null
web/api/vrdisplayevent/vrdisplayevent,null
web/api/vreyeparameters,null
web/api/vreyeparameters/fieldofview,null
web/api/vreyeparameters/maximumfieldofview,null
web/api/vreyeparameters/minimumfieldofview,null
web/api/vreyeparameters/offset,null
web/api/vreyeparameters/renderheight,null
web/api/vreyeparameters/renderwidth,null
web/api/vrfieldofview,null
web/api/vrfieldofview/downdegrees,null
web/api/vrfieldofview/leftdegrees,null
web/api/vrfieldofview/rightdegrees,null
web/api/vrfieldofview/updegrees,null
web/api/vrframedata,2
web/api/vrframedata/leftprojectionmatrix,null
web/api/vrframedata/leftviewmatrix,null
web/api/vrframedata/pose,null
web/api/vrframedata/rightprojectionmatrix,null
web/api/vrframedata/rightviewmatrix,null
web/api/vrframedata/timestamp,null
web/api/vrframedata/vrframedata,null
web/api/vrlayerinit,null
web/api/vrlayerinit/leftbounds,null
web/api/vrlayerinit/rightbounds,null
web/api/vrlayerinit/source,null
web/api/vrpose,null
web/api/vrpose/angularacceleration,null
web/api/vrpose/angularvelocity,null
web/api/vrpose/linearacceleration,null
web/api/vrpose/linearvelocity,null
web/api/vrpose/orientation,null
web/api/vrpose/position,2
web/api/vrstageparameters,null
web/api/vrstageparameters/sittingtostandingtransform,2
web/api/vrstageparameters/sizex,2
web/api/vrstageparameters/sizey,2
web/api/vttcue,null
web/api/vttcue/align,null
web/api/vttcue/getcueashtml,null
web/api/vttcue/line,null
web/api/vttcue/linealign,null
web/api/vttcue/position,null
web/api/vttcue/positionalign,null
web/api/vttcue/region,null
web/api/vttcue/size,null
web/api/vttcue/snaptolines,null
web/api/vttcue/text,null
web/api/vttcue/vertical,null
web/api/vttcue/vttcue,null
web/api/vttregion,null
web/api/vttregion/id,null
web/api/vttregion/lines,null
web/api/vttregion/regionanchorx,null
web/api/vttregion/regionanchory,null
web/api/vttregion/scroll,null
web/api/vttregion/viewportanchorx,null
web/api/vttregion/viewportanchory,null
web/api/vttregion/vttregion,null
web/api/vttregion/width,null
web/api/wakelock,null
web/api/wakelock/request,null
web/api/wakelocksentinel,null
web/api/wakelocksentinel/release,null
web/api/wakelocksentinel/release_event,null
web/api/wakelocksentinel/released,null
web/api/wakelocksentinel/type,null
web/api/waveshapernode,null
web/api/waveshapernode/curve,null
web/api/waveshapernode/oversample,null
web/api/waveshapernode/waveshapernode,null
web/api/web-based_payment_handler_api,null
web/api/web_animations_api,null
web/api/web_animations_api/keyframe_formats,null
web/api/web_animations_api/tips,null
web/api/web_animations_api/using_the_web_animations_api,null
web/api/web_animations_api/web_animations_api_concepts,null
web/api/web_audio_api,null
web/api/web_audio_api/advanced_techniques,null
web/api/web_audio_api/basic_concepts_behind_web_audio_api,null
web/api/web_audio_api/best_practices,null
web/api/web_audio_api/controlling_multiple_parameters_with_constantsourcenode,null
web/api/web_audio_api/simple_synth,null
web/api/web_audio_api/using_audioworklet,null
web/api/web_audio_api/using_iir_filters,null
web/api/web_audio_api/using_web_audio_api,null
web/api/web_audio_api/visualizations_with_web_audio_api,null
web/api/web_audio_api/web_audio_spatialization_basics,null
web/api/web_authentication_api,null
web/api/web_authentication_api/attestation_and_assertion,null
web/api/web_authentication_api/authenticator_data,null
web/api/web_authentication_api/webauthn_extensions,null
web/api/web_bluetooth_api,null
web/api/web_components,null
web/api/web_components/using_custom_elements,null
web/api/web_components/using_shadow_dom,null
web/api/web_components/using_templates_and_slots,null
web/api/web_crypto_api,null
web/api/web_crypto_api/non-cryptographic_uses_of_subtle_crypto,null
web/api/web_locks_api,null
web/api/web_midi_api,null
web/api/web_nfc_api,null
web/api/web_periodic_background_synchronization_api,null
web/api/web_serial_api,null
web/api/web_share_api,null
web/api/web_speech_api,null
web/api/web_speech_api/using_the_web_speech_api,null
web/api/web_storage_api,null
web/api/web_storage_api/using_the_web_storage_api,null
web/api/web_workers_api,null
web/api/web_workers_api/functions_and_classes_available_to_workers,null
web/api/web_workers_api/structured_clone_algorithm,null
web/api/web_workers_api/transferable_objects,null
web/api/web_workers_api/using_web_workers,null
web/api/webcodecs_api,null
web/api/webcodecs_api/codec_selection,null
web/api/webcodecs_api/using_the_webcodecs_api,null
web/api/webcodecs_api/video_processing_concepts,null
web/api/webgl2renderingcontext,null
web/api/webgl2renderingcontext/beginquery,null
web/api/webgl2renderingcontext/begintransformfeedback,null
web/api/webgl2renderingcontext/bindbufferbase,null
web/api/webgl2renderingcontext/bindbufferrange,null
web/api/webgl2renderingcontext/bindsampler,null
web/api/webgl2renderingcontext/bindtransformfeedback,null
web/api/webgl2renderingcontext/bindvertexarray,null
web/api/webgl2renderingcontext/blitframebuffer,null
web/api/webgl2renderingcontext/bufferdata,null
web/api/webgl2renderingcontext/buffersubdata,null
web/api/webgl2renderingcontext/clearbuffer,null
web/api/webgl2renderingcontext/clientwaitsync,null
web/api/webgl2renderingcontext/compressedteximage3d,null
web/api/webgl2renderingcontext/compressedtexsubimage3d,null
web/api/webgl2renderingcontext/copybuffersubdata,null
web/api/webgl2renderingcontext/copytexsubimage3d,null
web/api/webgl2renderingcontext/createquery,null
web/api/webgl2renderingcontext/createsampler,null
web/api/webgl2renderingcontext/createtransformfeedback,null
web/api/webgl2renderingcontext/createvertexarray,null
web/api/webgl2renderingcontext/deletequery,null
web/api/webgl2renderingcontext/deletesampler,null
web/api/webgl2renderingcontext/deletesync,null
web/api/webgl2renderingcontext/deletetransformfeedback,null
web/api/webgl2renderingcontext/deletevertexarray,null
web/api/webgl2renderingcontext/drawarraysinstanced,null
web/api/webgl2renderingcontext/drawbuffers,null
web/api/webgl2renderingcontext/drawelementsinstanced,null
web/api/webgl2renderingcontext/drawingbuffercolorspace,null
web/api/webgl2renderingcontext/drawrangeelements,null
web/api/webgl2renderingcontext/endquery,null
web/api/webgl2renderingcontext/endtransformfeedback,null
web/api/webgl2renderingcontext/fencesync,null
web/api/webgl2renderingcontext/framebuffertexturelayer,null
web/api/webgl2renderingcontext/getactiveuniformblockname,null
web/api/webgl2renderingcontext/getactiveuniformblockparameter,null
web/api/webgl2renderingcontext/getactiveuniforms,null
web/api/webgl2renderingcontext/getbuffersubdata,null
web/api/webgl2renderingcontext/getfragdatalocation,null
web/api/webgl2renderingcontext/getindexedparameter,null
web/api/webgl2renderingcontext/getinternalformatparameter,null
web/api/webgl2renderingcontext/getquery,null
web/api/webgl2renderingcontext/getqueryparameter,null
web/api/webgl2renderingcontext/getsamplerparameter,null
web/api/webgl2renderingcontext/getsyncparameter,null
web/api/webgl2renderingcontext/gettransformfeedbackvarying,null
web/api/webgl2renderingcontext/getuniformblockindex,null
web/api/webgl2renderingcontext/getuniformindices,null
web/api/webgl2renderingcontext/invalidateframebuffer,null
web/api/webgl2renderingcontext/invalidatesubframebuffer,null
web/api/webgl2renderingcontext/isquery,null
web/api/webgl2renderingcontext/issampler,null
web/api/webgl2renderingcontext/issync,null
web/api/webgl2renderingcontext/istransformfeedback,null
web/api/webgl2renderingcontext/isvertexarray,null
web/api/webgl2renderingcontext/pausetransformfeedback,null
web/api/webgl2renderingcontext/readbuffer,null
web/api/webgl2renderingcontext/renderbufferstoragemultisample,null
web/api/webgl2renderingcontext/resumetransformfeedback,null
web/api/webgl2renderingcontext/samplerparameter,null
web/api/webgl2renderingcontext/teximage3d,null
web/api/webgl2renderingcontext/texstorage2d,null
web/api/webgl2renderingcontext/texstorage3d,null
web/api/webgl2renderingcontext/texsubimage3d,null
web/api/webgl2renderingcontext/transformfeedbackvaryings,null
web/api/webgl2renderingcontext/uniform,null
web/api/webgl2renderingcontext/uniformblockbinding,null
web/api/webgl2renderingcontext/uniformmatrix,null
web/api/webgl2renderingcontext/unpackcolorspace,null
web/api/webgl2renderingcontext/vertexattribdivisor,null
web/api/webgl2renderingcontext/vertexattribi,null
web/api/webgl2renderingcontext/vertexattribipointer,null
web/api/webgl2renderingcontext/waitsync,null
web/api/webgl_api,null
web/api/webgl_api/basic_2d_animation_example,null
web/api/webgl_api/by_example,null
web/api/webgl_api/by_example/basic_scissoring,null
web/api/webgl_api/by_example/boilerplate_1,null
web/api/webgl_api/by_example/canvas_size_and_webgl,null
web/api/webgl_api/by_example/clearing_by_clicking,null
web/api/webgl_api/by_example/clearing_with_colors,null
web/api/webgl_api/by_example/color_masking,null
web/api/webgl_api/by_example/detect_webgl,null
web/api/webgl_api/by_example/hello_glsl,null
web/api/webgl_api/by_example/hello_vertex_attributes,null
web/api/webgl_api/by_example/raining_rectangles,null
web/api/webgl_api/by_example/scissor_animation,null
web/api/webgl_api/by_example/simple_color_animation,null
web/api/webgl_api/by_example/textures_from_code,null
web/api/webgl_api/by_example/video_textures,null
web/api/webgl_api/compressed_texture_formats,null
web/api/webgl_api/constants,null
web/api/webgl_api/data,null
web/api/webgl_api/matrix_math_for_the_web,null
web/api/webgl_api/tutorial,null
web/api/webgl_api/tutorial/adding_2d_content_to_a_webgl_context,null
web/api/webgl_api/tutorial/animating_objects_with_webgl,null
web/api/webgl_api/tutorial/animating_textures_in_webgl,null
web/api/webgl_api/tutorial/creating_3d_objects_using_webgl,null
web/api/webgl_api/tutorial/getting_started_with_webgl,null
web/api/webgl_api/tutorial/lighting_in_webgl,null
web/api/webgl_api/tutorial/using_shaders_to_apply_color_in_webgl,null
web/api/webgl_api/tutorial/using_textures_in_webgl,null
web/api/webgl_api/types,null
web/api/webgl_api/using_extensions,null
web/api/webgl_api/webgl_best_practices,null
web/api/webgl_api/webgl_model_view_projection,null
web/api/webgl_color_buffer_float,null
web/api/webgl_compressed_texture_astc,null
web/api/webgl_compressed_texture_astc/getsupportedprofiles,null
web/api/webgl_compressed_texture_etc,null
web/api/webgl_compressed_texture_etc1,null
web/api/webgl_compressed_texture_pvrtc,null
web/api/webgl_compressed_texture_s3tc,null
web/api/webgl_compressed_texture_s3tc_srgb,null
web/api/webgl_debug_renderer_info,null
web/api/webgl_debug_shaders,null
web/api/webgl_debug_shaders/gettranslatedshadersource,null
web/api/webgl_depth_texture,null
web/api/webgl_draw_buffers,null
web/api/webgl_draw_buffers/drawbufferswebgl,null
web/api/webgl_lose_context,null
web/api/webgl_lose_context/losecontext,null
web/api/webgl_lose_context/restorecontext,null
web/api/webgl_multi_draw,null
web/api/webgl_multi_draw/multidrawarraysinstancedwebgl,null
web/api/webgl_multi_draw/multidrawarrayswebgl,null
web/api/webgl_multi_draw/multidrawelementsinstancedwebgl,null
web/api/webgl_multi_draw/multidrawelementswebgl,null
web/api/webglactiveinfo,null
web/api/webglactiveinfo/name,null
web/api/webglactiveinfo/size,null
web/api/webglactiveinfo/type,null
web/api/webglbuffer,null
web/api/webglcontextevent,null
web/api/webglcontextevent/statusmessage,null
web/api/webglcontextevent/webglcontextevent,null
web/api/webglframebuffer,null
web/api/webglobject,null
web/api/webglprogram,null
web/api/webglquery,null
web/api/webglrenderbuffer,null
web/api/webglrenderingcontext,null
web/api/webglrenderingcontext/activetexture,null
web/api/webglrenderingcontext/attachshader,null
web/api/webglrenderingcontext/bindattriblocation,null
web/api/webglrenderingcontext/bindbuffer,null
web/api/webglrenderingcontext/bindframebuffer,null
web/api/webglrenderingcontext/bindrenderbuffer,null
web/api/webglrenderingcontext/bindtexture,null
web/api/webglrenderingcontext/blendcolor,null
web/api/webglrenderingcontext/blendequation,null
web/api/webglrenderingcontext/blendequationseparate,null
web/api/webglrenderingcontext/blendfunc,null
web/api/webglrenderingcontext/blendfuncseparate,null
web/api/webglrenderingcontext/bufferdata,null
web/api/webglrenderingcontext/buffersubdata,null
web/api/webglrenderingcontext/canvas,null
web/api/webglrenderingcontext/checkframebufferstatus,null
web/api/webglrenderingcontext/clear,null
web/api/webglrenderingcontext/clearcolor,null
web/api/webglrenderingcontext/cleardepth,null
web/api/webglrenderingcontext/clearstencil,null
web/api/webglrenderingcontext/colormask,null
web/api/webglrenderingcontext/compileshader,null
web/api/webglrenderingcontext/compressedteximage2d,null
web/api/webglrenderingcontext/compressedtexsubimage2d,null
web/api/webglrenderingcontext/copyteximage2d,null
web/api/webglrenderingcontext/copytexsubimage2d,null
web/api/webglrenderingcontext/createbuffer,null
web/api/webglrenderingcontext/createframebuffer,null
web/api/webglrenderingcontext/createprogram,null
web/api/webglrenderingcontext/createrenderbuffer,null
web/api/webglrenderingcontext/createshader,null
web/api/webglrenderingcontext/createtexture,null
web/api/webglrenderingcontext/cullface,null
web/api/webglrenderingcontext/deletebuffer,null
web/api/webglrenderingcontext/deleteframebuffer,null
web/api/webglrenderingcontext/deleteprogram,null
web/api/webglrenderingcontext/deleterenderbuffer,null
web/api/webglrenderingcontext/deleteshader,null
web/api/webglrenderingcontext/deletetexture,null
web/api/webglrenderingcontext/depthfunc,null
web/api/webglrenderingcontext/depthmask,null
web/api/webglrenderingcontext/depthrange,null
web/api/webglrenderingcontext/detachshader,null
web/api/webglrenderingcontext/disable,null
web/api/webglrenderingcontext/disablevertexattribarray,null
web/api/webglrenderingcontext/drawarrays,null
web/api/webglrenderingcontext/drawelements,null
web/api/webglrenderingcontext/drawingbuffercolorspace,null
web/api/webglrenderingcontext/drawingbufferheight,null
web/api/webglrenderingcontext/drawingbufferwidth,null
web/api/webglrenderingcontext/enable,null
web/api/webglrenderingcontext/enablevertexattribarray,null
web/api/webglrenderingcontext/finish,null
web/api/webglrenderingcontext/flush,null
web/api/webglrenderingcontext/framebufferrenderbuffer,null
web/api/webglrenderingcontext/framebuffertexture2d,null
web/api/webglrenderingcontext/frontface,null
web/api/webglrenderingcontext/generatemipmap,null
web/api/webglrenderingcontext/getactiveattrib,null
web/api/webglrenderingcontext/getactiveuniform,null
web/api/webglrenderingcontext/getattachedshaders,null
web/api/webglrenderingcontext/getattriblocation,null
web/api/webglrenderingcontext/getbufferparameter,null
web/api/webglrenderingcontext/getcontextattributes,null
web/api/webglrenderingcontext/geterror,null
web/api/webglrenderingcontext/getextension,null
web/api/webglrenderingcontext/getframebufferattachmentparameter,null
web/api/webglrenderingcontext/getparameter,null
web/api/webglrenderingcontext/getprograminfolog,null
web/api/webglrenderingcontext/getprogramparameter,null
web/api/webglrenderingcontext/getrenderbufferparameter,null
web/api/webglrenderingcontext/getshaderinfolog,null
web/api/webglrenderingcontext/getshaderparameter,null
web/api/webglrenderingcontext/getshaderprecisionformat,null
web/api/webglrenderingcontext/getshadersource,null
web/api/webglrenderingcontext/getsupportedextensions,null
web/api/webglrenderingcontext/gettexparameter,null
web/api/webglrenderingcontext/getuniform,null
web/api/webglrenderingcontext/getuniformlocation,null
web/api/webglrenderingcontext/getvertexattrib,null
web/api/webglrenderingcontext/getvertexattriboffset,null
web/api/webglrenderingcontext/hint,null
web/api/webglrenderingcontext/isbuffer,null
web/api/webglrenderingcontext/iscontextlost,null
web/api/webglrenderingcontext/isenabled,null
web/api/webglrenderingcontext/isframebuffer,null
web/api/webglrenderingcontext/isprogram,null
web/api/webglrenderingcontext/isrenderbuffer,null
web/api/webglrenderingcontext/isshader,null
web/api/webglrenderingcontext/istexture,null
web/api/webglrenderingcontext/linewidth,null
web/api/webglrenderingcontext/linkprogram,null
web/api/webglrenderingcontext/makexrcompatible,null
web/api/webglrenderingcontext/pixelstorei,null
web/api/webglrenderingcontext/polygonoffset,null
web/api/webglrenderingcontext/readpixels,null
web/api/webglrenderingcontext/renderbufferstorage,null
web/api/webglrenderingcontext/samplecoverage,null
web/api/webglrenderingcontext/scissor,null
web/api/webglrenderingcontext/shadersource,null
web/api/webglrenderingcontext/stencilfunc,null
web/api/webglrenderingcontext/stencilfuncseparate,null
web/api/webglrenderingcontext/stencilmask,null
web/api/webglrenderingcontext/stencilmaskseparate,null
web/api/webglrenderingcontext/stencilop,null
web/api/webglrenderingcontext/stencilopseparate,null
web/api/webglrenderingcontext/teximage2d,null
web/api/webglrenderingcontext/texparameter,null
web/api/webglrenderingcontext/texsubimage2d,null
web/api/webglrenderingcontext/uniform,null
web/api/webglrenderingcontext/uniformmatrix,null
web/api/webglrenderingcontext/unpackcolorspace,null
web/api/webglrenderingcontext/useprogram,null
web/api/webglrenderingcontext/validateprogram,null
web/api/webglrenderingcontext/vertexattrib,null
web/api/webglrenderingcontext/vertexattribpointer,null
web/api/webglrenderingcontext/viewport,null
web/api/webglsampler,null
web/api/webglshader,null
web/api/webglshaderprecisionformat,null
web/api/webglshaderprecisionformat/precision,null
web/api/webglshaderprecisionformat/rangemax,null
web/api/webglshaderprecisionformat/rangemin,null
web/api/webglsync,null
web/api/webgltexture,null
web/api/webgltransformfeedback,null
web/api/webgluniformlocation,null
web/api/webglvertexarrayobject,null
web/api/webgpu_api,null
web/api/webhid_api,null
web/api/webkitpoint,null
web/api/webotp_api,null
web/api/webrtc_api,null
web/api/webrtc_api/build_a_phone_with_peerjs,null
web/api/webrtc_api/build_a_phone_with_peerjs/build_the_server,null
web/api/webrtc_api/build_a_phone_with_peerjs/connect_peers,null
web/api/webrtc_api/build_a_phone_with_peerjs/connect_peers/answer_a_call,null
web/api/webrtc_api/build_a_phone_with_peerjs/connect_peers/create_a_peer_connection,null
web/api/webrtc_api/build_a_phone_with_peerjs/connect_peers/creating_a_call,null
web/api/webrtc_api/build_a_phone_with_peerjs/connect_peers/end_a_call,null
web/api/webrtc_api/build_a_phone_with_peerjs/connect_peers/get_microphone_permission,null
web/api/webrtc_api/build_a_phone_with_peerjs/connect_peers/show_hide_html,null
web/api/webrtc_api/build_a_phone_with_peerjs/setup,null
web/api/webrtc_api/connectivity,null
web/api/webrtc_api/intro_to_rtp,null
web/api/webrtc_api/perfect_negotiation,null
web/api/webrtc_api/protocols,null
web/api/webrtc_api/session_lifetime,null
web/api/webrtc_api/signaling_and_video_calling,null
web/api/webrtc_api/simple_rtcdatachannel_sample,null
web/api/webrtc_api/using_data_channels,null
web/api/webrtc_api/using_dtmf,null
web/api/webrtc_api/using_encoded_transforms,null
web/api/websocket,4
web/api/websocket/binarytype,null
web/api/websocket/bufferedamount,null
web/api/websocket/close,null
web/api/websocket/close_event,null
web/api/websocket/error_event,null
web/api/websocket/extensions,null
web/api/websocket/message_event,null
web/api/websocket/open_event,null
web/api/websocket/protocol,null
web/api/websocket/readystate,null
web/api/websocket/send,null
web/api/websocket/url,null
web/api/websocket/websocket,null
web/api/websockets_api,null
web/api/websockets_api/using_websocketstream,null
web/api/websockets_api/writing_a_websocket_server_in_java,null
web/api/websockets_api/writing_a_websocket_server_in_javascript_deno,null
web/api/websockets_api/writing_websocket_client_applications,null
web/api/websockets_api/writing_websocket_server,null
web/api/websockets_api/writing_websocket_servers,null
web/api/websocketstream,null
web/api/websocketstream/close,null
web/api/websocketstream/closed,null
web/api/websocketstream/opened,null
web/api/websocketstream/url,null
web/api/websocketstream/websocketstream,null
web/api/webtransport,null
web/api/webtransport/close,null
web/api/webtransport/closed,null
web/api/webtransport/congestioncontrol,null
web/api/webtransport/createbidirectionalstream,null
web/api/webtransport/createsendgroup,null
web/api/webtransport/createunidirectionalstream,null
web/api/webtransport/datagrams,null
web/api/webtransport/getstats,null
web/api/webtransport/incomingbidirectionalstreams,null
web/api/webtransport/incomingunidirectionalstreams,null
web/api/webtransport/ready,null
web/api/webtransport/reliability,null
web/api/webtransport/webtransport,null
web/api/webtransport_api,null
web/api/webtransportbidirectionalstream,null
web/api/webtransportbidirectionalstream/readable,null
web/api/webtransportbidirectionalstream/writable,null
web/api/webtransportdatagramduplexstream,null
web/api/webtransportdatagramduplexstream/createwritable,null
web/api/webtransportdatagramduplexstream/incominghighwatermark,null
web/api/webtransportdatagramduplexstream/incomingmaxage,null
web/api/webtransportdatagramduplexstream/maxdatagramsize,null
web/api/webtransportdatagramduplexstream/outgoinghighwatermark,null
web/api/webtransportdatagramduplexstream/outgoingmaxage,null
web/api/webtransportdatagramduplexstream/readable,null
web/api/webtransportdatagramduplexstream/writable,null
web/api/webtransportdatagramswritable,null
web/api/webtransportdatagramswritable/sendgroup,null
web/api/webtransportdatagramswritable/sendorder,null
web/api/webtransporterror,null
web/api/webtransporterror/source,null
web/api/webtransporterror/streamerrorcode,null
web/api/webtransporterror/webtransporterror,null
web/api/webtransportreceivestream,null
web/api/webtransportreceivestream/getstats,null
web/api/webtransportsendgroup,null
web/api/webtransportsendgroup/getstats,null
web/api/webtransportsendstream,null
web/api/webtransportsendstream/getstats,null
web/api/webtransportsendstream/getwriter,null
web/api/webtransportsendstream/sendorder,null
web/api/webusb_api,null
web/api/webvr_api,null
web/api/webvr_api/concepts,null
web/api/webvr_api/using_the_webvr_api,null
web/api/webvr_api/using_vr_controllers_with_webvr,null
web/api/webvtt_api,null
web/api/webvtt_api/web_video_text_tracks_format,null
web/api/webxr_device_api,null
web/api/webxr_device_api/bounded_reference_spaces,null
web/api/webxr_device_api/cameras,null
web/api/webxr_device_api/fundamentals,null
web/api/webxr_device_api/geometry,null
web/api/webxr_device_api/inputs,null
web/api/webxr_device_api/lifecycle,null
web/api/webxr_device_api/lighting,null
web/api/webxr_device_api/movement_and_motion,null
web/api/webxr_device_api/performance,null
web/api/webxr_device_api/permissions_and_security,null
web/api/webxr_device_api/perspective,null
web/api/webxr_device_api/rendering,null
web/api/webxr_device_api/spatial_tracking,null
web/api/webxr_device_api/startup_and_shutdown,null
web/api/webxr_device_api/targeting,null
web/api/wgsllanguagefeatures,null
web/api/wheelevent,null
web/api/wheelevent/deltamode,null
web/api/wheelevent/deltax,null
web/api/wheelevent/deltay,null
web/api/wheelevent/deltaz,null
web/api/wheelevent/wheelevent,null
web/api/window,null
web/api/window/afterprint_event,null
web/api/window/alert,null
web/api/window/appinstalled_event,null
web/api/window/atob,null
web/api/window/beforeinstallprompt_event,null
web/api/window/beforeprint_event,null
web/api/window/beforeunload_event,null
web/api/window/blur,null
web/api/window/blur_event,null
web/api/window/btoa,null
web/api/window/caches,null
web/api/window/cancelanimationframe,null
web/api/window/cancelidlecallback,null
web/api/window/captureevents,null
web/api/window/clearimmediate,1
web/api/window/clearinterval,null
web/api/window/cleartimeout,null
web/api/window/close,null
web/api/window/closed,null
web/api/window/confirm,null
web/api/window/cookiestore,null
web/api/window/crashreport,null
web/api/window/createimagebitmap,null
web/api/window/credentialless,null
web/api/window/crossoriginisolated,null
web/api/window/crypto,null
web/api/window/customelements,null
web/api/window/devicemotion_event,null
web/api/window/deviceorientation_event,null
web/api/window/deviceorientationabsolute_event,null
web/api/window/devicepixelratio,null
web/api/window/document,null
web/api/window/documentpictureinpicture,null
web/api/window/dump,null
web/api/window/error_event,null
web/api/window/event,null
web/api/window/external,null
web/api/window/fence,null
web/api/window/fetch,null
web/api/window/fetchlater,null
web/api/window/find,null
web/api/window/focus,null
web/api/window/focus_event,null
web/api/window/frameelement,null
web/api/window/frames,null
web/api/window/fullscreen,null
web/api/window/gamepadconnected_event,2
web/api/window/gamepaddisconnected_event,null
web/api/window/getcomputedstyle,null
web/api/window/getdefaultcomputedstyle,null
web/api/window/getscreendetails,null
web/api/window/getselection,null
web/api/window/hashchange_event,3
web/api/window/history,null
web/api/window/indexeddb,null
web/api/window/innerheight,null
web/api/window/innerwidth,null
web/api/window/issecurecontext,null
web/api/window/languagechange_event,null
web/api/window/launchqueue,null
web/api/window/length,1
web/api/window/load_event,null
web/api/window/localstorage,null
web/api/window/location,null
web/api/window/locationbar,null
web/api/window/matchmedia,null
web/api/window/menubar,null
web/api/window/message_event,null
web/api/window/messageerror_event,null
web/api/window/moveby,null
web/api/window/moveto,null
web/api/window/mozinnerscreenx,null
web/api/window/mozinnerscreeny,null
web/api/window/name,null
web/api/window/navigation,null
web/api/window/navigator,null
web/api/window/offline_event,null
web/api/window/online_event,null
web/api/window/open,null
web/api/window/opener,null
web/api/window/orientation,null
web/api/window/orientationchange_event,null
web/api/window/origin,2
web/api/window/originagentcluster,null
web/api/window/outerheight,null
web/api/window/outerwidth,null
web/api/window/pagehide_event,14
web/api/window/pagereveal_event,null
web/api/window/pageshow_event,13
web/api/window/pageswap_event,null
web/api/window/parent,null
web/api/window/performance,null
web/api/window/personalbar,null
web/api/window/popstate_event,null
web/api/window/postmessage,null
web/api/window/print,2
web/api/window/prompt,null
web/api/window/querylocalfonts,null
web/api/window/queuemicrotask,null
web/api/window/rejectionhandled_event,null
web/api/window/releaseevents,null
web/api/window/reporterror,null
web/api/window/requestanimationframe,null
web/api/window/requestfilesystem,null
web/api/window/requestidlecallback,5
web/api/window/resize_event,null
web/api/window/resizeby,null
web/api/window/resizeto,null
web/api/window/scheduler,null
web/api/window/screen,null
web/api/window/screenleft,null
web/api/window/screentop,null
web/api/window/screenx,null
web/api/window/screeny,null
web/api/window/scroll,null
web/api/window/scrollbars,null
web/api/window/scrollby,3
web/api/window/scrollbylines,null
web/api/window/scrollbypages,null
web/api/window/scrollmaxx,null
web/api/window/scrollmaxy,null
web/api/window/scrollsnapchange_event,null
web/api/window/scrollsnapchanging_event,null
web/api/window/scrollto,null
web/api/window/scrollx,null
web/api/window/scrolly,null
web/api/window/self,0
web/api/window/sessionstorage,null
web/api/window/setimmediate,null
web/api/window/setinterval,null
web/api/window/setresizable,null
web/api/window/settimeout,null
web/api/window/sharedstorage,null
web/api/window/showdirectorypicker,null
web/api/window/showopenfilepicker,null
web/api/window/showsavefilepicker,null
web/api/window/sizetocontent,null
web/api/window/speechsynthesis,null
web/api/window/status,null
web/api/window/statusbar,null
web/api/window/stop,null
web/api/window/storage_event,null
web/api/window/structuredclone,null
web/api/window/toolbar,null
web/api/window/top,null
web/api/window/trustedtypes,null
web/api/window/unhandledrejection_event,null
web/api/window/unload_event,null
web/api/window/viewport,null
web/api/window/visualviewport,null
web/api/window/vrdisplayactivate_event,null
web/api/window/vrdisplayconnect_event,null
web/api/window/vrdisplaydeactivate_event,null
web/api/window/vrdisplaydisconnect_event,null
web/api/window/vrdisplaypresentchange_event,null
web/api/window/webkitconvertpointfromnodetopage,null
web/api/window/webkitconvertpointfrompagetonode,null
web/api/window/window,null
web/api/window_controls_overlay_api,null
web/api/window_management_api,null
web/api/window_management_api/multi-screen_origin,null
web/api/window_management_api/using,null
web/api/windowclient,null
web/api/windowclient/ancestororigins,null
web/api/windowclient/focus,null
web/api/windowclient/focused,null
web/api/windowclient/navigate,null
web/api/windowclient/visibilitystate,null
web/api/windowcontrolsoverlay,null
web/api/windowcontrolsoverlay/geometrychange_event,null
web/api/windowcontrolsoverlay/gettitlebararearect,null
web/api/windowcontrolsoverlay/visible,null
web/api/windowcontrolsoverlaygeometrychangeevent,null
web/api/windowcontrolsoverlaygeometrychangeevent/titlebararearect,null
web/api/windowcontrolsoverlaygeometrychangeevent/visible,null
web/api/windowcontrolsoverlaygeometrychangeevent/windowcontrolsoverlaygeometrychangeevent,null
web/api/windowsharedstorage,null
web/api/windowsharedstorage/run,null
web/api/windowsharedstorage/selecturl,null
web/api/windowsharedstorage/worklet,null
web/api/worker,null
web/api/worker/error_event,null
web/api/worker/message_event,null
web/api/worker/messageerror_event,null
web/api/worker/postmessage,null
web/api/worker/terminate,null
web/api/worker/worker,null
web/api/workerglobalscope,null
web/api/workerglobalscope/atob,null
web/api/workerglobalscope/btoa,null
web/api/workerglobalscope/caches,null
web/api/workerglobalscope/clearinterval,null
web/api/workerglobalscope/cleartimeout,null
web/api/workerglobalscope/createimagebitmap,null
web/api/workerglobalscope/crossoriginisolated,null
web/api/workerglobalscope/crypto,null
web/api/workerglobalscope/dump,null
web/api/workerglobalscope/error_event,null
web/api/workerglobalscope/fetch,null
web/api/workerglobalscope/fonts,null
web/api/workerglobalscope/importscripts,null
web/api/workerglobalscope/indexeddb,null
web/api/workerglobalscope/issecurecontext,null
web/api/workerglobalscope/languagechange_event,null
web/api/workerglobalscope/location,null
web/api/workerglobalscope/navigator,null
web/api/workerglobalscope/offline_event,null
web/api/workerglobalscope/online_event,null
web/api/workerglobalscope/origin,null
web/api/workerglobalscope/performance,null
web/api/workerglobalscope/queuemicrotask,null
web/api/workerglobalscope/rejectionhandled_event,null
web/api/workerglobalscope/reporterror,null
web/api/workerglobalscope/scheduler,null
web/api/workerglobalscope/securitypolicyviolation_event,null
web/api/workerglobalscope/self,null
web/api/workerglobalscope/setinterval,null
web/api/workerglobalscope/settimeout,null
web/api/workerglobalscope/structuredclone,null
web/api/workerglobalscope/trustedtypes,null
web/api/workerglobalscope/unhandledrejection_event,null
web/api/workerlocation,null
web/api/workerlocation/hash,null
web/api/workerlocation/host,null
web/api/workerlocation/hostname,null
web/api/workerlocation/href,null
web/api/workerlocation/origin,null
web/api/workerlocation/pathname,null
web/api/workerlocation/port,null
web/api/workerlocation/protocol,null
web/api/workerlocation/search,null
web/api/workerlocation/tostring,null
web/api/workernavigator,null
web/api/workernavigator/appcodename,null
web/api/workernavigator/appname,null
web/api/workernavigator/appversion,null
web/api/workernavigator/clearappbadge,null
web/api/workernavigator/connection,null
web/api/workernavigator/devicememory,null
web/api/workernavigator/globalprivacycontrol,null
web/api/workernavigator/gpu,null
web/api/workernavigator/hardwareconcurrency,null
web/api/workernavigator/hid,null
web/api/workernavigator/language,null
web/api/workernavigator/languages,null
web/api/workernavigator/locks,null
web/api/workernavigator/mediacapabilities,null
web/api/workernavigator/online,null
web/api/workernavigator/permissions,null
web/api/workernavigator/platform,null
web/api/workernavigator/product,null
web/api/workernavigator/serial,null
web/api/workernavigator/serviceworker,null
web/api/workernavigator/setappbadge,null
web/api/workernavigator/storage,null
web/api/workernavigator/usb,null
web/api/workernavigator/useragent,null
web/api/workernavigator/useragentdata,null
web/api/worklet,null
web/api/worklet/addmodule,null
web/api/workletglobalscope,null
web/api/workletsharedstorage,null
web/api/workletsharedstorage/context,null
web/api/workletsharedstorage/entries,null
web/api/workletsharedstorage/get,null
web/api/workletsharedstorage/keys,null
web/api/workletsharedstorage/length,null
web/api/workletsharedstorage/remainingbudget,null
web/api/writablestream,null
web/api/writablestream/abort,null
web/api/writablestream/close,null
web/api/writablestream/getwriter,null
web/api/writablestream/locked,null
web/api/writablestream/writablestream,null
web/api/writablestreamdefaultcontroller,null
web/api/writablestreamdefaultcontroller/error,null
web/api/writablestreamdefaultcontroller/signal,null
web/api/writablestreamdefaultwriter,null
web/api/writablestreamdefaultwriter/abort,null
web/api/writablestreamdefaultwriter/close,null
web/api/writablestreamdefaultwriter/closed,null
web/api/writablestreamdefaultwriter/desiredsize,null
web/api/writablestreamdefaultwriter/ready,null
web/api/writablestreamdefaultwriter/releaselock,null
web/api/writablestreamdefaultwriter/writablestreamdefaultwriter,null
web/api/writablestreamdefaultwriter/write,null
web/api/xmldocument,null
web/api/xmlhttprequest,null
web/api/xmlhttprequest/abort,null
web/api/xmlhttprequest/getallresponseheaders,null
web/api/xmlhttprequest/getresponseheader,null
web/api/xmlhttprequest/open,null
web/api/xmlhttprequest/overridemimetype,null
web/api/xmlhttprequest/readystate,null
web/api/xmlhttprequest/readystatechange_event,null
web/api/xmlhttprequest/response,null
web/api/xmlhttprequest/responsetext,null
web/api/xmlhttprequest/responsetype,null
web/api/xmlhttprequest/responseurl,null
web/api/xmlhttprequest/responsexml,null
web/api/xmlhttprequest/send,null
web/api/xmlhttprequest/setattributionreporting,null
web/api/xmlhttprequest/setprivatetoken,null
web/api/xmlhttprequest/setrequestheader,null
web/api/xmlhttprequest/status,null
web/api/xmlhttprequest/statustext,null
web/api/xmlhttprequest/timeout,null
web/api/xmlhttprequest/upload,null
web/api/xmlhttprequest/withcredentials,null
web/api/xmlhttprequest/xmlhttprequest,null
web/api/xmlhttprequest_api,null
web/api/xmlhttprequest_api/html_in_xmlhttprequest,null
web/api/xmlhttprequest_api/sending_and_receiving_binary_data,null
web/api/xmlhttprequest_api/synchronous_and_asynchronous_requests,null
web/api/xmlhttprequest_api/using_formdata_objects,null
web/api/xmlhttprequest_api/using_xmlhttprequest,null
web/api/xmlhttprequesteventtarget,null
web/api/xmlhttprequesteventtarget/abort_event,null
web/api/xmlhttprequesteventtarget/error_event,null
web/api/xmlhttprequesteventtarget/load_event,null
web/api/xmlhttprequesteventtarget/loadend_event,null
web/api/xmlhttprequesteventtarget/loadstart_event,null
web/api/xmlhttprequesteventtarget/progress_event,null
web/api/xmlhttprequesteventtarget/timeout_event,null
web/api/xmlhttprequestupload,null
web/api/xmlserializer,null
web/api/xmlserializer/serializetostring,null
web/api/xmlserializer/xmlserializer,null
web/api/xpathevaluator,null
web/api/xpathevaluator/createexpression,null
web/api/xpathevaluator/creatensresolver,null
web/api/xpathevaluator/evaluate,null
web/api/xpathevaluator/xpathevaluator,null
web/api/xpathexpression,null
web/api/xpathexpression/evaluate,null
web/api/xpathresult,null
web/api/xpathresult/booleanvalue,null
web/api/xpathresult/invaliditeratorstate,null
web/api/xpathresult/iteratenext,null
web/api/xpathresult/numbervalue,null
web/api/xpathresult/resulttype,null
web/api/xpathresult/singlenodevalue,null
web/api/xpathresult/snapshotitem,null
web/api/xpathresult/snapshotlength,null
web/api/xpathresult/stringvalue,null
web/api/xranchor,null
web/api/xranchor/anchorspace,null
web/api/xranchor/delete,null
web/api/xranchorset,null
web/api/xrboundedreferencespace,null
web/api/xrboundedreferencespace/boundsgeometry,null
web/api/xrcompositionlayer,null
web/api/xrcompositionlayer/blendtexturesourcealpha,null
web/api/xrcompositionlayer/destroy,null
web/api/xrcompositionlayer/layout,null
web/api/xrcompositionlayer/miplevels,null
web/api/xrcompositionlayer/needsredraw,null
web/api/xrcpudepthinformation,null
web/api/xrcpudepthinformation/data,null
web/api/xrcpudepthinformation/getdepthinmeters,null
web/api/xrcubelayer,null
web/api/xrcubelayer/orientation,null
web/api/xrcubelayer/redraw_event,null
web/api/xrcubelayer/space,null
web/api/xrcylinderlayer,null
web/api/xrcylinderlayer/aspectratio,null
web/api/xrcylinderlayer/centralangle,null
web/api/xrcylinderlayer/radius,null
web/api/xrcylinderlayer/redraw_event,null
web/api/xrcylinderlayer/space,null
web/api/xrcylinderlayer/transform,null
web/api/xrdepthinformation,null
web/api/xrdepthinformation/height,null
web/api/xrdepthinformation/normdepthbufferfromnormview,null
web/api/xrdepthinformation/rawvaluetometers,null
web/api/xrdepthinformation/width,null
web/api/xrequirectlayer,null
web/api/xrequirectlayer/centralhorizontalangle,null
web/api/xrequirectlayer/lowerverticalangle,null
web/api/xrequirectlayer/radius,null
web/api/xrequirectlayer/redraw_event,null
web/api/xrequirectlayer/space,null
web/api/xrequirectlayer/transform,null
web/api/xrequirectlayer/upperverticalangle,null
web/api/xrframe,null
web/api/xrframe/createanchor,null
web/api/xrframe/filljointradii,null
web/api/xrframe/fillposes,null
web/api/xrframe/getdepthinformation,null
web/api/xrframe/gethittestresults,null
web/api/xrframe/gethittestresultsfortransientinput,null
web/api/xrframe/getjointpose,null
web/api/xrframe/getlightestimate,null
web/api/xrframe/getpose,null
web/api/xrframe/getviewerpose,null
web/api/xrframe/session,null
web/api/xrframe/trackedanchors,null
web/api/xrhand,null
web/api/xrhittestresult,null
web/api/xrhittestresult/createanchor,null
web/api/xrhittestresult/getpose,null
web/api/xrhittestsource,null
web/api/xrhittestsource/cancel,null
web/api/xrinputsource,null
web/api/xrinputsource/gamepad,null
web/api/xrinputsource/gripspace,null
web/api/xrinputsource/hand,null
web/api/xrinputsource/handedness,null
web/api/xrinputsource/profiles,null
web/api/xrinputsource/targetraymode,null
web/api/xrinputsource/targetrayspace,null
web/api/xrinputsourcearray,null
web/api/xrinputsourcearray/entries,null
web/api/xrinputsourcearray/foreach,null
web/api/xrinputsourcearray/keys,null
web/api/xrinputsourcearray/length,null
web/api/xrinputsourcearray/values,null
web/api/xrinputsourceevent,null
web/api/xrinputsourceevent/frame,null
web/api/xrinputsourceevent/inputsource,null
web/api/xrinputsourceevent/xrinputsourceevent,null
web/api/xrinputsourceschangeevent,null
web/api/xrinputsourceschangeevent/added,null
web/api/xrinputsourceschangeevent/removed,null
web/api/xrinputsourceschangeevent/session,null
web/api/xrinputsourceschangeevent/xrinputsourceschangeevent,null
web/api/xrjointpose,null
web/api/xrjointpose/radius,null
web/api/xrjointspace,null
web/api/xrjointspace/jointname,null
web/api/xrlayer,null
web/api/xrlayerevent,null
web/api/xrlayerevent/layer,null
web/api/xrlayerevent/xrlayerevent,null
web/api/xrlightestimate,null
web/api/xrlightestimate/primarylightdirection,null
web/api/xrlightestimate/primarylightintensity,null
web/api/xrlightestimate/sphericalharmonicscoefficients,null
web/api/xrlightprobe,null
web/api/xrlightprobe/probespace,null
web/api/xrlightprobe/reflectionchange_event,null
web/api/xrmediabinding,null
web/api/xrmediabinding/createcylinderlayer,null
web/api/xrmediabinding/createequirectlayer,null
web/api/xrmediabinding/createquadlayer,null
web/api/xrmediabinding/xrmediabinding,null
web/api/xrpose,null
web/api/xrpose/angularvelocity,null
web/api/xrpose/emulatedposition,null
web/api/xrpose/linearvelocity,null
web/api/xrpose/transform,null
web/api/xrprojectionlayer,null
web/api/xrprojectionlayer/fixedfoveation,null
web/api/xrprojectionlayer/ignoredepthvalues,null
web/api/xrprojectionlayer/texturearraylength,null
web/api/xrprojectionlayer/textureheight,null
web/api/xrprojectionlayer/texturewidth,null
web/api/xrquadlayer,null
web/api/xrquadlayer/height,null
web/api/xrquadlayer/redraw_event,null
web/api/xrquadlayer/space,null
web/api/xrquadlayer/transform,null
web/api/xrquadlayer/width,null
web/api/xrray,null
web/api/xrray/direction,null
web/api/xrray/matrix,null
web/api/xrray/origin,null
web/api/xrray/xrray,null
web/api/xrreferencespace,null
web/api/xrreferencespace/getoffsetreferencespace,null
web/api/xrreferencespace/reset_event,null
web/api/xrreferencespaceevent,null
web/api/xrreferencespaceevent/referencespace,null
web/api/xrreferencespaceevent/transform,null
web/api/xrreferencespaceevent/xrreferencespaceevent,null
web/api/xrrenderstate,null
web/api/xrrenderstate/baselayer,null
web/api/xrrenderstate/depthfar,null
web/api/xrrenderstate/depthnear,null
web/api/xrrenderstate/inlineverticalfieldofview,null
web/api/xrrenderstate/layers,null
web/api/xrrigidtransform,null
web/api/xrrigidtransform/inverse,null
web/api/xrrigidtransform/matrix,null
web/api/xrrigidtransform/orientation,null
web/api/xrrigidtransform/position,null
web/api/xrrigidtransform/xrrigidtransform,null
web/api/xrsession,null
web/api/xrsession/cancelanimationframe,null
web/api/xrsession/depthdataformat,null
web/api/xrsession/depthusage,null
web/api/xrsession/domoverlaystate,null
web/api/xrsession/enabledfeatures,null
web/api/xrsession/end,null
web/api/xrsession/end_event,null
web/api/xrsession/environmentblendmode,null
web/api/xrsession/inputsources,null
web/api/xrsession/inputsourceschange_event,null
web/api/xrsession/interactionmode,null
web/api/xrsession/preferredreflectionformat,null
web/api/xrsession/renderstate,null
web/api/xrsession/requestanimationframe,null
web/api/xrsession/requesthittestsource,null
web/api/xrsession/requesthittestsourcefortransientinput,null
web/api/xrsession/requestlightprobe,null
web/api/xrsession/requestreferencespace,null
web/api/xrsession/select_event,null
web/api/xrsession/selectend_event,null
web/api/xrsession/selectstart_event,null
web/api/xrsession/squeeze_event,null
web/api/xrsession/squeezeend_event,null
web/api/xrsession/squeezestart_event,null
web/api/xrsession/updaterenderstate,null
web/api/xrsession/visibilitychange_event,null
web/api/xrsession/visibilitymaskchange_event,null
web/api/xrsession/visibilitystate,null
web/api/xrsessionevent,null
web/api/xrsessionevent/session,null
web/api/xrsessionevent/xrsessionevent,null
web/api/xrspace,null
web/api/xrsubimage,null
web/api/xrsubimage/viewport,null
web/api/xrsystem,null
web/api/xrsystem/devicechange_event,null
web/api/xrsystem/issessionsupported,null
web/api/xrsystem/requestsession,null
web/api/xrtransientinputhittestresult,null
web/api/xrtransientinputhittestresult/inputsource,null
web/api/xrtransientinputhittestresult/results,null
web/api/xrtransientinputhittestsource,null
web/api/xrtransientinputhittestsource/cancel,null
web/api/xrview,null
web/api/xrview/eye,null
web/api/xrview/index,null
web/api/xrview/isfirstpersonobserver,null
web/api/xrview/projectionmatrix,null
web/api/xrview/recommendedviewportscale,null
web/api/xrview/requestviewportscale,null
web/api/xrview/transform,null
web/api/xrviewerpose,null
web/api/xrviewerpose/views,null
web/api/xrviewport,null
web/api/xrviewport/height,null
web/api/xrviewport/width,null
web/api/xrviewport/x,null
web/api/xrviewport/y,null
web/api/xrvisibilitymaskchangeevent,null
web/api/xrvisibilitymaskchangeevent/eye,null
web/api/xrvisibilitymaskchangeevent/index,null
web/api/xrvisibilitymaskchangeevent/indices,null
web/api/xrvisibilitymaskchangeevent/session,null
web/api/xrvisibilitymaskchangeevent/vertices,null
web/api/xrvisibilitymaskchangeevent/xrvisibilitymaskchangeevent,null
web/api/xrwebglbinding,null
web/api/xrwebglbinding/createcubelayer,null
web/api/xrwebglbinding/createcylinderlayer,null
web/api/xrwebglbinding/createequirectlayer,null
web/api/xrwebglbinding/createprojectionlayer,null
web/api/xrwebglbinding/createquadlayer,null
web/api/xrwebglbinding/getdepthinformation,null
web/api/xrwebglbinding/getreflectioncubemap,null
web/api/xrwebglbinding/getsubimage,null
web/api/xrwebglbinding/getviewsubimage,null
web/api/xrwebglbinding/nativeprojectionscalefactor,null
web/api/xrwebglbinding/xrwebglbinding,null
web/api/xrwebgldepthinformation,null
web/api/xrwebgldepthinformation/texture,null
web/api/xrwebgllayer,null
web/api/xrwebgllayer/antialias,null
web/api/xrwebgllayer/fixedfoveation,null
web/api/xrwebgllayer/framebuffer,null
web/api/xrwebgllayer/framebufferheight,null
web/api/xrwebgllayer/framebufferwidth,null
web/api/xrwebgllayer/getnativeframebufferscalefactor_static,null
web/api/xrwebgllayer/getviewport,null
web/api/xrwebgllayer/ignoredepthvalues,null
web/api/xrwebgllayer/xrwebgllayer,null
web/api/xrwebglsubimage,null
web/api/xrwebglsubimage/colortexture,null
web/api/xrwebglsubimage/colortextureheight,null
web/api/xrwebglsubimage/colortexturewidth,null
web/api/xrwebglsubimage/depthstenciltexture,null
web/api/xrwebglsubimage/imageindex,null
web/api/xsltprocessor,null
web/api/xsltprocessor/clearparameters,null
web/api/xsltprocessor/getparameter,null
web/api/xsltprocessor/importstylesheet,null
web/api/xsltprocessor/removeparameter,null
web/api/xsltprocessor/reset,null
web/api/xsltprocessor/setparameter,null
web/api/xsltprocessor/transformtodocument,null
web/api/xsltprocessor/transformtofragment,null
web/api/xsltprocessor/xsltprocessor,null
web/css,null
web/css/guides,null
web/css/guides/anchor_positioning,null
web/css/guides/anchor_positioning/anchored_container_queries,null
web/css/guides/anchor_positioning/try_options_hiding,null
web/css/guides/anchor_positioning/using,null
web/css/guides/animations,null
web/css/guides/animations/animatable_properties,null
web/css/guides/animations/using,null
web/css/guides/backgrounds_and_borders,null
web/css/guides/backgrounds_and_borders/border-image_generator,null
web/css/guides/backgrounds_and_borders/border-radius_generator,null
web/css/guides/backgrounds_and_borders/box-shadow_generator,null
web/css/guides/backgrounds_and_borders/resizing_background_images,null
web/css/guides/backgrounds_and_borders/scaling_svg_backgrounds,null
web/css/guides/backgrounds_and_borders/using_multiple_backgrounds,null
web/css/guides/basic_user_interface,null
web/css/guides/borders_and_box_decorations,null
web/css/guides/box_alignment,null
web/css/guides/box_alignment/in_block_abspos_tables,null
web/css/guides/box_alignment/in_flexbox,null
web/css/guides/box_alignment/in_grid_layout,null
web/css/guides/box_alignment/in_multi-column_layout,null
web/css/guides/box_alignment/overview,null
web/css/guides/box_model,null
web/css/guides/box_model/introduction,null
web/css/guides/box_model/margin_collapsing,null
web/css/guides/box_sizing,null
web/css/guides/box_sizing/aspect_ratios,null
web/css/guides/cascade,null
web/css/guides/cascade/inheritance,null
web/css/guides/cascade/introduction,null
web/css/guides/cascade/property_value_processing,null
web/css/guides/cascade/shorthand_properties,null
web/css/guides/cascade/specificity,null
web/css/guides/cascading_variables,null
web/css/guides/cascading_variables/using_custom_properties,null
web/css/guides/color_adjustment,null
web/css/guides/colors,null
web/css/guides/colors/applying_color,null
web/css/guides/colors/color_format_converter,null
web/css/guides/colors/color_mixer,null
web/css/guides/colors/color_values,null
web/css/guides/colors/using_color_wisely,null
web/css/guides/colors/using_relative_colors,null
web/css/guides/compositing_and_blending,null
web/css/guides/conditional_rules,null
web/css/guides/conditional_rules/container_scroll-state_queries,null
web/css/guides/conditional_rules/using_feature_queries,null
web/css/guides/containment,null
web/css/guides/containment/container_queries,null
web/css/guides/containment/container_size_and_style_queries,null
web/css/guides/containment/using,null
web/css/guides/counter_styles,null
web/css/guides/counter_styles/using_counters,null
web/css/guides/cssom_view,null
web/css/guides/cssom_view/viewport_concepts,null
web/css/guides/custom_functions_and_mixins,null
web/css/guides/custom_functions_and_mixins/using_custom_functions,null
web/css/guides/custom_highlight_api,null
web/css/guides/display,null
web/css/guides/display/block_and_inline_layout,null
web/css/guides/display/block_formatting_context,null
web/css/guides/display/containing_block,null
web/css/guides/display/flow_layout,null
web/css/guides/display/flow_layout_and_overflow,null
web/css/guides/display/flow_layout_and_writing_modes,null
web/css/guides/display/formatting_contexts,null
web/css/guides/display/in_flow_and_out_of_flow,null
web/css/guides/display/multi-keyword_syntax,null
web/css/guides/display/visual_formatting_model,null
web/css/guides/easing_functions,null
web/css/guides/environment_variables,null
web/css/guides/environment_variables/using,null
web/css/guides/filter_effects,null
web/css/guides/filter_effects/using,null
web/css/guides/flexible_box_layout,null
web/css/guides/flexible_box_layout/aligning_items,null
web/css/guides/flexible_box_layout/basic_concepts,null
web/css/guides/flexible_box_layout/controlling_flex_item_ratios,null
web/css/guides/flexible_box_layout/ordering_items,null
web/css/guides/flexible_box_layout/relationship_with_other_layout_methods,null
web/css/guides/flexible_box_layout/use_cases,null
web/css/guides/flexible_box_layout/wrapping_items,null
web/css/guides/font_loading,null
web/css/guides/fonts,null
web/css/guides/fonts/opentype_fonts,null
web/css/guides/fonts/variable_fonts,null
web/css/guides/fonts/woff,null
web/css/guides/fragmentation,null
web/css/guides/gaps,null
web/css/guides/generated_content,null
web/css/guides/grid_layout,null
web/css/guides/grid_layout/accessibility,null
web/css/guides/grid_layout/auto-placement,null
web/css/guides/grid_layout/basic_concepts,null
web/css/guides/grid_layout/box_alignment,null
web/css/guides/grid_layout/common_grid_layouts,null
web/css/guides/grid_layout/grid_template_areas,null
web/css/guides/grid_layout/line-based_placement,null
web/css/guides/grid_layout/logical_values_and_writing_modes,null
web/css/guides/grid_layout/masonry_layout,null
web/css/guides/grid_layout/named_grid_lines,null
web/css/guides/grid_layout/relationship_with_other_layout_methods,null
web/css/guides/grid_layout/subgrid,null
web/css/guides/images,null
web/css/guides/images/implementing_image_sprites,null
web/css/guides/images/replaced_element_properties,null
web/css/guides/images/using_gradients,null
web/css/guides/images/using_object-view-box,null
web/css/guides/inline_layout,null
web/css/guides/inline_layout/inline_formatting_context,null
web/css/guides/lists,null
web/css/guides/lists/indenting,null
web/css/guides/logical_properties_and_values,null
web/css/guides/logical_properties_and_values/basic_concepts,null
web/css/guides/logical_properties_and_values/floating_and_positioning,null
web/css/guides/logical_properties_and_values/margins_borders_padding,null
web/css/guides/logical_properties_and_values/sizing,null
web/css/guides/masking,null
web/css/guides/masking/clipping,null
web/css/guides/masking/introduction,null
web/css/guides/masking/mask_properties,null
web/css/guides/masking/multiple_masks,null
web/css/guides/media_queries,null
web/css/guides/media_queries/printing,null
web/css/guides/media_queries/testing,null
web/css/guides/media_queries/using,null
web/css/guides/media_queries/using_for_accessibility,null
web/css/guides/motion_path,null
web/css/guides/multicol_layout,null
web/css/guides/multicol_layout/basic_concepts,null
web/css/guides/multicol_layout/handling_content_breaks,null
web/css/guides/multicol_layout/handling_overflow,null
web/css/guides/multicol_layout/spanning_balancing_columns,null
web/css/guides/multicol_layout/styling_columns,null
web/css/guides/multicol_layout/using,null
web/css/guides/namespaces,null
web/css/guides/nesting,null
web/css/guides/nesting/at-rules,null
web/css/guides/nesting/nesting_and_specificity,null
web/css/guides/nesting/using,null
web/css/guides/overflow,null
web/css/guides/overflow/carousels,null
web/css/guides/overscroll_behavior,null
web/css/guides/paged_media,null
web/css/guides/positioned_layout,null
web/css/guides/positioned_layout/stacking_context,null
web/css/guides/positioned_layout/stacking_context/example_1,null
web/css/guides/positioned_layout/stacking_context/example_2,null
web/css/guides/positioned_layout/stacking_context/example_3,null
web/css/guides/positioned_layout/stacking_floating_elements,null
web/css/guides/positioned_layout/stacking_without_z-index,null
web/css/guides/positioned_layout/understanding_z-index,null
web/css/guides/positioned_layout/using_z-index,null
web/css/guides/properties_and_values_api,null
web/css/guides/properties_and_values_api/houdini,null
web/css/guides/properties_and_values_api/registering_properties,null
web/css/guides/pseudo-elements,null
web/css/guides/round_display,null
web/css/guides/ruby_layout,null
web/css/guides/scoping,null
web/css/guides/scroll-driven_animations,null
web/css/guides/scroll-driven_animations/timeline_insets,null
web/css/guides/scroll-driven_animations/timeline_range_names,null
web/css/guides/scroll-driven_animations/timelines,null
web/css/guides/scroll_anchoring,null
web/css/guides/scroll_anchoring/overview,null
web/css/guides/scroll_snap,null
web/css/guides/scroll_snap/basic_concepts,null
web/css/guides/scroll_snap/using_scroll_snap_events,null
web/css/guides/scrollbars_styling,null
web/css/guides/selectors,null
web/css/guides/selectors/privacy_and__colon_visited,null
web/css/guides/selectors/selector_structure,null
web/css/guides/selectors/selectors_and_combinators,null
web/css/guides/selectors/using__colon_target,null
web/css/guides/shadow_parts,null
web/css/guides/shapes,null
web/css/guides/shapes/from_box_values,null
web/css/guides/shapes/from_images,null
web/css/guides/shapes/overview,null
web/css/guides/shapes/shape_generator,null
web/css/guides/shapes/using_shape-outside,null
web/css/guides/syntax,null
web/css/guides/syntax/at-rules,null
web/css/guides/syntax/comments,null
web/css/guides/syntax/error_handling,null
web/css/guides/syntax/introduction,null
web/css/guides/table,null
web/css/guides/text,null
web/css/guides/text/whitespace,null
web/css/guides/text/wrapping_breaking_text,null
web/css/guides/text_decoration,null
web/css/guides/text_decoration/text_shadows,null
web/css/guides/transforms,null
web/css/guides/transforms/using,null
web/css/guides/transitions,null
web/css/guides/transitions/using,null
web/css/guides/values_and_units,null
web/css/guides/values_and_units/numeric_data_types,null
web/css/guides/values_and_units/textual_data_types,null
web/css/guides/values_and_units/using_math_functions,null
web/css/guides/values_and_units/using_typed_arithmetic,null
web/css/guides/values_and_units/value_definition_syntax,null
web/css/guides/view_transitions,null
web/css/guides/viewport,null
web/css/guides/webxr_dom_overlays,null
web/css/guides/writing_modes,null
web/css/guides/writing_modes/vertical_controls,null
web/css/guides/writing_modes/writing_mode_systems,null
web/css/how_to,null
web/css/how_to/layout_cookbook,null
web/css/how_to/layout_cookbook/breadcrumb_navigation,null
web/css/how_to/layout_cookbook/card,null
web/css/how_to/layout_cookbook/center_an_element,null
web/css/how_to/layout_cookbook/column_layouts,null
web/css/how_to/layout_cookbook/contribute_a_recipe,null
web/css/how_to/layout_cookbook/contribute_a_recipe/cookbook_template,null
web/css/how_to/layout_cookbook/grid_wrapper,null
web/css/how_to/layout_cookbook/list_group_with_badges,null
web/css/how_to/layout_cookbook/media_objects,null
web/css/how_to/layout_cookbook/pagination,null
web/css/how_to/layout_cookbook/split_navigation,null
web/css/how_to/layout_cookbook/sticky_footers,null
web/css/reference,null
web/css/reference/at-rules,null
web/css/reference/at-rules/@charset,null
web/css/reference/at-rules/@color-profile,null
web/css/reference/at-rules/@container,null
web/css/reference/at-rules/@counter-style,null
web/css/reference/at-rules/@counter-style/additive-symbols,null
web/css/reference/at-rules/@counter-style/fallback,null
web/css/reference/at-rules/@counter-style/negative,null
web/css/reference/at-rules/@counter-style/pad,null
web/css/reference/at-rules/@counter-style/prefix,null
web/css/reference/at-rules/@counter-style/range,null
web/css/reference/at-rules/@counter-style/speak-as,null
web/css/reference/at-rules/@counter-style/suffix,null
web/css/reference/at-rules/@counter-style/symbols,null
web/css/reference/at-rules/@counter-style/system,null
web/css/reference/at-rules/@custom-media,null
web/css/reference/at-rules/@document,null
web/css/reference/at-rules/@font-face,null
web/css/reference/at-rules/@font-face/ascent-override,null
web/css/reference/at-rules/@font-face/descent-override,null
web/css/reference/at-rules/@font-face/font-display,null
web/css/reference/at-rules/@font-face/font-family,null
web/css/reference/at-rules/@font-face/font-feature-settings,null
web/css/reference/at-rules/@font-face/font-stretch,null
web/css/reference/at-rules/@font-face/font-style,null
web/css/reference/at-rules/@font-face/font-variation-settings,null
web/css/reference/at-rules/@font-face/font-weight,null
web/css/reference/at-rules/@font-face/font-width,null
web/css/reference/at-rules/@font-face/line-gap-override,null
web/css/reference/at-rules/@font-face/size-adjust,null
web/css/reference/at-rules/@font-face/src,null
web/css/reference/at-rules/@font-face/unicode-range,null
web/css/reference/at-rules/@font-feature-values,null
web/css/reference/at-rules/@font-feature-values/font-display,null
web/css/reference/at-rules/@font-palette-values,null
web/css/reference/at-rules/@font-palette-values/base-palette,null
web/css/reference/at-rules/@font-palette-values/font-family,null
web/css/reference/at-rules/@font-palette-values/override-colors,null
web/css/reference/at-rules/@function,null
web/css/reference/at-rules/@import,null
web/css/reference/at-rules/@import/layer_function,null
web/css/reference/at-rules/@keyframes,null
web/css/reference/at-rules/@layer,8
web/css/reference/at-rules/@media,null
web/css/reference/at-rules/@media/-moz-device-pixel-ratio,null
web/css/reference/at-rules/@media/-webkit-animation,null
web/css/reference/at-rules/@media/-webkit-device-pixel-ratio,null
web/css/reference/at-rules/@media/-webkit-transform-2d,null
web/css/reference/at-rules/@media/-webkit-transform-3d,null
web/css/reference/at-rules/@media/-webkit-transition,null
web/css/reference/at-rules/@media/any-hover,null
web/css/reference/at-rules/@media/any-pointer,null
web/css/reference/at-rules/@media/aspect-ratio,null
web/css/reference/at-rules/@media/color,null
web/css/reference/at-rules/@media/color-gamut,null
web/css/reference/at-rules/@media/color-index,null
web/css/reference/at-rules/@media/device-aspect-ratio,null
web/css/reference/at-rules/@media/device-height,null
web/css/reference/at-rules/@media/device-posture,null
web/css/reference/at-rules/@media/device-width,null
web/css/reference/at-rules/@media/display-mode,null
web/css/reference/at-rules/@media/dynamic-range,null
web/css/reference/at-rules/@media/forced-colors,null
web/css/reference/at-rules/@media/grid,null
web/css/reference/at-rules/@media/height,null
web/css/reference/at-rules/@media/horizontal-viewport-segments,null
web/css/reference/at-rules/@media/hover,null
web/css/reference/at-rules/@media/inverted-colors,null
web/css/reference/at-rules/@media/monochrome,null
web/css/reference/at-rules/@media/orientation,null
web/css/reference/at-rules/@media/overflow-block,null
web/css/reference/at-rules/@media/overflow-inline,null
web/css/reference/at-rules/@media/pointer,null
web/css/reference/at-rules/@media/prefers-color-scheme,null
web/css/reference/at-rules/@media/prefers-contrast,null
web/css/reference/at-rules/@media/prefers-reduced-data,null
web/css/reference/at-rules/@media/prefers-reduced-motion,null
web/css/reference/at-rules/@media/prefers-reduced-transparency,null
web/css/reference/at-rules/@media/resolution,null
web/css/reference/at-rules/@media/scan,null
web/css/reference/at-rules/@media/scripting,null
web/css/reference/at-rules/@media/shape,null
web/css/reference/at-rules/@media/update,null
web/css/reference/at-rules/@media/vertical-viewport-segments,null
web/css/reference/at-rules/@media/video-dynamic-range,null
web/css/reference/at-rules/@media/width,null
web/css/reference/at-rules/@namespace,null
web/css/reference/at-rules/@page,null
web/css/reference/at-rules/@page/page-orientation,null
web/css/reference/at-rules/@page/size,null
web/css/reference/at-rules/@position-try,null
web/css/reference/at-rules/@property,null
web/css/reference/at-rules/@property/inherits,null
web/css/reference/at-rules/@property/initial-value,null
web/css/reference/at-rules/@property/syntax,null
web/css/reference/at-rules/@scope,null
web/css/reference/at-rules/@starting-style,null
web/css/reference/at-rules/@supports,null
web/css/reference/at-rules/@view-transition,null
web/css/reference/at-rules/at-rule_functions,null
web/css/reference/mozilla_extensions,null
web/css/reference/properties,null
web/css/reference/properties/--_star_,null
web/css/reference/properties/-moz-float-edge,null
web/css/reference/properties/-moz-force-broken-image-icon,null
web/css/reference/properties/-moz-orient,null
web/css/reference/properties/-moz-user-focus,null
web/css/reference/properties/-moz-user-input,null
web/css/reference/properties/-webkit-border-before,null
web/css/reference/properties/-webkit-box-reflect,null
web/css/reference/properties/-webkit-mask-box-image,null
web/css/reference/properties/-webkit-mask-composite,null
web/css/reference/properties/-webkit-mask-position-x,null
web/css/reference/properties/-webkit-mask-position-y,null
web/css/reference/properties/-webkit-mask-repeat-x,null
web/css/reference/properties/-webkit-mask-repeat-y,null
web/css/reference/properties/-webkit-tap-highlight-color,null
web/css/reference/properties/-webkit-text-fill-color,null
web/css/reference/properties/-webkit-text-security,null
web/css/reference/properties/-webkit-text-stroke,null
web/css/reference/properties/-webkit-text-stroke-color,null
web/css/reference/properties/-webkit-text-stroke-width,null
web/css/reference/properties/-webkit-touch-callout,null
web/css/reference/properties/accent-color,4
web/css/reference/properties/align-content,null
web/css/reference/properties/align-items,null
web/css/reference/properties/align-self,null
web/css/reference/properties/alignment-baseline,null
web/css/reference/properties/all,null
web/css/reference/properties/anchor-name,null
web/css/reference/properties/anchor-scope,null
web/css/reference/properties/animation,null
web/css/reference/properties/animation-composition,null
web/css/reference/properties/animation-delay,null
web/css/reference/properties/animation-direction,null
web/css/reference/properties/animation-duration,null
web/css/reference/properties/animation-fill-mode,null
web/css/reference/properties/animation-iteration-count,null
web/css/reference/properties/animation-name,null
web/css/reference/properties/animation-play-state,null
web/css/reference/properties/animation-range,null
web/css/reference/properties/animation-range-end,null
web/css/reference/properties/animation-range-start,null
web/css/reference/properties/animation-timeline,null
web/css/reference/properties/animation-timeline/scroll,null
web/css/reference/properties/animation-timeline/view,null
web/css/reference/properties/animation-timing-function,null
web/css/reference/properties/appearance,null
web/css/reference/properties/aspect-ratio,null
web/css/reference/properties/backdrop-filter,null
web/css/reference/properties/backface-visibility,null
web/css/reference/properties/background,null
web/css/reference/properties/background-attachment,null
web/css/reference/properties/background-blend-mode,null
web/css/reference/properties/background-clip,null
web/css/reference/properties/background-color,null
web/css/reference/properties/background-image,null
web/css/reference/properties/background-origin,null
web/css/reference/properties/background-position,null
web/css/reference/properties/background-position-x,null
web/css/reference/properties/background-position-y,null
web/css/reference/properties/background-repeat,null
web/css/reference/properties/background-repeat-x,null
web/css/reference/properties/background-repeat-y,null
web/css/reference/properties/background-size,null
web/css/reference/properties/baseline-shift,null
web/css/reference/properties/baseline-source,null
web/css/reference/properties/block-size,null
web/css/reference/properties/border,null
web/css/reference/properties/border-block,null
web/css/reference/properties/border-block-color,null
web/css/reference/properties/border-block-end,null
web/css/reference/properties/border-block-end-color,null
web/css/reference/properties/border-block-end-style,null
web/css/reference/properties/border-block-end-width,null
web/css/reference/properties/border-block-start,null
web/css/reference/properties/border-block-start-color,null
web/css/reference/properties/border-block-start-style,null
web/css/reference/properties/border-block-start-width,null
web/css/reference/properties/border-block-style,null
web/css/reference/properties/border-block-width,null
web/css/reference/properties/border-bottom,null
web/css/reference/properties/border-bottom-color,null
web/css/reference/properties/border-bottom-left-radius,null
web/css/reference/properties/border-bottom-right-radius,null
web/css/reference/properties/border-bottom-style,null
web/css/reference/properties/border-bottom-width,null
web/css/reference/properties/border-collapse,null
web/css/reference/properties/border-color,null
web/css/reference/properties/border-end-end-radius,null
web/css/reference/properties/border-end-start-radius,null
web/css/reference/properties/border-image,null
web/css/reference/properties/border-image-outset,null
web/css/reference/properties/border-image-repeat,null
web/css/reference/properties/border-image-slice,null
web/css/reference/properties/border-image-source,null
web/css/reference/properties/border-image-width,null
web/css/reference/properties/border-inline,null
web/css/reference/properties/border-inline-color,null
web/css/reference/properties/border-inline-end,null
web/css/reference/properties/border-inline-end-color,null
web/css/reference/properties/border-inline-end-style,null
web/css/reference/properties/border-inline-end-width,null
web/css/reference/properties/border-inline-start,null
web/css/reference/properties/border-inline-start-color,null
web/css/reference/properties/border-inline-start-style,null
web/css/reference/properties/border-inline-start-width,null
web/css/reference/properties/border-inline-style,null
web/css/reference/properties/border-inline-width,null
web/css/reference/properties/border-left,null
web/css/reference/properties/border-left-color,null
web/css/reference/properties/border-left-style,null
web/css/reference/properties/border-left-width,null
web/css/reference/properties/border-radius,null
web/css/reference/properties/border-right,null
web/css/reference/properties/border-right-color,null
web/css/reference/properties/border-right-style,null
web/css/reference/properties/border-right-width,null
web/css/reference/properties/border-spacing,null
web/css/reference/properties/border-start-end-radius,null
web/css/reference/properties/border-start-start-radius,null
web/css/reference/properties/border-style,null
web/css/reference/properties/border-top,null
web/css/reference/properties/border-top-color,null
web/css/reference/properties/border-top-left-radius,null
web/css/reference/properties/border-top-right-radius,null
web/css/reference/properties/border-top-style,null
web/css/reference/properties/border-top-width,null
web/css/reference/properties/border-width,null
web/css/reference/properties/bottom,null
web/css/reference/properties/box-align,null
web/css/reference/properties/box-decoration-break,null
web/css/reference/properties/box-direction,null
web/css/reference/properties/box-flex,null
web/css/reference/properties/box-flex-group,null
web/css/reference/properties/box-lines,null
web/css/reference/properties/box-ordinal-group,null
web/css/reference/properties/box-orient,null
web/css/reference/properties/box-pack,null
web/css/reference/properties/box-shadow,null
web/css/reference/properties/box-sizing,null
web/css/reference/properties/break-after,null
web/css/reference/properties/break-before,null
web/css/reference/properties/break-inside,null
web/css/reference/properties/caption-side,null
web/css/reference/properties/caret,null
web/css/reference/properties/caret-animation,null
web/css/reference/properties/caret-color,null
web/css/reference/properties/caret-shape,null
web/css/reference/properties/clear,null
web/css/reference/properties/clip,null
web/css/reference/properties/clip-path,null
web/css/reference/properties/clip-rule,null
web/css/reference/properties/color,null
web/css/reference/properties/color-interpolation,null
web/css/reference/properties/color-interpolation-filters,null
web/css/reference/properties/color-scheme,null
web/css/reference/properties/column-count,null
web/css/reference/properties/column-fill,null
web/css/reference/properties/column-gap,null
web/css/reference/properties/column-height,null
web/css/reference/properties/column-rule,null
web/css/reference/properties/column-rule-color,null
web/css/reference/properties/column-rule-style,null
web/css/reference/properties/column-rule-width,null
web/css/reference/properties/column-span,null
web/css/reference/properties/column-width,null
web/css/reference/properties/column-wrap,null
web/css/reference/properties/columns,null
web/css/reference/properties/contain,null
web/css/reference/properties/contain-intrinsic-block-size,null
web/css/reference/properties/contain-intrinsic-height,null
web/css/reference/properties/contain-intrinsic-inline-size,null
web/css/reference/properties/contain-intrinsic-size,null
web/css/reference/properties/contain-intrinsic-width,null
web/css/reference/properties/container,null
web/css/reference/properties/container-name,null
web/css/reference/properties/container-type,null
web/css/reference/properties/content,null
web/css/reference/properties/content-visibility,null
web/css/reference/properties/corner-block-end-shape,null
web/css/reference/properties/corner-block-start-shape,null
web/css/reference/properties/corner-bottom-left-shape,null
web/css/reference/properties/corner-bottom-right-shape,null
web/css/reference/properties/corner-bottom-shape,null
web/css/reference/properties/corner-end-end-shape,null
web/css/reference/properties/corner-end-start-shape,null
web/css/reference/properties/corner-inline-end-shape,null
web/css/reference/properties/corner-inline-start-shape,null
web/css/reference/properties/corner-left-shape,null
web/css/reference/properties/corner-right-shape,null
web/css/reference/properties/corner-shape,null
web/css/reference/properties/corner-start-end-shape,null
web/css/reference/properties/corner-start-start-shape,null
web/css/reference/properties/corner-top-left-shape,null
web/css/reference/properties/corner-top-right-shape,null
web/css/reference/properties/corner-top-shape,null
web/css/reference/properties/counter-increment,null
web/css/reference/properties/counter-reset,null
web/css/reference/properties/counter-set,null
web/css/reference/properties/cursor,null
web/css/reference/properties/cx,null
web/css/reference/properties/cy,null
web/css/reference/properties/d,null
web/css/reference/properties/direction,null
web/css/reference/properties/display,null
web/css/reference/properties/dominant-baseline,null
web/css/reference/properties/dynamic-range-limit,null
web/css/reference/properties/empty-cells,null
web/css/reference/properties/field-sizing,null
web/css/reference/properties/fill,null
web/css/reference/properties/fill-opacity,null
web/css/reference/properties/fill-rule,null
web/css/reference/properties/filter,null
web/css/reference/properties/flex,null
web/css/reference/properties/flex-basis,null
web/css/reference/properties/flex-direction,3
web/css/reference/properties/flex-flow,null
web/css/reference/properties/flex-grow,null
web/css/reference/properties/flex-shrink,null
web/css/reference/properties/flex-wrap,null
web/css/reference/properties/float,null
web/css/reference/properties/flood-color,null
web/css/reference/properties/flood-opacity,null
web/css/reference/properties/font,null
web/css/reference/properties/font-family,null
web/css/reference/properties/font-feature-settings,null
web/css/reference/properties/font-kerning,null
web/css/reference/properties/font-language-override,null
web/css/reference/properties/font-optical-sizing,null
web/css/reference/properties/font-palette,null
web/css/reference/properties/font-palette/palette-mix,null
web/css/reference/properties/font-size,null
web/css/reference/properties/font-size-adjust,null
web/css/reference/properties/font-smooth,null
web/css/reference/properties/font-stretch,null
web/css/reference/properties/font-style,null
web/css/reference/properties/font-synthesis,null
web/css/reference/properties/font-synthesis-position,null
web/css/reference/properties/font-synthesis-small-caps,null
web/css/reference/properties/font-synthesis-style,null
web/css/reference/properties/font-synthesis-weight,null
web/css/reference/properties/font-variant,null
web/css/reference/properties/font-variant-alternates,null
web/css/reference/properties/font-variant-caps,null
web/css/reference/properties/font-variant-east-asian,null
web/css/reference/properties/font-variant-emoji,null
web/css/reference/properties/font-variant-ligatures,null
web/css/reference/properties/font-variant-numeric,null
web/css/reference/properties/font-variant-position,null
web/css/reference/properties/font-variation-settings,null
web/css/reference/properties/font-weight,null
web/css/reference/properties/font-width,null
web/css/reference/properties/forced-color-adjust,null
web/css/reference/properties/gap,null
web/css/reference/properties/grid,null
web/css/reference/properties/grid-area,null
web/css/reference/properties/grid-auto-columns,null
web/css/reference/properties/grid-auto-flow,null
web/css/reference/properties/grid-auto-rows,null
web/css/reference/properties/grid-column,null
web/css/reference/properties/grid-column-end,null
web/css/reference/properties/grid-column-start,null
web/css/reference/properties/grid-row,null
web/css/reference/properties/grid-row-end,null
web/css/reference/properties/grid-row-start,null
web/css/reference/properties/grid-template,null
web/css/reference/properties/grid-template-areas,null
web/css/reference/properties/grid-template-columns,null
web/css/reference/properties/grid-template-rows,null
web/css/reference/properties/hanging-punctuation,null
web/css/reference/properties/height,null
web/css/reference/properties/hyphenate-character,null
web/css/reference/properties/hyphenate-limit-chars,null
web/css/reference/properties/hyphens,null
web/css/reference/properties/image-orientation,null
web/css/reference/properties/image-rendering,null
web/css/reference/properties/image-resolution,null
web/css/reference/properties/initial-letter,null
web/css/reference/properties/inline-size,null
web/css/reference/properties/inset,null
web/css/reference/properties/inset-block,null
web/css/reference/properties/inset-block-end,null
web/css/reference/properties/inset-block-start,null
web/css/reference/properties/inset-inline,null
web/css/reference/properties/inset-inline-end,null
web/css/reference/properties/inset-inline-start,null
web/css/reference/properties/interactivity,null
web/css/reference/properties/interest-delay,null
web/css/reference/properties/interest-delay-end,null
web/css/reference/properties/interest-delay-start,null
web/css/reference/properties/interpolate-size,null
web/css/reference/properties/isolation,null
web/css/reference/properties/justify-content,null
web/css/reference/properties/justify-items,null
web/css/reference/properties/justify-self,null
web/css/reference/properties/left,null
web/css/reference/properties/letter-spacing,null
web/css/reference/properties/lighting-color,null
web/css/reference/properties/line-break,null
web/css/reference/properties/line-clamp,null
web/css/reference/properties/line-height,null
web/css/reference/properties/line-height-step,null
web/css/reference/properties/list-style,null
web/css/reference/properties/list-style-image,null
web/css/reference/properties/list-style-position,null
web/css/reference/properties/list-style-type,null
web/css/reference/properties/margin,null
web/css/reference/properties/margin-block,null
web/css/reference/properties/margin-block-end,null
web/css/reference/properties/margin-block-start,null
web/css/reference/properties/margin-bottom,null
web/css/reference/properties/margin-inline,null
web/css/reference/properties/margin-inline-end,null
web/css/reference/properties/margin-inline-start,null
web/css/reference/properties/margin-left,null
web/css/reference/properties/margin-right,null
web/css/reference/properties/margin-top,null
web/css/reference/properties/margin-trim,null
web/css/reference/properties/marker,null
web/css/reference/properties/marker-end,null
web/css/reference/properties/marker-mid,null
web/css/reference/properties/marker-start,null
web/css/reference/properties/mask,null
web/css/reference/properties/mask-border,null
web/css/reference/properties/mask-border-mode,null
web/css/reference/properties/mask-border-outset,null
web/css/reference/properties/mask-border-repeat,null
web/css/reference/properties/mask-border-slice,null
web/css/reference/properties/mask-border-source,null
web/css/reference/properties/mask-border-width,null
web/css/reference/properties/mask-clip,null
web/css/reference/properties/mask-composite,null
web/css/reference/properties/mask-image,null
web/css/reference/properties/mask-mode,null
web/css/reference/properties/mask-origin,null
web/css/reference/properties/mask-position,null
web/css/reference/properties/mask-repeat,null
web/css/reference/properties/mask-size,null
web/css/reference/properties/mask-type,null
web/css/reference/properties/math-depth,null
web/css/reference/properties/math-shift,null
web/css/reference/properties/math-style,null
web/css/reference/properties/max-block-size,null
web/css/reference/properties/max-height,null
web/css/reference/properties/max-inline-size,null
web/css/reference/properties/max-width,null
web/css/reference/properties/min-block-size,null
web/css/reference/properties/min-height,null
web/css/reference/properties/min-inline-size,null
web/css/reference/properties/min-width,null
web/css/reference/properties/mix-blend-mode,null
web/css/reference/properties/object-fit,null
web/css/reference/properties/object-position,null
web/css/reference/properties/object-view-box,null
web/css/reference/properties/offset,null
web/css/reference/properties/offset-anchor,null
web/css/reference/properties/offset-distance,null
web/css/reference/properties/offset-path,null
web/css/reference/properties/offset-position,null
web/css/reference/properties/offset-rotate,null
web/css/reference/properties/opacity,null
web/css/reference/properties/order,null
web/css/reference/properties/orphans,null
web/css/reference/properties/outline,3
web/css/reference/properties/outline-color,7
web/css/reference/properties/outline-offset,2
web/css/reference/properties/outline-style,3
web/css/reference/properties/outline-width,2
web/css/reference/properties/overflow,null
web/css/reference/properties/overflow-anchor,null
web/css/reference/properties/overflow-block,null
web/css/reference/properties/overflow-clip-margin,null
web/css/reference/properties/overflow-inline,null
web/css/reference/properties/overflow-wrap,null
web/css/reference/properties/overflow-x,null
web/css/reference/properties/overflow-y,null
web/css/reference/properties/overlay,null
web/css/reference/properties/overscroll-behavior,null
web/css/reference/properties/overscroll-behavior-block,null
web/css/reference/properties/overscroll-behavior-inline,null
web/css/reference/properties/overscroll-behavior-x,null
web/css/reference/properties/overscroll-behavior-y,null
web/css/reference/properties/padding,null
web/css/reference/properties/padding-block,null
web/css/reference/properties/padding-block-end,null
web/css/reference/properties/padding-block-start,null
web/css/reference/properties/padding-bottom,null
web/css/reference/properties/padding-inline,null
web/css/reference/properties/padding-inline-end,null
web/css/reference/properties/padding-inline-start,null
web/css/reference/properties/padding-left,null
web/css/reference/properties/padding-right,null
web/css/reference/properties/padding-top,null
web/css/reference/properties/page,null
web/css/reference/properties/page-break-after,null
web/css/reference/properties/page-break-before,null
web/css/reference/properties/page-break-inside,null
web/css/reference/properties/paint-order,null
web/css/reference/properties/perspective,null
web/css/reference/properties/perspective-origin,null
web/css/reference/properties/place-content,null
web/css/reference/properties/place-items,null
web/css/reference/properties/place-self,null
web/css/reference/properties/pointer-events,null
web/css/reference/properties/position,null
web/css/reference/properties/position-anchor,null
web/css/reference/properties/position-area,null
web/css/reference/properties/position-try,null
web/css/reference/properties/position-try-fallbacks,null
web/css/reference/properties/position-try-order,null
web/css/reference/properties/position-visibility,null
web/css/reference/properties/print-color-adjust,null
web/css/reference/properties/quotes,null
web/css/reference/properties/r,null
web/css/reference/properties/reading-flow,null
web/css/reference/properties/reading-order,null
web/css/reference/properties/resize,null
web/css/reference/properties/right,null
web/css/reference/properties/rotate,null
web/css/reference/properties/row-gap,null
web/css/reference/properties/ruby-align,null
web/css/reference/properties/ruby-overhang,null
web/css/reference/properties/ruby-position,null
web/css/reference/properties/rx,null
web/css/reference/properties/ry,null
web/css/reference/properties/scale,null
web/css/reference/properties/scroll-behavior,null
web/css/reference/properties/scroll-initial-target,null
web/css/reference/properties/scroll-margin,null
web/css/reference/properties/scroll-margin-block,null
web/css/reference/properties/scroll-margin-block-end,null
web/css/reference/properties/scroll-margin-block-start,null
web/css/reference/properties/scroll-margin-bottom,null
web/css/reference/properties/scroll-margin-inline,null
web/css/reference/properties/scroll-margin-inline-end,null
web/css/reference/properties/scroll-margin-inline-start,null
web/css/reference/properties/scroll-margin-left,null
web/css/reference/properties/scroll-margin-right,null
web/css/reference/properties/scroll-margin-top,null
web/css/reference/properties/scroll-marker-group,null
web/css/reference/properties/scroll-padding,null
web/css/reference/properties/scroll-padding-block,null
web/css/reference/properties/scroll-padding-block-end,null
web/css/reference/properties/scroll-padding-block-start,null
web/css/reference/properties/scroll-padding-bottom,null
web/css/reference/properties/scroll-padding-inline,null
web/css/reference/properties/scroll-padding-inline-end,null
web/css/reference/properties/scroll-padding-inline-start,null
web/css/reference/properties/scroll-padding-left,null
web/css/reference/properties/scroll-padding-right,null
web/css/reference/properties/scroll-padding-top,null
web/css/reference/properties/scroll-snap-align,null
web/css/reference/properties/scroll-snap-stop,null
web/css/reference/properties/scroll-snap-type,null
web/css/reference/properties/scroll-target-group,null
web/css/reference/properties/scroll-timeline,null
web/css/reference/properties/scroll-timeline-axis,null
web/css/reference/properties/scroll-timeline-name,null
web/css/reference/properties/scrollbar-color,null
web/css/reference/properties/scrollbar-gutter,null
web/css/reference/properties/scrollbar-width,null
web/css/reference/properties/shape-image-threshold,null
web/css/reference/properties/shape-margin,null
web/css/reference/properties/shape-outside,null
web/css/reference/properties/shape-rendering,null
web/css/reference/properties/speak-as,null
web/css/reference/properties/stop-color,null
web/css/reference/properties/stop-opacity,null
web/css/reference/properties/stroke,null
web/css/reference/properties/stroke-dasharray,null
web/css/reference/properties/stroke-dashoffset,null
web/css/reference/properties/stroke-linecap,null
web/css/reference/properties/stroke-linejoin,null
web/css/reference/properties/stroke-miterlimit,null
web/css/reference/properties/stroke-opacity,null
web/css/reference/properties/stroke-width,null
web/css/reference/properties/tab-size,null
web/css/reference/properties/table-layout,null
web/css/reference/properties/text-align,null
web/css/reference/properties/text-align-last,null
web/css/reference/properties/text-anchor,null
web/css/reference/properties/text-autospace,null
web/css/reference/properties/text-box,null
web/css/reference/properties/text-box-edge,null
web/css/reference/properties/text-box-trim,null
web/css/reference/properties/text-combine-upright,null
web/css/reference/properties/text-decoration,null
web/css/reference/properties/text-decoration-color,null
web/css/reference/properties/text-decoration-inset,null
web/css/reference/properties/text-decoration-line,null
web/css/reference/properties/text-decoration-skip,null
web/css/reference/properties/text-decoration-skip-ink,null
web/css/reference/properties/text-decoration-style,null
web/css/reference/properties/text-decoration-thickness,null
web/css/reference/properties/text-emphasis,null
web/css/reference/properties/text-emphasis-color,null
web/css/reference/properties/text-emphasis-position,null
web/css/reference/properties/text-emphasis-style,null
web/css/reference/properties/text-indent,null
web/css/reference/properties/text-justify,null
web/css/reference/properties/text-orientation,null
web/css/reference/properties/text-overflow,null
web/css/reference/properties/text-rendering,null
web/css/reference/properties/text-shadow,null
web/css/reference/properties/text-size-adjust,null
web/css/reference/properties/text-spacing-trim,null
web/css/reference/properties/text-transform,null
web/css/reference/properties/text-underline-offset,null
web/css/reference/properties/text-underline-position,null
web/css/reference/properties/text-wrap,null
web/css/reference/properties/text-wrap-mode,null
web/css/reference/properties/text-wrap-style,null
web/css/reference/properties/timeline-scope,null
web/css/reference/properties/top,null
web/css/reference/properties/touch-action,null
web/css/reference/properties/transform,null
web/css/reference/properties/transform-box,null
web/css/reference/properties/transform-origin,null
web/css/reference/properties/transform-style,null
web/css/reference/properties/transition,null
web/css/reference/properties/transition-behavior,null
web/css/reference/properties/transition-delay,null
web/css/reference/properties/transition-duration,null
web/css/reference/properties/transition-property,null
web/css/reference/properties/transition-timing-function,null
web/css/reference/properties/translate,null
web/css/reference/properties/unicode-bidi,null
web/css/reference/properties/user-modify,null
web/css/reference/properties/user-select,null
web/css/reference/properties/vector-effect,null
web/css/reference/properties/vertical-align,null
web/css/reference/properties/view-timeline,null
web/css/reference/properties/view-timeline-axis,null
web/css/reference/properties/view-timeline-inset,null
web/css/reference/properties/view-timeline-name,null
web/css/reference/properties/view-transition-class,null
web/css/reference/properties/view-transition-name,null
web/css/reference/properties/view-transition-scope,null
web/css/reference/properties/visibility,null
web/css/reference/properties/white-space,null
web/css/reference/properties/white-space-collapse,null
web/css/reference/properties/widows,null
web/css/reference/properties/width,null
web/css/reference/properties/will-change,null
web/css/reference/properties/word-break,null
web/css/reference/properties/word-spacing,null
web/css/reference/properties/writing-mode,null
web/css/reference/properties/x,null
web/css/reference/properties/y,null
web/css/reference/properties/z-index,null
web/css/reference/properties/zoom,null
web/css/reference/selectors,null
web/css/reference/selectors/_colon_-moz-broken,null
web/css/reference/selectors/_colon_-moz-drag-over,null
web/css/reference/selectors/_colon_-moz-first-node,null
web/css/reference/selectors/_colon_-moz-handler-blocked,null
web/css/reference/selectors/_colon_-moz-handler-crashed,null
web/css/reference/selectors/_colon_-moz-handler-disabled,null
web/css/reference/selectors/_colon_-moz-last-node,null
web/css/reference/selectors/_colon_-moz-loading,null
web/css/reference/selectors/_colon_-moz-locale-dir_ltr,null
web/css/reference/selectors/_colon_-moz-locale-dir_rtl,null
web/css/reference/selectors/_colon_-moz-only-whitespace,null
web/css/reference/selectors/_colon_-moz-submit-invalid,null
web/css/reference/selectors/_colon_-moz-suppressed,null
web/css/reference/selectors/_colon_-moz-user-disabled,null
web/css/reference/selectors/_colon_-moz-window-inactive,null
web/css/reference/selectors/_colon_active,null
web/css/reference/selectors/_colon_active-view-transition,null
web/css/reference/selectors/_colon_active-view-transition-type,null
web/css/reference/selectors/_colon_any-link,null
web/css/reference/selectors/_colon_autofill,null
web/css/reference/selectors/_colon_blank,null
web/css/reference/selectors/_colon_buffering,null
web/css/reference/selectors/_colon_checked,null
web/css/reference/selectors/_colon_current,null
web/css/reference/selectors/_colon_default,null
web/css/reference/selectors/_colon_defined,null
web/css/reference/selectors/_colon_dir,null
web/css/reference/selectors/_colon_disabled,null
web/css/reference/selectors/_colon_empty,null
web/css/reference/selectors/_colon_enabled,null
web/css/reference/selectors/_colon_first,null
web/css/reference/selectors/_colon_first-child,null
web/css/reference/selectors/_colon_first-of-type,null
web/css/reference/selectors/_colon_focus,null
web/css/reference/selectors/_colon_focus-visible,null
web/css/reference/selectors/_colon_focus-within,null
web/css/reference/selectors/_colon_fullscreen,null
web/css/reference/selectors/_colon_future,null
web/css/reference/selectors/_colon_has,null
web/css/reference/selectors/_colon_has-slotted,null
web/css/reference/selectors/_colon_heading,null
web/css/reference/selectors/_colon_heading_function,null
web/css/reference/selectors/_colon_host,null
web/css/reference/selectors/_colon_host-context,null
web/css/reference/selectors/_colon_host_function,null
web/css/reference/selectors/_colon_hover,null
web/css/reference/selectors/_colon_in-range,null
web/css/reference/selectors/_colon_indeterminate,null
web/css/reference/selectors/_colon_interest-source,null
web/css/reference/selectors/_colon_interest-target,null
web/css/reference/selectors/_colon_invalid,null
web/css/reference/selectors/_colon_is,null
web/css/reference/selectors/_colon_lang,null
web/css/reference/selectors/_colon_last-child,null
web/css/reference/selectors/_colon_last-of-type,null
web/css/reference/selectors/_colon_left,null
web/css/reference/selectors/_colon_link,null
web/css/reference/selectors/_colon_local-link,null
web/css/reference/selectors/_colon_modal,null
web/css/reference/selectors/_colon_muted,null
web/css/reference/selectors/_colon_not,null
web/css/reference/selectors/_colon_nth-child,null
web/css/reference/selectors/_colon_nth-last-child,null
web/css/reference/selectors/_colon_nth-last-of-type,null
web/css/reference/selectors/_colon_nth-of-type,null
web/css/reference/selectors/_colon_only-child,null
web/css/reference/selectors/_colon_only-of-type,2
web/css/reference/selectors/_colon_open,null
web/css/reference/selectors/_colon_optional,null
web/css/reference/selectors/_colon_out-of-range,null
web/css/reference/selectors/_colon_past,null
web/css/reference/selectors/_colon_paused,null
web/css/reference/selectors/_colon_picture-in-picture,null
web/css/reference/selectors/_colon_placeholder-shown,null
web/css/reference/selectors/_colon_playing,null
web/css/reference/selectors/_colon_popover-open,null
web/css/reference/selectors/_colon_read-only,null
web/css/reference/selectors/_colon_read-write,null
web/css/reference/selectors/_colon_required,null
web/css/reference/selectors/_colon_right,null
web/css/reference/selectors/_colon_root,null
web/css/reference/selectors/_colon_scope,null
web/css/reference/selectors/_colon_seeking,null
web/css/reference/selectors/_colon_stalled,null
web/css/reference/selectors/_colon_state,null
web/css/reference/selectors/_colon_target,null
web/css/reference/selectors/_colon_target-after,null
web/css/reference/selectors/_colon_target-before,null
web/css/reference/selectors/_colon_target-current,null
web/css/reference/selectors/_colon_user-invalid,null
web/css/reference/selectors/_colon_user-valid,null
web/css/reference/selectors/_colon_valid,null
web/css/reference/selectors/_colon_visited,null
web/css/reference/selectors/_colon_volume-locked,null
web/css/reference/selectors/_colon_where,null
web/css/reference/selectors/_colon_xr-overlay,null
web/css/reference/selectors/_doublecolon_-moz-color-swatch,null
web/css/reference/selectors/_doublecolon_-moz-focus-inner,null
web/css/reference/selectors/_doublecolon_-moz-list-bullet,null
web/css/reference/selectors/_doublecolon_-moz-list-number,null
web/css/reference/selectors/_doublecolon_-moz-meter-bar,null
web/css/reference/selectors/_doublecolon_-moz-progress-bar,null
web/css/reference/selectors/_doublecolon_-moz-range-progress,null
web/css/reference/selectors/_doublecolon_-moz-range-thumb,null
web/css/reference/selectors/_doublecolon_-moz-range-track,null
web/css/reference/selectors/_doublecolon_-webkit-inner-spin-button,null
web/css/reference/selectors/_doublecolon_-webkit-meter-bar,null
web/css/reference/selectors/_doublecolon_-webkit-meter-even-less-good-value,null
web/css/reference/selectors/_doublecolon_-webkit-meter-inner-element,null
web/css/reference/selectors/_doublecolon_-webkit-meter-optimum-value,null
web/css/reference/selectors/_doublecolon_-webkit-meter-suboptimum-value,null
web/css/reference/selectors/_doublecolon_-webkit-progress-bar,null
web/css/reference/selectors/_doublecolon_-webkit-progress-inner-element,null
web/css/reference/selectors/_doublecolon_-webkit-progress-value,null
web/css/reference/selectors/_doublecolon_-webkit-scrollbar,null
web/css/reference/selectors/_doublecolon_-webkit-search-cancel-button,null
web/css/reference/selectors/_doublecolon_-webkit-search-results-button,null
web/css/reference/selectors/_doublecolon_-webkit-slider-runnable-track,null
web/css/reference/selectors/_doublecolon_-webkit-slider-thumb,null
web/css/reference/selectors/_doublecolon_after,null
web/css/reference/selectors/_doublecolon_backdrop,null
web/css/reference/selectors/_doublecolon_before,null
web/css/reference/selectors/_doublecolon_checkmark,null
web/css/reference/selectors/_doublecolon_column,null
web/css/reference/selectors/_doublecolon_cue,null
web/css/reference/selectors/_doublecolon_details-content,null
web/css/reference/selectors/_doublecolon_file-selector-button,null
web/css/reference/selectors/_doublecolon_first-letter,null
web/css/reference/selectors/_doublecolon_first-line,null
web/css/reference/selectors/_doublecolon_grammar-error,null
web/css/reference/selectors/_doublecolon_highlight,null
web/css/reference/selectors/_doublecolon_marker,null
web/css/reference/selectors/_doublecolon_part,null
web/css/reference/selectors/_doublecolon_picker,null
web/css/reference/selectors/_doublecolon_picker-icon,null
web/css/reference/selectors/_doublecolon_placeholder,null
web/css/reference/selectors/_doublecolon_scroll-button,null
web/css/reference/selectors/_doublecolon_scroll-marker,null
web/css/reference/selectors/_doublecolon_scroll-marker-group,null
web/css/reference/selectors/_doublecolon_search-text,null
web/css/reference/selectors/_doublecolon_selection,null
web/css/reference/selectors/_doublecolon_slotted,null
web/css/reference/selectors/_doublecolon_spelling-error,null
web/css/reference/selectors/_doublecolon_target-text,null
web/css/reference/selectors/_doublecolon_view-transition,null
web/css/reference/selectors/_doublecolon_view-transition-group,null
web/css/reference/selectors/_doublecolon_view-transition-image-pair,null
web/css/reference/selectors/_doublecolon_view-transition-new,null
web/css/reference/selectors/_doublecolon_view-transition-old,null
web/css/reference/selectors/attribute_selectors,null
web/css/reference/selectors/child_combinator,null
web/css/reference/selectors/class_selectors,null
web/css/reference/selectors/column_combinator,null
web/css/reference/selectors/combinators,null
web/css/reference/selectors/descendant_combinator,null
web/css/reference/selectors/id_selectors,null
web/css/reference/selectors/keyframe_selectors,null
web/css/reference/selectors/namespace_separator,null
web/css/reference/selectors/nesting_selector,null
web/css/reference/selectors/next-sibling_combinator,null
web/css/reference/selectors/pseudo-classes,null
web/css/reference/selectors/pseudo-elements,null
web/css/reference/selectors/selector_list,5
web/css/reference/selectors/subsequent-sibling_combinator,null
web/css/reference/selectors/type_selectors,null
web/css/reference/selectors/universal_selectors,null
web/css/reference/values,null
web/css/reference/values/-moz-image-rect,null
web/css/reference/values/abs,null
web/css/reference/values/absolute-size,null
web/css/reference/values/acos,null
web/css/reference/values/alpha-value,null
web/css/reference/values/anchor,null
web/css/reference/values/anchor-size,null
web/css/reference/values/angle,null
web/css/reference/values/angle-percentage,null
web/css/reference/values/asin,null
web/css/reference/values/atan,null
web/css/reference/values/atan2,null
web/css/reference/values/attr,null
web/css/reference/values/axis,null
web/css/reference/values/baseline-position,null
web/css/reference/values/basic-shape,null
web/css/reference/values/basic-shape/circle,null
web/css/reference/values/basic-shape/ellipse,null
web/css/reference/values/basic-shape/inset,null
web/css/reference/values/basic-shape/path,null
web/css/reference/values/basic-shape/polygon,null
web/css/reference/values/basic-shape/rect,null
web/css/reference/values/basic-shape/shape,null
web/css/reference/values/basic-shape/xywh,null
web/css/reference/values/blend-mode,null
web/css/reference/values/box-edge,null
web/css/reference/values/calc,null
web/css/reference/values/calc-keyword,null
web/css/reference/values/calc-size,null
web/css/reference/values/calc-sum,null
web/css/reference/values/clamp,null
web/css/reference/values/color-interpolation-method,null
web/css/reference/values/color_value,null
web/css/reference/values/color_value/color,null
web/css/reference/values/color_value/color-mix,null
web/css/reference/values/color_value/contrast-color,null
web/css/reference/values/color_value/device-cmyk,null
web/css/reference/values/color_value/hsl,null
web/css/reference/values/color_value/hwb,null
web/css/reference/values/color_value/lab,null
web/css/reference/values/color_value/lch,null
web/css/reference/values/color_value/light-dark,null
web/css/reference/values/color_value/oklab,null
web/css/reference/values/color_value/oklch,null
web/css/reference/values/color_value/rgb,null
web/css/reference/values/content-distribution,null
web/css/reference/values/content-position,null
web/css/reference/values/corner-shape-value,null
web/css/reference/values/cos,null
web/css/reference/values/counter,null
web/css/reference/values/counters,null
web/css/reference/values/cross-fade,null
web/css/reference/values/custom-ident,null
web/css/reference/values/dashed-function,null
web/css/reference/values/dashed-ident,null
web/css/reference/values/data_types,null
web/css/reference/values/dimension,null
web/css/reference/values/display-box,null
web/css/reference/values/display-inside,null
web/css/reference/values/display-internal,null
web/css/reference/values/display-legacy,null
web/css/reference/values/display-listitem,null
web/css/reference/values/display-outside,null
web/css/reference/values/dynamic-range-limit-mix,null
web/css/reference/values/easing-function,null
web/css/reference/values/easing-function/cubic-bezier,null
web/css/reference/values/easing-function/linear,null
web/css/reference/values/easing-function/steps,null
web/css/reference/values/element,null
web/css/reference/values/env,null
web/css/reference/values/exp,null
web/css/reference/values/filter-function,null
web/css/reference/values/filter-function/blur,null
web/css/reference/values/filter-function/brightness,null
web/css/reference/values/filter-function/contrast,null
web/css/reference/values/filter-function/drop-shadow,null
web/css/reference/values/filter-function/grayscale,null
web/css/reference/values/filter-function/hue-rotate,null
web/css/reference/values/filter-function/invert,null
web/css/reference/values/filter-function/opacity,null
web/css/reference/values/filter-function/saturate,null
web/css/reference/values/filter-function/sepia,null
web/css/reference/values/fit-content,null
web/css/reference/values/fit-content_function,null
web/css/reference/values/flex_value,null
web/css/reference/values/frequency,null
web/css/reference/values/frequency-percentage,null
web/css/reference/values/functions,null
web/css/reference/values/generic-family,null
web/css/reference/values/gradient,null
web/css/reference/values/gradient/conic-gradient,null
web/css/reference/values/gradient/linear-gradient,null
web/css/reference/values/gradient/radial-gradient,null
web/css/reference/values/gradient/repeating-conic-gradient,null
web/css/reference/values/gradient/repeating-linear-gradient,null
web/css/reference/values/gradient/repeating-radial-gradient,null
web/css/reference/values/hex-color,null
web/css/reference/values/hue,null
web/css/reference/values/hue-interpolation-method,null
web/css/reference/values/hypot,null
web/css/reference/values/ident,null
web/css/reference/values/if,null
web/css/reference/values/image,null
web/css/reference/values/image/image,null
web/css/reference/values/image/image-set,null
web/css/reference/values/image/paint,null
web/css/reference/values/important,null
web/css/reference/values/inherit,null
web/css/reference/values/initial,null
web/css/reference/values/integer,null
web/css/reference/values/length,null
web/css/reference/values/length-percentage,null
web/css/reference/values/line-style,null
web/css/reference/values/log,null
web/css/reference/values/max,null
web/css/reference/values/max-content,null
web/css/reference/values/min,null
web/css/reference/values/min-content,null
web/css/reference/values/minmax,null
web/css/reference/values/mod,null
web/css/reference/values/named-color,null
web/css/reference/values/number,null
web/css/reference/values/overflow-position,null
web/css/reference/values/overflow_value,null
web/css/reference/values/percentage,null
web/css/reference/values/position-area_value,null
web/css/reference/values/position_value,null
web/css/reference/values/pow,null
web/css/reference/values/progress,null
web/css/reference/values/random,null
web/css/reference/values/ratio,null
web/css/reference/values/ray,null
web/css/reference/values/relative-size,null
web/css/reference/values/rem,null
web/css/reference/values/repeat,null
web/css/reference/values/resolution,null
web/css/reference/values/revert,null
web/css/reference/values/revert-layer,null
web/css/reference/values/revert-rule,null
web/css/reference/values/round,null
web/css/reference/values/rule-list,null
web/css/reference/values/self-position,null
web/css/reference/values/shape,null
web/css/reference/values/sibling-count,null
web/css/reference/values/sibling-index,null
web/css/reference/values/sign,null
web/css/reference/values/sin,null
web/css/reference/values/sqrt,null
web/css/reference/values/string,null
web/css/reference/values/superellipse,null
web/css/reference/values/symbols,null
web/css/reference/values/system-color,null
web/css/reference/values/tan,null
web/css/reference/values/text-edge,null
web/css/reference/values/time,null
web/css/reference/values/time-percentage,null
web/css/reference/values/timeline-range-name,null
web/css/reference/values/transform-function,null
web/css/reference/values/transform-function/matrix,null
web/css/reference/values/transform-function/matrix3d,null
web/css/reference/values/transform-function/perspective,null
web/css/reference/values/transform-function/rotate,null
web/css/reference/values/transform-function/rotate3d,null
web/css/reference/values/transform-function/rotatex,null
web/css/reference/values/transform-function/rotatey,null
web/css/reference/values/transform-function/rotatez,null
web/css/reference/values/transform-function/scale,null
web/css/reference/values/transform-function/scale3d,null
web/css/reference/values/transform-function/scalex,null
web/css/reference/values/transform-function/scaley,null
web/css/reference/values/transform-function/scalez,null
web/css/reference/values/transform-function/skew,null
web/css/reference/values/transform-function/skewx,null
web/css/reference/values/transform-function/skewy,null
web/css/reference/values/transform-function/translate,null
web/css/reference/values/transform-function/translate3d,null
web/css/reference/values/transform-function/translatex,null
web/css/reference/values/transform-function/translatey,null
web/css/reference/values/transform-function/translatez,null
web/css/reference/values/type,null
web/css/reference/values/unset,null
web/css/reference/values/url_function,null
web/css/reference/values/url_value,null
web/css/reference/values/var,null
web/css/reference/webkit_extensions,null
web/css/tutorials,null
web/html,null
web/html/guides,null
web/html/guides/cheatsheet,null
web/html/guides/comments,null
web/html/guides/constraint_validation,null
web/html/guides/content_categories,null
web/html/guides/date_and_time_formats,null
web/html/guides/microdata,null
web/html/guides/microformats,null
web/html/guides/quirks_mode_and_standards_mode,null
web/html/guides/responsive_images,null
web/html/how_to,null
web/html/how_to/add_a_hit_map_on_top_of_an_image,null
web/html/how_to/add_javascript_to_your_web_page,null
web/html/how_to/author_fast-loading_html_pages,null
web/html/how_to/cors_enabled_image,null
web/html/how_to/define_terms_with_html,null
web/html/how_to/use_data_attributes,null
web/html/reference,null
web/html/reference/attributes,null
web/html/reference/attributes/accept,null
web/html/reference/attributes/autocomplete,null
web/html/reference/attributes/capture,null
web/html/reference/attributes/content,null
web/html/reference/attributes/crossorigin,null
web/html/reference/attributes/dirname,null
web/html/reference/attributes/disabled,null
web/html/reference/attributes/elementtiming,null
web/html/reference/attributes/fetchpriority,null
web/html/reference/attributes/for,null
web/html/reference/attributes/form,null
web/html/reference/attributes/integrity,null
web/html/reference/attributes/max,null
web/html/reference/attributes/maxlength,null
web/html/reference/attributes/min,null
web/html/reference/attributes/minlength,null
web/html/reference/attributes/multiple,null
web/html/reference/attributes/pattern,null
web/html/reference/attributes/placeholder,null
web/html/reference/attributes/readonly,null
web/html/reference/attributes/rel,null
web/html/reference/attributes/rel/alternate_stylesheet,null
web/html/reference/attributes/rel/compression-dictionary,null
web/html/reference/attributes/rel/dns-prefetch,null
web/html/reference/attributes/rel/manifest,null
web/html/reference/attributes/rel/me,null
web/html/reference/attributes/rel/modulepreload,null
web/html/reference/attributes/rel/noopener,null
web/html/reference/attributes/rel/noreferrer,null
web/html/reference/attributes/rel/preconnect,null
web/html/reference/attributes/rel/prefetch,null
web/html/reference/attributes/rel/preload,null
web/html/reference/attributes/rel/prerender,null
web/html/reference/attributes/required,null
web/html/reference/attributes/size,null
web/html/reference/attributes/step,null
web/html/reference/elements,null
web/html/reference/elements/a,null
web/html/reference/elements/abbr,null
web/html/reference/elements/acronym,null
web/html/reference/elements/address,null
web/html/reference/elements/area,null
web/html/reference/elements/article,null
web/html/reference/elements/aside,null
web/html/reference/elements/audio,null
web/html/reference/elements/b,null
web/html/reference/elements/base,5
web/html/reference/elements/bdi,null
web/html/reference/elements/bdo,null
web/html/reference/elements/big,null
web/html/reference/elements/blockquote,null
web/html/reference/elements/body,null
web/html/reference/elements/br,null
web/html/reference/elements/button,null
web/html/reference/elements/canvas,null
web/html/reference/elements/caption,null
web/html/reference/elements/center,null
web/html/reference/elements/cite,null
web/html/reference/elements/code,null
web/html/reference/elements/col,9
web/html/reference/elements/colgroup,null
web/html/reference/elements/data,null
web/html/reference/elements/datalist,null
web/html/reference/elements/dd,null
web/html/reference/elements/del,null
web/html/reference/elements/details,null
web/html/reference/elements/dfn,null
web/html/reference/elements/dialog,null
web/html/reference/elements/dir,null
web/html/reference/elements/div,null
web/html/reference/elements/dl,null
web/html/reference/elements/dt,null
web/html/reference/elements/em,null
web/html/reference/elements/embed,null
web/html/reference/elements/fencedframe,null
web/html/reference/elements/fieldset,null
web/html/reference/elements/figcaption,null
web/html/reference/elements/figure,null
web/html/reference/elements/font,5
web/html/reference/elements/footer,null
web/html/reference/elements/form,null
web/html/reference/elements/frame,null
web/html/reference/elements/frameset,null
web/html/reference/elements/geolocation,null
web/html/reference/elements/head,6
web/html/reference/elements/header,null
web/html/reference/elements/heading_elements,5
web/html/reference/elements/hgroup,null
web/html/reference/elements/hr,null
web/html/reference/elements/html,5
web/html/reference/elements/i,null
web/html/reference/elements/iframe,null
web/html/reference/elements/img,null
web/html/reference/elements/input,null
web/html/reference/elements/input/button,null
web/html/reference/elements/input/checkbox,null
web/html/reference/elements/input/color,null
web/html/reference/elements/input/date,null
web/html/reference/elements/input/datetime-local,null
web/html/reference/elements/input/email,null
web/html/reference/elements/input/file,null
web/html/reference/elements/input/hidden,null
web/html/reference/elements/input/image,null
web/html/reference/elements/input/month,null
web/html/reference/elements/input/number,null
web/html/reference/elements/input/password,null
web/html/reference/elements/input/radio,null
web/html/reference/elements/input/range,null
web/html/reference/elements/input/reset,null
web/html/reference/elements/input/search,null
web/html/reference/elements/input/submit,null
web/html/reference/elements/input/tel,null
web/html/reference/elements/input/text,null
web/html/reference/elements/input/time,null
web/html/reference/elements/input/url,null
web/html/reference/elements/input/week,null
web/html/reference/elements/ins,null
web/html/reference/elements/kbd,null
web/html/reference/elements/label,null
web/html/reference/elements/legend,null
web/html/reference/elements/li,null
web/html/reference/elements/link,null
web/html/reference/elements/main,null
web/html/reference/elements/map,null
web/html/reference/elements/mark,null
web/html/reference/elements/marquee,null
web/html/reference/elements/menu,null
web/html/reference/elements/meta,null
web/html/reference/elements/meta/http-equiv,null
web/html/reference/elements/meta/name,null
web/html/reference/elements/meta/name/color-scheme,null
web/html/reference/elements/meta/name/referrer,null
web/html/reference/elements/meta/name/robots,null
web/html/reference/elements/meta/name/text-scale,null
web/html/reference/elements/meta/name/theme-color,8
web/html/reference/elements/meta/name/viewport,null
web/html/reference/elements/meter,null
web/html/reference/elements/nav,null
web/html/reference/elements/nobr,null
web/html/reference/elements/noembed,null
web/html/reference/elements/noframes,null
web/html/reference/elements/noscript,null
web/html/reference/elements/object,null
web/html/reference/elements/ol,null
web/html/reference/elements/optgroup,null
web/html/reference/elements/option,null
web/html/reference/elements/output,null
web/html/reference/elements/p,null
web/html/reference/elements/param,null
web/html/reference/elements/picture,null
web/html/reference/elements/plaintext,null
web/html/reference/elements/pre,null
web/html/reference/elements/progress,null
web/html/reference/elements/q,null
web/html/reference/elements/rb,null
web/html/reference/elements/rp,null
web/html/reference/elements/rt,null
web/html/reference/elements/rtc,null
web/html/reference/elements/ruby,null
web/html/reference/elements/s,null
web/html/reference/elements/samp,null
web/html/reference/elements/script,null
web/html/reference/elements/script/type,null
web/html/reference/elements/script/type/importmap,null
web/html/reference/elements/script/type/speculationrules,null
web/html/reference/elements/search,null
web/html/reference/elements/section,null
web/html/reference/elements/select,null
web/html/reference/elements/selectedcontent,null
web/html/reference/elements/slot,null
web/html/reference/elements/small,null
web/html/reference/elements/source,null
web/html/reference/elements/span,null
web/html/reference/elements/strike,null
web/html/reference/elements/strong,null
web/html/reference/elements/style,12
web/html/reference/elements/sub,null
web/html/reference/elements/summary,null
web/html/reference/elements/sup,null
web/html/reference/elements/table,null
web/html/reference/elements/tbody,null
web/html/reference/elements/td,null
web/html/reference/elements/template,null
web/html/reference/elements/textarea,null
web/html/reference/elements/tfoot,null
web/html/reference/elements/th,null
web/html/reference/elements/thead,null
web/html/reference/elements/time,null
web/html/reference/elements/title,null
web/html/reference/elements/tr,null
web/html/reference/elements/track,null
web/html/reference/elements/tt,null
web/html/reference/elements/u,null
web/html/reference/elements/ul,null
web/html/reference/elements/var,null
web/html/reference/elements/video,null
web/html/reference/elements/wbr,null
web/html/reference/elements/xmp,null
web/html/reference/global_attributes,null
web/html/reference/global_attributes/accesskey,null
web/html/reference/global_attributes/anchor,null
web/html/reference/global_attributes/autocapitalize,null
web/html/reference/global_attributes/autocorrect,null
web/html/reference/global_attributes/autofocus,null
web/html/reference/global_attributes/class,null
web/html/reference/global_attributes/contenteditable,null
web/html/reference/global_attributes/data-_star_,null
web/html/reference/global_attributes/dir,null
web/html/reference/global_attributes/draggable,null
web/html/reference/global_attributes/enterkeyhint,null
web/html/reference/global_attributes/exportparts,null
web/html/reference/global_attributes/hidden,null
web/html/reference/global_attributes/id,null
web/html/reference/global_attributes/inert,null
web/html/reference/global_attributes/inputmode,null
web/html/reference/global_attributes/is,null
web/html/reference/global_attributes/itemid,null
web/html/reference/global_attributes/itemprop,null
web/html/reference/global_attributes/itemref,null
web/html/reference/global_attributes/itemscope,null
web/html/reference/global_attributes/itemtype,null
web/html/reference/global_attributes/lang,null
web/html/reference/global_attributes/nonce,null
web/html/reference/global_attributes/part,null
web/html/reference/global_attributes/popover,null
web/html/reference/global_attributes/slot,null
web/html/reference/global_attributes/spellcheck,null
web/html/reference/global_attributes/style,4
web/html/reference/global_attributes/tabindex,null
web/html/reference/global_attributes/title,null
web/html/reference/global_attributes/translate,null
web/html/reference/global_attributes/virtualkeyboardpolicy,null
web/html/reference/global_attributes/writingsuggestions,null
web/http,null
web/http/guides,null
web/http/guides/authentication,null
web/http/guides/browser_detection_using_the_user_agent,null
web/http/guides/caching,null
web/http/guides/client_hints,null
web/http/guides/compression,null
web/http/guides/compression_dictionary_transport,null
web/http/guides/conditional_requests,null
web/http/guides/connection_management_in_http_1.x,null
web/http/guides/content_negotiation,null
web/http/guides/content_negotiation/list_of_default_accept_values,4
web/http/guides/cookies,null
web/http/guides/cors,null
web/http/guides/cors/errors,null
web/http/guides/cors/errors/corsalloworiginnotmatchingorigin,null
web/http/guides/cors/errors/corsdidnotsucceed,null
web/http/guides/cors/errors/corsdisabled,null
web/http/guides/cors/errors/corsexternalredirectnotallowed,null
web/http/guides/cors/errors/corsinvalidallowheader,null
web/http/guides/cors/errors/corsinvalidallowmethod,null
web/http/guides/cors/errors/corsmethodnotfound,null
web/http/guides/cors/errors/corsmissingallowcredentials,null
web/http/guides/cors/errors/corsmissingallowheaderfrompreflight,null
web/http/guides/cors/errors/corsmissingalloworigin,4
web/http/guides/cors/errors/corsmultiplealloworiginnotallowed,null
web/http/guides/cors/errors/corsnotsupportingcredentials,null
web/http/guides/cors/errors/corsoriginheadernotadded,null
web/http/guides/cors/errors/corspreflightdidnotsucceed,null
web/http/guides/cors/errors/corsrequestnothttp,null
web/http/guides/cross-origin_resource_policy,null
web/http/guides/csp,null
web/http/guides/csp/errors,null
web/http/guides/csp/errors/cspviolation,null
web/http/guides/evolution_of_http,null
web/http/guides/fetch_metadata,null
web/http/guides/iframe_credentialless,null
web/http/guides/messages,null
web/http/guides/mime_types,null
web/http/guides/mime_types/common_types,null
web/http/guides/network_error_logging,null
web/http/guides/overview,5
web/http/guides/permissions_policy,null
web/http/guides/protocol_upgrade_mechanism,null
web/http/guides/proxy_servers_and_tunneling,null
web/http/guides/proxy_servers_and_tunneling/proxy_auto-configuration_pac_file,null
web/http/guides/range_requests,null
web/http/guides/redirections,null
web/http/guides/session,null
web/http/guides/user-agent_reduction,null
web/http/reference,null
web/http/reference/headers,null
web/http/reference/headers/accept,null
web/http/reference/headers/accept-ch,null
web/http/reference/headers/accept-encoding,null
web/http/reference/headers/accept-language,null
web/http/reference/headers/accept-patch,null
web/http/reference/headers/accept-post,null
web/http/reference/headers/accept-ranges,null
web/http/reference/headers/access-control-allow-credentials,null
web/http/reference/headers/access-control-allow-headers,null
web/http/reference/headers/access-control-allow-methods,null
web/http/reference/headers/access-control-allow-origin,null
web/http/reference/headers/access-control-expose-headers,null
web/http/reference/headers/access-control-max-age,6
web/http/reference/headers/access-control-request-headers,null
web/http/reference/headers/access-control-request-method,null
web/http/reference/headers/activate-storage-access,null
web/http/reference/headers/age,null
web/http/reference/headers/allow,null
web/http/reference/headers/alt-svc,null
web/http/reference/headers/alt-used,null
web/http/reference/headers/attribution-reporting-eligible,null
web/http/reference/headers/attribution-reporting-register-source,null
web/http/reference/headers/attribution-reporting-register-trigger,null
web/http/reference/headers/authorization,null
web/http/reference/headers/available-dictionary,null
web/http/reference/headers/cache-control,null
web/http/reference/headers/clear-site-data,null
web/http/reference/headers/connection,null
web/http/reference/headers/content-digest,null
web/http/reference/headers/content-disposition,null
web/http/reference/headers/content-dpr,null
web/http/reference/headers/content-encoding,null
web/http/reference/headers/content-language,null
web/http/reference/headers/content-length,null
web/http/reference/headers/content-location,null
web/http/reference/headers/content-range,null
web/http/reference/headers/content-security-policy,null
web/http/reference/headers/content-security-policy-report-only,null
web/http/reference/headers/content-security-policy/base-uri,null
web/http/reference/headers/content-security-policy/block-all-mixed-content,null
web/http/reference/headers/content-security-policy/child-src,null
web/http/reference/headers/content-security-policy/connect-src,null
web/http/reference/headers/content-security-policy/default-src,null
web/http/reference/headers/content-security-policy/fenced-frame-src,null
web/http/reference/headers/content-security-policy/font-src,null
web/http/reference/headers/content-security-policy/form-action,null
web/http/reference/headers/content-security-policy/frame-ancestors,null
web/http/reference/headers/content-security-policy/frame-src,null
web/http/reference/headers/content-security-policy/img-src,null
web/http/reference/headers/content-security-policy/manifest-src,null
web/http/reference/headers/content-security-policy/media-src,null
web/http/reference/headers/content-security-policy/object-src,null
web/http/reference/headers/content-security-policy/prefetch-src,null
web/http/reference/headers/content-security-policy/report-to,null
web/http/reference/headers/content-security-policy/report-uri,null
web/http/reference/headers/content-security-policy/require-trusted-types-for,null
web/http/reference/headers/content-security-policy/sandbox,null
web/http/reference/headers/content-security-policy/script-src,null
web/http/reference/headers/content-security-policy/script-src-attr,null
web/http/reference/headers/content-security-policy/script-src-elem,null
web/http/reference/headers/content-security-policy/style-src,null
web/http/reference/headers/content-security-policy/style-src-attr,null
web/http/reference/headers/content-security-policy/style-src-elem,null
web/http/reference/headers/content-security-policy/trusted-types,null
web/http/reference/headers/content-security-policy/upgrade-insecure-requests,null
web/http/reference/headers/content-security-policy/worker-src,null
web/http/reference/headers/content-type,null
web/http/reference/headers/cookie,null
web/http/reference/headers/critical-ch,null
web/http/reference/headers/cross-origin-embedder-policy,null
web/http/reference/headers/cross-origin-embedder-policy-report-only,null
web/http/reference/headers/cross-origin-opener-policy,null
web/http/reference/headers/cross-origin-resource-policy,null
web/http/reference/headers/date,null
web/http/reference/headers/device-memory,null
web/http/reference/headers/dictionary-id,null
web/http/reference/headers/dnt,null
web/http/reference/headers/downlink,null
web/http/reference/headers/dpr,null
web/http/reference/headers/early-data,null
web/http/reference/headers/ect,null
web/http/reference/headers/etag,null
web/http/reference/headers/expect,null
web/http/reference/headers/expect-ct,null
web/http/reference/headers/expires,null
web/http/reference/headers/forwarded,null
web/http/reference/headers/from,null
web/http/reference/headers/host,null
web/http/reference/headers/idempotency-key,null
web/http/reference/headers/if-match,null
web/http/reference/headers/if-modified-since,null
web/http/reference/headers/if-none-match,null
web/http/reference/headers/if-range,null
web/http/reference/headers/if-unmodified-since,null
web/http/reference/headers/integrity-policy,null
web/http/reference/headers/integrity-policy-report-only,null
web/http/reference/headers/keep-alive,null
web/http/reference/headers/last-modified,null
web/http/reference/headers/link,null
web/http/reference/headers/location,null
web/http/reference/headers/max-forwards,null
web/http/reference/headers/nel,null
web/http/reference/headers/no-vary-search,null
web/http/reference/headers/observe-browsing-topics,null
web/http/reference/headers/origin,null
web/http/reference/headers/origin-agent-cluster,null
web/http/reference/headers/permissions-policy,null
web/http/reference/headers/permissions-policy-report-only,null
web/http/reference/headers/permissions-policy/accelerometer,null
web/http/reference/headers/permissions-policy/ambient-light-sensor,null
web/http/reference/headers/permissions-policy/aria-notify,null
web/http/reference/headers/permissions-policy/attribution-reporting,null
web/http/reference/headers/permissions-policy/autoplay,null
web/http/reference/headers/permissions-policy/bluetooth,null
web/http/reference/headers/permissions-policy/browsing-topics,null
web/http/reference/headers/permissions-policy/camera,null
web/http/reference/headers/permissions-policy/captured-surface-control,null
web/http/reference/headers/permissions-policy/ch-ua-high-entropy-values,null
web/http/reference/headers/permissions-policy/compute-pressure,null
web/http/reference/headers/permissions-policy/cross-origin-isolated,null
web/http/reference/headers/permissions-policy/deferred-fetch,null
web/http/reference/headers/permissions-policy/deferred-fetch-minimal,null
web/http/reference/headers/permissions-policy/display-capture,null
web/http/reference/headers/permissions-policy/encrypted-media,null
web/http/reference/headers/permissions-policy/fullscreen,null
web/http/reference/headers/permissions-policy/gamepad,null
web/http/reference/headers/permissions-policy/geolocation,null
web/http/reference/headers/permissions-policy/gyroscope,null
web/http/reference/headers/permissions-policy/hid,null
web/http/reference/headers/permissions-policy/identity-credentials-get,null
web/http/reference/headers/permissions-policy/idle-detection,null
web/http/reference/headers/permissions-policy/language-detector,null
web/http/reference/headers/permissions-policy/local-fonts,null
web/http/reference/headers/permissions-policy/local-network,null
web/http/reference/headers/permissions-policy/local-network-access,null
web/http/reference/headers/permissions-policy/loopback-network,null
web/http/reference/headers/permissions-policy/magnetometer,null
web/http/reference/headers/permissions-policy/microphone,null
web/http/reference/headers/permissions-policy/midi,null
web/http/reference/headers/permissions-policy/on-device-speech-recognition,null
web/http/reference/headers/permissions-policy/otp-credentials,null
web/http/reference/headers/permissions-policy/payment,null
web/http/reference/headers/permissions-policy/picture-in-picture,null
web/http/reference/headers/permissions-policy/private-state-token-issuance,null
web/http/reference/headers/permissions-policy/private-state-token-redemption,null
web/http/reference/headers/permissions-policy/publickey-credentials-create,null
web/http/reference/headers/permissions-policy/publickey-credentials-get,null
web/http/reference/headers/permissions-policy/screen-wake-lock,null
web/http/reference/headers/permissions-policy/serial,null
web/http/reference/headers/permissions-policy/speaker-selection,null
web/http/reference/headers/permissions-policy/storage-access,null
web/http/reference/headers/permissions-policy/summarizer,null
web/http/reference/headers/permissions-policy/translator,null
web/http/reference/headers/permissions-policy/usb,null
web/http/reference/headers/permissions-policy/web-share,null
web/http/reference/headers/permissions-policy/window-management,null
web/http/reference/headers/permissions-policy/xr-spatial-tracking,null
web/http/reference/headers/pragma,null
web/http/reference/headers/prefer,null
web/http/reference/headers/preference-applied,null
web/http/reference/headers/priority,null
web/http/reference/headers/proxy-authenticate,null
web/http/reference/headers/proxy-authorization,null
web/http/reference/headers/range,null
web/http/reference/headers/referer,null
web/http/reference/headers/referrer-policy,null
web/http/reference/headers/refresh,null
web/http/reference/headers/report-to,null
web/http/reference/headers/reporting-endpoints,null
web/http/reference/headers/repr-digest,null
web/http/reference/headers/retry-after,null
web/http/reference/headers/rtt,null
web/http/reference/headers/save-data,null
web/http/reference/headers/sec-browsing-topics,null
web/http/reference/headers/sec-ch-device-memory,null
web/http/reference/headers/sec-ch-dpr,null
web/http/reference/headers/sec-ch-prefers-color-scheme,null
web/http/reference/headers/sec-ch-prefers-reduced-motion,null
web/http/reference/headers/sec-ch-prefers-reduced-transparency,null
web/http/reference/headers/sec-ch-ua,null
web/http/reference/headers/sec-ch-ua-arch,null
web/http/reference/headers/sec-ch-ua-bitness,null
web/http/reference/headers/sec-ch-ua-form-factors,null
web/http/reference/headers/sec-ch-ua-full-version,null
web/http/reference/headers/sec-ch-ua-full-version-list,null
web/http/reference/headers/sec-ch-ua-mobile,null
web/http/reference/headers/sec-ch-ua-model,null
web/http/reference/headers/sec-ch-ua-platform,null
web/http/reference/headers/sec-ch-ua-platform-version,null
web/http/reference/headers/sec-ch-ua-wow64,null
web/http/reference/headers/sec-ch-viewport-height,null
web/http/reference/headers/sec-ch-viewport-width,null
web/http/reference/headers/sec-ch-width,null
web/http/reference/headers/sec-fetch-dest,null
web/http/reference/headers/sec-fetch-mode,null
web/http/reference/headers/sec-fetch-site,null
web/http/reference/headers/sec-fetch-storage-access,null
web/http/reference/headers/sec-fetch-user,null
web/http/reference/headers/sec-gpc,null
web/http/reference/headers/sec-private-state-token,null
web/http/reference/headers/sec-private-state-token-crypto-version,null
web/http/reference/headers/sec-private-state-token-lifetime,null
web/http/reference/headers/sec-purpose,null
web/http/reference/headers/sec-redemption-record,null
web/http/reference/headers/sec-speculation-tags,null
web/http/reference/headers/sec-websocket-accept,null
web/http/reference/headers/sec-websocket-extensions,null
web/http/reference/headers/sec-websocket-key,null
web/http/reference/headers/sec-websocket-protocol,null
web/http/reference/headers/sec-websocket-version,null
web/http/reference/headers/server,null
web/http/reference/headers/server-timing,null
web/http/reference/headers/service-worker,null
web/http/reference/headers/service-worker-allowed,null
web/http/reference/headers/service-worker-navigation-preload,null
web/http/reference/headers/set-cookie,null
web/http/reference/headers/set-login,null
web/http/reference/headers/sourcemap,null
web/http/reference/headers/speculation-rules,null
web/http/reference/headers/strict-transport-security,null
web/http/reference/headers/supports-loading-mode,null
web/http/reference/headers/te,null
web/http/reference/headers/timing-allow-origin,null
web/http/reference/headers/tk,null
web/http/reference/headers/trailer,null
web/http/reference/headers/transfer-encoding,null
web/http/reference/headers/upgrade,null
web/http/reference/headers/upgrade-insecure-requests,null
web/http/reference/headers/use-as-dictionary,null
web/http/reference/headers/user-agent,null
web/http/reference/headers/user-agent/firefox,null
web/http/reference/headers/vary,null
web/http/reference/headers/via,null
web/http/reference/headers/viewport-width,null
web/http/reference/headers/want-content-digest,null
web/http/reference/headers/want-repr-digest,null
web/http/reference/headers/warning,null
web/http/reference/headers/width,null
web/http/reference/headers/www-authenticate,null
web/http/reference/headers/x-content-type-options,null
web/http/reference/headers/x-dns-prefetch-control,null
web/http/reference/headers/x-forwarded-for,null
web/http/reference/headers/x-forwarded-host,null
web/http/reference/headers/x-forwarded-proto,null
web/http/reference/headers/x-frame-options,null
web/http/reference/headers/x-permitted-cross-domain-policies,null
web/http/reference/headers/x-powered-by,null
web/http/reference/headers/x-robots-tag,null
web/http/reference/headers/x-xss-protection,null
web/http/reference/methods,null
web/http/reference/methods/connect,null
web/http/reference/methods/delete,null
web/http/reference/methods/get,null
web/http/reference/methods/head,null
web/http/reference/methods/options,null
web/http/reference/methods/patch,5
web/http/reference/methods/post,null
web/http/reference/methods/put,null
web/http/reference/methods/trace,null
web/http/reference/resources_and_specifications,null
web/http/reference/status,5
web/http/reference/status/100,null
web/http/reference/status/101,null
web/http/reference/status/102,null
web/http/reference/status/103,null
web/http/reference/status/200,null
web/http/reference/status/201,null
web/http/reference/status/202,null
web/http/reference/status/203,null
web/http/reference/status/204,null
web/http/reference/status/205,null
web/http/reference/status/206,null
web/http/reference/status/207,null
web/http/reference/status/208,null
web/http/reference/status/226,null
web/http/reference/status/300,null
web/http/reference/status/301,null
web/http/reference/status/302,null
web/http/reference/status/303,null
web/http/reference/status/304,null
web/http/reference/status/307,null
web/http/reference/status/308,4
web/http/reference/status/400,null
web/http/reference/status/401,null
web/http/reference/status/402,null
web/http/reference/status/403,null
web/http/reference/status/404,null
web/http/reference/status/405,null
web/http/reference/status/406,null
web/http/reference/status/407,null
web/http/reference/status/408,null
web/http/reference/status/409,null
web/http/reference/status/410,null
web/http/reference/status/411,null
web/http/reference/status/412,null
web/http/reference/status/413,null
web/http/reference/status/414,null
web/http/reference/status/415,null
web/http/reference/status/416,null
web/http/reference/status/417,null
web/http/reference/status/418,null
web/http/reference/status/421,null
web/http/reference/status/422,null
web/http/reference/status/423,null
web/http/reference/status/424,null
web/http/reference/status/425,null
web/http/reference/status/426,null
web/http/reference/status/428,null
web/http/reference/status/429,null
web/http/reference/status/431,null
web/http/reference/status/451,null
web/http/reference/status/500,null
web/http/reference/status/501,null
web/http/reference/status/502,null
web/http/reference/status/503,null
web/http/reference/status/504,null
web/http/reference/status/505,null
web/http/reference/status/506,null
web/http/reference/status/507,null
web/http/reference/status/508,null
web/http/reference/status/510,null
web/http/reference/status/511,null
web/javascript,null
web/javascript/guide,null
web/javascript/guide/closures,null
web/javascript/guide/control_flow_and_error_handling,null
web/javascript/guide/data_structures,null
web/javascript/guide/enumerability_and_ownership_of_properties,null
web/javascript/guide/equality_comparisons_and_sameness,null
web/javascript/guide/expressions_and_operators,null
web/javascript/guide/functions,null
web/javascript/guide/grammar_and_types,null
web/javascript/guide/indexed_collections,null
web/javascript/guide/inheritance_and_the_prototype_chain,null
web/javascript/guide/internationalization,null
web/javascript/guide/introduction,null
web/javascript/guide/iterators_and_generators,null
web/javascript/guide/keyed_collections,null
web/javascript/guide/language_overview,null
web/javascript/guide/loops_and_iteration,null
web/javascript/guide/memory_management,null
web/javascript/guide/meta_programming,null
web/javascript/guide/modules,null
web/javascript/guide/numbers_and_strings,null
web/javascript/guide/regular_expressions,null
web/javascript/guide/regular_expressions/assertions,null
web/javascript/guide/regular_expressions/character_classes,null
web/javascript/guide/regular_expressions/cheatsheet,null
web/javascript/guide/regular_expressions/groups_and_backreferences,null
web/javascript/guide/regular_expressions/quantifiers,null
web/javascript/guide/representing_dates_times,null
web/javascript/guide/resource_management,null
web/javascript/guide/typed_arrays,null
web/javascript/guide/using_classes,null
web/javascript/guide/using_promises,null
web/javascript/guide/working_with_objects,null
web/javascript/reference,18
web/javascript/reference/classes,null
web/javascript/reference/classes/constructor,null
web/javascript/reference/classes/extends,null
web/javascript/reference/classes/private_elements,null
web/javascript/reference/classes/public_class_fields,null
web/javascript/reference/classes/static,null
web/javascript/reference/classes/static_initialization_blocks,null
web/javascript/reference/deprecated_and_obsolete_features,null
web/javascript/reference/errors,null
web/javascript/reference/errors/already_executing_generator,null
web/javascript/reference/errors/already_has_pragma,null
web/javascript/reference/errors/arguments_not_allowed,null
web/javascript/reference/errors/array_sort_argument,null
web/javascript/reference/errors/await_yield_in_parameter,null
web/javascript/reference/errors/bad_await,null
web/javascript/reference/errors/bad_break,null
web/javascript/reference/errors/bad_continue,null
web/javascript/reference/errors/bad_new_optional,null
web/javascript/reference/errors/bad_optional_template,null
web/javascript/reference/errors/bad_radix,null
web/javascript/reference/errors/bad_regexp_flag,null
web/javascript/reference/errors/bad_return,null
web/javascript/reference/errors/bad_strict_arguments_eval,null
web/javascript/reference/errors/bad_super_call,null
web/javascript/reference/errors/bad_super_prop,null
web/javascript/reference/errors/bigint_division_by_zero,null
web/javascript/reference/errors/bigint_negative_exponent,null
web/javascript/reference/errors/bigint_not_serializable,null
web/javascript/reference/errors/builtin_ctor_no_new,null
web/javascript/reference/errors/called_on_incompatible_type,null
web/javascript/reference/errors/cant_access_lexical_declaration_before_init,null
web/javascript/reference/errors/cant_assign_to_property,null
web/javascript/reference/errors/cant_be_converted_to_bigint_because_it_isnt_an_integer,null
web/javascript/reference/errors/cant_convert_bigint_to_number,null
web/javascript/reference/errors/cant_convert_x_to_bigint,null
web/javascript/reference/errors/cant_define_property_object_not_extensible,null
web/javascript/reference/errors/cant_delete,null
web/javascript/reference/errors/cant_delete_private_fields,null
web/javascript/reference/errors/cant_redefine_property,null
web/javascript/reference/errors/cant_set_prototype,null
web/javascript/reference/errors/cant_use_nullish_coalescing_unparenthesized,null
web/javascript/reference/errors/class_ctor_no_new,null
web/javascript/reference/errors/constructor_cant_be_used_directly,null
web/javascript/reference/errors/cyclic_object_value,null
web/javascript/reference/errors/cyclic_prototype,null
web/javascript/reference/errors/delete_in_strict_mode,null
web/javascript/reference/errors/deprecated_caller_or_arguments_usage,null
web/javascript/reference/errors/deprecated_octal_escape_sequence,null
web/javascript/reference/errors/deprecated_octal_literal,null
web/javascript/reference/errors/deprecated_source_map_pragma,1
web/javascript/reference/errors/duplicate_parameter,null
web/javascript/reference/errors/duplicate_proto,null
web/javascript/reference/errors/either_be_both_static_or_non-static,null
web/javascript/reference/errors/form_must_be_one_of,null
web/javascript/reference/errors/function_label,null
web/javascript/reference/errors/get_set_missing_private,null
web/javascript/reference/errors/getter_no_arguments,null
web/javascript/reference/errors/getter_only,null
web/javascript/reference/errors/hash_outside_class,null
web/javascript/reference/errors/identifier_after_number,null
web/javascript/reference/errors/illegal_character,null
web/javascript/reference/errors/import_decl_module_top_level,null
web/javascript/reference/errors/in_operator_no_object,null
web/javascript/reference/errors/invalid_array_length,null
web/javascript/reference/errors/invalid_assignment_left-hand_side,null
web/javascript/reference/errors/invalid_bigint_syntax,null
web/javascript/reference/errors/invalid_const_assignment,null
web/javascript/reference/errors/invalid_date,null
web/javascript/reference/errors/invalid_derived_return,null
web/javascript/reference/errors/invalid_for-in_initializer,null
web/javascript/reference/errors/invalid_for-of_initializer,null
web/javascript/reference/errors/invalid_right_hand_side_instanceof_operand,null
web/javascript/reference/errors/is_not_iterable,null
web/javascript/reference/errors/json_bad_parse,null
web/javascript/reference/errors/key_not_weakly_held,null
web/javascript/reference/errors/label_not_found,null
web/javascript/reference/errors/malformed_uri,null
web/javascript/reference/errors/missing_bracket_after_list,null
web/javascript/reference/errors/missing_colon_after_property_id,null
web/javascript/reference/errors/missing_curly_after_function_body,null
web/javascript/reference/errors/missing_curly_after_property_list,null
web/javascript/reference/errors/missing_formal_parameter,null
web/javascript/reference/errors/missing_initializer_in_const,null
web/javascript/reference/errors/missing_name_after_dot_operator,null
web/javascript/reference/errors/missing_parenthesis_after_argument_list,null
web/javascript/reference/errors/missing_parenthesis_after_condition,null
web/javascript/reference/errors/more_arguments_needed,null
web/javascript/reference/errors/negative_repetition_count,null
web/javascript/reference/errors/no_non-null_object,null
web/javascript/reference/errors/no_properties,null
web/javascript/reference/errors/no_variable_name,null
web/javascript/reference/errors/non_configurable_array_element,null
web/javascript/reference/errors/not_a_constructor,null
web/javascript/reference/errors/not_a_function,null
web/javascript/reference/errors/not_a_valid_code_point,null
web/javascript/reference/errors/not_defined,null
web/javascript/reference/errors/parameter_after_rest_parameter,null
web/javascript/reference/errors/precision_range,null
web/javascript/reference/errors/private_double_initialization,null
web/javascript/reference/errors/private_setter_only,null
web/javascript/reference/errors/promise_any_all_rejected,null
web/javascript/reference/errors/property_access_denied,null
web/javascript/reference/errors/read-only,null
web/javascript/reference/errors/redeclared_parameter,null
web/javascript/reference/errors/reduce_of_empty_array_with_no_initial_value,null
web/javascript/reference/errors/regex_backslash_at_end_of_pattern,null
web/javascript/reference/errors/regex_character_class_escape_in_class_range,null
web/javascript/reference/errors/regex_duplicate_capture_group_name,null
web/javascript/reference/errors/regex_incomplete_quantifier,null
web/javascript/reference/errors/regex_invalid_capture_group_name,null
web/javascript/reference/errors/regex_invalid_char_in_class,null
web/javascript/reference/errors/regex_invalid_class_set_operation,null
web/javascript/reference/errors/regex_invalid_decimal_escape,null
web/javascript/reference/errors/regex_invalid_group,null
web/javascript/reference/errors/regex_invalid_identity_escape,null
web/javascript/reference/errors/regex_invalid_named_capture_reference,null
web/javascript/reference/errors/regex_invalid_property_name,null
web/javascript/reference/errors/regex_invalid_range_in_character_class,null
web/javascript/reference/errors/regex_invalid_unicode_escape,null
web/javascript/reference/errors/regex_negated_char_class_with_strings,null
web/javascript/reference/errors/regex_nothing_to_repeat,null
web/javascript/reference/errors/regex_numbers_out_of_order_in_quantifier,null
web/javascript/reference/errors/regex_raw_bracket,null
web/javascript/reference/errors/requires_global_regexp,null
web/javascript/reference/errors/reserved_identifier,null
web/javascript/reference/errors/rest_with_default,null
web/javascript/reference/errors/resulting_string_too_large,null
web/javascript/reference/errors/setter_one_argument,null
web/javascript/reference/errors/stmt_after_return,null
web/javascript/reference/errors/strict_non_simple_params,null
web/javascript/reference/errors/string_literal_eol,1
web/javascript/reference/errors/super_called_twice,null
web/javascript/reference/errors/super_not_called,null
web/javascript/reference/errors/too_much_recursion,null
web/javascript/reference/errors/undeclared_private_field_or_method,null
web/javascript/reference/errors/undeclared_var,null
web/javascript/reference/errors/unexpected_token,4
web/javascript/reference/errors/unexpected_type,null
web/javascript/reference/errors/unnamed_function_statement,null
web/javascript/reference/errors/unparenthesized_unary_expr_lhs_exponentiation,null
web/javascript/reference/execution_model,null
web/javascript/reference/functions,null
web/javascript/reference/functions/arguments,null
web/javascript/reference/functions/arguments/callee,null
web/javascript/reference/functions/arguments/length,null
web/javascript/reference/functions/arguments/symbol.iterator,null
web/javascript/reference/functions/arrow_functions,null
web/javascript/reference/functions/default_parameters,null
web/javascript/reference/functions/get,null
web/javascript/reference/functions/method_definitions,null
web/javascript/reference/functions/rest_parameters,null
web/javascript/reference/functions/set,null
web/javascript/reference/global_objects,null
web/javascript/reference/global_objects/aggregateerror,null
web/javascript/reference/global_objects/aggregateerror/aggregateerror,null
web/javascript/reference/global_objects/aggregateerror/errors,null
web/javascript/reference/global_objects/array,null
web/javascript/reference/global_objects/array/array,null
web/javascript/reference/global_objects/array/at,null
web/javascript/reference/global_objects/array/concat,null
web/javascript/reference/global_objects/array/copywithin,null
web/javascript/reference/global_objects/array/entries,null
web/javascript/reference/global_objects/array/every,null
web/javascript/reference/global_objects/array/fill,null
web/javascript/reference/global_objects/array/filter,null
web/javascript/reference/global_objects/array/find,null
web/javascript/reference/global_objects/array/findindex,null
web/javascript/reference/global_objects/array/findlast,null
web/javascript/reference/global_objects/array/findlastindex,null
web/javascript/reference/global_objects/array/flat,null
web/javascript/reference/global_objects/array/flatmap,null
web/javascript/reference/global_objects/array/foreach,null
web/javascript/reference/global_objects/array/from,null
web/javascript/reference/global_objects/array/fromasync,null
web/javascript/reference/global_objects/array/includes,8
web/javascript/reference/global_objects/array/indexof,null
web/javascript/reference/global_objects/array/isarray,null
web/javascript/reference/global_objects/array/join,null
web/javascript/reference/global_objects/array/keys,null
web/javascript/reference/global_objects/array/lastindexof,null
web/javascript/reference/global_objects/array/length,null
web/javascript/reference/global_objects/array/map,null
web/javascript/reference/global_objects/array/of,null
web/javascript/reference/global_objects/array/pop,null
web/javascript/reference/global_objects/array/push,null
web/javascript/reference/global_objects/array/reduce,null
web/javascript/reference/global_objects/array/reduceright,null
web/javascript/reference/global_objects/array/reverse,null
web/javascript/reference/global_objects/array/shift,null
web/javascript/reference/global_objects/array/slice,null
web/javascript/reference/global_objects/array/some,null
web/javascript/reference/global_objects/array/sort,null
web/javascript/reference/global_objects/array/splice,null
web/javascript/reference/global_objects/array/symbol.iterator,null
web/javascript/reference/global_objects/array/symbol.species,null
web/javascript/reference/global_objects/array/symbol.unscopables,null
web/javascript/reference/global_objects/array/tolocalestring,null
web/javascript/reference/global_objects/array/toreversed,null
web/javascript/reference/global_objects/array/tosorted,2
web/javascript/reference/global_objects/array/tospliced,null
web/javascript/reference/global_objects/array/tostring,null
web/javascript/reference/global_objects/array/unshift,null
web/javascript/reference/global_objects/array/values,null
web/javascript/reference/global_objects/array/with,3
web/javascript/reference/global_objects/arraybuffer,null
web/javascript/reference/global_objects/arraybuffer/arraybuffer,null
web/javascript/reference/global_objects/arraybuffer/bytelength,null
web/javascript/reference/global_objects/arraybuffer/detached,null
web/javascript/reference/global_objects/arraybuffer/isview,null
web/javascript/reference/global_objects/arraybuffer/maxbytelength,null
web/javascript/reference/global_objects/arraybuffer/resizable,null
web/javascript/reference/global_objects/arraybuffer/resize,null
web/javascript/reference/global_objects/arraybuffer/slice,null
web/javascript/reference/global_objects/arraybuffer/symbol.species,null
web/javascript/reference/global_objects/arraybuffer/transfer,null
web/javascript/reference/global_objects/arraybuffer/transfertofixedlength,null
web/javascript/reference/global_objects/asyncdisposablestack,null
web/javascript/reference/global_objects/asyncdisposablestack/adopt,null
web/javascript/reference/global_objects/asyncdisposablestack/asyncdisposablestack,null
web/javascript/reference/global_objects/asyncdisposablestack/defer,null
web/javascript/reference/global_objects/asyncdisposablestack/disposeasync,null
web/javascript/reference/global_objects/asyncdisposablestack/disposed,null
web/javascript/reference/global_objects/asyncdisposablestack/move,null
web/javascript/reference/global_objects/asyncdisposablestack/symbol.asyncdispose,null
web/javascript/reference/global_objects/asyncdisposablestack/use,null
web/javascript/reference/global_objects/asyncfunction,3
web/javascript/reference/global_objects/asyncfunction/asyncfunction,null
web/javascript/reference/global_objects/asyncgenerator,null
web/javascript/reference/global_objects/asyncgenerator/next,null
web/javascript/reference/global_objects/asyncgenerator/return,null
web/javascript/reference/global_objects/asyncgenerator/throw,null
web/javascript/reference/global_objects/asyncgeneratorfunction,null
web/javascript/reference/global_objects/asyncgeneratorfunction/asyncgeneratorfunction,null
web/javascript/reference/global_objects/asyncgeneratorfunction/prototype,null
web/javascript/reference/global_objects/asynciterator,null
web/javascript/reference/global_objects/asynciterator/symbol.asyncdispose,null
web/javascript/reference/global_objects/asynciterator/symbol.asynciterator,null
web/javascript/reference/global_objects/atomics,null
web/javascript/reference/global_objects/atomics/add,null
web/javascript/reference/global_objects/atomics/and,null
web/javascript/reference/global_objects/atomics/compareexchange,null
web/javascript/reference/global_objects/atomics/exchange,null
web/javascript/reference/global_objects/atomics/islockfree,null
web/javascript/reference/global_objects/atomics/load,null
web/javascript/reference/global_objects/atomics/notify,null
web/javascript/reference/global_objects/atomics/or,null
web/javascript/reference/global_objects/atomics/pause,null
web/javascript/reference/global_objects/atomics/store,null
web/javascript/reference/global_objects/atomics/sub,null
web/javascript/reference/global_objects/atomics/wait,null
web/javascript/reference/global_objects/atomics/waitasync,null
web/javascript/reference/global_objects/atomics/xor,null
web/javascript/reference/global_objects/bigint,null
web/javascript/reference/global_objects/bigint/asintn,null
web/javascript/reference/global_objects/bigint/asuintn,null
web/javascript/reference/global_objects/bigint/bigint,null
web/javascript/reference/global_objects/bigint/tolocalestring,null
web/javascript/reference/global_objects/bigint/tostring,null
web/javascript/reference/global_objects/bigint/valueof,null
web/javascript/reference/global_objects/bigint64array,null
web/javascript/reference/global_objects/bigint64array/bigint64array,null
web/javascript/reference/global_objects/biguint64array,null
web/javascript/reference/global_objects/biguint64array/biguint64array,null
web/javascript/reference/global_objects/boolean,null
web/javascript/reference/global_objects/boolean/boolean,null
web/javascript/reference/global_objects/boolean/tostring,null
web/javascript/reference/global_objects/boolean/valueof,null
web/javascript/reference/global_objects/dataview,8
web/javascript/reference/global_objects/dataview/buffer,4
web/javascript/reference/global_objects/dataview/bytelength,null
web/javascript/reference/global_objects/dataview/byteoffset,5
web/javascript/reference/global_objects/dataview/dataview,null
web/javascript/reference/global_objects/dataview/getbigint64,null
web/javascript/reference/global_objects/dataview/getbiguint64,null
web/javascript/reference/global_objects/dataview/getfloat16,null
web/javascript/reference/global_objects/dataview/getfloat32,null
web/javascript/reference/global_objects/dataview/getfloat64,null
web/javascript/reference/global_objects/dataview/getint16,null
web/javascript/reference/global_objects/dataview/getint32,null
web/javascript/reference/global_objects/dataview/getint8,null
web/javascript/reference/global_objects/dataview/getuint16,null
web/javascript/reference/global_objects/dataview/getuint32,null
web/javascript/reference/global_objects/dataview/getuint8,null
web/javascript/reference/global_objects/dataview/setbigint64,null
web/javascript/reference/global_objects/dataview/setbiguint64,null
web/javascript/reference/global_objects/dataview/setfloat16,null
web/javascript/reference/global_objects/dataview/setfloat32,null
web/javascript/reference/global_objects/dataview/setfloat64,null
web/javascript/reference/global_objects/dataview/setint16,null
web/javascript/reference/global_objects/dataview/setint32,4
web/javascript/reference/global_objects/dataview/setint8,4
web/javascript/reference/global_objects/dataview/setuint16,null
web/javascript/reference/global_objects/dataview/setuint32,null
web/javascript/reference/global_objects/dataview/setuint8,null
web/javascript/reference/global_objects/date,null
web/javascript/reference/global_objects/date/date,null
web/javascript/reference/global_objects/date/getdate,null
web/javascript/reference/global_objects/date/getday,null
web/javascript/reference/global_objects/date/getfullyear,null
web/javascript/reference/global_objects/date/gethours,null
web/javascript/reference/global_objects/date/getmilliseconds,null
web/javascript/reference/global_objects/date/getminutes,null
web/javascript/reference/global_objects/date/getmonth,null
web/javascript/reference/global_objects/date/getseconds,null
web/javascript/reference/global_objects/date/gettime,null
web/javascript/reference/global_objects/date/gettimezoneoffset,null
web/javascript/reference/global_objects/date/getutcdate,null
web/javascript/reference/global_objects/date/getutcday,null
web/javascript/reference/global_objects/date/getutcfullyear,null
web/javascript/reference/global_objects/date/getutchours,null
web/javascript/reference/global_objects/date/getutcmilliseconds,null
web/javascript/reference/global_objects/date/getutcminutes,null
web/javascript/reference/global_objects/date/getutcmonth,null
web/javascript/reference/global_objects/date/getutcseconds,null
web/javascript/reference/global_objects/date/getyear,null
web/javascript/reference/global_objects/date/now,null
web/javascript/reference/global_objects/date/parse,7
web/javascript/reference/global_objects/date/setdate,null
web/javascript/reference/global_objects/date/setfullyear,null
web/javascript/reference/global_objects/date/sethours,null
web/javascript/reference/global_objects/date/setmilliseconds,null
web/javascript/reference/global_objects/date/setminutes,null
web/javascript/reference/global_objects/date/setmonth,null
web/javascript/reference/global_objects/date/setseconds,null
web/javascript/reference/global_objects/date/settime,null
web/javascript/reference/global_objects/date/setutcdate,null
web/javascript/reference/global_objects/date/setutcfullyear,null
web/javascript/reference/global_objects/date/setutchours,null
web/javascript/reference/global_objects/date/setutcmilliseconds,null
web/javascript/reference/global_objects/date/setutcminutes,null
web/javascript/reference/global_objects/date/setutcmonth,null
web/javascript/reference/global_objects/date/setutcseconds,null
web/javascript/reference/global_objects/date/setyear,null
web/javascript/reference/global_objects/date/symbol.toprimitive,null
web/javascript/reference/global_objects/date/todatestring,null
web/javascript/reference/global_objects/date/toisostring,null
web/javascript/reference/global_objects/date/tojson,null
web/javascript/reference/global_objects/date/tolocaledatestring,null
web/javascript/reference/global_objects/date/tolocalestring,11
web/javascript/reference/global_objects/date/tolocaletimestring,11
web/javascript/reference/global_objects/date/tostring,null
web/javascript/reference/global_objects/date/totemporalinstant,null
web/javascript/reference/global_objects/date/totimestring,null
web/javascript/reference/global_objects/date/toutcstring,5
web/javascript/reference/global_objects/date/utc,null
web/javascript/reference/global_objects/date/valueof,null
web/javascript/reference/global_objects/decodeuri,null
web/javascript/reference/global_objects/decodeuricomponent,null
web/javascript/reference/global_objects/disposablestack,null
web/javascript/reference/global_objects/disposablestack/adopt,null
web/javascript/reference/global_objects/disposablestack/defer,null
web/javascript/reference/global_objects/disposablestack/disposablestack,null
web/javascript/reference/global_objects/disposablestack/dispose,null
web/javascript/reference/global_objects/disposablestack/disposed,null
web/javascript/reference/global_objects/disposablestack/move,null
web/javascript/reference/global_objects/disposablestack/symbol.dispose,null
web/javascript/reference/global_objects/disposablestack/use,null
web/javascript/reference/global_objects/encodeuri,null
web/javascript/reference/global_objects/encodeuricomponent,null
web/javascript/reference/global_objects/error,null
web/javascript/reference/global_objects/error/capturestacktrace,null
web/javascript/reference/global_objects/error/cause,null
web/javascript/reference/global_objects/error/columnnumber,null
web/javascript/reference/global_objects/error/error,null
web/javascript/reference/global_objects/error/filename,null
web/javascript/reference/global_objects/error/iserror,null
web/javascript/reference/global_objects/error/linenumber,null
web/javascript/reference/global_objects/error/message,null
web/javascript/reference/global_objects/error/name,null
web/javascript/reference/global_objects/error/stack,null
web/javascript/reference/global_objects/error/stacktracelimit,null
web/javascript/reference/global_objects/error/tostring,null
web/javascript/reference/global_objects/escape,null
web/javascript/reference/global_objects/eval,null
web/javascript/reference/global_objects/evalerror,2
web/javascript/reference/global_objects/evalerror/evalerror,null
web/javascript/reference/global_objects/finalizationregistry,null
web/javascript/reference/global_objects/finalizationregistry/finalizationregistry,null
web/javascript/reference/global_objects/finalizationregistry/register,null
web/javascript/reference/global_objects/finalizationregistry/unregister,null
web/javascript/reference/global_objects/float16array,null
web/javascript/reference/global_objects/float16array/float16array,null
web/javascript/reference/global_objects/float32array,null
web/javascript/reference/global_objects/float32array/float32array,null
web/javascript/reference/global_objects/float64array,null
web/javascript/reference/global_objects/float64array/float64array,null
web/javascript/reference/global_objects/function,null
web/javascript/reference/global_objects/function/apply,null
web/javascript/reference/global_objects/function/arguments,null
web/javascript/reference/global_objects/function/bind,null
web/javascript/reference/global_objects/function/call,null
web/javascript/reference/global_objects/function/caller,null
web/javascript/reference/global_objects/function/displayname,null
web/javascript/reference/global_objects/function/function,null
web/javascript/reference/global_objects/function/length,null
web/javascript/reference/global_objects/function/name,null
web/javascript/reference/global_objects/function/prototype,null
web/javascript/reference/global_objects/function/symbol.hasinstance,null
web/javascript/reference/global_objects/function/tostring,null
web/javascript/reference/global_objects/generator,null
web/javascript/reference/global_objects/generator/next,null
web/javascript/reference/global_objects/generator/return,null
web/javascript/reference/global_objects/generator/throw,null
web/javascript/reference/global_objects/generatorfunction,6
web/javascript/reference/global_objects/generatorfunction/generatorfunction,null
web/javascript/reference/global_objects/generatorfunction/prototype,null
web/javascript/reference/global_objects/globalthis,null
web/javascript/reference/global_objects/infinity,4
web/javascript/reference/global_objects/int16array,null
web/javascript/reference/global_objects/int16array/int16array,null
web/javascript/reference/global_objects/int32array,null
web/javascript/reference/global_objects/int32array/int32array,null
web/javascript/reference/global_objects/int8array,null
web/javascript/reference/global_objects/int8array/int8array,null
web/javascript/reference/global_objects/internalerror,1
web/javascript/reference/global_objects/internalerror/internalerror,null
web/javascript/reference/global_objects/intl,null
web/javascript/reference/global_objects/intl/collator,5
web/javascript/reference/global_objects/intl/collator/collator,null
web/javascript/reference/global_objects/intl/collator/compare,null
web/javascript/reference/global_objects/intl/collator/resolvedoptions,null
web/javascript/reference/global_objects/intl/collator/supportedlocalesof,null
web/javascript/reference/global_objects/intl/datetimeformat,6
web/javascript/reference/global_objects/intl/datetimeformat/datetimeformat,null
web/javascript/reference/global_objects/intl/datetimeformat/format,null
web/javascript/reference/global_objects/intl/datetimeformat/formatrange,null
web/javascript/reference/global_objects/intl/datetimeformat/formatrangetoparts,null
web/javascript/reference/global_objects/intl/datetimeformat/formattoparts,null
web/javascript/reference/global_objects/intl/datetimeformat/resolvedoptions,null
web/javascript/reference/global_objects/intl/datetimeformat/supportedlocalesof,null
web/javascript/reference/global_objects/intl/displaynames,null
web/javascript/reference/global_objects/intl/displaynames/displaynames,null
web/javascript/reference/global_objects/intl/displaynames/of,null
web/javascript/reference/global_objects/intl/displaynames/resolvedoptions,null
web/javascript/reference/global_objects/intl/displaynames/supportedlocalesof,null
web/javascript/reference/global_objects/intl/durationformat,null
web/javascript/reference/global_objects/intl/durationformat/durationformat,null
web/javascript/reference/global_objects/intl/durationformat/format,null
web/javascript/reference/global_objects/intl/durationformat/formattoparts,null
web/javascript/reference/global_objects/intl/durationformat/resolvedoptions,null
web/javascript/reference/global_objects/intl/durationformat/supportedlocalesof,null
web/javascript/reference/global_objects/intl/getcanonicallocales,null
web/javascript/reference/global_objects/intl/listformat,null
web/javascript/reference/global_objects/intl/listformat/format,null
web/javascript/reference/global_objects/intl/listformat/formattoparts,null
web/javascript/reference/global_objects/intl/listformat/listformat,null
web/javascript/reference/global_objects/intl/listformat/resolvedoptions,null
web/javascript/reference/global_objects/intl/listformat/supportedlocalesof,null
web/javascript/reference/global_objects/intl/locale,null
web/javascript/reference/global_objects/intl/locale/basename,null
web/javascript/reference/global_objects/intl/locale/calendar,null
web/javascript/reference/global_objects/intl/locale/casefirst,null
web/javascript/reference/global_objects/intl/locale/collation,null
web/javascript/reference/global_objects/intl/locale/getcalendars,null
web/javascript/reference/global_objects/intl/locale/getcollations,null
web/javascript/reference/global_objects/intl/locale/gethourcycles,null
web/javascript/reference/global_objects/intl/locale/getnumberingsystems,null
web/javascript/reference/global_objects/intl/locale/gettextinfo,null
web/javascript/reference/global_objects/intl/locale/gettimezones,null
web/javascript/reference/global_objects/intl/locale/getweekinfo,null
web/javascript/reference/global_objects/intl/locale/hourcycle,null
web/javascript/reference/global_objects/intl/locale/language,null
web/javascript/reference/global_objects/intl/locale/locale,null
web/javascript/reference/global_objects/intl/locale/maximize,null
web/javascript/reference/global_objects/intl/locale/minimize,null
web/javascript/reference/global_objects/intl/locale/numberingsystem,null
web/javascript/reference/global_objects/intl/locale/numeric,null
web/javascript/reference/global_objects/intl/locale/region,null
web/javascript/reference/global_objects/intl/locale/script,null
web/javascript/reference/global_objects/intl/locale/tostring,null
web/javascript/reference/global_objects/intl/locale/variants,null
web/javascript/reference/global_objects/intl/numberformat,6
web/javascript/reference/global_objects/intl/numberformat/format,null
web/javascript/reference/global_objects/intl/numberformat/formatrange,null
web/javascript/reference/global_objects/intl/numberformat/formatrangetoparts,null
web/javascript/reference/global_objects/intl/numberformat/formattoparts,null
web/javascript/reference/global_objects/intl/numberformat/numberformat,null
web/javascript/reference/global_objects/intl/numberformat/resolvedoptions,null
web/javascript/reference/global_objects/intl/numberformat/supportedlocalesof,null
web/javascript/reference/global_objects/intl/pluralrules,null
web/javascript/reference/global_objects/intl/pluralrules/pluralrules,null
web/javascript/reference/global_objects/intl/pluralrules/resolvedoptions,null
web/javascript/reference/global_objects/intl/pluralrules/select,null
web/javascript/reference/global_objects/intl/pluralrules/selectrange,null
web/javascript/reference/global_objects/intl/pluralrules/supportedlocalesof,null
web/javascript/reference/global_objects/intl/relativetimeformat,null
web/javascript/reference/global_objects/intl/relativetimeformat/format,null
web/javascript/reference/global_objects/intl/relativetimeformat/formattoparts,null
web/javascript/reference/global_objects/intl/relativetimeformat/relativetimeformat,null
web/javascript/reference/global_objects/intl/relativetimeformat/resolvedoptions,null
web/javascript/reference/global_objects/intl/relativetimeformat/supportedlocalesof,null
web/javascript/reference/global_objects/intl/segmenter,null
web/javascript/reference/global_objects/intl/segmenter/resolvedoptions,null
web/javascript/reference/global_objects/intl/segmenter/segment,null
web/javascript/reference/global_objects/intl/segmenter/segment/segments,null
web/javascript/reference/global_objects/intl/segmenter/segment/segments/containing,null
web/javascript/reference/global_objects/intl/segmenter/segment/segments/symbol.iterator,null
web/javascript/reference/global_objects/intl/segmenter/segmenter,null
web/javascript/reference/global_objects/intl/segmenter/supportedlocalesof,null
web/javascript/reference/global_objects/intl/supportedvaluesof,null
web/javascript/reference/global_objects/isfinite,null
web/javascript/reference/global_objects/isnan,null
web/javascript/reference/global_objects/iterator,null
web/javascript/reference/global_objects/iterator/concat,null
web/javascript/reference/global_objects/iterator/drop,null
web/javascript/reference/global_objects/iterator/every,null
web/javascript/reference/global_objects/iterator/filter,null
web/javascript/reference/global_objects/iterator/find,null
web/javascript/reference/global_objects/iterator/flatmap,null
web/javascript/reference/global_objects/iterator/foreach,null
web/javascript/reference/global_objects/iterator/from,null
web/javascript/reference/global_objects/iterator/includes,null
web/javascript/reference/global_objects/iterator/iterator,null
web/javascript/reference/global_objects/iterator/map,null
web/javascript/reference/global_objects/iterator/reduce,null
web/javascript/reference/global_objects/iterator/some,null
web/javascript/reference/global_objects/iterator/symbol.dispose,null
web/javascript/reference/global_objects/iterator/symbol.iterator,null
web/javascript/reference/global_objects/iterator/take,null
web/javascript/reference/global_objects/iterator/toarray,null
web/javascript/reference/global_objects/iterator/zip,null
web/javascript/reference/global_objects/iterator/zipkeyed,null
web/javascript/reference/global_objects/json,null
web/javascript/reference/global_objects/json/israwjson,null
web/javascript/reference/global_objects/json/parse,null
web/javascript/reference/global_objects/json/rawjson,null
web/javascript/reference/global_objects/json/stringify,null
web/javascript/reference/global_objects/map,null
web/javascript/reference/global_objects/map/clear,null
web/javascript/reference/global_objects/map/delete,null
web/javascript/reference/global_objects/map/entries,null
web/javascript/reference/global_objects/map/foreach,null
web/javascript/reference/global_objects/map/get,null
web/javascript/reference/global_objects/map/getorinsert,null
web/javascript/reference/global_objects/map/getorinsertcomputed,null
web/javascript/reference/global_objects/map/groupby,null
web/javascript/reference/global_objects/map/has,null
web/javascript/reference/global_objects/map/keys,null
web/javascript/reference/global_objects/map/map,null
web/javascript/reference/global_objects/map/set,null
web/javascript/reference/global_objects/map/size,null
web/javascript/reference/global_objects/map/symbol.iterator,null
web/javascript/reference/global_objects/map/symbol.species,null
web/javascript/reference/global_objects/map/values,null
web/javascript/reference/global_objects/math,null
web/javascript/reference/global_objects/math/abs,null
web/javascript/reference/global_objects/math/acos,null
web/javascript/reference/global_objects/math/acosh,null
web/javascript/reference/global_objects/math/asin,null
web/javascript/reference/global_objects/math/asinh,null
web/javascript/reference/global_objects/math/atan,null
web/javascript/reference/global_objects/math/atan2,null
web/javascript/reference/global_objects/math/atanh,null
web/javascript/reference/global_objects/math/cbrt,null
web/javascript/reference/global_objects/math/ceil,null
web/javascript/reference/global_objects/math/clz32,null
web/javascript/reference/global_objects/math/cos,null
web/javascript/reference/global_objects/math/cosh,null
web/javascript/reference/global_objects/math/e,null
web/javascript/reference/global_objects/math/exp,null
web/javascript/reference/global_objects/math/expm1,null
web/javascript/reference/global_objects/math/f16round,null
web/javascript/reference/global_objects/math/floor,null
web/javascript/reference/global_objects/math/fround,null
web/javascript/reference/global_objects/math/hypot,null
web/javascript/reference/global_objects/math/imul,null
web/javascript/reference/global_objects/math/ln10,null
web/javascript/reference/global_objects/math/ln2,null
web/javascript/reference/global_objects/math/log,null
web/javascript/reference/global_objects/math/log10,null
web/javascript/reference/global_objects/math/log10e,null
web/javascript/reference/global_objects/math/log1p,null
web/javascript/reference/global_objects/math/log2,null
web/javascript/reference/global_objects/math/log2e,null
web/javascript/reference/global_objects/math/max,null
web/javascript/reference/global_objects/math/min,null
web/javascript/reference/global_objects/math/pi,null
web/javascript/reference/global_objects/math/pow,null
web/javascript/reference/global_objects/math/random,8
web/javascript/reference/global_objects/math/round,null
web/javascript/reference/global_objects/math/sign,null
web/javascript/reference/global_objects/math/sin,null
web/javascript/reference/global_objects/math/sinh,null
web/javascript/reference/global_objects/math/sqrt,null
web/javascript/reference/global_objects/math/sqrt1_2,null
web/javascript/reference/global_objects/math/sqrt2,null
web/javascript/reference/global_objects/math/sumprecise,null
web/javascript/reference/global_objects/math/tan,null
web/javascript/reference/global_objects/math/tanh,null
web/javascript/reference/global_objects/math/trunc,null
web/javascript/reference/global_objects/nan,null
web/javascript/reference/global_objects/number,null
web/javascript/reference/global_objects/number/epsilon,null
web/javascript/reference/global_objects/number/isfinite,null
web/javascript/reference/global_objects/number/isinteger,null
web/javascript/reference/global_objects/number/isnan,null
web/javascript/reference/global_objects/number/issafeinteger,5
web/javascript/reference/global_objects/number/max_safe_integer,5
web/javascript/reference/global_objects/number/max_value,null
web/javascript/reference/global_objects/number/min_safe_integer,null
web/javascript/reference/global_objects/number/min_value,null
web/javascript/reference/global_objects/number/nan,null
web/javascript/reference/global_objects/number/negative_infinity,null
web/javascript/reference/global_objects/number/number,null
web/javascript/reference/global_objects/number/parsefloat,null
web/javascript/reference/global_objects/number/parseint,null
web/javascript/reference/global_objects/number/positive_infinity,null
web/javascript/reference/global_objects/number/toexponential,null
web/javascript/reference/global_objects/number/tofixed,null
web/javascript/reference/global_objects/number/tolocalestring,10
web/javascript/reference/global_objects/number/toprecision,null
web/javascript/reference/global_objects/number/tostring,null
web/javascript/reference/global_objects/number/valueof,null
web/javascript/reference/global_objects/object,null
web/javascript/reference/global_objects/object/__definegetter__,null
web/javascript/reference/global_objects/object/__definesetter__,null
web/javascript/reference/global_objects/object/__lookupgetter__,null
web/javascript/reference/global_objects/object/__lookupsetter__,null
web/javascript/reference/global_objects/object/assign,null
web/javascript/reference/global_objects/object/constructor,null
web/javascript/reference/global_objects/object/create,null
web/javascript/reference/global_objects/object/defineproperties,null
web/javascript/reference/global_objects/object/defineproperty,null
web/javascript/reference/global_objects/object/entries,null
web/javascript/reference/global_objects/object/freeze,null
web/javascript/reference/global_objects/object/fromentries,null
web/javascript/reference/global_objects/object/getownpropertydescriptor,null
web/javascript/reference/global_objects/object/getownpropertydescriptors,null
web/javascript/reference/global_objects/object/getownpropertynames,null
web/javascript/reference/global_objects/object/getownpropertysymbols,null
web/javascript/reference/global_objects/object/getprototypeof,null
web/javascript/reference/global_objects/object/groupby,null
web/javascript/reference/global_objects/object/hasown,null
web/javascript/reference/global_objects/object/hasownproperty,null
web/javascript/reference/global_objects/object/is,null
web/javascript/reference/global_objects/object/isextensible,null
web/javascript/reference/global_objects/object/isfrozen,null
web/javascript/reference/global_objects/object/isprototypeof,null
web/javascript/reference/global_objects/object/issealed,null
web/javascript/reference/global_objects/object/keys,null
web/javascript/reference/global_objects/object/object,null
web/javascript/reference/global_objects/object/preventextensions,null
web/javascript/reference/global_objects/object/propertyisenumerable,null
web/javascript/reference/global_objects/object/proto,null
web/javascript/reference/global_objects/object/seal,null
web/javascript/reference/global_objects/object/setprototypeof,null
web/javascript/reference/global_objects/object/tolocalestring,null
web/javascript/reference/global_objects/object/tostring,null
web/javascript/reference/global_objects/object/valueof,null
web/javascript/reference/global_objects/object/values,null
web/javascript/reference/global_objects/parsefloat,null
web/javascript/reference/global_objects/parseint,null
web/javascript/reference/global_objects/promise,null
web/javascript/reference/global_objects/promise/all,null
web/javascript/reference/global_objects/promise/allsettled,null
web/javascript/reference/global_objects/promise/any,null
web/javascript/reference/global_objects/promise/catch,null
web/javascript/reference/global_objects/promise/finally,null
web/javascript/reference/global_objects/promise/promise,null
web/javascript/reference/global_objects/promise/race,null
web/javascript/reference/global_objects/promise/reject,null
web/javascript/reference/global_objects/promise/resolve,null
web/javascript/reference/global_objects/promise/symbol.species,null
web/javascript/reference/global_objects/promise/then,null
web/javascript/reference/global_objects/promise/try,null
web/javascript/reference/global_objects/promise/withresolvers,null
web/javascript/reference/global_objects/proxy,null
web/javascript/reference/global_objects/proxy/proxy,null
web/javascript/reference/global_objects/proxy/proxy/apply,null
web/javascript/reference/global_objects/proxy/proxy/construct,null
web/javascript/reference/global_objects/proxy/proxy/defineproperty,null
web/javascript/reference/global_objects/proxy/proxy/deleteproperty,null
web/javascript/reference/global_objects/proxy/proxy/get,null
web/javascript/reference/global_objects/proxy/proxy/getownpropertydescriptor,null
web/javascript/reference/global_objects/proxy/proxy/getprototypeof,null
web/javascript/reference/global_objects/proxy/proxy/has,null
web/javascript/reference/global_objects/proxy/proxy/isextensible,null
web/javascript/reference/global_objects/proxy/proxy/ownkeys,null
web/javascript/reference/global_objects/proxy/proxy/preventextensions,null
web/javascript/reference/global_objects/proxy/proxy/set,null
web/javascript/reference/global_objects/proxy/proxy/setprototypeof,null
web/javascript/reference/global_objects/proxy/revocable,4
web/javascript/reference/global_objects/rangeerror,2
web/javascript/reference/global_objects/rangeerror/rangeerror,null
web/javascript/reference/global_objects/referenceerror,2
web/javascript/reference/global_objects/referenceerror/referenceerror,null
web/javascript/reference/global_objects/reflect,null
web/javascript/reference/global_objects/reflect/apply,null
web/javascript/reference/global_objects/reflect/construct,null
web/javascript/reference/global_objects/reflect/defineproperty,null
web/javascript/reference/global_objects/reflect/deleteproperty,null
web/javascript/reference/global_objects/reflect/get,null
web/javascript/reference/global_objects/reflect/getownpropertydescriptor,null
web/javascript/reference/global_objects/reflect/getprototypeof,null
web/javascript/reference/global_objects/reflect/has,null
web/javascript/reference/global_objects/reflect/isextensible,null
web/javascript/reference/global_objects/reflect/ownkeys,null
web/javascript/reference/global_objects/reflect/preventextensions,null
web/javascript/reference/global_objects/reflect/set,null
web/javascript/reference/global_objects/reflect/setprototypeof,null
web/javascript/reference/global_objects/regexp,null
web/javascript/reference/global_objects/regexp/compile,null
web/javascript/reference/global_objects/regexp/dotall,null
web/javascript/reference/global_objects/regexp/escape,null
web/javascript/reference/global_objects/regexp/exec,null
web/javascript/reference/global_objects/regexp/flags,null
web/javascript/reference/global_objects/regexp/global,null
web/javascript/reference/global_objects/regexp/hasindices,null
web/javascript/reference/global_objects/regexp/ignorecase,null
web/javascript/reference/global_objects/regexp/input,null
web/javascript/reference/global_objects/regexp/lastindex,null
web/javascript/reference/global_objects/regexp/lastmatch,null
web/javascript/reference/global_objects/regexp/lastparen,null
web/javascript/reference/global_objects/regexp/leftcontext,null
web/javascript/reference/global_objects/regexp/multiline,null
web/javascript/reference/global_objects/regexp/n,null
web/javascript/reference/global_objects/regexp/regexp,null
web/javascript/reference/global_objects/regexp/rightcontext,null
web/javascript/reference/global_objects/regexp/source,null
web/javascript/reference/global_objects/regexp/sticky,null
web/javascript/reference/global_objects/regexp/symbol.match,null
web/javascript/reference/global_objects/regexp/symbol.matchall,null
web/javascript/reference/global_objects/regexp/symbol.replace,null
web/javascript/reference/global_objects/regexp/symbol.search,null
web/javascript/reference/global_objects/regexp/symbol.species,null
web/javascript/reference/global_objects/regexp/symbol.split,null
web/javascript/reference/global_objects/regexp/test,null
web/javascript/reference/global_objects/regexp/tostring,null
web/javascript/reference/global_objects/regexp/unicode,null
web/javascript/reference/global_objects/regexp/unicodesets,null
web/javascript/reference/global_objects/set,null
web/javascript/reference/global_objects/set/add,null
web/javascript/reference/global_objects/set/clear,null
web/javascript/reference/global_objects/set/delete,null
web/javascript/reference/global_objects/set/difference,null
web/javascript/reference/global_objects/set/entries,null
web/javascript/reference/global_objects/set/foreach,null
web/javascript/reference/global_objects/set/has,null
web/javascript/reference/global_objects/set/intersection,null
web/javascript/reference/global_objects/set/isdisjointfrom,null
web/javascript/reference/global_objects/set/issubsetof,null
web/javascript/reference/global_objects/set/issupersetof,null
web/javascript/reference/global_objects/set/keys,null
web/javascript/reference/global_objects/set/set,null
web/javascript/reference/global_objects/set/size,null
web/javascript/reference/global_objects/set/symbol.iterator,null
web/javascript/reference/global_objects/set/symbol.species,null
web/javascript/reference/global_objects/set/symmetricdifference,null
web/javascript/reference/global_objects/set/union,null
web/javascript/reference/global_objects/set/values,null
web/javascript/reference/global_objects/sharedarraybuffer,null
web/javascript/reference/global_objects/sharedarraybuffer/bytelength,null
web/javascript/reference/global_objects/sharedarraybuffer/grow,null
web/javascript/reference/global_objects/sharedarraybuffer/growable,null
web/javascript/reference/global_objects/sharedarraybuffer/maxbytelength,null
web/javascript/reference/global_objects/sharedarraybuffer/sharedarraybuffer,null
web/javascript/reference/global_objects/sharedarraybuffer/slice,null
web/javascript/reference/global_objects/sharedarraybuffer/symbol.species,null
web/javascript/reference/global_objects/string,null
web/javascript/reference/global_objects/string/anchor,null
web/javascript/reference/global_objects/string/at,null
web/javascript/reference/global_objects/string/big,null
web/javascript/reference/global_objects/string/blink,null
web/javascript/reference/global_objects/string/bold,null
web/javascript/reference/global_objects/string/charat,null
web/javascript/reference/global_objects/string/charcodeat,null
web/javascript/reference/global_objects/string/codepointat,null
web/javascript/reference/global_objects/string/concat,null
web/javascript/reference/global_objects/string/endswith,null
web/javascript/reference/global_objects/string/fixed,null
web/javascript/reference/global_objects/string/fontcolor,null
web/javascript/reference/global_objects/string/fontsize,null
web/javascript/reference/global_objects/string/fromcharcode,null
web/javascript/reference/global_objects/string/fromcodepoint,null
web/javascript/reference/global_objects/string/includes,5
web/javascript/reference/global_objects/string/indexof,null
web/javascript/reference/global_objects/string/iswellformed,null
web/javascript/reference/global_objects/string/italics,null
web/javascript/reference/global_objects/string/lastindexof,null
web/javascript/reference/global_objects/string/length,null
web/javascript/reference/global_objects/string/link,null
web/javascript/reference/global_objects/string/localecompare,8
web/javascript/reference/global_objects/string/match,null
web/javascript/reference/global_objects/string/matchall,null
web/javascript/reference/global_objects/string/normalize,null
web/javascript/reference/global_objects/string/padend,5
web/javascript/reference/global_objects/string/padstart,null
web/javascript/reference/global_objects/string/raw,null
web/javascript/reference/global_objects/string/repeat,null
web/javascript/reference/global_objects/string/replace,null
web/javascript/reference/global_objects/string/replaceall,null
web/javascript/reference/global_objects/string/search,null
web/javascript/reference/global_objects/string/slice,null
web/javascript/reference/global_objects/string/small,null
web/javascript/reference/global_objects/string/split,null
web/javascript/reference/global_objects/string/startswith,null
web/javascript/reference/global_objects/string/strike,null
web/javascript/reference/global_objects/string/string,null
web/javascript/reference/global_objects/string/sub,null
web/javascript/reference/global_objects/string/substr,null
web/javascript/reference/global_objects/string/substring,null
web/javascript/reference/global_objects/string/sup,null
web/javascript/reference/global_objects/string/symbol.iterator,null
web/javascript/reference/global_objects/string/tolocalelowercase,null
web/javascript/reference/global_objects/string/tolocaleuppercase,null
web/javascript/reference/global_objects/string/tolowercase,null
web/javascript/reference/global_objects/string/tostring,null
web/javascript/reference/global_objects/string/touppercase,null
web/javascript/reference/global_objects/string/towellformed,null
web/javascript/reference/global_objects/string/trim,null
web/javascript/reference/global_objects/string/trimend,null
web/javascript/reference/global_objects/string/trimstart,null
web/javascript/reference/global_objects/string/valueof,null
web/javascript/reference/global_objects/suppressederror,null
web/javascript/reference/global_objects/suppressederror/error,null
web/javascript/reference/global_objects/suppressederror/suppressed,null
web/javascript/reference/global_objects/suppressederror/suppressederror,null
web/javascript/reference/global_objects/symbol,11
web/javascript/reference/global_objects/symbol/asyncdispose,null
web/javascript/reference/global_objects/symbol/asynciterator,null
web/javascript/reference/global_objects/symbol/description,null
web/javascript/reference/global_objects/symbol/dispose,null
web/javascript/reference/global_objects/symbol/for,null
web/javascript/reference/global_objects/symbol/hasinstance,null
web/javascript/reference/global_objects/symbol/isconcatspreadable,null
web/javascript/reference/global_objects/symbol/iterator,null
web/javascript/reference/global_objects/symbol/keyfor,null
web/javascript/reference/global_objects/symbol/match,null
web/javascript/reference/global_objects/symbol/matchall,null
web/javascript/reference/global_objects/symbol/replace,null
web/javascript/reference/global_objects/symbol/search,null
web/javascript/reference/global_objects/symbol/species,null
web/javascript/reference/global_objects/symbol/split,null
web/javascript/reference/global_objects/symbol/symbol,null
web/javascript/reference/global_objects/symbol/symbol.toprimitive,null
web/javascript/reference/global_objects/symbol/toprimitive,null
web/javascript/reference/global_objects/symbol/tostring,null
web/javascript/reference/global_objects/symbol/tostringtag,null
web/javascript/reference/global_objects/symbol/unscopables,null
web/javascript/reference/global_objects/symbol/valueof,null
web/javascript/reference/global_objects/syntaxerror,2
web/javascript/reference/global_objects/syntaxerror/syntaxerror,null
web/javascript/reference/global_objects/temporal,null
web/javascript/reference/global_objects/temporal/duration,null
web/javascript/reference/global_objects/temporal/duration/abs,null
web/javascript/reference/global_objects/temporal/duration/add,null
web/javascript/reference/global_objects/temporal/duration/blank,null
web/javascript/reference/global_objects/temporal/duration/compare,null
web/javascript/reference/global_objects/temporal/duration/days,null
web/javascript/reference/global_objects/temporal/duration/duration,null
web/javascript/reference/global_objects/temporal/duration/from,null
web/javascript/reference/global_objects/temporal/duration/hours,null
web/javascript/reference/global_objects/temporal/duration/microseconds,null
web/javascript/reference/global_objects/temporal/duration/milliseconds,null
web/javascript/reference/global_objects/temporal/duration/minutes,null
web/javascript/reference/global_objects/temporal/duration/months,null
web/javascript/reference/global_objects/temporal/duration/nanoseconds,null
web/javascript/reference/global_objects/temporal/duration/negated,null
web/javascript/reference/global_objects/temporal/duration/round,null
web/javascript/reference/global_objects/temporal/duration/seconds,null
web/javascript/reference/global_objects/temporal/duration/sign,null
web/javascript/reference/global_objects/temporal/duration/subtract,null
web/javascript/reference/global_objects/temporal/duration/tojson,null
web/javascript/reference/global_objects/temporal/duration/tolocalestring,null
web/javascript/reference/global_objects/temporal/duration/tostring,null
web/javascript/reference/global_objects/temporal/duration/total,null
web/javascript/reference/global_objects/temporal/duration/valueof,null
web/javascript/reference/global_objects/temporal/duration/weeks,null
web/javascript/reference/global_objects/temporal/duration/with,null
web/javascript/reference/global_objects/temporal/duration/years,null
web/javascript/reference/global_objects/temporal/instant,null
web/javascript/reference/global_objects/temporal/instant/add,null
web/javascript/reference/global_objects/temporal/instant/compare,null
web/javascript/reference/global_objects/temporal/instant/epochmilliseconds,null
web/javascript/reference/global_objects/temporal/instant/epochnanoseconds,null
web/javascript/reference/global_objects/temporal/instant/equals,null
web/javascript/reference/global_objects/temporal/instant/from,null
web/javascript/reference/global_objects/temporal/instant/fromepochmilliseconds,null
web/javascript/reference/global_objects/temporal/instant/fromepochnanoseconds,null
web/javascript/reference/global_objects/temporal/instant/instant,null
web/javascript/reference/global_objects/temporal/instant/round,null
web/javascript/reference/global_objects/temporal/instant/since,null
web/javascript/reference/global_objects/temporal/instant/subtract,null
web/javascript/reference/global_objects/temporal/instant/tojson,null
web/javascript/reference/global_objects/temporal/instant/tolocalestring,null
web/javascript/reference/global_objects/temporal/instant/tostring,null
web/javascript/reference/global_objects/temporal/instant/tozoneddatetimeiso,null
web/javascript/reference/global_objects/temporal/instant/until,null
web/javascript/reference/global_objects/temporal/instant/valueof,null
web/javascript/reference/global_objects/temporal/now,null
web/javascript/reference/global_objects/temporal/now/instant,null
web/javascript/reference/global_objects/temporal/now/plaindateiso,null
web/javascript/reference/global_objects/temporal/now/plaindatetimeiso,null
web/javascript/reference/global_objects/temporal/now/plaintimeiso,null
web/javascript/reference/global_objects/temporal/now/timezoneid,null
web/javascript/reference/global_objects/temporal/now/zoneddatetimeiso,null
web/javascript/reference/global_objects/temporal/plaindate,null
web/javascript/reference/global_objects/temporal/plaindate/add,null
web/javascript/reference/global_objects/temporal/plaindate/calendarid,null
web/javascript/reference/global_objects/temporal/plaindate/compare,null
web/javascript/reference/global_objects/temporal/plaindate/day,null
web/javascript/reference/global_objects/temporal/plaindate/dayofweek,null
web/javascript/reference/global_objects/temporal/plaindate/dayofyear,null
web/javascript/reference/global_objects/temporal/plaindate/daysinmonth,null
web/javascript/reference/global_objects/temporal/plaindate/daysinweek,null
web/javascript/reference/global_objects/temporal/plaindate/daysinyear,null
web/javascript/reference/global_objects/temporal/plaindate/equals,null
web/javascript/reference/global_objects/temporal/plaindate/era,null
web/javascript/reference/global_objects/temporal/plaindate/erayear,null
web/javascript/reference/global_objects/temporal/plaindate/from,null
web/javascript/reference/global_objects/temporal/plaindate/inleapyear,null
web/javascript/reference/global_objects/temporal/plaindate/month,null
web/javascript/reference/global_objects/temporal/plaindate/monthcode,null
web/javascript/reference/global_objects/temporal/plaindate/monthsinyear,null
web/javascript/reference/global_objects/temporal/plaindate/plaindate,null
web/javascript/reference/global_objects/temporal/plaindate/since,null
web/javascript/reference/global_objects/temporal/plaindate/subtract,null
web/javascript/reference/global_objects/temporal/plaindate/tojson,null
web/javascript/reference/global_objects/temporal/plaindate/tolocalestring,null
web/javascript/reference/global_objects/temporal/plaindate/toplaindatetime,null
web/javascript/reference/global_objects/temporal/plaindate/toplainmonthday,null
web/javascript/reference/global_objects/temporal/plaindate/toplainyearmonth,null
web/javascript/reference/global_objects/temporal/plaindate/tostring,null
web/javascript/reference/global_objects/temporal/plaindate/tozoneddatetime,null
web/javascript/reference/global_objects/temporal/plaindate/until,null
web/javascript/reference/global_objects/temporal/plaindate/valueof,null
web/javascript/reference/global_objects/temporal/plaindate/weekofyear,null
web/javascript/reference/global_objects/temporal/plaindate/with,null
web/javascript/reference/global_objects/temporal/plaindate/withcalendar,null
web/javascript/reference/global_objects/temporal/plaindate/year,null
web/javascript/reference/global_objects/temporal/plaindate/yearofweek,null
web/javascript/reference/global_objects/temporal/plaindatetime,null
web/javascript/reference/global_objects/temporal/plaindatetime/add,null
web/javascript/reference/global_objects/temporal/plaindatetime/calendarid,null
web/javascript/reference/global_objects/temporal/plaindatetime/compare,null
web/javascript/reference/global_objects/temporal/plaindatetime/day,null
web/javascript/reference/global_objects/temporal/plaindatetime/dayofweek,null
web/javascript/reference/global_objects/temporal/plaindatetime/dayofyear,null
web/javascript/reference/global_objects/temporal/plaindatetime/daysinmonth,null
web/javascript/reference/global_objects/temporal/plaindatetime/daysinweek,null
web/javascript/reference/global_objects/temporal/plaindatetime/daysinyear,null
web/javascript/reference/global_objects/temporal/plaindatetime/equals,null
web/javascript/reference/global_objects/temporal/plaindatetime/era,null
web/javascript/reference/global_objects/temporal/plaindatetime/erayear,null
web/javascript/reference/global_objects/temporal/plaindatetime/from,null
web/javascript/reference/global_objects/temporal/plaindatetime/hour,null
web/javascript/reference/global_objects/temporal/plaindatetime/inleapyear,null
web/javascript/reference/global_objects/temporal/plaindatetime/microsecond,null
web/javascript/reference/global_objects/temporal/plaindatetime/millisecond,null
web/javascript/reference/global_objects/temporal/plaindatetime/minute,null
web/javascript/reference/global_objects/temporal/plaindatetime/month,null
web/javascript/reference/global_objects/temporal/plaindatetime/monthcode,null
web/javascript/reference/global_objects/temporal/plaindatetime/monthsinyear,null
web/javascript/reference/global_objects/temporal/plaindatetime/nanosecond,null
web/javascript/reference/global_objects/temporal/plaindatetime/plaindatetime,null
web/javascript/reference/global_objects/temporal/plaindatetime/round,null
web/javascript/reference/global_objects/temporal/plaindatetime/second,null
web/javascript/reference/global_objects/temporal/plaindatetime/since,null
web/javascript/reference/global_objects/temporal/plaindatetime/subtract,null
web/javascript/reference/global_objects/temporal/plaindatetime/tojson,null
web/javascript/reference/global_objects/temporal/plaindatetime/tolocalestring,null
web/javascript/reference/global_objects/temporal/plaindatetime/toplaindate,null
web/javascript/reference/global_objects/temporal/plaindatetime/toplaintime,null
web/javascript/reference/global_objects/temporal/plaindatetime/tostring,null
web/javascript/reference/global_objects/temporal/plaindatetime/tozoneddatetime,null
web/javascript/reference/global_objects/temporal/plaindatetime/until,null
web/javascript/reference/global_objects/temporal/plaindatetime/valueof,null
web/javascript/reference/global_objects/temporal/plaindatetime/weekofyear,null
web/javascript/reference/global_objects/temporal/plaindatetime/with,null
web/javascript/reference/global_objects/temporal/plaindatetime/withcalendar,null
web/javascript/reference/global_objects/temporal/plaindatetime/withplaintime,null
web/javascript/reference/global_objects/temporal/plaindatetime/year,null
web/javascript/reference/global_objects/temporal/plaindatetime/yearofweek,null
web/javascript/reference/global_objects/temporal/plainmonthday,null
web/javascript/reference/global_objects/temporal/plainmonthday/calendarid,null
web/javascript/reference/global_objects/temporal/plainmonthday/day,null
web/javascript/reference/global_objects/temporal/plainmonthday/equals,null
web/javascript/reference/global_objects/temporal/plainmonthday/from,null
web/javascript/reference/global_objects/temporal/plainmonthday/monthcode,null
web/javascript/reference/global_objects/temporal/plainmonthday/plainmonthday,null
web/javascript/reference/global_objects/temporal/plainmonthday/tojson,null
web/javascript/reference/global_objects/temporal/plainmonthday/tolocalestring,null
web/javascript/reference/global_objects/temporal/plainmonthday/toplaindate,null
web/javascript/reference/global_objects/temporal/plainmonthday/tostring,null
web/javascript/reference/global_objects/temporal/plainmonthday/valueof,null
web/javascript/reference/global_objects/temporal/plainmonthday/with,null
web/javascript/reference/global_objects/temporal/plaintime,null
web/javascript/reference/global_objects/temporal/plaintime/add,null
web/javascript/reference/global_objects/temporal/plaintime/compare,null
web/javascript/reference/global_objects/temporal/plaintime/equals,null
web/javascript/reference/global_objects/temporal/plaintime/from,null
web/javascript/reference/global_objects/temporal/plaintime/hour,null
web/javascript/reference/global_objects/temporal/plaintime/microsecond,null
web/javascript/reference/global_objects/temporal/plaintime/millisecond,null
web/javascript/reference/global_objects/temporal/plaintime/minute,null
web/javascript/reference/global_objects/temporal/plaintime/nanosecond,null
web/javascript/reference/global_objects/temporal/plaintime/plaintime,null
web/javascript/reference/global_objects/temporal/plaintime/round,null
web/javascript/reference/global_objects/temporal/plaintime/second,null
web/javascript/reference/global_objects/temporal/plaintime/since,null
web/javascript/reference/global_objects/temporal/plaintime/subtract,null
web/javascript/reference/global_objects/temporal/plaintime/tojson,null
web/javascript/reference/global_objects/temporal/plaintime/tolocalestring,null
web/javascript/reference/global_objects/temporal/plaintime/tostring,null
web/javascript/reference/global_objects/temporal/plaintime/until,null
web/javascript/reference/global_objects/temporal/plaintime/valueof,null
web/javascript/reference/global_objects/temporal/plaintime/with,null
web/javascript/reference/global_objects/temporal/plainyearmonth,null
web/javascript/reference/global_objects/temporal/plainyearmonth/add,null
web/javascript/reference/global_objects/temporal/plainyearmonth/calendarid,null
web/javascript/reference/global_objects/temporal/plainyearmonth/compare,null
web/javascript/reference/global_objects/temporal/plainyearmonth/daysinmonth,null
web/javascript/reference/global_objects/temporal/plainyearmonth/daysinyear,null
web/javascript/reference/global_objects/temporal/plainyearmonth/equals,null
web/javascript/reference/global_objects/temporal/plainyearmonth/era,null
web/javascript/reference/global_objects/temporal/plainyearmonth/erayear,null
web/javascript/reference/global_objects/temporal/plainyearmonth/from,null
web/javascript/reference/global_objects/temporal/plainyearmonth/inleapyear,null
web/javascript/reference/global_objects/temporal/plainyearmonth/month,null
web/javascript/reference/global_objects/temporal/plainyearmonth/monthcode,null
web/javascript/reference/global_objects/temporal/plainyearmonth/monthsinyear,null
web/javascript/reference/global_objects/temporal/plainyearmonth/plainyearmonth,null
web/javascript/reference/global_objects/temporal/plainyearmonth/since,null
web/javascript/reference/global_objects/temporal/plainyearmonth/subtract,null
web/javascript/reference/global_objects/temporal/plainyearmonth/tojson,null
web/javascript/reference/global_objects/temporal/plainyearmonth/tolocalestring,null
web/javascript/reference/global_objects/temporal/plainyearmonth/toplaindate,null
web/javascript/reference/global_objects/temporal/plainyearmonth/tostring,null
web/javascript/reference/global_objects/temporal/plainyearmonth/until,null
web/javascript/reference/global_objects/temporal/plainyearmonth/valueof,null
web/javascript/reference/global_objects/temporal/plainyearmonth/with,null
web/javascript/reference/global_objects/temporal/plainyearmonth/year,null
web/javascript/reference/global_objects/temporal/zoneddatetime,null
web/javascript/reference/global_objects/temporal/zoneddatetime/add,null
web/javascript/reference/global_objects/temporal/zoneddatetime/calendarid,null
web/javascript/reference/global_objects/temporal/zoneddatetime/compare,null
web/javascript/reference/global_objects/temporal/zoneddatetime/day,null
web/javascript/reference/global_objects/temporal/zoneddatetime/dayofweek,null
web/javascript/reference/global_objects/temporal/zoneddatetime/dayofyear,null
web/javascript/reference/global_objects/temporal/zoneddatetime/daysinmonth,null
web/javascript/reference/global_objects/temporal/zoneddatetime/daysinweek,null
web/javascript/reference/global_objects/temporal/zoneddatetime/daysinyear,null
web/javascript/reference/global_objects/temporal/zoneddatetime/epochmilliseconds,null
web/javascript/reference/global_objects/temporal/zoneddatetime/epochnanoseconds,null
web/javascript/reference/global_objects/temporal/zoneddatetime/equals,null
web/javascript/reference/global_objects/temporal/zoneddatetime/era,null
web/javascript/reference/global_objects/temporal/zoneddatetime/erayear,null
web/javascript/reference/global_objects/temporal/zoneddatetime/from,null
web/javascript/reference/global_objects/temporal/zoneddatetime/gettimezonetransition,null
web/javascript/reference/global_objects/temporal/zoneddatetime/hour,null
web/javascript/reference/global_objects/temporal/zoneddatetime/hoursinday,null
web/javascript/reference/global_objects/temporal/zoneddatetime/inleapyear,null
web/javascript/reference/global_objects/temporal/zoneddatetime/microsecond,null
web/javascript/reference/global_objects/temporal/zoneddatetime/millisecond,null
web/javascript/reference/global_objects/temporal/zoneddatetime/minute,null
web/javascript/reference/global_objects/temporal/zoneddatetime/month,null
web/javascript/reference/global_objects/temporal/zoneddatetime/monthcode,null
web/javascript/reference/global_objects/temporal/zoneddatetime/monthsinyear,null
web/javascript/reference/global_objects/temporal/zoneddatetime/nanosecond,null
web/javascript/reference/global_objects/temporal/zoneddatetime/offset,null
web/javascript/reference/global_objects/temporal/zoneddatetime/offsetnanoseconds,null
web/javascript/reference/global_objects/temporal/zoneddatetime/round,null
web/javascript/reference/global_objects/temporal/zoneddatetime/second,null
web/javascript/reference/global_objects/temporal/zoneddatetime/since,null
web/javascript/reference/global_objects/temporal/zoneddatetime/startofday,null
web/javascript/reference/global_objects/temporal/zoneddatetime/subtract,null
web/javascript/reference/global_objects/temporal/zoneddatetime/timezoneid,null
web/javascript/reference/global_objects/temporal/zoneddatetime/toinstant,null
web/javascript/reference/global_objects/temporal/zoneddatetime/tojson,null
web/javascript/reference/global_objects/temporal/zoneddatetime/tolocalestring,null
web/javascript/reference/global_objects/temporal/zoneddatetime/toplaindate,null
web/javascript/reference/global_objects/temporal/zoneddatetime/toplaindatetime,null
web/javascript/reference/global_objects/temporal/zoneddatetime/toplaintime,null
web/javascript/reference/global_objects/temporal/zoneddatetime/tostring,null
web/javascript/reference/global_objects/temporal/zoneddatetime/until,null
web/javascript/reference/global_objects/temporal/zoneddatetime/valueof,null
web/javascript/reference/global_objects/temporal/zoneddatetime/weekofyear,null
web/javascript/reference/global_objects/temporal/zoneddatetime/with,null
web/javascript/reference/global_objects/temporal/zoneddatetime/withcalendar,null
web/javascript/reference/global_objects/temporal/zoneddatetime/withplaintime,null
web/javascript/reference/global_objects/temporal/zoneddatetime/withtimezone,null
web/javascript/reference/global_objects/temporal/zoneddatetime/year,null
web/javascript/reference/global_objects/temporal/zoneddatetime/yearofweek,null
web/javascript/reference/global_objects/temporal/zoneddatetime/zoneddatetime,null
web/javascript/reference/global_objects/typedarray,null
web/javascript/reference/global_objects/typedarray/at,null
web/javascript/reference/global_objects/typedarray/buffer,null
web/javascript/reference/global_objects/typedarray/bytelength,null
web/javascript/reference/global_objects/typedarray/byteoffset,null
web/javascript/reference/global_objects/typedarray/bytes_per_element,null
web/javascript/reference/global_objects/typedarray/copywithin,null
web/javascript/reference/global_objects/typedarray/entries,null
web/javascript/reference/global_objects/typedarray/every,null
web/javascript/reference/global_objects/typedarray/fill,null
web/javascript/reference/global_objects/typedarray/filter,null
web/javascript/reference/global_objects/typedarray/find,null
web/javascript/reference/global_objects/typedarray/findindex,null
web/javascript/reference/global_objects/typedarray/findlast,null
web/javascript/reference/global_objects/typedarray/findlastindex,null
web/javascript/reference/global_objects/typedarray/foreach,null
web/javascript/reference/global_objects/typedarray/from,null
web/javascript/reference/global_objects/typedarray/includes,null
web/javascript/reference/global_objects/typedarray/indexof,null
web/javascript/reference/global_objects/typedarray/join,null
web/javascript/reference/global_objects/typedarray/keys,null
web/javascript/reference/global_objects/typedarray/lastindexof,null
web/javascript/reference/global_objects/typedarray/length,null
web/javascript/reference/global_objects/typedarray/map,null
web/javascript/reference/global_objects/typedarray/of,null
web/javascript/reference/global_objects/typedarray/reduce,null
web/javascript/reference/global_objects/typedarray/reduceright,null
web/javascript/reference/global_objects/typedarray/reverse,null
web/javascript/reference/global_objects/typedarray/set,null
web/javascript/reference/global_objects/typedarray/slice,null
web/javascript/reference/global_objects/typedarray/some,null
web/javascript/reference/global_objects/typedarray/sort,null
web/javascript/reference/global_objects/typedarray/subarray,null
web/javascript/reference/global_objects/typedarray/symbol.iterator,null
web/javascript/reference/global_objects/typedarray/symbol.species,null
web/javascript/reference/global_objects/typedarray/tolocalestring,null
web/javascript/reference/global_objects/typedarray/toreversed,null
web/javascript/reference/global_objects/typedarray/tosorted,null
web/javascript/reference/global_objects/typedarray/tostring,null
web/javascript/reference/global_objects/typedarray/values,null
web/javascript/reference/global_objects/typedarray/with,null
web/javascript/reference/global_objects/typeerror,2
web/javascript/reference/global_objects/typeerror/typeerror,null
web/javascript/reference/global_objects/uint16array,null
web/javascript/reference/global_objects/uint16array/uint16array,null
web/javascript/reference/global_objects/uint32array,null
web/javascript/reference/global_objects/uint32array/uint32array,null
web/javascript/reference/global_objects/uint8array,null
web/javascript/reference/global_objects/uint8array/frombase64,null
web/javascript/reference/global_objects/uint8array/fromhex,null
web/javascript/reference/global_objects/uint8array/setfrombase64,null
web/javascript/reference/global_objects/uint8array/setfromhex,null
web/javascript/reference/global_objects/uint8array/tobase64,null
web/javascript/reference/global_objects/uint8array/tohex,null
web/javascript/reference/global_objects/uint8array/uint8array,null
web/javascript/reference/global_objects/uint8clampedarray,null
web/javascript/reference/global_objects/uint8clampedarray/uint8clampedarray,null
web/javascript/reference/global_objects/undefined,null
web/javascript/reference/global_objects/unescape,null
web/javascript/reference/global_objects/urierror,3
web/javascript/reference/global_objects/urierror/urierror,null
web/javascript/reference/global_objects/weakmap,null
web/javascript/reference/global_objects/weakmap/delete,null
web/javascript/reference/global_objects/weakmap/get,null
web/javascript/reference/global_objects/weakmap/getorinsert,null
web/javascript/reference/global_objects/weakmap/getorinsertcomputed,null
web/javascript/reference/global_objects/weakmap/has,null
web/javascript/reference/global_objects/weakmap/set,null
web/javascript/reference/global_objects/weakmap/weakmap,null
web/javascript/reference/global_objects/weakref,null
web/javascript/reference/global_objects/weakref/deref,null
web/javascript/reference/global_objects/weakref/weakref,null
web/javascript/reference/global_objects/weakset,4
web/javascript/reference/global_objects/weakset/add,null
web/javascript/reference/global_objects/weakset/delete,null
web/javascript/reference/global_objects/weakset/has,null
web/javascript/reference/global_objects/weakset/weakset,null
web/javascript/reference/iteration_protocols,null
web/javascript/reference/javascript_technologies_overview,null
web/javascript/reference/lexical_grammar,null
web/javascript/reference/operators,null
web/javascript/reference/operators/addition,null
web/javascript/reference/operators/addition_assignment,null
web/javascript/reference/operators/assignment,null
web/javascript/reference/operators/async_function,null
web/javascript/reference/operators/async_function_star_,null
web/javascript/reference/operators/await,null
web/javascript/reference/operators/bitwise_and,null
web/javascript/reference/operators/bitwise_and_assignment,null
web/javascript/reference/operators/bitwise_not,null
web/javascript/reference/operators/bitwise_or,null
web/javascript/reference/operators/bitwise_or_assignment,null
web/javascript/reference/operators/bitwise_xor,null
web/javascript/reference/operators/bitwise_xor_assignment,null
web/javascript/reference/operators/class,null
web/javascript/reference/operators/comma_operator,null
web/javascript/reference/operators/conditional_operator,null
web/javascript/reference/operators/decrement,null
web/javascript/reference/operators/delete,null
web/javascript/reference/operators/destructuring,null
web/javascript/reference/operators/division,null
web/javascript/reference/operators/division_assignment,null
web/javascript/reference/operators/equality,6
web/javascript/reference/operators/exponentiation,null
web/javascript/reference/operators/exponentiation_assignment,null
web/javascript/reference/operators/function,null
web/javascript/reference/operators/function_star_,null
web/javascript/reference/operators/greater_than,null
web/javascript/reference/operators/greater_than_or_equal,null
web/javascript/reference/operators/grouping,null
web/javascript/reference/operators/import,null
web/javascript/reference/operators/import.meta,null
web/javascript/reference/operators/import.meta/resolve,null
web/javascript/reference/operators/in,9
web/javascript/reference/operators/increment,null
web/javascript/reference/operators/inequality,3
web/javascript/reference/operators/instanceof,null
web/javascript/reference/operators/left_shift,null
web/javascript/reference/operators/left_shift_assignment,null
web/javascript/reference/operators/less_than,null
web/javascript/reference/operators/less_than_or_equal,null
web/javascript/reference/operators/logical_and,null
web/javascript/reference/operators/logical_and_assignment,null
web/javascript/reference/operators/logical_not,null
web/javascript/reference/operators/logical_or,null
web/javascript/reference/operators/logical_or_assignment,null
web/javascript/reference/operators/multiplication,null
web/javascript/reference/operators/multiplication_assignment,null
web/javascript/reference/operators/new,null
web/javascript/reference/operators/new.target,null
web/javascript/reference/operators/null,null
web/javascript/reference/operators/nullish_coalescing,null
web/javascript/reference/operators/nullish_coalescing_assignment,null
web/javascript/reference/operators/object_initializer,null
web/javascript/reference/operators/operator_precedence,null
web/javascript/reference/operators/optional_chaining,null
web/javascript/reference/operators/property_accessors,null
web/javascript/reference/operators/remainder,null
web/javascript/reference/operators/remainder_assignment,null
web/javascript/reference/operators/right_shift,null
web/javascript/reference/operators/right_shift_assignment,null
web/javascript/reference/operators/spread_syntax,null
web/javascript/reference/operators/strict_equality,5
web/javascript/reference/operators/strict_inequality,3
web/javascript/reference/operators/subtraction,null
web/javascript/reference/operators/subtraction_assignment,null
web/javascript/reference/operators/super,null
web/javascript/reference/operators/this,null
web/javascript/reference/operators/typeof,null
web/javascript/reference/operators/unary_negation,null
web/javascript/reference/operators/unary_plus,null
web/javascript/reference/operators/unsigned_right_shift,null
web/javascript/reference/operators/unsigned_right_shift_assignment,null
web/javascript/reference/operators/void,null
web/javascript/reference/operators/yield,null
web/javascript/reference/operators/yield_star_,null
web/javascript/reference/regular_expressions,null
web/javascript/reference/regular_expressions/backreference,null
web/javascript/reference/regular_expressions/capturing_group,null
web/javascript/reference/regular_expressions/character_class,null
web/javascript/reference/regular_expressions/character_class_escape,null
web/javascript/reference/regular_expressions/character_escape,null
web/javascript/reference/regular_expressions/disjunction,null
web/javascript/reference/regular_expressions/input_boundary_assertion,null
web/javascript/reference/regular_expressions/literal_character,null
web/javascript/reference/regular_expressions/lookahead_assertion,null
web/javascript/reference/regular_expressions/lookbehind_assertion,null
web/javascript/reference/regular_expressions/modifier,null
web/javascript/reference/regular_expressions/named_backreference,null
web/javascript/reference/regular_expressions/named_capturing_group,null
web/javascript/reference/regular_expressions/non-capturing_group,null
web/javascript/reference/regular_expressions/quantifier,null
web/javascript/reference/regular_expressions/unicode_character_class_escape,null
web/javascript/reference/regular_expressions/wildcard,null
web/javascript/reference/regular_expressions/word_boundary_assertion,null
web/javascript/reference/statements,null
web/javascript/reference/statements/async_function,null
web/javascript/reference/statements/async_function_star_,null
web/javascript/reference/statements/await_using,null
web/javascript/reference/statements/block,null
web/javascript/reference/statements/break,null
web/javascript/reference/statements/class,null
web/javascript/reference/statements/const,null
web/javascript/reference/statements/continue,null
web/javascript/reference/statements/debugger,null
web/javascript/reference/statements/do...while,null
web/javascript/reference/statements/empty,null
web/javascript/reference/statements/export,null
web/javascript/reference/statements/expression_statement,null
web/javascript/reference/statements/for,null
web/javascript/reference/statements/for-await...of,null
web/javascript/reference/statements/for...in,null
web/javascript/reference/statements/for...of,null
web/javascript/reference/statements/function,null
web/javascript/reference/statements/function_star_,null
web/javascript/reference/statements/if...else,null
web/javascript/reference/statements/import,null
web/javascript/reference/statements/import/with,null
web/javascript/reference/statements/label,null
web/javascript/reference/statements/let,null
web/javascript/reference/statements/return,null
web/javascript/reference/statements/switch,null
web/javascript/reference/statements/throw,null
web/javascript/reference/statements/try...catch,null
web/javascript/reference/statements/using,null
web/javascript/reference/statements/var,null
web/javascript/reference/statements/while,null
web/javascript/reference/statements/with,null
web/javascript/reference/strict_mode,null
web/javascript/reference/template_literals,null
web/javascript/reference/trailing_commas,null
web/mathml,null
web/mathml/guides,null
web/mathml/guides/authoring,null
web/mathml/guides/deriving_the_quadratic_formula,null
web/mathml/guides/fonts,null
web/mathml/guides/proving_the_pythagorean_theorem,null
web/mathml/reference,null
web/mathml/reference/attribute,null
web/mathml/reference/element,null
web/mathml/reference/element/annotation,null
web/mathml/reference/element/annotation-xml,null
web/mathml/reference/element/maction,null
web/mathml/reference/element/math,null
web/mathml/reference/element/menclose,null
web/mathml/reference/element/merror,null
web/mathml/reference/element/mfenced,null
web/mathml/reference/element/mfrac,null
web/mathml/reference/element/mi,null
web/mathml/reference/element/mmultiscripts,null
web/mathml/reference/element/mn,null
web/mathml/reference/element/mo,null
web/mathml/reference/element/mover,null
web/mathml/reference/element/mpadded,null
web/mathml/reference/element/mphantom,null
web/mathml/reference/element/mprescripts,null
web/mathml/reference/element/mroot,null
web/mathml/reference/element/mrow,null
web/mathml/reference/element/ms,null
web/mathml/reference/element/mspace,null
web/mathml/reference/element/msqrt,null
web/mathml/reference/element/mstyle,null
web/mathml/reference/element/msub,null
web/mathml/reference/element/msubsup,null
web/mathml/reference/element/msup,null
web/mathml/reference/element/mtable,null
web/mathml/reference/element/mtd,null
web/mathml/reference/element/mtext,null
web/mathml/reference/element/mtr,null
web/mathml/reference/element/munder,null
web/mathml/reference/element/munderover,null
web/mathml/reference/element/semantics,null
web/mathml/reference/global_attributes,null
web/mathml/reference/global_attributes/data-_star_,null
web/mathml/reference/global_attributes/dir,null
web/mathml/reference/global_attributes/displaystyle,null
web/mathml/reference/global_attributes/href,null
web/mathml/reference/global_attributes/mathbackground,null
web/mathml/reference/global_attributes/mathcolor,null
web/mathml/reference/global_attributes/mathsize,null
web/mathml/reference/global_attributes/scriptlevel,null
web/mathml/reference/values,null
web/mathml/tutorials,null
web/mathml/tutorials/for_beginners,null
web/mathml/tutorials/for_beginners/fractions_and_roots,null
web/mathml/tutorials/for_beginners/getting_started,null
web/mathml/tutorials/for_beginners/scripts,null
web/mathml/tutorials/for_beginners/tables,null
web/mathml/tutorials/for_beginners/text_containers,null
web/mathml/tutorials/for_beginners/three_famous_mathematical_formulas,null
web/media,null
web/media/guides,null
web/media/guides/audio_and_video_delivery,null
web/media/guides/audio_and_video_delivery/adding_captions_and_subtitles_to_html5_video,null
web/media/guides/audio_and_video_delivery/buffering_seeking_time_ranges,null
web/media/guides/audio_and_video_delivery/cross-browser_audio_basics,null
web/media/guides/audio_and_video_delivery/cross_browser_video_player,null
web/media/guides/audio_and_video_delivery/live_streaming_web_audio_and_video,null
web/media/guides/audio_and_video_delivery/setting_up_adaptive_streaming_media_sources,null
web/media/guides/audio_and_video_delivery/video_player_styling_basics,null
web/media/guides/audio_and_video_delivery/webaudio_playbackrate_explained,null
web/media/guides/audio_and_video_manipulation,null
web/media/guides/autoplay,null
web/media/guides/formats,null
web/media/guides/formats/audio_codecs,null
web/media/guides/formats/audio_concepts,null
web/media/guides/formats/codecs_parameter,null
web/media/guides/formats/configuring_servers_for_ogg_media,null
web/media/guides/formats/containers,null
web/media/guides/formats/image_types,null
web/media/guides/formats/support_issues,null
web/media/guides/formats/video_codecs,null
web/media/guides/formats/video_concepts,null
web/media/guides/formats/webrtc_codecs,null
web/media/guides/images,0
web/media/guides/streaming,null
web/performance,null
web/performance/guides,null
web/performance/guides/animation_performance_and_frame_rate,null
web/performance/guides/critical_rendering_path,null
web/performance/guides/css_javascript_animation_performance,null
web/performance/guides/dns-prefetch,null
web/performance/guides/fundamentals,null
web/performance/guides/how_browsers_work,null
web/performance/guides/how_long_is_too_long,null
web/performance/guides/lazy_loading,null
web/performance/guides/navigation_and_resource_timings,null
web/performance/guides/optimizing_startup_performance,null
web/performance/guides/performance_budgets,null
web/performance/guides/rum-vs-synthetic,null
web/performance/guides/speculative_loading,null
web/performance/guides/understanding_latency,null
web/privacy,null
web/privacy/guides,null
web/privacy/guides/bounce_tracking_mitigations,null
web/privacy/guides/firefox_tracking_protection,null
web/privacy/guides/privacy_sandbox,null
web/privacy/guides/redirect_tracking_protection,null
web/privacy/guides/referer_header_colon__privacy_and_security_concerns,null
web/privacy/guides/state_partitioning,null
web/privacy/guides/storage_access_policy,null
web/privacy/guides/storage_access_policy/errors,null
web/privacy/guides/storage_access_policy/errors/cookieblockedall,null
web/privacy/guides/storage_access_policy/errors/cookieblockedbypermission,null
web/privacy/guides/storage_access_policy/errors/cookieblockedforeign,null
web/privacy/guides/storage_access_policy/errors/cookieblockedtracker,null
web/privacy/guides/storage_access_policy/errors/cookiepartitionedforeign,null
web/privacy/guides/third-party_cookies,null
web/privacy/guides/third-party_cookies/partitioned_cookies,null
web/progressive_web_apps,null
web/progressive_web_apps/guides,null
web/progressive_web_apps/guides/best_practices,null
web/progressive_web_apps/guides/caching,null
web/progressive_web_apps/guides/installing,null
web/progressive_web_apps/guides/making_pwas_installable,null
web/progressive_web_apps/guides/offline_and_background_operation,null
web/progressive_web_apps/guides/what_is_a_progressive_web_app,null
web/progressive_web_apps/how_to,null
web/progressive_web_apps/how_to/associate_files_with_your_pwa,null
web/progressive_web_apps/how_to/create_a_standalone_app,null
web/progressive_web_apps/how_to/customize_your_app_colors,null
web/progressive_web_apps/how_to/define_app_icons,null
web/progressive_web_apps/how_to/display_badge_on_app_icon,null
web/progressive_web_apps/how_to/expose_common_actions_as_shortcuts,null
web/progressive_web_apps/how_to/share_data_between_apps,null
web/progressive_web_apps/how_to/trigger_install_prompt,null
web/progressive_web_apps/manifest,null
web/progressive_web_apps/manifest/reference,null
web/progressive_web_apps/manifest/reference/background_color,8
web/progressive_web_apps/manifest/reference/categories,null
web/progressive_web_apps/manifest/reference/description,null
web/progressive_web_apps/manifest/reference/display,null
web/progressive_web_apps/manifest/reference/display_override,null
web/progressive_web_apps/manifest/reference/file_handlers,null
web/progressive_web_apps/manifest/reference/icons,null
web/progressive_web_apps/manifest/reference/id,null
web/progressive_web_apps/manifest/reference/launch_handler,null
web/progressive_web_apps/manifest/reference/name,null
web/progressive_web_apps/manifest/reference/note_taking,null
web/progressive_web_apps/manifest/reference/orientation,null
web/progressive_web_apps/manifest/reference/prefer_related_applications,null
web/progressive_web_apps/manifest/reference/protocol_handlers,null
web/progressive_web_apps/manifest/reference/related_applications,null
web/progressive_web_apps/manifest/reference/scope,null
web/progressive_web_apps/manifest/reference/scope_extensions,null
web/progressive_web_apps/manifest/reference/screenshots,null
web/progressive_web_apps/manifest/reference/serviceworker,null
web/progressive_web_apps/manifest/reference/share_target,null
web/progressive_web_apps/manifest/reference/short_name,null
web/progressive_web_apps/manifest/reference/shortcuts,null
web/progressive_web_apps/manifest/reference/start_url,null
web/progressive_web_apps/manifest/reference/theme_color,null
web/progressive_web_apps/reference,null
web/progressive_web_apps/tutorials,null
web/progressive_web_apps/tutorials/cycletracker,null
web/progressive_web_apps/tutorials/cycletracker/html_and_css,null
web/progressive_web_apps/tutorials/cycletracker/javascript_functionality,null
web/progressive_web_apps/tutorials/cycletracker/manifest_file,null
web/progressive_web_apps/tutorials/cycletracker/secure_connection,null
web/progressive_web_apps/tutorials/cycletracker/service_workers,null
web/progressive_web_apps/tutorials/js13kgames,null
web/progressive_web_apps/tutorials/js13kgames/app_structure,null
web/progressive_web_apps/tutorials/js13kgames/installable_pwas,null
web/progressive_web_apps/tutorials/js13kgames/loading,null
web/progressive_web_apps/tutorials/js13kgames/offline_service_workers,null
web/progressive_web_apps/tutorials/js13kgames/re-engageable_notifications_push,null
web/security,12
web/security/attacks,null
web/security/attacks/clickjacking,null
web/security/attacks/csrf,null
web/security/attacks/idor,null
web/security/attacks/mitm,null
web/security/attacks/phishing,null
web/security/attacks/prototype_pollution,null
web/security/attacks/ssrf,null
web/security/attacks/subdomain_takeover,null
web/security/attacks/supply_chain_attacks,null
web/security/attacks/xs-leaks,null
web/security/attacks/xss,null
web/security/authentication,null
web/security/authentication/federated_identity,null
web/security/authentication/otp,null
web/security/authentication/passkeys,null
web/security/authentication/passwords,null
web/security/authentication/session_management,null
web/security/defenses,null
web/security/defenses/certificate_transparency,null
web/security/defenses/input_validation,null
web/security/defenses/local_network_access,null
web/security/defenses/mixed_content,null
web/security/defenses/operational_security,null
web/security/defenses/same-origin_policy,null
web/security/defenses/secure_contexts,null
web/security/defenses/secure_contexts/features_restricted_to_secure_contexts,null
web/security/defenses/subresource_integrity,null
web/security/defenses/transport_layer_security,null
web/security/defenses/user_activation,null
web/security/practical_implementation_guides,null
web/security/practical_implementation_guides/cookies,null
web/security/practical_implementation_guides/corp,null
web/security/practical_implementation_guides/cors,null
web/security/practical_implementation_guides/csp,null
web/security/practical_implementation_guides/mime_types,null
web/security/practical_implementation_guides/referrer_policy,null
web/security/practical_implementation_guides/robots_txt,null
web/security/practical_implementation_guides/sri,null
web/security/practical_implementation_guides/tls,null
web/security/practical_implementation_guides/turning_off_form_autocompletion,null
web/security/threat_modeling,null
web/security/threat_modeling/example_threat_model,null
web/security/threat_modeling/frameworks,null
web/security/threat_modeling/pwa_threat_model,null
web/svg,null
web/svg/guides,null
web/svg/guides/applying_svg_effects_to_html_content,null
web/svg/guides/content_type,null
web/svg/guides/linking,null
web/svg/guides/namespaces_crash_course,null
web/svg/guides/namespaces_crash_course/example,null
web/svg/guides/scripting,null
web/svg/guides/svg_animation_with_smil,null
web/svg/guides/svg_as_an_image,null
web/svg/guides/svg_filters,null
web/svg/guides/svg_in_html,null
web/svg/reference,null
web/svg/reference/attribute,null
web/svg/reference/attribute/accumulate,null
web/svg/reference/attribute/additive,null
web/svg/reference/attribute/alignment-baseline,null
web/svg/reference/attribute/amplitude,null
web/svg/reference/attribute/attributename,null
web/svg/reference/attribute/attributetype,null
web/svg/reference/attribute/autofocus,null
web/svg/reference/attribute/azimuth,null
web/svg/reference/attribute/basefrequency,null
web/svg/reference/attribute/baseline-shift,null
web/svg/reference/attribute/baseprofile,null
web/svg/reference/attribute/begin,null
web/svg/reference/attribute/bias,null
web/svg/reference/attribute/by,null
web/svg/reference/attribute/calcmode,null
web/svg/reference/attribute/class,null
web/svg/reference/attribute/clip,null
web/svg/reference/attribute/clip-path,null
web/svg/reference/attribute/clip-rule,null
web/svg/reference/attribute/clippathunits,null
web/svg/reference/attribute/color,null
web/svg/reference/attribute/color-interpolation,null
web/svg/reference/attribute/color-interpolation-filters,null
web/svg/reference/attribute/crossorigin,null
web/svg/reference/attribute/cursor,null
web/svg/reference/attribute/cx,1
web/svg/reference/attribute/cy,1
web/svg/reference/attribute/d,null
web/svg/reference/attribute/data-_star_,null
web/svg/reference/attribute/decoding,null
web/svg/reference/attribute/diffuseconstant,null
web/svg/reference/attribute/direction,null
web/svg/reference/attribute/display,null
web/svg/reference/attribute/divisor,null
web/svg/reference/attribute/dominant-baseline,null
web/svg/reference/attribute/download,null
web/svg/reference/attribute/dur,null
web/svg/reference/attribute/dx,null
web/svg/reference/attribute/dy,null
web/svg/reference/attribute/edgemode,null
web/svg/reference/attribute/elevation,null
web/svg/reference/attribute/end,null
web/svg/reference/attribute/exponent,null
web/svg/reference/attribute/fetchpriority,null
web/svg/reference/attribute/fill,null
web/svg/reference/attribute/fill-opacity,null
web/svg/reference/attribute/fill-rule,null
web/svg/reference/attribute/filter,null
web/svg/reference/attribute/filterunits,null
web/svg/reference/attribute/flood-color,null
web/svg/reference/attribute/flood-opacity,null
web/svg/reference/attribute/font-family,null
web/svg/reference/attribute/font-size,null
web/svg/reference/attribute/font-size-adjust,null
web/svg/reference/attribute/font-stretch,null
web/svg/reference/attribute/font-style,null
web/svg/reference/attribute/font-variant,null
web/svg/reference/attribute/font-weight,null
web/svg/reference/attribute/font-width,null
web/svg/reference/attribute/fr,null
web/svg/reference/attribute/from,null
web/svg/reference/attribute/fx,null
web/svg/reference/attribute/fy,null
web/svg/reference/attribute/glyph-orientation-horizontal,null
web/svg/reference/attribute/glyph-orientation-vertical,null
web/svg/reference/attribute/gradienttransform,null
web/svg/reference/attribute/gradientunits,null
web/svg/reference/attribute/height,null
web/svg/reference/attribute/href,null
web/svg/reference/attribute/id,null
web/svg/reference/attribute/image-rendering,null
web/svg/reference/attribute/in,null
web/svg/reference/attribute/in2,null
web/svg/reference/attribute/intercept,null
web/svg/reference/attribute/k1,null
web/svg/reference/attribute/k2,null
web/svg/reference/attribute/k3,null
web/svg/reference/attribute/k4,null
web/svg/reference/attribute/kernelmatrix,null
web/svg/reference/attribute/kernelunitlength,null
web/svg/reference/attribute/keypoints,null
web/svg/reference/attribute/keysplines,null
web/svg/reference/attribute/keytimes,null
web/svg/reference/attribute/lang,null
web/svg/reference/attribute/lengthadjust,null
web/svg/reference/attribute/letter-spacing,null
web/svg/reference/attribute/lighting-color,null
web/svg/reference/attribute/limitingconeangle,null
web/svg/reference/attribute/marker-end,null
web/svg/reference/attribute/marker-mid,null
web/svg/reference/attribute/marker-start,null
web/svg/reference/attribute/markerheight,null
web/svg/reference/attribute/markerunits,null
web/svg/reference/attribute/markerwidth,null
web/svg/reference/attribute/mask,null
web/svg/reference/attribute/mask-type,null
web/svg/reference/attribute/maskcontentunits,null
web/svg/reference/attribute/maskunits,null
web/svg/reference/attribute/max,null
web/svg/reference/attribute/media,null
web/svg/reference/attribute/method,null
web/svg/reference/attribute/min,null
web/svg/reference/attribute/mode,null
web/svg/reference/attribute/numoctaves,null
web/svg/reference/attribute/opacity,null
web/svg/reference/attribute/operator,null
web/svg/reference/attribute/order,null
web/svg/reference/attribute/orient,null
web/svg/reference/attribute/origin,null
web/svg/reference/attribute/overflow,null
web/svg/reference/attribute/paint-order,null
web/svg/reference/attribute/path,null
web/svg/reference/attribute/pathlength,null
web/svg/reference/attribute/patterncontentunits,null
web/svg/reference/attribute/patterntransform,null
web/svg/reference/attribute/patternunits,null
web/svg/reference/attribute/pointer-events,null
web/svg/reference/attribute/points,null
web/svg/reference/attribute/pointsatx,null
web/svg/reference/attribute/pointsaty,null
web/svg/reference/attribute/pointsatz,null
web/svg/reference/attribute/preservealpha,null
web/svg/reference/attribute/preserveaspectratio,null
web/svg/reference/attribute/primitiveunits,null
web/svg/reference/attribute/r,null
web/svg/reference/attribute/radius,null
web/svg/reference/attribute/refx,null
web/svg/reference/attribute/refy,null
web/svg/reference/attribute/repeatcount,2
web/svg/reference/attribute/repeatdur,null
web/svg/reference/attribute/requiredextensions,null
web/svg/reference/attribute/requiredfeatures,null
web/svg/reference/attribute/restart,null
web/svg/reference/attribute/result,null
web/svg/reference/attribute/rotate,null
web/svg/reference/attribute/rx,null
web/svg/reference/attribute/ry,null
web/svg/reference/attribute/scale,null
web/svg/reference/attribute/seed,null
web/svg/reference/attribute/shape-rendering,null
web/svg/reference/attribute/side,null
web/svg/reference/attribute/slope,null
web/svg/reference/attribute/spacing,null
web/svg/reference/attribute/specularconstant,null
web/svg/reference/attribute/specularexponent,null
web/svg/reference/attribute/spreadmethod,null
web/svg/reference/attribute/startoffset,null
web/svg/reference/attribute/stddeviation,null
web/svg/reference/attribute/stitchtiles,null
web/svg/reference/attribute/stop-color,null
web/svg/reference/attribute/stop-opacity,null
web/svg/reference/attribute/stroke,null
web/svg/reference/attribute/stroke-dasharray,null
web/svg/reference/attribute/stroke-dashoffset,null
web/svg/reference/attribute/stroke-linecap,null
web/svg/reference/attribute/stroke-linejoin,null
web/svg/reference/attribute/stroke-miterlimit,null
web/svg/reference/attribute/stroke-opacity,null
web/svg/reference/attribute/stroke-width,null
web/svg/reference/attribute/style,null
web/svg/reference/attribute/surfacescale,null
web/svg/reference/attribute/systemlanguage,null
web/svg/reference/attribute/tabindex,null
web/svg/reference/attribute/tablevalues,null
web/svg/reference/attribute/target,null
web/svg/reference/attribute/targetx,null
web/svg/reference/attribute/targety,null
web/svg/reference/attribute/text-anchor,null
web/svg/reference/attribute/text-decoration,null
web/svg/reference/attribute/text-overflow,null
web/svg/reference/attribute/text-rendering,null
web/svg/reference/attribute/textlength,null
web/svg/reference/attribute/to,null
web/svg/reference/attribute/transform,null
web/svg/reference/attribute/transform-origin,null
web/svg/reference/attribute/type,null
web/svg/reference/attribute/unicode-bidi,null
web/svg/reference/attribute/values,null
web/svg/reference/attribute/vector-effect,null
web/svg/reference/attribute/version,null
web/svg/reference/attribute/viewbox,null
web/svg/reference/attribute/visibility,null
web/svg/reference/attribute/white-space,null
web/svg/reference/attribute/width,null
web/svg/reference/attribute/word-spacing,null
web/svg/reference/attribute/writing-mode,null
web/svg/reference/attribute/x,null
web/svg/reference/attribute/x1,null
web/svg/reference/attribute/x2,null
web/svg/reference/attribute/xchannelselector,null
web/svg/reference/attribute/xlink_colon_arcrole,null
web/svg/reference/attribute/xlink_colon_href,null
web/svg/reference/attribute/xlink_colon_show,null
web/svg/reference/attribute/xlink_colon_title,null
web/svg/reference/attribute/xlink_colon_type,null
web/svg/reference/attribute/xml_colon_lang,null
web/svg/reference/attribute/xml_colon_space,null
web/svg/reference/attribute/y,null
web/svg/reference/attribute/y1,null
web/svg/reference/attribute/y2,null
web/svg/reference/attribute/ychannelselector,null
web/svg/reference/attribute/z,null
web/svg/reference/attribute/zoomandpan,null
web/svg/reference/element,null
web/svg/reference/element/a,12
web/svg/reference/element/animate,null
web/svg/reference/element/animatemotion,null
web/svg/reference/element/animatetransform,null
web/svg/reference/element/circle,null
web/svg/reference/element/clippath,null
web/svg/reference/element/defs,null
web/svg/reference/element/desc,null
web/svg/reference/element/ellipse,null
web/svg/reference/element/feblend,null
web/svg/reference/element/fecolormatrix,null
web/svg/reference/element/fecomponenttransfer,null
web/svg/reference/element/fecomposite,null
web/svg/reference/element/feconvolvematrix,null
web/svg/reference/element/fediffuselighting,null
web/svg/reference/element/fedisplacementmap,null
web/svg/reference/element/fedistantlight,null
web/svg/reference/element/fedropshadow,null
web/svg/reference/element/feflood,null
web/svg/reference/element/fefunca,null
web/svg/reference/element/fefuncb,null
web/svg/reference/element/fefuncg,null
web/svg/reference/element/fefuncr,null
web/svg/reference/element/fegaussianblur,null
web/svg/reference/element/feimage,null
web/svg/reference/element/femerge,null
web/svg/reference/element/femergenode,null
web/svg/reference/element/femorphology,null
web/svg/reference/element/feoffset,null
web/svg/reference/element/fepointlight,null
web/svg/reference/element/fespecularlighting,null
web/svg/reference/element/fespotlight,null
web/svg/reference/element/fetile,null
web/svg/reference/element/feturbulence,null
web/svg/reference/element/filter,null
web/svg/reference/element/foreignobject,null
web/svg/reference/element/g,4
web/svg/reference/element/image,null
web/svg/reference/element/line,null
web/svg/reference/element/lineargradient,null
web/svg/reference/element/marker,null
web/svg/reference/element/mask,null
web/svg/reference/element/metadata,null
web/svg/reference/element/mpath,null
web/svg/reference/element/path,null
web/svg/reference/element/pattern,null
web/svg/reference/element/polygon,null
web/svg/reference/element/polyline,null
web/svg/reference/element/radialgradient,null
web/svg/reference/element/rect,null
web/svg/reference/element/script,null
web/svg/reference/element/set,null
web/svg/reference/element/stop,null
web/svg/reference/element/style,null
web/svg/reference/element/svg,null
web/svg/reference/element/switch,null
web/svg/reference/element/symbol,null
web/svg/reference/element/text,null
web/svg/reference/element/textpath,null
web/svg/reference/element/title,null
web/svg/reference/element/tspan,null
web/svg/reference/element/use,null
web/svg/reference/element/view,null
web/svg/tutorials,null
web/svg/tutorials/svg_from_scratch,null
web/svg/tutorials/svg_from_scratch/basic_shapes,null
web/svg/tutorials/svg_from_scratch/basic_transformations,null
web/svg/tutorials/svg_from_scratch/clipping_and_masking,null
web/svg/tutorials/svg_from_scratch/fills_and_strokes,null
web/svg/tutorials/svg_from_scratch/filter_effects,null
web/svg/tutorials/svg_from_scratch/getting_started,null
web/svg/tutorials/svg_from_scratch/gradients,null
web/svg/tutorials/svg_from_scratch/image_element,null
web/svg/tutorials/svg_from_scratch/introduction,null
web/svg/tutorials/svg_from_scratch/other_content_in_svg,null
web/svg/tutorials/svg_from_scratch/paths,null
web/svg/tutorials/svg_from_scratch/patterns,null
web/svg/tutorials/svg_from_scratch/positions,null
web/svg/tutorials/svg_from_scratch/svg_and_css,null
web/svg/tutorials/svg_from_scratch/texts,null
web/svg/tutorials/svg_from_scratch/tools_for_svg,null
web/svg/tutorials/svg_from_scratch/using_fonts,null
web/uri,null
web/uri/guides,null
web/uri/guides/choosing_between_www_and_non-www_urls,null
web/uri/reference,null
web/uri/reference/authority,null
web/uri/reference/fragment,null
web/uri/reference/fragment/media_fragments,null
web/uri/reference/fragment/text_fragments,null
web/uri/reference/path,null
web/uri/reference/query,null
web/uri/reference/schemes,null
web/uri/reference/schemes/blob,null
web/uri/reference/schemes/data,null
web/uri/reference/schemes/javascript,null
web/uri/reference/schemes/resource,null
web/uri/reference/schemes/urn,null
web/webdriver,null
web/webdriver/how_to,null
web/webdriver/how_to/create_bidi_connection,null
web/webdriver/reference,null
web/webdriver/reference/bidi,null
web/webdriver/reference/bidi/modules,null
web/webdriver/reference/bidi/modules/bluetooth,null
web/webdriver/reference/bidi/modules/browser,null
web/webdriver/reference/bidi/modules/browser/close,null
web/webdriver/reference/bidi/modules/browser/createusercontext,null
web/webdriver/reference/bidi/modules/browser/getclientwindows,null
web/webdriver/reference/bidi/modules/browser/getusercontexts,null
web/webdriver/reference/bidi/modules/browser/removeusercontext,null
web/webdriver/reference/bidi/modules/browser/setdownloadbehavior,null
web/webdriver/reference/bidi/modules/browsingcontext,null
web/webdriver/reference/bidi/modules/browsingcontext/activate,null
web/webdriver/reference/bidi/modules/browsingcontext/close,null
web/webdriver/reference/bidi/modules/browsingcontext/contextcreated,null
web/webdriver/reference/bidi/modules/browsingcontext/contextdestroyed,null
web/webdriver/reference/bidi/modules/browsingcontext/create,null
web/webdriver/reference/bidi/modules/browsingcontext/gettree,null
web/webdriver/reference/bidi/modules/browsingcontext/navigate,null
web/webdriver/reference/bidi/modules/browsingcontext/reload,null
web/webdriver/reference/bidi/modules/browsingcontext/traversehistory,null
web/webdriver/reference/bidi/modules/emulation,null
web/webdriver/reference/bidi/modules/input,null
web/webdriver/reference/bidi/modules/input/filedialogopened,null
web/webdriver/reference/bidi/modules/input/performactions,null
web/webdriver/reference/bidi/modules/input/releaseactions,null
web/webdriver/reference/bidi/modules/input/setfiles,null
web/webdriver/reference/bidi/modules/log,null
web/webdriver/reference/bidi/modules/log/entryadded,null
web/webdriver/reference/bidi/modules/network,null
web/webdriver/reference/bidi/modules/permissions,null
web/webdriver/reference/bidi/modules/script,null
web/webdriver/reference/bidi/modules/session,null
web/webdriver/reference/bidi/modules/session/end,null
web/webdriver/reference/bidi/modules/session/new,null
web/webdriver/reference/bidi/modules/session/status,null
web/webdriver/reference/bidi/modules/session/subscribe,null
web/webdriver/reference/bidi/modules/session/unsubscribe,null
web/webdriver/reference/bidi/modules/storage,null
web/webdriver/reference/bidi/modules/useragentclienthints,null
web/webdriver/reference/bidi/modules/webextension,null
web/webdriver/reference/capabilities,null
web/webdriver/reference/capabilities/acceptinsecurecerts,null
web/webdriver/reference/capabilities/firefoxoptions,null
web/webdriver/reference/capabilities/websocketurl,null
web/webdriver/reference/classic,null
web/webdriver/reference/classic/commands,null
web/webdriver/reference/classic/commands/back,null
web/webdriver/reference/classic/commands/closewindow,null
web/webdriver/reference/classic/commands/forward,null
web/webdriver/reference/classic/commands/getelementattribute,null
web/webdriver/reference/classic/commands/getelementproperty,null
web/webdriver/reference/classic/commands/getelementtagname,null
web/webdriver/reference/classic/commands/gettimeouts,null
web/webdriver/reference/classic/commands/gettitle,null
web/webdriver/reference/classic/commands/getwindowhandles,null
web/webdriver/reference/classic/commands/getwindowrect,null
web/webdriver/reference/classic/commands/newsession,null
web/webdriver/reference/classic/commands/newwindow,null
web/webdriver/reference/classic/commands/refresh,null
web/webdriver/reference/classic/commands/settimeouts,null
web/webdriver/reference/classic/commands/setwindowrect,null
web/webdriver/reference/classic/timeouts,null
web/webdriver/reference/errors,null
web/webdriver/reference/errors/insecurecertificate,null
web/webdriver/reference/errors/invalidargument,null
web/webdriver/reference/errors/invalidcookiedomain,null
web/webdriver/reference/errors/invalidselector,null
web/webdriver/reference/errors/invalidsessionid,null
web/webdriver/reference/errors/javascripterror,null
web/webdriver/reference/errors/scripttimeout,null
web/webdriver/reference/errors/staleelementreference,null
web/webdriver/reference/errors/unknowncommand,null
web/webdriver/reference/errors/unknownerror,null
web/webdriver/reference/errors/unknownmethod,null
web/xml,null
web/xml/exslt,null
web/xml/exslt/reference,null
web/xml/exslt/reference/exsl,null
web/xml/exslt/reference/exsl/node-set,null
web/xml/exslt/reference/exsl/object-type,null
web/xml/exslt/reference/math,null
web/xml/exslt/reference/math/highest,null
web/xml/exslt/reference/math/lowest,null
web/xml/exslt/reference/math/max,null
web/xml/exslt/reference/math/min,null
web/xml/exslt/reference/regexp,null
web/xml/exslt/reference/regexp/match,null
web/xml/exslt/reference/regexp/replace,null
web/xml/exslt/reference/regexp/test,null
web/xml/exslt/reference/set,null
web/xml/exslt/reference/set/difference,null
web/xml/exslt/reference/set/distinct,null
web/xml/exslt/reference/set/has-same-node,null
web/xml/exslt/reference/set/intersection,null
web/xml/exslt/reference/set/leading,null
web/xml/exslt/reference/set/trailing,null
web/xml/exslt/reference/str,null
web/xml/exslt/reference/str/concat,null
web/xml/exslt/reference/str/split,null
web/xml/exslt/reference/str/tokenize,null
web/xml/guides,null
web/xml/guides/opensearch,null
web/xml/guides/parsing_and_serializing_xml,null
web/xml/guides/xml_introduction,null
web/xml/xpath,null
web/xml/xpath/guides,null
web/xml/xpath/guides/comparison_with_css_selectors,null
web/xml/xpath/guides/introduction_to_using_xpath_in_javascript,null
web/xml/xpath/guides/snippets,null
web/xml/xpath/reference,null
web/xml/xpath/reference/axes,null
web/xml/xpath/reference/functions,null
web/xml/xpath/reference/functions/boolean,null
web/xml/xpath/reference/functions/ceiling,null
web/xml/xpath/reference/functions/choose,null
web/xml/xpath/reference/functions/concat,null
web/xml/xpath/reference/functions/contains,null
web/xml/xpath/reference/functions/count,null
web/xml/xpath/reference/functions/current,null
web/xml/xpath/reference/functions/document,null
web/xml/xpath/reference/functions/element-available,null
web/xml/xpath/reference/functions/false,null
web/xml/xpath/reference/functions/floor,null
web/xml/xpath/reference/functions/format-number,null
web/xml/xpath/reference/functions/function-available,null
web/xml/xpath/reference/functions/generate-id,null
web/xml/xpath/reference/functions/id,null
web/xml/xpath/reference/functions/key,null
web/xml/xpath/reference/functions/lang,null
web/xml/xpath/reference/functions/last,null
web/xml/xpath/reference/functions/local-name,null
web/xml/xpath/reference/functions/name,null
web/xml/xpath/reference/functions/namespace-uri,null
web/xml/xpath/reference/functions/normalize-space,null
web/xml/xpath/reference/functions/not,null
web/xml/xpath/reference/functions/number,null
web/xml/xpath/reference/functions/position,null
web/xml/xpath/reference/functions/round,null
web/xml/xpath/reference/functions/starts-with,null
web/xml/xpath/reference/functions/string,null
web/xml/xpath/reference/functions/string-length,null
web/xml/xpath/reference/functions/substring,null
web/xml/xpath/reference/functions/substring-after,null
web/xml/xpath/reference/functions/substring-before,null
web/xml/xpath/reference/functions/sum,null
web/xml/xpath/reference/functions/system-property,null
web/xml/xpath/reference/functions/translate,null
web/xml/xpath/reference/functions/true,null
web/xml/xpath/reference/functions/unparsed-entity-url,null
web/xml/xslt,null
web/xml/xslt/guides,null
web/xml/xslt/guides/common_errors,null
web/xml/xslt/guides/pi_parameters,null
web/xml/xslt/guides/transforming_xml_with_xslt,null
web/xml/xslt/reference,null
web/xml/xslt/reference/element,null
web/xml/xslt/reference/element/apply-imports,null
web/xml/xslt/reference/element/apply-templates,null
web/xml/xslt/reference/element/attribute,null
web/xml/xslt/reference/element/attribute-set,null
web/xml/xslt/reference/element/call-template,null
web/xml/xslt/reference/element/choose,null
web/xml/xslt/reference/element/comment,null
web/xml/xslt/reference/element/copy,null
web/xml/xslt/reference/element/copy-of,null
web/xml/xslt/reference/element/decimal-format,null
web/xml/xslt/reference/element/element,null
web/xml/xslt/reference/element/fallback,null
web/xml/xslt/reference/element/for-each,null
web/xml/xslt/reference/element/if,null
web/xml/xslt/reference/element/import,null
web/xml/xslt/reference/element/include,null
web/xml/xslt/reference/element/key,null
web/xml/xslt/reference/element/message,null
web/xml/xslt/reference/element/namespace-alias,null
web/xml/xslt/reference/element/number,null
web/xml/xslt/reference/element/otherwise,null
web/xml/xslt/reference/element/output,null
web/xml/xslt/reference/element/param,null
web/xml/xslt/reference/element/preserve-space,null
web/xml/xslt/reference/element/processing-instruction,null
web/xml/xslt/reference/element/sort,null
web/xml/xslt/reference/element/strip-space,null
web/xml/xslt/reference/element/stylesheet,null
web/xml/xslt/reference/element/template,null
web/xml/xslt/reference/element/text,null
web/xml/xslt/reference/element/transform,null
web/xml/xslt/reference/element/value-of,null
web/xml/xslt/reference/element/variable,null
web/xml/xslt/reference/element/when,null
web/xml/xslt/reference/element/with-param,null
webassembly,null
webassembly/guides,null
webassembly/guides/c_to_wasm,8
webassembly/guides/concepts,null
webassembly/guides/existing_c_to_wasm,null
webassembly/guides/exported_functions,null
webassembly/guides/imported_string_constants,null
webassembly/guides/javascript_builtins,null
webassembly/guides/loading_and_running,null
webassembly/guides/rust_to_wasm,null
webassembly/guides/text_format_to_wasm,4
webassembly/guides/understanding_the_text_format,null
webassembly/guides/using_the_javascript_api,null
webassembly/reference,null
webassembly/reference/control_flow,null
webassembly/reference/control_flow/block,null
webassembly/reference/control_flow/br,null
webassembly/reference/control_flow/br_if,null
webassembly/reference/control_flow/br_table,null
webassembly/reference/control_flow/call,null
webassembly/reference/control_flow/drop,null
webassembly/reference/control_flow/end,null
webassembly/reference/control_flow/if...else,null
webassembly/reference/control_flow/loop,null
webassembly/reference/control_flow/nop,null
webassembly/reference/control_flow/return,null
webassembly/reference/control_flow/select,null
webassembly/reference/control_flow/unreachable,null
webassembly/reference/definitions,null
webassembly/reference/definitions/global,null
webassembly/reference/definitions/table,null
webassembly/reference/definitions/tag,null
webassembly/reference/definitions/types,null
webassembly/reference/definitions/types/func,null
webassembly/reference/exception_handling,null
webassembly/reference/exception_handling/throw,null
webassembly/reference/exception_handling/throw_ref,null
webassembly/reference/exception_handling/try_table,null
webassembly/reference/exception_handling/try_table/catch,null
webassembly/reference/exception_handling/try_table/catch_all,null
webassembly/reference/exception_handling/try_table/catch_all_ref,null
webassembly/reference/exception_handling/try_table/catch_ref,null
webassembly/reference/javascript_interface,null
webassembly/reference/javascript_interface/compile_static,null
webassembly/reference/javascript_interface/compileerror,null
webassembly/reference/javascript_interface/compileerror/compileerror,null
webassembly/reference/javascript_interface/compilestreaming_static,null
webassembly/reference/javascript_interface/exception,null
webassembly/reference/javascript_interface/exception/exception,null
webassembly/reference/javascript_interface/exception/getarg,null
webassembly/reference/javascript_interface/exception/is,null
webassembly/reference/javascript_interface/exception/stack,null
webassembly/reference/javascript_interface/global,null
webassembly/reference/javascript_interface/global/global,null
webassembly/reference/javascript_interface/global/value,null
webassembly/reference/javascript_interface/global/valueof,null
webassembly/reference/javascript_interface/instance,null
webassembly/reference/javascript_interface/instance/exports,null
webassembly/reference/javascript_interface/instance/instance,null
webassembly/reference/javascript_interface/instantiate_static,null
webassembly/reference/javascript_interface/instantiatestreaming_static,null
webassembly/reference/javascript_interface/jstag_static,null
webassembly/reference/javascript_interface/linkerror,null
webassembly/reference/javascript_interface/linkerror/linkerror,null
webassembly/reference/javascript_interface/memory,null
webassembly/reference/javascript_interface/memory/buffer,null
webassembly/reference/javascript_interface/memory/grow,null
webassembly/reference/javascript_interface/memory/memory,null
webassembly/reference/javascript_interface/module,null
webassembly/reference/javascript_interface/module/customsections_static,null
webassembly/reference/javascript_interface/module/exports_static,null
webassembly/reference/javascript_interface/module/imports_static,null
webassembly/reference/javascript_interface/module/module,null
webassembly/reference/javascript_interface/runtimeerror,null
webassembly/reference/javascript_interface/runtimeerror/runtimeerror,null
webassembly/reference/javascript_interface/table,null
webassembly/reference/javascript_interface/table/get,null
webassembly/reference/javascript_interface/table/grow,null
webassembly/reference/javascript_interface/table/length,null
webassembly/reference/javascript_interface/table/set,null
webassembly/reference/javascript_interface/table/table,null
webassembly/reference/javascript_interface/tag,null
webassembly/reference/javascript_interface/tag/tag,null
webassembly/reference/javascript_interface/tag/type,null
webassembly/reference/javascript_interface/validate_static,null
webassembly/reference/memory,null
webassembly/reference/memory/copy,null
webassembly/reference/memory/fill,null
webassembly/reference/memory/grow,null
webassembly/reference/memory/load,null
webassembly/reference/memory/size,null
webassembly/reference/memory/store,null
webassembly/reference/numeric,null
webassembly/reference/numeric/abs,null
webassembly/reference/numeric/add,null
webassembly/reference/numeric/and,null
webassembly/reference/numeric/ceil,null
webassembly/reference/numeric/clz,null
webassembly/reference/numeric/const,null
webassembly/reference/numeric/convert,null
webassembly/reference/numeric/copysign,null
webassembly/reference/numeric/ctz,null
webassembly/reference/numeric/demote,null
webassembly/reference/numeric/div,null
webassembly/reference/numeric/eq,null
webassembly/reference/numeric/eqz,null
webassembly/reference/numeric/extend,null
webassembly/reference/numeric/floor,null
webassembly/reference/numeric/ge,null
webassembly/reference/numeric/ge_s,null
webassembly/reference/numeric/ge_u,null
webassembly/reference/numeric/gt,null
webassembly/reference/numeric/gt_s,null
webassembly/reference/numeric/gt_u,null
webassembly/reference/numeric/le,null
webassembly/reference/numeric/le_s,null
webassembly/reference/numeric/le_u,null
webassembly/reference/numeric/lt,null
webassembly/reference/numeric/lt_s,null
webassembly/reference/numeric/lt_u,null
webassembly/reference/numeric/max,null
webassembly/reference/numeric/min,null
webassembly/reference/numeric/mul,null
webassembly/reference/numeric/ne,null
webassembly/reference/numeric/nearest,null
webassembly/reference/numeric/neg,null
webassembly/reference/numeric/or,null
webassembly/reference/numeric/popcnt,null
webassembly/reference/numeric/promote_32,null
webassembly/reference/numeric/reinterpret,null
webassembly/reference/numeric/rem,null
webassembly/reference/numeric/rotl,null
webassembly/reference/numeric/rotr,null
webassembly/reference/numeric/shl,null
webassembly/reference/numeric/shr_s,null
webassembly/reference/numeric/shr_u,null
webassembly/reference/numeric/sqrt,null
webassembly/reference/numeric/sub,null
webassembly/reference/numeric/trunc,null
webassembly/reference/numeric/trunc_f32_s,null
webassembly/reference/numeric/trunc_f32_u,null
webassembly/reference/numeric/trunc_f64_s,null
webassembly/reference/numeric/trunc_f64_u,null
webassembly/reference/numeric/wrap_i64,null
webassembly/reference/numeric/xor,null
webassembly/reference/simd,null
webassembly/reference/simd/arithmetic,null
webassembly/reference/simd/arithmetic/add_sat_s,null
webassembly/reference/simd/arithmetic/add_sat_u,null
webassembly/reference/simd/arithmetic/avgr_u,null
webassembly/reference/simd/arithmetic/dot_i16x8_s,null
webassembly/reference/simd/arithmetic/extadd_pairwise_i16x8_s,null
webassembly/reference/simd/arithmetic/extadd_pairwise_i16x8_u,null
webassembly/reference/simd/arithmetic/extadd_pairwise_i8x16_s,null
webassembly/reference/simd/arithmetic/extadd_pairwise_i8x16_u,null
webassembly/reference/simd/arithmetic/extmul_high_i16x8_s,null
webassembly/reference/simd/arithmetic/extmul_high_i16x8_u,null
webassembly/reference/simd/arithmetic/extmul_high_i32x4_s,null
webassembly/reference/simd/arithmetic/extmul_high_i32x4_u,null
webassembly/reference/simd/arithmetic/extmul_high_i8x16_s,null
webassembly/reference/simd/arithmetic/extmul_high_i8x16_u,null
webassembly/reference/simd/arithmetic/extmul_low_i16x8_s,null
webassembly/reference/simd/arithmetic/extmul_low_i16x8_u,null
webassembly/reference/simd/arithmetic/extmul_low_i32x4_s,null
webassembly/reference/simd/arithmetic/extmul_low_i32x4_u,null
webassembly/reference/simd/arithmetic/extmul_low_i8x16_s,null
webassembly/reference/simd/arithmetic/extmul_low_i8x16_u,null
webassembly/reference/simd/arithmetic/max_s,null
webassembly/reference/simd/arithmetic/max_u,null
webassembly/reference/simd/arithmetic/min_s,null
webassembly/reference/simd/arithmetic/min_u,null
webassembly/reference/simd/arithmetic/pmax,null
webassembly/reference/simd/arithmetic/pmin,null
webassembly/reference/simd/arithmetic/q15mulr_sat_s,null
webassembly/reference/simd/arithmetic/sub_sat_s,null
webassembly/reference/simd/arithmetic/sub_sat_u,null
webassembly/reference/simd/bitwise,null
webassembly/reference/simd/bitwise/all_true,null
webassembly/reference/simd/bitwise/andnot,null
webassembly/reference/simd/bitwise/any_true,null
webassembly/reference/simd/bitwise/bitmask,null
webassembly/reference/simd/bitwise/bitselect,null
webassembly/reference/simd/bitwise/not,null
webassembly/reference/simd/conversion,null
webassembly/reference/simd/conversion/convert_i32x4_s,null
webassembly/reference/simd/conversion/convert_i32x4_u,null
webassembly/reference/simd/conversion/convert_low_i32x4_s,null
webassembly/reference/simd/conversion/convert_low_i32x4_u,null
webassembly/reference/simd/conversion/demote_f64x2_zero,null
webassembly/reference/simd/conversion/extend_high_i16x8_s,null
webassembly/reference/simd/conversion/extend_high_i16x8_u,null
webassembly/reference/simd/conversion/extend_high_i32x4_s,null
webassembly/reference/simd/conversion/extend_high_i32x4_u,null
webassembly/reference/simd/conversion/extend_high_i8x16_s,null
webassembly/reference/simd/conversion/extend_high_i8x16_u,null
webassembly/reference/simd/conversion/extend_low_i16x8_s,null
webassembly/reference/simd/conversion/extend_low_i16x8_u,null
webassembly/reference/simd/conversion/extend_low_i32x4_s,null
webassembly/reference/simd/conversion/extend_low_i32x4_u,null
webassembly/reference/simd/conversion/extend_low_i8x16_s,null
webassembly/reference/simd/conversion/extend_low_i8x16_u,null
webassembly/reference/simd/conversion/narrow_i16x8_s,null
webassembly/reference/simd/conversion/narrow_i16x8_u,null
webassembly/reference/simd/conversion/narrow_i32x4_s,null
webassembly/reference/simd/conversion/narrow_i32x4_u,null
webassembly/reference/simd/conversion/promote_low_f32x4,null
webassembly/reference/simd/conversion/replace_lane,null
webassembly/reference/simd/conversion/shuffle,null
webassembly/reference/simd/conversion/splat,null
webassembly/reference/simd/conversion/swizzle,null
webassembly/reference/simd/conversion/trunc_sat_f32x4_s,null
webassembly/reference/simd/conversion/trunc_sat_f32x4_u,null
webassembly/reference/simd/conversion/trunc_sat_f64x2_s_zero,null
webassembly/reference/simd/conversion/trunc_sat_f64x2_u_zero,null
webassembly/reference/simd/extract,null
webassembly/reference/simd/extract/extract_lane,null
webassembly/reference/simd/extract/extract_lane_s,null
webassembly/reference/simd/extract/extract_lane_u,null
webassembly/reference/simd/load_store,null
webassembly/reference/simd/load_store/load,null
webassembly/reference/simd/load_store/load16_lane,null
webassembly/reference/simd/load_store/load16_splat,null
webassembly/reference/simd/load_store/load16x4_s,null
webassembly/reference/simd/load_store/load16x4_u,null
webassembly/reference/simd/load_store/load32_lane,null
webassembly/reference/simd/load_store/load32_splat,null
webassembly/reference/simd/load_store/load32_zero,null
webassembly/reference/simd/load_store/load32x2_s,null
webassembly/reference/simd/load_store/load32x2_u,null
webassembly/reference/simd/load_store/load64_lane,null
webassembly/reference/simd/load_store/load64_splat,null
webassembly/reference/simd/load_store/load64_zero,null
webassembly/reference/simd/load_store/load8_lane,null
webassembly/reference/simd/load_store/load8_splat,null
webassembly/reference/simd/load_store/load8x8_s,null
webassembly/reference/simd/load_store/load8x8_u,null
webassembly/reference/simd/load_store/store,null
webassembly/reference/simd/load_store/store16_lane,null
webassembly/reference/simd/load_store/store32_lane,null
webassembly/reference/simd/load_store/store64_lane,null
webassembly/reference/simd/load_store/store8_lane,null
webassembly/reference/table,null
webassembly/reference/table/fill,null
webassembly/reference/table/get,null
webassembly/reference/table/grow,null
webassembly/reference/table/set,null
webassembly/reference/table/size,null
webassembly/reference/value_types,null
webassembly/reference/value_types/exnref,null
webassembly/reference/value_types/externref,null
webassembly/reference/value_types/f32,null
webassembly/reference/value_types/f64,null
webassembly/reference/value_types/funcref,null
webassembly/reference/value_types/i32,null
webassembly/reference/value_types/i64,null
webassembly/reference/value_types/v128,null
webassembly/reference/variables,null
webassembly/reference/variables/global.get,null
webassembly/reference/variables/global.set,null
webassembly/reference/variables/local,null
webassembly/reference/variables/local.get,null
webassembly/reference/variables/local.set,null
webassembly/reference/variables/local.tee,null
